id,title,description,topic_categoriesthumbnail,tags,distracting,topic_categories,category,thumbnail
iZ87Tsl3wfE,A Comprehensive Guide To Shonen Anime,"In This Video, I will be giving you a comprehensive guide to help you understand why Shonen anime is what it is. This is a ...",,,1,"['Entertainment', 'memes']",27,
kNs7UaxHI10,Top 15 Best Shonen Anime of All Time | AnimeVerse,"Top 15 Best Shonen Anime of All Time | AnimeVerse ""Copyright Disclaimer"" ""Under section 107 of the Copyright Act 1976, ...",,,1,"['Entertainment', 'memes']",27,
4UsLWvQ8DMk,30 Must-watch Shonen Anime From 2000 To 2024 That You Can't Miss!,Let's go through 30 of the best shounen anime this century gave us. If you like the video please like and share. This list is just my ...,,,1,"['Entertainment', 'memes']",27,
XvT80gvHbMY,Shonen Anime is CHANGING… And It's About to Get INSANE!,"The Shonen Anime community might feel like it's at a standstill, but what if I told you that we're actually on the brink of something ...",,,1,"['Entertainment', 'memes']",27,
Y9OtT1HNm20,Top 20 Best Action Shonen Anime of All Time,Here are Twenty of my favorite action shounen that was adapted from the manga. You heard that right. It's the biggest ViniiTube ...,,,1,"['Entertainment', 'memes']",27,
BQj9QINN4_o,Why This Anime Crushes Every Other Shonen Anime - Dr Stone Starter Pack Video | Loginion,Dr. Stone (stylized as Dr.STONE) is a Japanese manga series written by Riichiro Inagaki and illustrated by the South Korean artist ...,,,1,"['Entertainment', 'memes']",27,
vVUWkTX2gWQ,Top 20 Shonen Anime Series,"They're the best the genre has to offer. Join Ashley as we count down our picks for the greatest shonen anime to date, including ...",,,1,"['Entertainment', 'memes']",27,
vbGiVb0ASzQ,Why nearly EVERY shonen anime follows this pattern,"I've always wondered why so many of the most popular shonen anime, like Demon Slayer, Jujutsu Kaisen, Chainsaw Man, Attack ...",,,1,"['Entertainment', 'memes']",27,
NqX55OPC4Mw,I Made Pokémon Uranium Feel Like a SHONEN Anime,Music and More ▽ Pokémon Uranium ▻ https://www.youtube.com/playlist?list=PLes1UBLBAasoPJw_VzKZMIpd8hp_Q2yeF ...,,,1,"['Entertainment', 'memes']",27,
8UaSk-MHUrQ,Don't Watch Shonen Anime.,"The most popular type of anime out there is Shonen, specifically Battle Shounen, and everyone just assumes that that's all there is ...",,,1,"['Entertainment', 'memes']",27,
dYeaUuy6U78,The Best Anime of Each Genre,"The Best Anime of Each Genre ➤Helllo, welcome to the AnimeWorld Channel. ➤In this video, I made the top best anime of each ...",,,1,"['Entertainment', 'memes']",27,
MgsSSfXcFDY,50 Best Shonen Anime of 2024 You Need to Know! | Anime Bytes,50 Best Shonen Series that every fan should have on their radar. Join us as we dive into: - Action-Packed Adventures: Discover ...,,,1,"['Entertainment', 'memes']",27,
TiMYeGqMtMU,The Next Big Shonen Anime?,This could be huge.,,,1,"['Entertainment', 'memes']",27,
B7GxB0bq7h0,Every Anime Genre Explained in 12 Minutes,Every Anime Genre gets explained in 12 minutes!~ https://www.twitch.tv/aritendou https://twitter.com/ArikendoREAL Second ...,,,1,"['Entertainment', 'memes']",27,
JJGazX7rzLA,Best ANIME to Watch This Season (Peak Recommendations),kaijuno8 #kaiju #shounen #spring2024 #springanime #grandpaandgrandma #windbreaker #remonster #animerecommendations ...,,,1,"['Entertainment', 'memes']",27,
ucTxHmxUw78,I Watched Every Single Shonen and Ranked Them,Business email - kinbois2@gmail.com #anime #shonen #shonenmagazine #shonenjump This video took so damn long. Imagine ...,,,1,"['Entertainment', 'memes']",27,
OUWbAly502A,Ranking EVERY Shounen Anime,I am ready for the salt. Original VOD: https://youtu.be/RI-U9mggjjo Edited by: REVELHOUSE ...,,,1,"['Entertainment', 'memes']",27,
vDAO9tzHIfw,What is SHOUNEN | Anime Academy,"For our first episode of Anime Academy, Victoria Holden (@sailorbee) covers SHOUNEN, or young man in Japanese anime.",,,1,"['Entertainment', 'memes']",27,
WOKw2sWVS-E,The GREATEST _______ In Anime Is...,Team Toxic @SmileBomb @toastymarshmellow_ Team Cosplay @thousandhunny @brolicpump Judges @ChinnstantNoodles ...,,,1,"['Entertainment', 'memes']",27,
1EPc5IpPzfY,"Guess the Anime, But One Is The FAKER",Featuring @kumar_sutra @thousandhunny @ChinnstantNoodles Inspired by @FullSquadGaming Discord: ...,,,1,"['Entertainment', 'memes']",27,
9HC13nBIS7g,The King of Shonen,Get the exclusive NordVPN deal here: https://nordvpn.com/scamboli. It's risk free with Nord's 30 day money-back guarantee!,,,1,"['Entertainment', 'memes']",27,
kLIbI1FI6N4,Shonen Anime's Biggest Problem,"I'm a huge fan of Shonen Anime, but it has its issues. Let's talk about one of them. PATREON: https://www.patreon.com/rps Twitter: ...",,,1,"['Entertainment', 'memes']",27,
tbqAb2SwHz4,"SHONEN JUMP RAP CYPHER | RUSTAGE ft. NLJ, DPS, CDawgVa & More",Spotify: https://open.spotify.com/track/3PLQj7TnKFV7IpKuxiNeTS?si=HieGzOsxT0eEYNa1Yp9l_Q Itunes: ...,,,1,"['Entertainment', 'memes']",27,
ah3zuwogORs,The Truth About Shounen Vs Seinen (Remastered),"Shounen Vs Seinen, let's talk about it. Patreon: https://www.patreon.com/maskedasura Twitter: ...",,,1,"['Entertainment', 'memes']",27,
nFb33hbVRzY,Top 10 Best New Action Shonen Anime [2020 - 2023],"In this video, I will be listing what I feel ended up being my top 10 favourite action shounen from the year 2020 till now. If you like ...",,,1,"['Entertainment', 'memes']",27,
AHfyI-xixWE,Itadori reference to other shonen Anime,"Itadori here references some popular shonen Anime by calling out the most popular attacks of their like Rasengan, Bankai etc.",,,1,"['Entertainment', 'memes']",27,
B7GxB0bq7h0,Every Anime Genre Explained in 12 Minutes,Every Anime Genre gets explained in 12 minutes!~ https://www.twitch.tv/aritendou https://twitter.com/ArikendoREAL Second ...,,,1,"['Entertainment', 'memes']",27,
#NAME?,Top 10 best Shonen Anime Of All Time(Hindi),#hunterxhunter #onepiece #dragonballz #Naruto #Bleach ...,,,1,"['Entertainment', 'memes']",27,
00M34uPCYuo,Top 10 Most Anticipated Shonen Anime of 2024 - 2025,Here are ten of the most anticipated upcoming shonen anime yet to air in 2024 and 2025. If you like the video please like and ...,,,1,"['Entertainment', 'memes']",27,
sKC3HNMFIk4,The Death of Shonen Jump's New Generation,"As My Hero Academia and Jujutsu Kaisen come to a conclusion, Weekly Shonen Jump finds themselves in quite the sticky ...",,,1,"['Entertainment', 'memes']",27,
U02LfkeyCBU,Incredible Shonen Anime Collections | My Anime Room,Crunchyroll Extras is an anime channel dedicated to mobile friendly content! Everything from exclusive behind-the-scenes and ...,,,1,"['Entertainment', 'memes']",27,
BQj9QINN4_o,Why This Anime Crushes Every Other Shonen Anime - Dr Stone Starter Pack Video | Loginion,Dr. Stone (stylized as Dr.STONE) is a Japanese manga series written by Riichiro Inagaki and illustrated by the South Korean artist ...,,,1,"['Entertainment', 'memes']",27,
HsAexKgl8A8,10 Anime to Watch before You Die! (2024) | Hindi,10 Anime to Watch before You Die! (2024) | Hindi Here I have recommended 10 anime series to watch. Indian anime fans are ...,,,1,"['Entertainment', 'memes']",27,
2j8eh7FKsnQ,Why Are SO MANY Anime Ending?,00:00 - Intro 01:11 - Manga Length 03:07 - Shonen Jump Business Model 05:30 - Disappointing Endings 06:29 - Shonen Jump ...,,,1,"['Entertainment', 'memes']",27,
Ybegyy0Qu5I,JAPAN Made the WORST Anime Power Rankings OF ALL TIME?!,Follow us on Instagram: https://www.instagram.com/shonenshowdown Shonen Analysts: Robert IG: @robobball3 #anime #manga ...,,,1,"['Entertainment', 'memes']",27,
VkJQo17ONzo,5 Best Action anime You are NOT watching,best action anime to watch. Best anime to watch. Best anime. best action anime. anime to watch. best anime action. anime cloud.,,,1,"['Entertainment', 'memes']",27,
u-fhlni2Kaw,Anime which are long but WORTH WATCHING (Hindi) @BBFisLive,Anime which are long but WORTH WATCHING (Hindi) @BBFisLive An anime recommendation video in hindi after a long time.,,,1,"['Entertainment', 'memes']",27,
lyR-Gk0RAiQ,How to Fix Shonen Anime's Biggest Problem,Today I take a stab at how future Shonen anime can go about fixing the problem of constant escalation. NO GAME NO LIFE ...,,,1,"['Entertainment', 'memes']",27,
hb71gBoCrX4,What's the Future of Shonen Anime?,Intro - 00:00 What's the Future of Shonen? - 01:05 Mixing Genres - 03:13 Expanding Demographics - 03:50 More Adult Stories ...,,,1,"['Entertainment', 'memes']",27,
vIQXESSxCOA,Shonen Pro Dad ft. NemRaps [Anime Fathers Inspired Rap] - Shao Dow,"Is it just me or are anime fathers suspiciously absent in a lot of popular shows? That was the inspiration for this song, it's a tribute ...",,,1,"['Entertainment', 'memes']",27,
0N_oJz4IK-c,Every Battle Shonen Anime Explained in 22 Minutes,0:00 - Astro Boy 1:14 - Fist of the North Star 2:31 - Dragon Ball 4:24 - JoJo's Bizarre Adventure 5:59 - YuYu Hakusho 7:12 ...,,,1,"['Entertainment', 'memes']",27,
MgBc5AJt5K4,The Anime That Teaches You How To Live,"In this video, we'll explore how Mob Psycho 100 isn't just another shonen anime and how it goes against the grain from the rest of ...",,,1,"['Entertainment', 'memes']",27,
dYeaUuy6U78,The Best Anime of Each Genre,"The Best Anime of Each Genre ➤Helllo, welcome to the AnimeWorld Channel. ➤In this video, I made the top best anime of each ...",,,1,"['Entertainment', 'memes']",27,
wESaO5xUcaE,The Best Shonen Anime Ever. (What Makes Hunter X Hunter So Good),"Read My Graphic Novel and Webtoons for free! RED HUNT - Bullets, Blood, Monsters... and the supernatural gunslingers who ...",,,1,"['Entertainment', 'memes']",27,
t6qvexU_Ka4,The Best Era Of Shonen Jump Is Here,"... shonen, shonen jump anime, new shonen jump manga, shonen jump app, shounen jump, state of shonen jump, shonen anime, ...",,,1,"['Entertainment', 'memes']",27,
PE7AARiEZOk,Pick the STRONGER Anime Character Or LOSE!!,"For 10% OFF your Gamer Supps Order click the link below and use code ""Shonen"" https://gamersupps.gg/Shonen #anime ...",,,1,"['Entertainment', 'memes']",27,
Dda-2k96e08,The Biggest Problem With The Shonen Genre,Shonen is the dominant genre in the market of anime and manga. It appeals to everyone with it's versatile nature and universally ...,,,1,"['Entertainment', 'memes']",27,
8ZWg9mVAP_g,Pick the STRONGER Anime Team Or LOSE!!,"For 10% OFF your Gamer Supps Order click the link below and use code ""Shonen"" https://gamersupps.gg/Shonen #anime ...",,,1,"['Entertainment', 'memes']",27,
u03NhrsOX6k,Why OLD SHONEN Anime is BETTER Than NEW SHONEN Anime,In this video I detail why I like the older shonen more than the newer shonen anime. *I know the Demon Slayer is one of the most ...,,,1,"['Entertainment', 'memes']",27,
MgsSSfXcFDY,50 Best Shonen Anime of 2024 You Need to Know! | Anime Bytes,50 Best Shonen Series that every fan should have on their radar. Join us as we dive into: - Action-Packed Adventures: Discover ...,,,1,"['Entertainment', 'memes']",27,
77_M5xekZ6o,Transformations in Shonen Anime,"The quest of saying ""similarly"" lol Shonen anime have lots of tropes one of them being the transformation getting popular from ...",,,1,"['Entertainment', 'memes']",27,
QW7RU54hr30,RATE THE SHONEN ANIME 💪⚔️ Anime Tier List🔥Anime Quiz,Welcome to a new Anime Quiz video ⚔️ How much do you like Demon Slayer and other shonen animes? Well let's find out ...,,,1,"['Entertainment', 'memes']",27,
2oXN1X2QgDw,The Other Side of Shonen,"... of orders at https://bit.ly/3R5NQWN Shonen Anime are known for their epic, earth-shattering fistfights, but those are just the tip of ...",,,1,"['Entertainment', 'memes']",27,
aivkpsKByzg,Ranking Anime Characters By Creativity,"For 10% OFF your Gamer Supps Order click the link below and use code ""Shonen"" https://gamersupps.gg/Shonen #anime ...",,,1,"['Entertainment', 'memes']",27,
XtIlCzZ7AWw,Why Sailor Moon Is Peak SHONEN Anime,"Any anime fan should watch SAILOR MOON. People often skip series that they are not the target demographic of, but as a shoujo ...",,,1,"['Entertainment', 'memes']",27,
z5VFILEBhQ0,HOW OLD PEOPLE BE IN EVERY SHONEN ANIME,"Every old person in Anime really be like this, they should know not to mess with old people in anime by now. but they still doing it!",,,1,"['Entertainment', 'memes']",27,
_5tdV4SbSE0,"Shonen Anime, Shojo, Sheinen Anime? | Types Of Anime In HINDI","AnimeinHindi #Shonenanime #Shojoanime #anime Hi Guys. In this video I'm taking about Anime, And Its Classification,",,,1,"['Entertainment', 'memes']",27,
jJFmOhlPAe8,Last Anime Character On The Board Wins!,Featuring @moonpiecepodcast @SmileBomb Discord: https://discord.gg/shonenshowdown Patreon: ...,,,1,"['Entertainment', 'memes']",27,
7_Pu83ydk2A,Why Anime And Manga Has Become Boring.,Has anime and manga become boring or is the problem something else? Let's talk about it. Patreon: ...,,,1,"['Entertainment', 'memes']",27,
bwTTakdG9Q0,25 Best Modern Shonen Anime With OP MC You Must Watch,25 Best Modern Shonen Anime You Must Watch. Looking for your next binge-worthy anime? Dive into the exhilarating world of ...,,,1,"['Entertainment', 'memes']",27,
0Ns7TqMt3To,Best shonen anime to watch 2025,Top 5 New Shonen Anime of 2025! Get ready for an action-packed year with these must-watch shonen anime releasing in ...,,,1,"['Entertainment', 'memes']",27,
JJGazX7rzLA,Best ANIME to Watch This Season (Peak Recommendations),kaijuno8 #kaiju #shounen #spring2024 #springanime #grandpaandgrandma #windbreaker #remonster #animerecommendations ...,,,1,"['Entertainment', 'memes']",27,
9SWaK3ya6VU,Shonen Jump’s Future,chapters 00:00 Intro 03:04 Current Contenders 07:43 Dandadan 11:38 Sakamoto Days 15:18 Kagurabachi 22:55 Keep an Eye on ...,,,1,"['Entertainment', 'memes']",27,
tn6uBh_jSkM,I Found the Shonen Anime That Took Over Japanese Twitter,The Elusive Samurai is my favorite anime. Subscribe here: https://www.youtube.com/@karu?sub_confirmation=1 PurpleflameV's ...,,,1,"['Entertainment', 'memes']",27,
Bxew2lBB-x0,"Anime Characters, But They Keep Transforming","For 10% OFF your Gamer Supps Order click the link below and use code ""Shonen"" https://gamersupps.gg/Shonen #anime ...",,,1,"['Entertainment', 'memes']",27,
RoTpNLhN9P4,Jujutsu Kaisen: The Dark Side of a Shonen Anime | Hidden Pain and Tragedy | Anime | Dragon Feast 🐉,Jujutsu Kaisen: The Dark Side of a Shonen Anime | Hidden Pain and Tragedy #anime #jujutsukaisen #Sorcerer's DISCLAIMER: ...,,,1,"['Entertainment', 'memes']",27,
SLUpRsgeyZM,This *NEW* Anime Tower Defense Game Looks INSANE! | Shonen Tower Defense 🔥,"This NEW anime tower defense game, Shonen Tower Defense, is taking over roblox! this could be the next best anime tower ...",,,1,"['Entertainment', 'memes']",27,
qthOjTT7aoQ,Every Shonen Anime Hero Is DUMB 🥴 And This Is The Reason [HINDI],I Got The Explanation For Why Almost Every Shonen Anime Hero Is DUMB & IDIOT... Let's Connect On Instagram: ...,,,1,"['Entertainment', 'memes']",27,
gCBwss7qfpo,I Watched the Worst Battle Shonen Anime So You Don't Have To,"This Show Just Sucks Battle Game in 5 Seconds is a thrilling battle royale anime featuring strategic combat, supernatural abilities, ...",,,1,"['Entertainment', 'memes']",27,
NtJb3vbfD1g,"How To Create A Shonen/Shounen Power System For Comics, Manga, And Webtoons","How's it going, everyone! In today's video, we will be discussing Shonen/Shounen Power Systems! I will be giving you FIVE ...",,,1,"['Entertainment', 'memes']",27,
kIPxLBw6RhA,Why Shonen Anime Will Never Be the Same Again,"Shonen anime is at a turning point. From the days of the “Big Three” to the rise of seasonal anime, the genre is evolving in ways ...",,,1,"['Entertainment', 'memes']",27,
q8RkpdBN_4w,Chainsaw Man Does The Shonen Anime Trio Formula Right,Chainsaw Man does the Shonen Anime trio formula right. Mappa's anime adaptation nails its depiction of the Hayakawa family's ...,,,1,"['Entertainment', 'memes']",27,
1atHqWTsEwU,16 Shonen Anime Recommendations from a Japanese Otaku Girl🇯🇵,PS: Some of the links in this description are affiliate links for I get a small commission.,,,1,"['Entertainment', 'memes']",27,
H-e_iq8JQnw,Ranking 15 Shonen By Their 1st Anime Episode,#Anime #Discussion #2024 #hunterxhunter #demonslayer #chainsawman #myheroacademia #Attackontitan #dragonball ...,,,1,"['Entertainment', 'memes']",27,
tWgXpV7yBUA,Top 10 New Shonen Anime That Are Just as Good as the Classics!,ShonenAnime #NewAnime #top10shonenanime Top 10 New Shonen Anime That Are Just as Good as the Classics! Love ...,,,1,"['Entertainment', 'memes']",27,
SxIVzPmeqsI,Shonen Anime Rankings with Memes: Funniest Anime Moments Ranked!,Shonen Anime Rankings with Memes: Funniest Anime Moments Ranked! Music and image copyright belong to the original ...,,,1,"['Entertainment', 'memes']",27,
T5WHINEOekQ,The Best Anime Recommendation Guide for Beginners,"Here's my beginner anime recommendation guide for you to get started on your anime watch journey. Here we've covered action, ...",,,1,"['Entertainment', 'memes']",27,
dwsmyEh_VRQ,Discover the Top Shonen Anime That Adults Can't Afford to Miss!,Have you ever wondered why some anime resonate so deeply with adults? Before diving into the world of Shonen anime that ...,,,1,"['Entertainment', 'memes']",27,
_m_uApVcLpM,This New Shonen Anime Is WEIRD (And I Love It),"Perhaps most reminiscent of Rurouni Kenshin, The Elusive Samurai is a new CloverWorks anime based on a manga of the same ...",,,1,"['Entertainment', 'memes']",27,
mW3cMWA0mR8,Shonen Anime Tropes Tier List,Today I rank the best and worst tropes commonly found in battle shonen anime. All footage used in this video is for comedic ...,,,1,"['Entertainment', 'memes']",27,
8901Wd0iHS4,Top 15 BEST Action Supernatural Anime You MUST See!!! [HD],"... Noragami - 12:51 Monogatari Series - 13:46 Mob Psycho 100 - 14:53 Also, I try not to include any mainstream or shonen anime ...",,,1,"['Entertainment', 'memes']",27,
L_CiFeN15sk,Shounen Anime/Manga Sucks - Only Idiots Like Shounen Anime/Manga,"Shounen Anime and Manga is garbage, if you're a fan of shounen, you're a moron, fact. Demon Slayer Anime, Naruto, One Piece, ...",,,1,"['Entertainment', 'memes']",27,
xa3Ca1FKd0k,Shonen Anime is Scary Good,The rise of dark and horrific Shonen* anime leads international animation industry folks with an issue to discuss. What should we ...,,,1,"['Entertainment', 'memes']",27,
MaQT80XKlGA,Our FIRST Shonen Tierlist! - Otakus Anonymous Episode #26,We hope you enjoy this podcast brought to you by Nick Conner and Danny Motta! We hope to cover all your favorite anime as well ...,,,1,"['Entertainment', 'memes']",27,
pbWpWI2Epao,Top 5 Modern Shonen Anime (Hindi),Welcome to our channel twister anime. Here we try to provide you the best anime content we can and are still in the process of ...,,,1,"['Entertainment', 'memes']",27,
u9-l1kb164w,Top 20 Best Anime to Watch in 2024 (2024 Anime Recommendations),"Welcome to ShadowTavern's Ultimate Anime Guide 2024! Whether you're an anime beginner or a seasoned fan, we've compiled ...",,,1,"['Entertainment', 'memes']",27,
RzGqXBoBsS4,Ranking My Top 100 Favorite Anime of ALL TIME!,Follow me relatable anime content. I'm your animeboy Billy Han and I've seen around 400 anime. Hope you enjoy my anime ...,,,1,"['Entertainment', 'memes']",27,
qFqV2my3X1k,"""The Fall of Real Shonen | New-Gen Anime is Changing Everything!"" – Here’s How!""","""The Fall of Real Shonen | New-Gen Anime is Changing Everything!"" – Here's How!"" Shonen anime has always been about epic ...",,,1,"['Entertainment', 'memes']",27,
ztmBDon5gtE,Top 30 Anime Of The Century (So Far),"They just keep getting better! Join Ashley as we look over the best anime to make their debut since the start of the century, ...",,,1,"['Entertainment', 'memes']",27,
jjZOtyR3SD0,What is Shounen Anime??,Animes are fun aren't they?! I'm always here:https://twitter.com/CheeseDoper.,,,1,"['Entertainment', 'memes']",27,
eVTsE8gO1qI,Top 100 Highest Rated Shounen Anime Series of All Time,Source: myanimelist.net Music Used: Omega by Scott Buckley https://soundcloud.com/scottbuckley Creative Commons ...,,,1,"['Entertainment', 'memes']",27,
wT03wEu-dWk,Top 10 Underrated Shonen Anime,List of anime on this list: Hitman Reborn World Trigger D.Grayman - episode 98 Blue exorcist - Rin vs Amaimon - History's ...,,,1,"['Entertainment', 'memes']",27,
GeXlwNi5Yh8,I Asked 100 Anime Fans To Make A BIG 3 Tier List,#anime #tierlist #onepiece Socials: https://www.instagram.com/shonenshowdown https://twitter.com/shonen_showdown ...,,,1,"['Entertainment', 'memes']",27,
UObBHogeXKU,Classic Shonen Analysis: The Complete Collection,This is the definitive Bonsai Pop Shonen Anime Collection. A compilation of our favorite and best shonen anime analyses from ...,,,1,"['Entertainment', 'memes']",27,
rWm12GnioVI,"10 Best Shonen Anime Since 2020, Ranked","10 Best Shonen Anime Since 2020 Ranked Hey anime fam! Feeling lost in a sea of shonen titles? Don't worry, your friendly ...",,,1,"['Entertainment', 'memes']",27,
CmpsFVOAxrs,"Ranked, The 30 Best Shounen Anime Of All Time",This list is based on the votes till- March 2022. Join Anime Community (Forum): AnimeQA.net Like - if you enjoyed Share - if you ...,,,1,"['Entertainment', 'memes']",27,
S4fBy7jRH3s,History of Shounen Anime,"I really wanted to try something a little different and cover the history of a genre of anime to bring light the past, present, and future ...",,,1,"['Entertainment', 'memes']",27,
V134VbRe64U,I Asked 100 Anime Fans To Make A Tier List,Follow us on Instagram: https://www.instagram.com/shonenshowdown Shonen Analysts: Robert IG: @robobball3 #anime #tierlist ...,,,1,"['Entertainment', 'memes']",27,
dxu1ZULQxnc,SHONEN JUMP RAP SONG | DizzyEight ft. Jamar Rose [Anime Rap] Prod. By Filthy Plux,SHONEN JUMP RAP SONG | DizzyEight ft. Jamar Rose [Anime Rap] Follow DizzyEight Youtube Channel: ...,,,1,"['Entertainment', 'memes']",27,
wfadUXJdUQs,Fashion Expert Rates Shonen Anime Hero Fits,"We've gathered shonen heroes from all over modern anime, from Dragon Ball to One Piece, and even newer ones like Kaiju No.",,,1,"['Entertainment', 'memes']",27,
cBoKzLEAnfc,Anime Opening Quiz | (Shounen Edition),"SHOUNEN ANIME OPENING QUIZ, with 60 different anime varying from EASY to HARD. You have 10 Second to guess the anime ...",,,1,"['Entertainment', 'memes']",27,
8m4NJc69uPQ,"My Top ""Long Shounen"" Anime Openings","Anime i consider like ""Long Shounen"" : ▻Dragon Ball series (6 openings) ▻One Piece (20 openings) ▻Bleach (10 openings) ...",,,1,"['Entertainment', 'memes']",27,
CCdfpUYbMm0,Best ACTION ANIME of Each Year,"Copyright Disclaimer Under Section 107 of the Copyright Act 1976, allowance is made for ""fair use"" for purposes such as criticism, ...",,,1,"['Entertainment', 'memes']",27,
9LWCcztpoEw,How To Write Death In Shonen Anime (& How Not To),"Today im going to be discussing what makes a good death in shonen anime and what makes a bad one, SPOILER WARNING: i ...",,,1,"['Entertainment', 'memes']",27,
qE8mUPHmnY8,The Beauty of Shonen Anime,"Sorry for timing being off at some parts, phone was insanely laggy, export messed it up too. Hope you enjoy!",,,1,"['Entertainment', 'memes']",27,
6xjMSmaBfbo,Top 7 Shonen Anime of 2024 Ranked!,"Join us as we dive into the **Top 7 Shonen Anime of 2024!** This year has been packed with heart-pounding action, ...",,,1,"['Entertainment', 'memes']",27,
gP9nd5KSpRU,The Tales of Series | Shonen Anime in RPG Form (Complete Series Overview),The Tales series is one of my favorite video game franchises of all time. They've always reminded me of shonen anime with their ...,,,1,"['Entertainment', 'memes']",27,
TiMYeGqMtMU,The Next Big Shonen Anime?,This could be huge.,,,1,"['Entertainment', 'memes']",27,
fsId0FGB6EI,"Why HxH is the ""BEST SHONEN ANIME"" 🔥",i found out why hunter x hunter is one of the best and peak shonen anime/manga... ♥️Subscribe 0:00 intro 0:08 story 1:33 ...,,,1,"['Entertainment', 'memes']",27,
zRO4mrJgboQ,Shonen War Arcs need to STOP,Anime War Arcs are trash. So why are War Arcs so popular in Manga? Just some new recommendations for how to write a good ...,,,1,"['Entertainment', 'memes']",27,
6oML1aXQncg,Top 10 Underrated Shounen Anime [Anime Must Watch],"Some says Shounen anime is what keeps anime from being alive, but have you know that there are lots more anime out there?",,,1,"['Entertainment', 'memes']",27,
oduDmZv9iJY,We rated the Top Ranked Anime's on MAL | Trash Taste #186,00:00:00 The anime podcast is back 00:02:44 My Anime List top 50 00:03:50 Frieren 00:08:12 Fullmetal Alchemist Brotherhood ...,,,1,"['Entertainment', 'memes']",27,
kASfUBEtgv4,Ranking EVERY Anime and Manga (Tier List),Over the last several years I've reviewed many different manga and anime. So I figured I'd look back on all these stories and give ...,,,1,"['Entertainment', 'memes']",27,
emt1KOVbUT8,Jujutsu Kaisen | Top New Shonen Anime ?,Jujutsu Kaisen the top new shonen anime? Join me as we go through this supernatural anime and provide review and analysis.,,,1,"['Entertainment', 'memes']",27,
OpEzgy7W8vg,TOP 10 BATTLE SHONEN ANIME (RANKED),"Shonen anime are known for their intense battles, unforgettable characters, and hype-inducing power-ups! In this video, we're ...",,,1,"['Entertainment', 'memes']",27,
wOQqMRP9cqM,The Shonen Anime That Should've Broke The Internet,Sakamoto Days is the newest shonen anime this season and was expected to surprise people with creative anime fights but that ...,,,1,"['Entertainment', 'memes']",27,
7s2hF25EhU0,Common Traits in Shonen Protagonists,Diving into the nuances that really make up a good shonen (shounen) protagonist. Once again nerding out about writing through ...,,,1,"['Entertainment', 'memes']",27,
7qi0dxyErfM,Shonen Anime's Struggle With Side Characters,"The Shonen Struggle With Side Characters Anime and manga tend to struggle with their side characters, this video is a thought ...",,,1,"['Entertainment', 'memes']",27,
5lYWFINUY50,We Ranked the BEST Anime Protagonists!,"If you are wondering what we think of your FAVORITE Anime MC , this is it.. Everyone's Socials Gabe @SmileBomb Kumar ...",,,1,"['Entertainment', 'memes']",27,
enY3fLuTaPQ,3 shonen anime you need to watch.,anime #yuyuhakusho #gintama #fullmetalalchemist.,,,1,"['Entertainment', 'memes']",27,
7CvcFuxe0Ac,Top 10 Worst Shounen Anime/Manga,"Shounen is garbage, These are the top 10 worst shounene ever created. Seinen will always be better than shounen, deal with it ...",,,1,"['Entertainment', 'memes']",27,
GiWvw61BwCA,YU YU HAKUSHO: the MOST UNIQUE Shonen Anime,"I really enjoyed watching Yu Yu Hakusho, and so I wanted to tell you guys the good and the bad about it. Make sure to like and ...",,,1,"['Entertainment', 'memes']",27,
f0PBtG6a-W8,I Asked 100 Anime Fans To Make A Power Tier List,"For 10% OFF your Gamer Supps Order click the link below and use code ""Shonen"" https://gamersupps.gg/Shonen #anime #tierlist ...",,,1,"['Entertainment', 'memes']",27,
XYPB3KzpCtQ,Is Shounen Anime Dying?!?,Is shonen anime really dying? With Jujutsu Kaisen and My Hero Academia nearing their end and classics like Demon Slayer and ...,,,1,"['Entertainment', 'memes']",27,
9WGA07pXqpA,THE BEST Anime Like SOLO LEVELING,"... top anime picks, best anime for gamers, anime similar to Solo Leveling, fantasy anime, best shonen anime, adventure anime, ...",,,1,"['Entertainment', 'memes']",27,
Slv_TIgEqCc,Top 20 Best Action Shonen Anime Of All Time,"Top 20 Best Action Shonen Anime Of All Time Subscribe for more! Shonen, as a genre, is known for its capacity to cover the best ...",,,1,"['Entertainment', 'memes']",27,
LoPGuknUHwM,The BEST Current Shonen Anime,"Welcome to Demon School Iruma kun or Mairimashita Iruma-kun, is one of the BEST CURRENT Shonen/Shounen anime and ...",,,1,"['Entertainment', 'memes']",27,
3avTHePxxkU,Shonen Anime is DEAD! || The future of shonen anime || Shonen anime's uncertain future review,Shonen Anime is DEAD! || The Future of Shonen Anime || The Death of Shonen Genre Is Shonen Anime on its last legs? Join us ...,,,1,"['Entertainment', 'memes']",27,
uUhtFFJ4LI0,10 Underrated Shonen Anime You Should Check Out,Welcome to our list of the 10 Underrated Shonen Anime You Should Check Out! If you're a fan of shonen anime but feel like ...,,,1,"['Entertainment', 'memes']",27,
n74VkwbanI0,The Best Shonen Anime You Need to See #anime #krate,"Looking for the best shonen anime to watch? Look no further! In this video, we've compiled a list of the top 5 shonen anime that ...",,,1,"['Entertainment', 'memes']",27,
M94NTl81Z6g,Top 10 Shounen Anime (Deutsch | German) ft. @Raafey,Heute stelle ich dir zusammen mit @Raafey unsere Top 10 Shounen Anime (Deutsch | German) vor! Die meisten Shounen Anime ...,,,1,"['Entertainment', 'memes']",27,
U4MEA3RHYfs,"""Comedy"" Anime",This video is my longest ever by 1 Second Follow My Twitter: https://twitter.com/D3generocity.,,,1,"['Entertainment', 'memes']",27,
S-IQMINHs3k,"Types of Anime (Part 1) Explained தமிழ் - Shonen,Seinen and Shojo","Hi All i this Video I've Explained about the categories of anime demographics in Tamil,I just started explaining Shonen,seinen and ...",,,1,"['Entertainment', 'memes']",27,
dmJjkp5TS8Y,SAKAMOTO DAYS IS THE BEST NEW ANIME,"... Shonen, 2025 anime, New Anime, Shonen Anime, manga, Shonen jump, hitman anime, Fighting anime, Sakamoto vs, Shin vs, ...",,,1,"['Entertainment', 'memes']",27,
SYLmbKtw2i8,A woman’s take on your favorite Shonen anime | Dandadan Analysis,"Ya know, after 9 episodes I thought I'd like this anime by now... please like (or dislike), comment, share and subscribe ...",,,1,"['Entertainment', 'memes']",27,
_vH0Ap-HRNc,"Beat The Anime Team, Win $100!",Contestants: @moonpiecepodcast @kumar_sutra Discord: https://discord.gg/shonenshowdown Patreon: ...,,,1,"['Entertainment', 'memes']",27,
I4NIAosP7Q4,Top 6 Underrated Anime You Haven't Seen!,In this video I will be sharing Top 6 Underrated Anime for you guys to watch. Let's begin the list. If you like the video please like ...,,,1,"['Entertainment', 'memes']",27,
8Nyw8HEb_-Q,Top 5 Shonen Anime Of The Past 5 Years In Hindi||,Hey guys thanks for watching my video❤️ Yaha tak aaye ho to channel bhi subscribe kar lo lamba safar hai sath mein chlege ...,,,1,"['Entertainment', 'memes']",27,
A0faDqeDFak,4 SHONEN DE FOU A VOIR MAINTENANT ! (ils vont vous plaire),"Déplie moi pour en savoir plus .. ○• ☆ S'abonner est gratuit, te prend 2s, et me rend heureux ! Pour tout savoir sur la vidéo, ...",,,1,"['Entertainment', 'memes']",27,
XFOgxjSBMYA,Solo Leveling Monarchs War Arc: Summary in 111 Minutes,Timestamps: [00:00:00] President Go Gunhee [00:24:08] The Monarch's Alliance [00:28:27] The New Chairman [00:33:09] ...,,,1,"['Entertainment', 'memes']",27,
KLfyXzboDM8,The Ant King Solos Korea's S-Rank Hunters | Solo Leveling Season 2 -Arise from the Shadow-,"They say whatever doesn't kill you makes you stronger, but that's not the case for the world's weakest hunter Sung Jinwoo.",,,1,"['Entertainment', 'memes']",27,
DQ0ZYwCcIO4,Jinwoo Reveals His True Power | Solo Leveling Season 2 -Arise from the Shadow-,"They say whatever doesn't kill you makes you stronger, but that's not the case for the world's weakest hunter Sung Jinwoo.",,,1,"['Entertainment', 'memes']",27,
5NSvHKRJ70o,SUNG JINWOO VS ANT KING (BERU) FULL FIGHT - COMPLETE CUTSCENE - SOLO LEVELING: ARISE [ HD ],Solo Leveling Full/ Completed Sung Jinwoo vs Ant King (Beru) Fight Scene in Solo Leveling Arise Game. About This Video - Solo ...,,,1,"['Entertainment', 'memes']",27,
ER8bo7jvp1w,Jinwoo vs Avaricious Vulcan | Solo Leveling Season 2 -Arise from the Shadow-,"They say whatever doesn't kill you makes you stronger, but that's not the case for the world's weakest hunter Sung Jinwoo.",,,1,"['Entertainment', 'memes']",27,
uPT1bMUwn9U,'Beru!! Your Name Is Beru '🔥 Jinwoo Turns Ant King Into Shadow Clip Cinematic #SOLOLEVELING #beru,Solo Leveling Season 2 Episode 13 Preview | Jinwoo Turns Ant King Into Shadow - Arise Tamil Solo Leveling Anime Solo ...,,,1,"['Entertainment', 'memes']",27,
U6LNR8dLZo0,Sung Jinwoo vs Goto Ryuji | Solo Leveling Season 2 -Arise from the Shadow-,"They say whatever doesn't kill you makes you stronger, but that's not the case for the world's weakest hunter Sung Jinwoo.",,,1,"['Entertainment', 'memes']",27,
IrHTT2IEKpE,Sung Jinwoo vs The Ant King | Solo Leveling Season 2 -Arise from the Shadow-,Solo Leveling Season 2 Episode 12 English Subbed. Solo Leveling Season 2 Episode 24. They say whatever doesn't kill you ...,,,1,"['Entertainment', 'memes']",27,
l9Zd8gBZC-s,Jinwoo vs Baran | Solo Leveling Season 2 -Arise from the Shadow-,Jinwoo and Esil take down the demon monarch Baran in episode 20. Watch Solo Leveling Season 2 - Arise from the Shadow - on ...,,,1,"['Entertainment', 'memes']",27,
T4tHpckZPIY,Solo Leveling Japan Crisis Arc: Summary in 80 Minutes,Timestamps: [00:00:00] The Giants [00:10:40] Jinwoo's Resolve [00:26:28] Japan Crisis [01:04:51] Christopher Reed [01:07:41] ...,,,1,"['Entertainment', 'memes']",27,
1QE_2P48zJ0,Solo Leveling Final battle Arc: Summary in 90 Minutes,Timestamps: [00:00:00] King's Castle [00:02:29] A Mistake [00:16:08] Before The Storm [00:27:05] The final Battle [00:48:25] ...,,,1,"['Entertainment', 'memes']",27,
Kyfspixy8-0,Solo Leveling Double Dungeon Arc: Summary in 80 minutes,"Timestamps: [00:00:00] Shinjuku, Tokyo [00:01:10] Japan's Dilemma [00:04:26] A Message [00:10:20] Yuri Orloff [00:14:38] The ...",,,1,"['Entertainment', 'memes']",27,
4SQbAdfSvPc,Solo Leveling: The Movie (2026) - Live Action Trailer | Netflix (4k),"sololeveling #sololevelingarise #liveaction Watch this ""Solo Leveling: The Movie"" – Live Action Fan-Made Concept Trailer (2026) ...",,,1,"['Entertainment', 'memes']",27,
4k3tulZzFIk,SOLO LEVELING Full Story - Chapters 1-200 - Manhwa Recap!,SOLO LEVELING Full Story - Chapters 1-200 - Manhwa Recap! Also check out this 16 o'clock video ...,,,1,"['Entertainment', 'memes']",27,
dLKYFu_sMTM,Jinwoo vs Kargalgan | Solo Leveling Season 2 -Arise from the Shadow-,Jinwoo takes down the shaman and his entire army of high orcs in episode 18. Watch Solo Leveling Season 2 - Arise from the ...,,,1,"['Entertainment', 'memes']",27,
C0zMWogztQs,"Solo Leveling Season 2 -Arise from the Shadow- Opening | ""ReawakeR"" by LiSA feat Felix of Stray Kids","They say whatever doesn't kill you makes you stronger, but that's not the case for the world's weakest hunter Sung Jinwoo.",,,1,"['Entertainment', 'memes']",27,
eRcDGALcnyI,Solo Leveling International Guild Arc: Summary in 95 Minutes,Timestamps: [00:00:00] Fragment of blue Light [00:03:53] The sixth national hunter [00:10:57] The Invitation [00:20:12] The King of ...,,,1,"['Entertainment', 'memes']",27,
7NUtg5fYJkk,Solo Leveling Monarchs War Arc 2: Summary in 86 Minutes,"Timestamps: [00:00:00] King of Death [00:13:34] Sung IlHwan [00:16:02] Ashborne [00:36:15] Sung Jinwoo ""The Shadow ...",,,1,"['Entertainment', 'memes']",27,
3lD6xh1Q3qA,Jinwoo vs Ant King💀| Jinwoo Defeats Ant King | Solo Leveling Season 2 Episode 12 in Hindi,Jinwoo vs Ant King | Jinwoo Defeats Ant King | Solo Leveling Season 2 Episode 12 in Hindi One Piece Live Channel: ...,,,1,"['Entertainment', 'memes']",27,
w92Ycbfa-eQ,Solo Leveling Jeju Island Arc (Part-2): Summary in 60 minutes,Timestamps: [00:00:00] Intro [00:02:29] Jinwoo on Jeju [00:09:08] Jinwoo vs Ant king [00:34:38] Federal Bureau of Hunters ...,,,1,"['Entertainment', 'memes']",27,
YTrw0CRdTRk,Solo Leveling Ahjin Guild Arc (Part-1): Summary in 60 minutes,Timestamps: [00:00:00] Intro [00:03:34] A king [00:11:09] Hunter was born to hunt [00:20:39] Cha HaeIn's confession [00:31:38] ...,,,1,"['Entertainment', 'memes']",27,
22QZRIMlmaI,Solo leveling: Ragnarok (Part 4) - Summary in 95 minutes,Timestamps: [00:04:49] The Apostle [00:45:34] The Paju Raid #suho #manhwa #beru #sungjinwoo #sololeveling #esil ...,,,1,"['Entertainment', 'memes']",27,
AZZkiNw4Gak,"Solo Leveling’s NEXT SEQUEL: The 28 Gods of Ragnarok EXPLAINED (Jin Woo, Baran, Ashborn...)","Solo Leveling Ragnarok presents a world where gods, monarchs, rulers, and apostles shape the fate of existence through ...",,,1,"['Entertainment', 'memes']",27,
TqsO8V7Zlvc,WHAT HAVE WE JUST SEEN?! *SOLO LEVELING* 2x12 REACTION!,"We hope you enjoyed our reaction to Solo Leveling Episode 2x12! If you did, please consider leaving a like on the video and ...",,,1,"['Entertainment', 'memes']",27,
KxeHOxO3A3I,"Solo Leveling Season 2 -Arise from the Shadow- Ending | ""Un-Apex"" by TK from Ling Tosite Sigure","They say whatever doesn't kill you makes you stronger, but that's not the case for the world's weakest hunter Sung Jinwoo.",,,1,"['Entertainment', 'memes']",27,
EXxZOQcL49k,Solo Leveling Jeju Island Arc (Part-1): Summary in 80 minutes,Timestamps: [00:00:00] Dr Lee [00:01:43] Reunion [00:04:17] The Raid Party [00:24:34] The Ant King [00:25:36] Media Hunt ...,,,1,"['Entertainment', 'memes']",27,
SJrHiGENDQs,"""Solo Leveling Doesn't Deserve to Be Good"" ... okay",Solo Leveling has been breaking so many records in the anime industry as of late. With becoming the highest rated anime beating ...,,,1,"['Entertainment', 'memes']",27,
rzbjF2DRv1c,"Solo Leveling Season 2 - Opening FULL ""ReawakeR"" by LiSA (feat. Felix of Stray Kids) (Lyrics)","Solo Leveling Season 2 - Opening FULL ""ReawakeR"" by LiSA (feat. Felix of Stray Kids) (Lyrics) by Jamong Artist : LiSA (feat.",,,1,"['Entertainment', 'memes']",27,
4SQbAdfSvPc,Solo Leveling: The Movie (2026) - Live Action Trailer | Netflix (4k),"sololeveling #sololevelingarise #liveaction Watch this ""Solo Leveling: The Movie"" – Live Action Fan-Made Concept Trailer (2026) ...",,,1,"['Entertainment', 'memes']",27,
4k3tulZzFIk,SOLO LEVELING Full Story - Chapters 1-200 - Manhwa Recap!,SOLO LEVELING Full Story - Chapters 1-200 - Manhwa Recap! Also check out this 16 o'clock video ...,,,1,"['Entertainment', 'memes']",27,
XqD0oCHLIF8,"Solo Leveling Opening | ""LEveL"" by Hiroyuki Sawano [nZk] and TOMORROW X TOGETHER","They say whatever doesn't kill you makes you stronger, but that's not the case for the world's weakest hunter Sung Jinwoo.",,,1,"['Entertainment', 'memes']",27,
c3s27528I50,Solo Leveling Season 2 Episode 12 Explained in hindi,Watch it On - Crunchyroll Solo Leveling Season 2 Episode 12 Explained in hindi Solo Leveling Season 2 Episode 12 Review in ...,,,1,"['Entertainment', 'memes']",27,
tnAThYwJP3Q,Solo Leveling Season 2 | Jeju Island Arc Full Explained,"Solo Leveling Season 2 - Jeju Island Arc Full Explained In this season, Sung Jin-Woo will face new threats that are more ...",,,1,"['Entertainment', 'memes']",27,
OByTkLfkdMA,I'M SPEECHLESS🤯 Solo Leveling Season 2 Episode 12 REACTION VIDEO!!!,"Solo Leveling Season 2 Episode 12 REACTION #sololeveling #anime #manga VIDEO EDITED BY OJ, FEEL FREE TO ...",,,1,"['Entertainment', 'memes']",27,
0MYAA4hh1YY,Solo Leveling Season 8 and 9 Complete Explained in Hindi | Full Story | AniExplainer | S9 2025,"Solo Leveling Season 9 Complete Explain in Hindi | Solo Leveling Anime Summary - In a world of gifted hunters and monsters, ...",,,1,"['Entertainment', 'memes']",27,
B9eMiBHMhHw,How Jinwoo (Solo Leveling) Be Every Time Somebody Need Help,RDC's SOCIALS Mark - https://www.instagram.com/markphillips/ Aff - https://www.instagram.com/affiong/ Leland ...,,,1,"['Entertainment', 'memes']",27,
ZGXOWPZ64DA,SawanoHiroyuki[nZk]:XAI 『DARK ARIA ＜LV2＞』 Music Video,SawanoHiroyuki[nZk]:XAI 『DARK ARIA ＜LV2＞』 Lyrics：Benjamin Composed by：Hiroyuki Sawano Arranged by：Hiroyuki Sawano ▼CD ...,,,1,"['Entertainment', 'memes']",27,
WczSfh3gJaU,"Solo Leveling EP 6 OST FULL ""DARK ARIA ＜LV2＞"" by SawanoHiroyuki[nZk]:XAI (Lyrics)","Solo Leveling EP 6 OST FULL ""DARK ARIA ＜LV2＞"" by SawanoHiroyuki[nZk]:XAI (Lyrics) by Jamong Artist ...",,,1,"['Entertainment', 'memes']",27,
xGWwfPsohOE,(7)E-Rank Boy with Worthless Skills Levels Up and Gains Demon Powers Explained in Hindi,E-Rank Boy with Worthless Skills Levels Up and Gains Demon Powers Explained in Hindi Part 7 Anime Name: Solo Leveling Part ...,,,1,"['Entertainment', 'memes']",27,
DhF8-jIyL9s,SOLO LEVELING SEASON 2 OPENING - PAINT VERSION,Just for Fun!-- » ABOUT VIDEO › Anime : 나 혼자만 레벨업 (Solo Leveling) › Manhwa Creator : Chu-Gong and Dubu › Animation ...,,,1,"['Entertainment', 'memes']",27,
bLU3zaFGVus,Solo Leveling Season 10 Part-7 Explained in Hindi | Full Story | AniExplainer | S10 EP 7,"Solo Leveling Season 10 Episode 7 Explain in Hindi | Solo Leveling Anime Expalined in hindi If you like this video, give it a ...",,,1,"['Entertainment', 'memes']",27,
lybPgpa3G3o,"Solo Leveling Season 2 EP 11 OST FULL ""DARK ARIA -ARISE-"" by SawanoHiroyuki[nZk]:XAI & Laco (Lyrics)","Solo Leveling Season 2 EP 11 OST FULL ""DARK ARIA -ARISE-"" by SawanoHiroyuki[nZk]:XAI & Laco (Lyrics) by Jamong Artist ...",,,1,"['Entertainment', 'memes']",27,
izR5pe8ao1Y,Solo Leveling Season 2 | Episode - 11 Explanation in Tamil | தமிழ்,__ *********___In this video doesn't contain illegal activities. And we don't spread illegal massages!,,,1,"['Entertainment', 'memes']",27,
hrJnwDFG1GM,Solo Leveling is COPYING Hunter x Hunter?!,Edited with Love by: @RiddleMMD (facebook) Outro Music: Facebook.com/marcobofficial Instagram.com/marcob_ ...,,,1,"['Entertainment', 'memes']",27,
_8bfDsPYXXs,(Full)E-Rank Boy with Worthless Skills Levels Up and Gains Demon Powers Explained in Hindi,E-Rank Boy with Worthless Skills Levels Up and Gains Demon Powers Explained in Hindi Anime Name: Solo Leveling Intro: ...,,,1,"['Entertainment', 'memes']",27,
4LKx0dOEAbU,Sung Jinwoo VS Ant King (Beru) | FULL CUTSCENE - Solo Leveling: Arise,Sung Jinwoo VS Ant King (Beru) | FULL CUTSCENE - Solo Leveling: Arise ...,,,1,"['Entertainment', 'memes']",27,
zQFnOvXahpM,Solo Leveling Season 2 Extra Cut Content | The Evil Plot Behind The Jeju Island Raid,Goto and the others might not have the greatest intentions when it comes to this upcoming Jeju Island Raid. Here's some extra cut ...,,,1,"['Entertainment', 'memes']",27,
Mm-QlmY0vTM,[AMV] - Solo Leveling Dark Aria,sololeveling #anime #manhwa.,,,1,"['Entertainment', 'memes']",27,
xwi8gLuOJdc,Solo Leveling Season 2 Ep. 8 Cut Content | Sung Jin Woo vs. Demon King Baran – The Full Tower Climb,Finally Sung Jin Woo makes it to the top of the tower dungeon! Here's everything the anime left out from that intense journey!,,,1,"['Entertainment', 'memes']",27,
w0VxyJwzLik,Jinwoo Summons Igris | Solo Leveling Season 2 -Arise from the Shadow-,"They say whatever doesn't kill you makes you stronger, but that's not the case for the world's weakest hunter Sung Jinwoo.",,,1,"['Entertainment', 'memes']",27,
Z2gCPKDICFU,Solo Leveling Season 2 -Arise from the Shadow- | OP TRAILER,"They say whatever doesn't kill you makes you stronger, but that's not the case for the world's weakest hunter Sung Jinwoo.",,,1,"['Entertainment', 'memes']",27,
DXxO3ICZAJA,Jinwoo Saves Cha Hae-In | Solo Leveling Season 2 -Arise from the Shadow-,"They say whatever doesn't kill you makes you stronger, but that's not the case for the world's weakest hunter Sung Jinwoo.",,,1,"['Entertainment', 'memes']",27,
39lKowq9l0w,All 8 Monarchs from Solo Leveling Explained (Powers + Names) | Loginion,Business Email: logiplays08@gmail.com Edit: Subh Thumbnail: Sunny.,,,1,"['Entertainment', 'memes']",27,
bssSj4cKsrI,Solo Leveling | DUB TRAILER,"They say whatever doesn't kill you makes you stronger, but that's not the case for the world's weakest hunter Sung Jinwoo.",,,1,"['Entertainment', 'memes']",27,
b62xWeQZX38,Solo Leveling Season 10 Part-6 Explained in Hindi | Full Story | AniExplainer | S10 EP 6,"Solo Leveling Season 10 Episode 6 Explain in Hindi | Solo Leveling Anime Expalined in hindi If you like this video, give it a ...",,,1,"['Entertainment', 'memes']",27,
vCp1V4L_Aos,Hood Solo Leveling: Sprint to Season 2 | Episode 2,"Who wanna fw the Woo, as we race to Solo Leveling Season 2! Join Patreon: https://patreon.com/RabSoPetty821 Shop G Fuel: ...",,,1,"['Entertainment', 'memes']",27,
Xh2ou1RC-qU,Solo leveling beats Demon slayer & One piece? #BadalVaani 4,instagram for more content- https://www.instagram.com/animecloudyt/,,,1,"['Entertainment', 'memes']",27,
fJvUop9WKa4,Solo Leveling Season 6 Explained in Hindi | Full Story | AniExplainer,"Solo Leveling Season 6 Complete Explain in Hindi | Solo Leveling Anime Summary - In a world of gifted hunters and monsters, ...",,,1,"['Entertainment', 'memes']",27,
3Z2NHjLptak,Solo Leveling Season 10 Part-1 Explained in Hindi | Full Story | AniExplainer | S10 EP 1,Solo Leveling Season 10 Episode 1 Explain in Hindi | Solo Leveling Anime Expalined in hindi Summary - In a world of gifted ...,,,1,"['Entertainment', 'memes']",27,
DQ0ZYwCcIO4,Jinwoo Reveals His True Power | Solo Leveling Season 2 -Arise from the Shadow-,"They say whatever doesn't kill you makes you stronger, but that's not the case for the world's weakest hunter Sung Jinwoo.",,,1,"['Entertainment', 'memes']",27,
9nfVCFAoXaQ,Solo Leveling Season 2 Ep. 10 Cut Content – How Sung Jin Woo Broke Japan’s #1 S Rank Hunter Goto,Goto didn't walk away from his fight with Sung Jin Woo as unscathed as you might think. Here's everything you missed from the ...,,,1,"['Entertainment', 'memes']",27,
TUS6QEHtp6I,Solo Leveling Season 2 Part-2 Complete Explained in Hindi | Jeju Island Arc | AniExplainer,Solo Leveling Season 2 P-2 Explained in Hindi | Solo Leveling Manga | Solo leveling 3 anime explanation Summary - In a ...,,,1,"['Entertainment', 'memes']",27,
BYM52HcNqVc,DARK ARIA (S-Rank Hunters VS Ant King) | Solo Leveling Season 2 Episode 11 OST Cover,Anime: Solo Leveling Season 2 ⇏ Type: OST Cover ⇏ Composer: Hiroyuki Sawano ⇏ Arranger: James Liam This is not the ...,,,1,"['Entertainment', 'memes']",27,
byJ7pxxhaDY,Solo Leveling Season 2 -Arise from the Shadow- | OFFICIAL TRAILER,"They say whatever doesn't kill you makes you stronger, but that's not the case for the world's weakest hunter Sung Jinwoo.",,,1,"['Entertainment', 'memes']",27,
tqGhpQkZGWg,Solo Leveling Season 2 Episode 11 Preview [ENG SUB],Solo Leveling Season 2 Episode 11 Preview [ENG SUB] Solo Leveling Season 2 plunges viewers back into the extraordinary ...,,,1,"['Entertainment', 'memes']",27,
kIFY5rqD0pE,Jinwoo is Revealed to the World | Solo Leveling Season 2 -Arise from the Shadow-,"They say whatever doesn't kill you makes you stronger, but that's not the case for the world's weakest hunter Sung Jinwoo.",,,1,"['Entertainment', 'memes']",27,
vs1aAERdOWg,SUNG JINWOO vs THE ANT KING! Solo Leveling - Season 2 Episode 12 | REACTION VIDEO,I think we found the KING OF THE HUMANS! PATREON: FULL EARLY/UNCUT REACTIONS on my Patreon & Exclusive Series ...,,,1,"['Entertainment', 'memes']",27,
4wn7xqWrJ9s,The Next Solo Leveling?,"Today we are briefly looking at the success of Solo Leveling and trying to imagine, what will be next? ▻ Support me on Patreon: ...",,,1,"['Entertainment', 'memes']",27,
o1Hw7BjX6pc,All Named Shadows of Sung Jinwoo in Solo Leveling,Content Information. In this video I will tell you about the All Named Shadows of Sung Jinwoo in anime and web manhwa Solo ...,,,1,"['Entertainment', 'memes']",27,
IT6ggQLZ3us,Solo Leveling Has Set The New Standard for All Anime Going Forward,"Even if you love it or hate it, Solo Leveling continues to be one of the most popular anime of all time. Breaking new records with ...",,,1,"['Entertainment', 'memes']",27,
9x28p9ahvJc,"🗡️Solo Leveling S2 🗡️பகுதி - 12,13 தமிழில் | S2 E12,13 - Explain in Tamil | Manhwa Tamil |Ep- 14|.","animetamil #tamilanimezone #animeintamil I Welcome to Tamil Anime Zone, your ultimate destination for all things anime in Tamil ...",,,1,"['Entertainment', 'memes']",27,
Vj8QX3TICKQ,SUNG JIN WOO (Solo Leveling UK Drill),Insta: Pureojuice Twitter: Pureojuice Tiktok: Pureojuice Snapchat: Pureojuice.,,,1,"['Entertainment', 'memes']",27,
SeqwAPmLb10,Solo Leveling season 2 looks GOOD 🥵,instagram for more content- https://www.instagram.com/animecloudyt/,,,1,"['Entertainment', 'memes']",27,
bVEZKANoN7Y,Solo Leveling Season 9 Part-9 Explained in Hindi | Full Story | AniExplainer | S9 EP 9,"Solo Leveling Season 9 episode 9 Explain in Hindi | Solo Leveling Anime Summary - In a world of gifted hunters and monsters, ...",,,1,"['Entertainment', 'memes']",27,
cJFlnC7zBQg,The INSANE Lore & Timeline of Solo Leveling EXPLAINED! The Truth About Jinwoo's Secret Power | FULL,"Everything you need to know for Season 2 of Solo Leveling - Full Lore and Timeline of Solo Leveling explained, including the ...",,,1,"['Entertainment', 'memes']",27,
PeAJaNnMtYE,Solo Leveling SEASON 2 is ridiculous (REACTION),Support me on Patreon for more reactions to Solo Leveling: https://www.patreon.com/c/Deebeegeek Subscribe!,,,1,"['Entertainment', 'memes']",27,
CmxnEbcqgJg,JINWOO VS BERU IS PEAK CINEMA!!! Solo Leveling SEASON 2 EPISODE 12 REACTION!!,Dmolition Today We're Reacting To Solo Leveling SEASON 2 EPISODE 12!! Hit That LIKE Button If You Enjoyed The Video And ...,,,1,"['Entertainment', 'memes']",27,
YdqGznpJPe0,SOLO LEVELING BERU DESTROYS THE S RANKS,"SOLO LEVELING BERU DESTROYS THE S RANKS* This week, We're finally in the chimera ant arc the Japanese and Korean ...",,,1,"['Entertainment', 'memes']",27,
phb7GP8FzdE,Solo Leveling Season 2 OP. Full | ReawakeR (feat. Felix of Stray Kids) - Sub. Español 『AMV』♡,Me di cuenta de que me esforcé mucho por este canal y dejarlo por otro es una tonteria Espero y les guste ¿Quieres ...,,,1,"['Entertainment', 'memes']",27,
8byVcMLOPgQ,Solo Leveling explained in hindi | Part - 1 | #sololeveling #manga #explainedinhindi #comics #anime,Solo Leveling explained in hindi | Part - 1 | #sololeveling #manga #explainedinhindi #comics #anime.,,,1,"['Entertainment', 'memes']",27,
BIBXA1Tpp8U,Solo Leveling -ReAwakening- | OFFICIAL TRAILER | In Theaters December 6,Solo Leveling -ReAwakening- features a catch-up recap of the first season coupled with an exclusive sneak peek of the first two ...,,,1,"['Entertainment', 'memes']",27,
Qdwd4ZP2O9U,Solo Leveling Episode 24 Just BROKE THE INTERNET With FIGHT OF THE YEAR 🤯🔥,Solo Leveling episode 24 just broke the internet and for good reason with JinWoo vs the Ant King!!! ✦ See my full uncut live ...,,,1,"['Entertainment', 'memes']",27,
CtdyzF8q8cM,JIN WOO vs ANT KING! | SOLO LEVELING S2 Episode 12 REACTION!,EARLY & FULL UNCUT REACTIONS • https://www.patreon.com/DapperDarius NON ANIME REACTION CHANNEL ...,,,1,"['Entertainment', 'memes']",27,
8RIyIl9bths,Solo Leveling Season 4 Complete Explained in Hindi | Full Story | AniExplainer,Solo Leveling Season 4 Explained in Hindi | Solo Leveling Manga | Solo leveling 4 anime explanation Summary - In a world of ...,,,1,"['Entertainment', 'memes']",27,
DIUNsNP9DTM,"Solo Leveling: Malayalam Explanation Season 1, Episode 1#malayalam #japaneseanime","I'm Used to It Solo Leveling: Season 1, Episode 1 Gates that connected the worlds begin to open, letting in hunters that want to ...",,,1,"['Entertainment', 'memes']",27,
2VeMvWvVUQM,SOLO LEVELING Season 1 complete explanation in TELUGU | Jinwoo vs IGRIS | Telugu Anime Sensei,EE video lo manam SOLO LEVELLING anime series nunchi Season 1 ni poortiga TELUGU lo cover chesam. Nannu support ...,,,1,"['Entertainment', 'memes']",27,
S5LjMMPwVKE,"Solo Leveling: Malayalam Explanation Season 2, Episode 1 #malayalam #japaneseanime","Episode 1 Solo Leveling: Season 2, Episode 1 After a scheduled meeting with Jin-ah's teachers, Jin-woo is asked to talk to one of ...",,,1,"['Entertainment', 'memes']",27,
g6DIT_T9MLQ,Saving Cha?! Sister Defamation? Skipped Content - Solo Leveling Episode 24 Reaction!,Episode 24 Impressions and Skipped Content of anime Solo Leveling. Japanese title Ore dake Level Up na Ken. Episode 12 of ...,,,1,"['Entertainment', 'memes']",27,
VrftxfTO3Mo,Solo Leveling Keeps Upping The Standard Even More,BECOME A HIM OR HIM IN TRAINING FOR EARLLY ACCESS & EXCLUSIVE VIDEOS!!,,,1,"['Entertainment', 'memes']",27,
HI7k2FqPxfM,Kill or Be Killed | Solo Leveling,"They say whatever doesn't kill you makes you stronger, but that's not the case for the world's weakest hunter Sung Jinwoo.",,,1,"['Entertainment', 'memes']",27,
u_a1o_GKxLY,Sung Jinwoo Exchange I Clips For Edits I Solo Leveling Season 2 Episode 11,Video Details Character Name: [Insert Character Name] Anime: [Insert Anime Name] Episode: [Insert Episode] Type: Raw Scenes ...,,,1,"['Entertainment', 'memes']",27,
rKw7qwpEGIA,ANT KING is Here!💀| Beru Entry | Solo Leveling Season 2 Episode 11 in Hindi,ANT KING is Here! | Beru Entry | Solo Leveling Season 2 Episode 11 in Hindi One Piece Live Channel: ...,,,1,"['Entertainment', 'memes']",27,
d52TurHZh-U,Every Shadow In Solo Leveling Explained,"Welcome to AnimeAddicts! In this video, we're diving into the world of Solo Leveling to explain every Shadow in Sung ...",,,1,"['Entertainment', 'memes']",27,
LVDIsrTI6Kg,AWAKEN - 「AMV」 4K - SOLO LEVELING,"Hi guys I worked so hard to make this video, I hope all of you like my work. don't forget to share, like, and subscribe. let's reach ...",,,1,"['Entertainment', 'memes']",27,
zneSO80qHN0,Solo Leveling Season 2 -Arise from the Shadow- | CLIMAX TRAILER,"They say whatever doesn't kill you makes you stronger, but that's not the case for the world's weakest hunter Sung Jinwoo.",,,1,"['Entertainment', 'memes']",27,
r3HL1BxsGz0,WHO'S THE REAL KING?!👑JINWOO VS ANT KING!! - Solo Leveling Season 2 Episode 12 REACTION!,"They DELIVERED on this absolute masterpiece fight! If you enjoyed our reaction to Solo Leveling Season 2 Episode 12 ""Are You ...",,,1,"['Entertainment', 'memes']",27,
ClM9SG5LFxY,SUNG JINWOO VS BERU!! 🔥🔥🔥 | Solo Leveling Season 2 Episode 12 Reaction!,Our first time reacting to Solo Leveling S2 Episode 12! WE STREAM EVERY MONDAY 6PM CST: ...,,,1,"['Entertainment', 'memes']",27,
zMpEV67jRz8,Solo Leveling Season 9 Part-8 Explained in Hindi | Full Story | AniExplainer | S9 EP 8,"Solo Leveling Season 9 episode 8 Explain in Hindi | Solo Leveling Anime Summary - In a world of gifted hunters and monsters, ...",,,1,"['Entertainment', 'memes']",27,
kJtorXhDR64,Solo Leveling Complete Season 1 Explained in Hindi,Solo Leveling Season 1 in Hindi new anime explain anime explained in hindi ep 1 anime explained in hindi dubbed anime ...,,,1,"['Entertainment', 'memes']",27,
QBB_Hql8-no,Solo leveling episode 12 literally S*cks🗑️,sololeveling #manhwa #anime.,,,1,"['Entertainment', 'memes']",27,
to-YncdalV4,Sung JinWoo vs The Ant King Beru Theme「Solo Leveling Season 2 Episode 12 OST」Epic Orchestral Cover,©️ All rights reserved to their respective owners. - Original Composition by: Hiroyuki Sawano - Cover Arranged & Produced by ...,,,1,"['Entertainment', 'memes']",27,
iakDIJBfmkk,Sung Jin-Woo Rap (Solo leveling UK Drill) @MusicalityMusic,What's a song release without merch to back it up with. The first collab @3ltrio has ever done. Solo Levelling Merch Out Now ...,,,1,"['Entertainment', 'memes']",27,
C9XLkhbVglQ,🗡️Solo Leveling Season 4🗡️ Ep - 14 தமிழில் | S4 - Explain in Tamil | Anime dubbed |anime tamil,"animetamil #tamilanimezone #animeintamil I Welcome to Tamil Anime Zone, your ultimate destination for all things anime in Tamil ...",,,1,"['Entertainment', 'memes']",27,
4j7sM_rYc3o,JINWOO VS ANT KING IS ABSOLUTE CINEMA!!! 🔥 | BROTHERS watch Solo Leveling 2x12 | REACTION,This is our group reaction to Solo Leveling. We're all new to anime and this is our first time watching this show for all of us ...,,,1,"['Entertainment', 'memes']",27,
sAjViiKF30U,Solo Leveling Insert Song EP 6 Full || DARK ARIA ＜LV2＞ - SawanoHiroyuki[nZk]:XAI || AMV sub español,SoloLeveling #DARKARIA #SawanoHiroyuki #XAI Creo que el romaji no se ve bien perdón. Era solo una prueba xd ➢ Sinopsis: ...,,,1,"['Entertainment', 'memes']",27,
GpszA7W1uwk,SOLO LEVELING JINWOO HUMBLES BERU,"SOLO LEVELING JINWOO HUMBLES BERU* This week, We finally have our Jinwoo face off against the ant king Meruem. I mean ...",,,1,"['Entertainment', 'memes']",27,
asKL1wYDxV8,Solo Leveling Season 9 Part-7 Explained in Hindi | Full Story | AniExplainer | S9 EP 7,"Solo Leveling Season 9 episode 7 Explain in Hindi | Solo Leveling Anime Summary - In a world of gifted hunters and monsters, ...",,,1,"['Entertainment', 'memes']",27,
ER8bo7jvp1w,Jinwoo vs Avaricious Vulcan | Solo Leveling Season 2 -Arise from the Shadow-,"They say whatever doesn't kill you makes you stronger, but that's not the case for the world's weakest hunter Sung Jinwoo.",,,1,"['Entertainment', 'memes']",27,
iksNyMjncYY,Level SUNG JINWOO Dari TERLEMAH Menjadi YangTERKUAT - FULL ALUR CERITA SOLO LEVELING,FULL ALUR CERITA SOLO LEVELING ( LANJUTAN SEASON 1 SAMPAI TAMAT) Versi Batch 11 jam LANJUTAN VIDEO ...,,,1,"['Entertainment', 'memes']",27,
ZraTNJawybA,Love at First Sniff??? | Solo Leveling Season 2 -Arise from the Shadow-,"They say whatever doesn't kill you makes you stronger, but that's not the case for the world's weakest hunter Sung Jinwoo.",,,1,"['Entertainment', 'memes']",27,
uenSl016RWQ,ANTagonist 💀😱 SOLO LEVELING S2 Episode 11 Reaction,#anime #reaction #animereaction #sololeveling #sololevelinganime Music: Harris Heller - Samurai's Call ...,,,1,"['Entertainment', 'memes']",27,
rt3mfSSuKS8,Solo Leveling Season 4 Episode 3 Explained In Hindi | FULL STORY | EP 4,Solo Leveling Season 4 Episode 3 Explained In Hindi | FULL STORY | EP 4 Instagram- ...,,,1,"['Entertainment', 'memes']",27,
Pfe6BtpqQZQ,Solo Leveling Music - DARK ARIA 1 Hour,"Solo Leveling EP 6 OST FULL ""DARK ARIA ＜LV2＞ by The Belmont Music Artist : SawanoHiroyuki[nZk]:XAI Original ...",,,1,"['Entertainment', 'memes']",27,
8fAO9MqgjNU,Sung Jinwoo Vs Beru Full Fight | Clips For Edit | Solo Leveling Season 2 Episode 12,Video Details Character Name: [Insert Character Name] Anime: [Insert Anime Name] Episode: [Insert Episode] Type: Raw Scenes ...,,,1,"['Entertainment', 'memes']",27,
15VhLH0KIss,Solo Leveling Season 2 Episode 10 | Jinwoo vs Ryuji (Manhwa Ver),Solo Leveling Season 2 Episode 10 - S-Rank Hunters Training Battle Begins! (Manhwa Version) Jinwoo takes on Japan's ...,,,1,"['Entertainment', 'memes']",27,
svdrZkgNUNo,Solo Leveling Season 3 Episode 10 Tagalog Dubbed | Episode 22,anime #sololeveling #manhwa Solo Leveling Season 3 Full Story Tagalog Dubbed Part 10 Credits: Music: Limitless by ...,,,1,"['Entertainment', 'memes']",27,
ZXESwvJqBwA,Jinwoo: Growing Stronger | Solo Leveling,"They say whatever doesn't kill you makes you stronger, but that's not the case for the world's weakest hunter Sung Jinwoo.",,,1,"['Entertainment', 'memes']",27,
CGOql6_jWp4,BERU A DEMON!! Solo Leveling SEASON 2 EPISODE 11 REACTION!!,Today We're Reacting To Solo Leveling SEASON 2 EPISODE 11!! Hit That LIKE Button If You Enjoyed The Video And ...,,,1,"['Entertainment', 'memes']",27,
IBzvt8Ud0Zk,Solo Leveling Season 2 Episode 11-12 Explained in Hindi,Solo Leveling Season 2 Episode 11 in Hindi Solo Leveling Season 2 Episode 11 explained in Hindi Solo Leveling Season 2 ...,,,1,"['Entertainment', 'memes']",27,
IAS5yA9GAOo,ANT KING vs JIN WOO FULL BATTLE!!! JEJU ISLAND RAID!!! Solo Leveling Season 3 Final Ep 12-13 Tagalog,DISCLAMER: No Copyright Intended. This is a fan made review to promote the Anime and Manhwa. SOLO LEVELING TAGALOG ...,,,1,"['Entertainment', 'memes']",27,
HY22gobzP74,Solo Leveling Season 2 Episode 12 (FULL HD),Solo Leveling Season 2 Episode 12 | Jinwoo vs The Ant King (Manhwa Version) The long-awaited battle is here! Jinwoo takes ...,,,1,"['Entertainment', 'memes']",27,
xgTTf3YDEOY,「Sung Jinwoo vs Ant King Beru」(With Vocal) Solo Leveling S2EP12 OST 俺だけレベルアップな件,"Note: This is a fan-made arrangement, not the official soundtrack. Lyrics are partially official (to the best of my ability) and partially ...",,,1,"['Entertainment', 'memes']",27,
32Z_IdmRNIQ,"""EXCHANGE"" Jinwoo is coming!! | Solo Leveling Season 2 Episode 11 Reaction Compilation","Copyright Disclaimer Under Section 107 of the Copyright Act 1976, Allowance is made for ""fair use"" for purposes such as criticism, ...",,,1,"['Entertainment', 'memes']",27,
G-HmBjIBal8,ARE YOU THE KING OF HUMANS | Solo Leveling Season 2 Episode 12 Reaction,Jinwoo finally arrives to face off against the King of the ants Beru! Check out our Reaction to Solo Leveling Season 2 Episode 12 ...,,,1,"['Entertainment', 'memes']",27,
eXrbKiljGAg,PEAK CINEMA! SUNG JINWOO VS THE ANT KING! Solo Leveling Season 2 Episode 12 Reaction,#brianxstephanie #sololeveling #sololevelingarise Current Patreon Exclusive Rewards ⭕Code Geass: ...,,,1,"['Entertainment', 'memes']",27,
fWYMxzfhsAc,SUNG JINWOO VS ANT KING! | SOLO LEVELING Season 2 Episode 12 REACTION!!!,Solo Leveling Season 2 Episode 12 Reaction ♢ PATREON for Early & UNCUT Reactions https://www.patreon.com/neeld ...,,,1,"['Entertainment', 'memes']",27,
7g_zoSrXH_U,Looking Up Was Tiring Me Out | Solo Leveling S2 Ep 8 Reaction,"Send Us Fan Mail Here: 5450 Bruce B Downs Blvd. # 403 Wesley Chapel, FL 33544 #YaBoyRoshi #sololeveling.",,,1,"['Entertainment', 'memes']",27,
a4BqeQWkKx4,ANIME that BROKE all RECORDS | Best Episode of 2025 | Solo Leveling Season 2,ANIME that BROKE all RECORDS | Best Episode of 2025 | Solo Leveling Season 2 Our Reddit for meme: ...,,,1,"['Entertainment', 'memes']",27,
TNzFpK94M48,Aura Farming an A-Rank Team | Solo Leveling Season 2 -Arise from the Shadow-,"Solo Leveling Season 2 Episode 17 English Subbed. They say whatever doesn't kill you makes you stronger, but that's not the ...",,,1,"['Entertainment', 'memes']",27,
jc_kL7sv1Nw,Solo Leveling Season 3 Episode 5 Tagalog Dubbed | Episode 17,anime #sololeveling #manhwa Solo Leveling Season 3 Full Story Tagalog Dubbed Part 5 Credits: Music: Limitless by ...,,,1,"['Entertainment', 'memes']",27,
gDCMjzotlVk,Solo Leveling Season 2 Episode 13 Explained in Hindi | Jinwo Vs Beru Fight Jeju Island Full story,sololeveling #sololevelingrecap #sololevelingarise Solo Leveling Season 2 Episode 13 Explained in Hindi | Jinwo Vs Beru Fight ...,,,1,"['Entertainment', 'memes']",27,
mgPYqvh5pYU,THE DEMON MONARCH BARAN😈 Solo Leveling Season 2 Episode 8 REACTION VIDEO!!!,Solo Leveling Season 2 Episode 8 REACTION #sololeveling #anime #manga IGRIS FIGURE LINK: ...,,,1,"['Entertainment', 'memes']",27,
mbEYCvYXClE,Solo Leveling Season 9 Part-6 Explained in Hindi | Full Story | AniExplainer | S9 EP 6,"Solo Leveling Season 9 episode 6 Explain in Hindi | Solo Leveling Anime Summary - In a world of gifted hunters and monsters, ...",,,1,"['Entertainment', 'memes']",27,
KqMe6j-tFz4,Solo Leveling Season 2 Episode 12 REACTION |Are You King of Humans? |,Magic Magy For the Fans - https://linktr.ee/magicmagy ✓ Magic Magy Instagram - https://www.instagram.com/magicmagygirl/ ...,,,1,"['Entertainment', 'memes']",27,
LL1tofRzHFY,All 31 National & S-Rank HUNTERS in Solo Leveling (Ranked & Explained),Who do you think is the most powerful National & S-rank Hunters in Solo Leveling? Help us make more videos ...,,,1,"['Entertainment', 'memes']",27,
b9REoODoSU8,EVERYONE *MUST* F***ING RUN!!!! | SOLO LEVELING - EPISODE 11 | SEASON 2 | New Anime Fan! | REACTION,JINWOO IS BROKEN?!! THIS IS SO F***ING EPIC!!! SOLO LEVELING SEASON 2 IS GOING TO BLOW SEASON 1 AWAY!,,,1,"['Entertainment', 'memes']",27,
Ayqi5PU20Rk,Let Me Solo Them | Solo Leveling Season 2 -Arise from the Shadow-,"They say whatever doesn't kill you makes you stronger, but that's not the case for the world's weakest hunter Sung Jinwoo.",,,1,"['Entertainment', 'memes']",27,
rEt4X6tJsVo,Solo Leveling Season 7 Part-3 Explained in Hindi | Full Story | AniExplainer,"Solo Leveling Season 7 Explain in Hindi | Solo Leveling Anime Summary - In a world of gifted hunters and monsters, a weak ...",,,1,"['Entertainment', 'memes']",27,
6xLqR4mNUoY,This Is MADNESS - SOLO LEVELING 2x11 REACTION,For Business Inquiries: ✉️ Ailincia@spiresagency.com Music Credit Intro/Outro: (massobeats - Honey Jam) #sololeveling.,,,1,"['Entertainment', 'memes']",27,
S5LjMMPwVKE,"Solo Leveling: Malayalam Explanation Season 2, Episode 1 #malayalam #japaneseanime","Episode 1 Solo Leveling: Season 2, Episode 1 After a scheduled meeting with Jin-ah's teachers, Jin-woo is asked to talk to one of ...",,,1,"['Entertainment', 'memes']",27,
qObUIfmKoeE,"Solo Leveling Season 2 Episode 1 Explained in Hindi - You aren't E-rank, are You",Solo Leveling Season 2 Episode 1 in Hindi Solo Leveling Season 2 Episode 1 explained in Hindi Telegram Channel ...,,,1,"['Entertainment', 'memes']",27,
u583tGJ9zww,Solo Leveling Season 9 Part-1 Explained in Hindi | Full Story | AniExplainer | S9 EP 1,"Solo Leveling Season 9 episode 1 Explain in Hindi | Solo Leveling Anime Summary - In a world of gifted hunters and monsters, ...",,,1,"['Entertainment', 'memes']",27,
da6nDtCj7bQ,Solo Leveling ⚡ Episode-11 | Season -2 | Anime Explanation In Tamil Hari's voice,"Hello Friends Check it out SOLO LEVELING S2 , the complete playlist of this anime First Episode🖇️ ...",,,1,"['Entertainment', 'memes']",27,
6aFPdcWrchM,Solo Leveling Season 4 Episode 1 Explained In Hindi | FULL STORY | EP 2,Solo Leveling Season 4 Episode 1 Explained In Hindi | FULL STORY | EP 2 Instagram- ...,,,1,"['Entertainment', 'memes']",27,
HYqf7WCrxg8,【THAISUB / แปลไทย】' DARK ARIA ＜LV2＞— SawanoHiroyuki[nZk]:XAI |『Solo Leveling : EP. 6 OST Full』,Lyrics：Benjamin Composed by：Hiroyuki Sawano Arranged by：Hiroyuki Sawano Released on: 2024-02-10 I do not own the ...,,,1,"['Entertainment', 'memes']",27,
5oz8StGmrns,PURE CARNAGE!! | Solo Leveling S2 Episode 11 REACTION!,Solo Leveling Season 2 Episode 11 Reaction! Patreon EARLY AND UNCUT ACCESS https://www.patreon.com/Angel174 ...,,,1,"['Entertainment', 'memes']",27,
h2hBCGxKVcA,Solo Leveling Season 2 Episode 10 Explained in hindi,Watch it On - Crunchyroll Solo Leveling Season 2 Episode 10 Explained in hindi Solo Leveling Season 2 Episode 10 Review in ...,,,1,"['Entertainment', 'memes']",27,
AylQcrOvOlU,SUNG JIN WOO IS INSANE!! | Solo Leveling Season 2 Episode 12 Reaction,Full and Exclusive reactions on Patreon!: https://www.patreon.com/reanimated Member Early Access: ...,,,1,"['Entertainment', 'memes']",27,
sEfqNivBuok,JINWOO VS GOTO 🔥 JEJU RAID BEGINS! Solo Leveling Season 2 Episode 10 REACTION!,#sololeveling #jinwoo #anime.,,,1,"['Entertainment', 'memes']",27,
kQfU_NuGMoU,『 DARK ARIA ＜LV2＞ 』 - Solo Leveling Episode 6 OST Insert Song Cover,Anime: Solo Leveling ⇏ Type: OST Cover ⇏ Composer: Hiroyuki Sawano ⇏ Arranger: James Liam This is not the Official ...,,,1,"['Entertainment', 'memes']",27,
IeUuCYpXkno,"Solo Leveling: Malayalam Explanation Season 2, Episode 7 #malayalam #japaneseanime","The 10th S-Rank Hunter Solo Leveling: Season 2, Episode 7 Jinwoo officially becomes an S-Rank hunter, allowing him to finalize ...",,,1,"['Entertainment', 'memes']",27,
2SxuQhqznjM,Sung JinWoo vs The Ant King Beru Theme Instrumental「Solo Leveling Season 2 Episode 12 OST」Epic Cover,©️ All rights reserved to their respective owners. - Original Composition by: Hiroyuki Sawano - Cover Arranged & Produced by ...,,,1,"['Entertainment', 'memes']",27,
46yo-waBmME,HE'S A STRAIGHT DEMON!! WTF! A SLAUGHTER! | Solo Leveling Season 2 Ep 11 REACTION!,"LEAVE A LIKE, COMMENT, AND SUBSCRIBE! LET ME KNOW WHAT OTHER ANIME TO REACT TO I do not own this video.",,,1,"['Entertainment', 'memes']",27,
HyQn-qGPJuk,အင်အားအကြီးဆုံးလူသား || အပိုင်း ( ၁၂ ) Solo Leveling Season 2 2025,"Please ,If you own any of the clips or images in this video and would like it removed, please send me an email me at ...",,,1,"['Entertainment', 'memes']",27,
QcauAkrxG64,Solo Leveling Season 3 Episode 7 Explained in Hindi | Jinwoo Vs Architec Fight | Full story Explain,sololeveling #sololevelingrecap #sololevelingarise Solo Leveling Season 3 Episode 7 Explained in Hindi | Jinwoo Vs Architec ...,,,1,"['Entertainment', 'memes']",27,
bxTe7pU8quA,WE WERE NOT READY FOR THIS! 🔥😱 | Solo Leveling Season 2 Episode 11 Reaction!,Our first time reacting to Solo Leveling S2 Episode 11! Best episode of the series so far. WE STREAM EVERY MONDAY 6PM ...,,,1,"['Entertainment', 'memes']",27,
CXatV5Zwu0s,This episode broke me... | Solo Leveling Episode 11 Reaction (S2),#aliciaxlife #animereaction #sololeveling.,,,1,"['Entertainment', 'memes']",27,
0ZIzwA8nwc8,Solo Leveling Season 2 Episode 11 Explained in Hindi | Jeju Island Raid Begins!,"Solo Leveling Season 2 Episode 11 Explained in Hindi | Jeju Island Raid Begins! In this episode, a friendly battle between Korean ...",,,1,"['Entertainment', 'memes']",27,
RtQ1z0AqDn4,Solo Leveling Season 2 Episode 9 Explained in hindi,Watch it On - Crunchyroll Solo Leveling Season 2 Episode 9 Explained in hindi Solo Leveling Season 2 Episode 9 Review in ...,,,1,"['Entertainment', 'memes']",27,
xbbxxqdC9N8,"Jinwoo Catches an Arrow, Song-Yi Catches Feelings | Solo Leveling Season 2 -Arise from the Shadow-","They say whatever doesn't kill you makes you stronger, but that's not the case for the world's weakest hunter Sung Jinwoo.",,,1,"['Entertainment', 'memes']",27,
_LhdbMfHb18,"Solo Leveling 2x11 | ""It's Going to Get Even More Intense"" Reaction",PATREON - https://www.patreon.com/BeautyandaBeard Join this channel to get access to perks: ...,,,1,"['Entertainment', 'memes']",27,
wRNvFXTTPAU,Baek vs Ma | Solo Leveling Season 2 -Arise from the Shadow-,"They say whatever doesn't kill you makes you stronger, but that's not the case for the world's weakest hunter Sung Jinwoo.",,,1,"['Entertainment', 'memes']",27,
6nS6aY7FCsU,EPISODE OF THE YEAR! Sung Jin Woo vs Beru Reaction,Solo Leveling Season 2 Episode 12 Reaction Solo Leveling Ep 23 Reaction SUBSCRIBE: http://bit.ly/RTTV_yt ...,,,1,"['Entertainment', 'memes']",27,
TyJa-iQQj54,Solo Leveling Season 2 Episode 6 Explained in Hindi | New Episode! | Oreki Mv | Ep 7,Solo Leveling Season 2 Episode 5 in Hindi | New! 2025 Isekai Anime With OverPowered MC | Oreki Mv ...,,,1,"['Entertainment', 'memes']",27,
XCHcGIWnNJY,SOLO LEVELING JUST WENT GOD-TIER!! 🤯🔥 | Solo Leveling Season 2 Episode 10 REACTION!,▶️ RON & HIS TWIN'S CHANNEL: / @IdenticalReactions ▶️ RON'S VLOG CHANNEL: / @ronjaxn BUSINESS INQUIRIES ...,,,1,"['Entertainment', 'memes']",27,
aqey_wbc61A,Solo Leveling Season 2 Episode 11 Explained in Hindi | Best New Episode! | Oreki Mv | Ep 12 and 13,Solo Leveling Season 2 Episode 11 in Hindi | New! 2025 Isekai Anime With OverPowered MC | Oreki Mv ...,,,1,"['Entertainment', 'memes']",27,
PjCmhKyTKgA,Solo Leveling Season 7 Part-4 Explained in Hindi | Full Story | AniExplainer,"Solo Leveling Season 7 Explain in Hindi | Solo Leveling Anime Summary - In a world of gifted hunters and monsters, a weak ...",,,1,"['Entertainment', 'memes']",27,
nZ3dZecxB6E,Anime Vs Manhwa Solo Leveling Season 2 Episode 10,watch it on - Crunchyroll Solo Leveling Season 2 Episode 10: We Need a Hero. Solo Leveling Anime Vs Manhwa Comparsion.,,,1,"['Entertainment', 'memes']",27,
vlLggELRlr0,Unlocking the RAREST Solo Leveling Shadows in Roblox!,Unlocking the RAREST Solo Leveling Shadows in Roblox! SUBSCRIBE FOR MORE: ...,,,1,"['Entertainment', 'memes']",27,
1m-WqTGFuKE,TOTAL MASSACRE ON JEJU!!! 😭 | BROTHERS watch Solo Leveling 2x11 | REACTION,This is our group reaction to Solo Leveling. We're all new to anime and this is our first time watching this show for all of us ...,,,1,"['Entertainment', 'memes']",27,
S1tXEL_flNI,JINWOO VS GOTO! | SOLO LEVELING Season 2 Episode 9-10 REACTION!!!,Solo Leveling Season 2 Episode 9-10 Reaction ♢ PATREON for Early & UNCUT Reactions https://www.patreon.com/neeld ...,,,1,"['Entertainment', 'memes']",27,
sEfqNivBuok,JINWOO VS GOTO 🔥 JEJU RAID BEGINS! Solo Leveling Season 2 Episode 10 REACTION!,#sololeveling #jinwoo #anime.,,,1,"['Entertainment', 'memes']",27,
kQfU_NuGMoU,『 DARK ARIA ＜LV2＞ 』 - Solo Leveling Episode 6 OST Insert Song Cover,Anime: Solo Leveling ⇏ Type: OST Cover ⇏ Composer: Hiroyuki Sawano ⇏ Arranger: James Liam This is not the Official ...,,,1,"['Entertainment', 'memes']",27,
IeUuCYpXkno,"Solo Leveling: Malayalam Explanation Season 2, Episode 7 #malayalam #japaneseanime","The 10th S-Rank Hunter Solo Leveling: Season 2, Episode 7 Jinwoo officially becomes an S-Rank hunter, allowing him to finalize ...",,,1,"['Entertainment', 'memes']",27,
2SxuQhqznjM,Sung JinWoo vs The Ant King Beru Theme Instrumental「Solo Leveling Season 2 Episode 12 OST」Epic Cover,©️ All rights reserved to their respective owners. - Original Composition by: Hiroyuki Sawano - Cover Arranged & Produced by ...,,,1,"['Entertainment', 'memes']",27,
46yo-waBmME,HE'S A STRAIGHT DEMON!! WTF! A SLAUGHTER! | Solo Leveling Season 2 Ep 11 REACTION!,"LEAVE A LIKE, COMMENT, AND SUBSCRIBE! LET ME KNOW WHAT OTHER ANIME TO REACT TO I do not own this video.",,,1,"['Entertainment', 'memes']",27,
HyQn-qGPJuk,အင်အားအကြီးဆုံးလူသား || အပိုင်း ( ၁၂ ) Solo Leveling Season 2 2025,"Please ,If you own any of the clips or images in this video and would like it removed, please send me an email me at ...",,,1,"['Entertainment', 'memes']",27,
CXitnPnpMb4,Solo Leveling Season 2 Episode 12 MEGA Reaction Mashup,Solo Leveling Season 2 Patreon : https://www.patreon.com/Otakuos @Tzuwu123 @EDAnime1 @FreshestAnime @ThatstheBruh ...,,,1,"['Entertainment', 'memes']",27,
eFXTZ9QrQ64,Solo Leveling Season 2 Episode 12 REACTION... || ANT KING VS KING OF HUMANS 👑,Title: Solo Leveling Season 2 Episode 12: Are You the King of Humans For EARLY Full Length Reactions on Patreon: ...,,,1,"['Entertainment', 'memes']",27,
4s7xmFP2Aro,SOLO LEVELING SEASON 2 | EPISODE 12 REACTION MASHUP | 俺だけレベルアップな件 シーズン12,【海外のリアクション】ソロレベリング シーズン2 第12話 リアクション Solo Leveling Season 2 episode 12 Subscribe to these ...,,,1,"['Entertainment', 'memes']",27,
meRk9mqcMbc,[GIRL REACT] Solo Leveling Season 2 Episode 12 Girl Reaction Mashup,Solo Leveling Season 2 Patreon : https://www.patreon.com/Otakuos @NewbieJun @Tzuwu123 @AliAnimus @SensIVY @Alsomij ...,,,1,"['Entertainment', 'memes']",27,
yv8ekzHAN6w,KING JINWOO vs ANT KING!!!🔥 Solo Leveling Season 2 Episode 12 Reaction + Review,PATREON for Early & UNCUT Reactions: https://www.patreon.com/roundmochitzuu ♢H3NTA1 REACTIONS/ FAN CONTENT: ...,,,1,"['Entertainment', 'memes']",27,
xgY5_f6x9MQ,Moments Characters Flexed a Little Too Hard (Top 30),SUBSCRIBE FOR THE BEST ANIME CHANNEL ...,,,1,"['Entertainment', 'memes']",27,
S_-UFKpaxGE,Badass Anime Moments Tiktok compilation PART 119 in 4K 🤟 #anime #animeedit,In This Video All Video Are Taken From Instagram Reel or it not my video. badass anime moments badass anime moments shorts ...,,,1,"['Entertainment', 'memes']",27,
P2P-ErCNe28,Anime Badass Moments TikTok Compilation #31 II TikTok Compilation II Anime Edits,Thanks for Watching #anime #capcutedit #naruto #demonslayerseason2edit #capcut #demonslayer #2025 #goku ...,,,1,"['Entertainment', 'memes']",27,
vE8ybP5-nDk,When she is extremely jealous of you | anime moments| Part 124,When she is extremely jealous of you | anime moments| Part 124 #anime #animes #animeedit #animation #animeslover ...,,,1,"['Entertainment', 'memes']",27,
tbhMBbCo9oo,THE MOST DISRESPECTFUL MOMENTS IN ANIME HISTORY 9,"The footage in this video was used for criticism, commentary and education and is protected by fair use law. Copyright Disclaimer ...",,,1,"['Entertainment', 'memes']",27,
5ptcl0yYsNc,Top 10 Badass Anime Moments of the Century (So Far),"These anime lads are hardcore! Join Ashley as we count down the most awesome moments across the anime scene, as seen in ...",,,1,"['Entertainment', 'memes']",27,
vE8ybP5-nDk,When she is extremely jealous of you | anime moments| Part 124,When she is extremely jealous of you | anime moments| Part 124 #anime #animes #animeedit #animation #animeslover ...,,,1,"['Entertainment', 'memes']",27,
NO-WzolTdHk,Funny Anime Moments🤣 - TRY NOT TO LAUGH!,"Funny Anime Moments - TRY NOT TO LAUGH! If you like the video please like and share . For more Top 10's, Best funny ...",,,1,"['Entertainment', 'memes']",27,
FiUu2XZFojs,Top 10 Most Legendary Anime Moments,"You think anime? You think of these! Join Ashley as we look over the moments in anime that went on to become iconic, as seen in ...",,,1,"['Entertainment', 'memes']",27,
OZGp-swO_VU,Funniest Anime Moments #29 | Funny/Hilarious Anime Moments,"Funny comedy,. Best funniest anime moments, scenes. Recommendations for nice comedy anime to watch. SUBSCRIBE For ...",,,1,"['Entertainment', 'memes']",27,
cBa00XWAIxc,I Ranked The Most DISRESPECTFUL Anime Moments...,"Today, we take a look at some of the most disrespectful moments in anime and rate how wild they ACTUALLY are If you enjoy, ...",,,1,"['Entertainment', 'memes']",27,
S_-UFKpaxGE,Badass Anime Moments Tiktok compilation PART 119 in 4K 🤟 #anime #animeedit,In This Video All Video Are Taken From Instagram Reel or it not my video. badass anime moments badass anime moments shorts ...,,,1,"['Entertainment', 'memes']",27,
jvktQl8-vJY,Anime RAGE Moments Where MC Goes APESH*T On Their Enemy (Part 1),Rage moments in anime are simply insane! The exact moment when a hero snaps and rages against the ones who wronged them ...,,,1,"['Entertainment', 'memes']",27,
eitfvzlNLuI,When The Goofy Playful Character Gets Serious (Top 20 Moments),We Need Editors! Email us: mangamagichq@gmail.com #onepiece #anime #naruto.,,,1,"['Entertainment', 'memes']",27,
Vqc33IbRO9E,Funny Random Anime Moments | Anime Moments,Please hit the like and subscribe button Song: Ayiko - 恋々 (Koikoi) https://linktr.ee/real_ayiko https://ayiko.fanlink.to/koi-koi 0:00 ...,,,1,"['Entertainment', 'memes']",27,
iz5U_356c4c,Top 5 upcoming Anime moments that will Break the INTERNET!🔥,"Top 5 upcoming Anime moments that will Break the INTERNET! Get ready, anime fans! In today's video, we're diving into the ...",,,1,"['Entertainment', 'memes']",27,
l_iAPym1dGw,Funniest Anime Moments #44 | Funny/Hilarious Anime Moments,"Funny comedy,. Best funniest anime moments, scenes. Recommendations for nice comedy anime to watch. SUBSCRIBE For ...",,,1,"['Entertainment', 'memes']",27,
xgY5_f6x9MQ,Moments Characters Flexed a Little Too Hard (Top 30),SUBSCRIBE FOR THE BEST ANIME CHANNEL ...,,,1,"['Entertainment', 'memes']",27,
g-XEX4Dc0gg,Hilarious and Adorable Confessions Anime Moments,"Copyright Disclaimer Under Section 107 of the Copyright Act 1976, allowance is made for ""fair use"" for purposes such as criticism, ...",,,1,"['Entertainment', 'memes']",27,
e0abprU2XC4,Top 10 Badass Anime Moments,"Prepare for an adrenaline rush as we count down the most jaw-dropping, pulse-pounding moments in anime history! From epic ...",,,1,"['Entertainment', 'memes']",27,
vGxR1_vKkrY,Badass Anime Moments | TikTok Compilation | Part 2,Extra10% Off Discount Code: AniMemes Support me: https://ko-fi.com/animemes1208 You can donate me by paypal: ...,,,1,"['Entertainment', 'memes']",27,
WdXHF9t4DWU,Anime Badass Moments TikTok Compilation #12 II TikTok Compilation II Anime Edits,Business Email: businessanimecomps@gmail.com #anime #badassanime #tiktok #edits 0:00 Jujutsu kaisen 0:09 Demon Slayer ...,,,1,"['Entertainment', 'memes']",27,
b6qGH2p49xs,Most REPLAYED Anime Moments Of The Year,"This is a yearly round-up video, featuring some of the most replayed moments on my channel. From painful anime deaths to ...",,,1,"['Entertainment', 'memes']",27,
56kKQq5NjZw,Badass Anime Moments ☠️ Tiktok compilation 🍷 PART 112 in 4K ✨,In This Video All Video Are Taken From Instagram Reel or it not my video. badass anime moments badass anime moments shorts ...,,,1,"['Entertainment', 'memes']",27,
2RQUBvdF1FQ,Natsu taking a Peek at Lucy's **** 🤣 ( NatsuLucy Funny Moments) #fairytail #anime,Anime : Fairytail 100 yrs Quest. #anime #animeedit #natsu #lucy #fairytail #2024anime #newepisode #animeedits #animes.,,,1,"['Entertainment', 'memes']",27,
0bubPWAQhpk,Israel Adesanya Anime Moments and Highlights,Adesanya #Anime #MMA.,,,1,"['Entertainment', 'memes']",27,
zkirH7g2r4Q,Coldest One Shot Moments In Anime History,One Shot KO moments in anime.,,,1,"['Entertainment', 'memes']",27,
akjaeOdlE0U,Anime Badass Moments TikTok Compilation #4,Anime Badass Moments TikTok Compilation #4 Follow LΞVI on: → Instagram: https://www.instagram.com/hot.boy.luis/ → Spotify: ...,,,1,"['Entertainment', 'memes']",27,
vTymtE6Knzk,🎴Mega Anime Badass Moments TikTok compilation🎴 [ #7 ],"Mega Anime Badass Moments TikTok compilation [ #7 ] Hello friends, today I made a Anime TikTok Compilation for you. Instead ...",,,1,"['Entertainment', 'memes']",27,
3yO3tdGu8Yc,COLDEST Moments in Anime,"Let's look at the Moments in Anime that were Cold AF! If you like the video please like and share. This list is just my opinion, ...",,,1,"['Entertainment', 'memes']",27,
X7v2nBnROMQ,999 Battle IQ Moments But They Get Increasingly Smarter (Top 20),We Need Editors! Email us: mangamagichq@gmail.com #onepiece #anime #naruto.,,,1,"['Entertainment', 'memes']",27,
#NAME?,Anime Badass Moments TikTok compilation,"Hello friends, today I made a Anime TikTok Compilation for you. Instead of watching on TikTok, you can watch quality videos that I ...",,,1,"['Entertainment', 'memes']",27,
TrYkJu_8fPo,Funny and jealous anime moments| Part 87,Funny and jealous anime moments| Part 87 #anime #animes #animeedit #animation #animeslover #animeslove #animecosplay ...,,,1,"['Entertainment', 'memes']",27,
P6kAEvS5Nzc,When COCKY Characters Get DESTROYED (Anime Moments),"There's nothing as satisfying as watching a cocky character get destroyed in anime. Be it a good guy or a bad guy, some ...",,,1,"['Entertainment', 'memes']",27,
FC-_qRYCJt4,Anime Badass Moments | TikTok Compilation | Part 22✨,Anime Badass Moments | TikTok Compilation | Part 22✨ Hope you enjoyed the video ❤️ Don't forget to subscribe and ...,,,1,"['Entertainment', 'memes']",27,
bisQeIoZtPw,Badass Anime Moments Tiktok compilation PART 120 in 4K 🤟 #anime #animeedit,In This Video All Video Are Taken From Instagram Reel or it not my video. badass anime moments badass anime moments shorts ...,,,1,"['Entertainment', 'memes']",27,
xBOEDuYPjvA,Funniest Anime Moments #42 | Funny/Hilarious Anime Moments,"Funny comedy,. Best funniest anime moments, scenes. Recommendations for nice comedy anime to watch. SUBSCRIBE For ...",,,1,"['Entertainment', 'memes']",27,
lMbtsWhV0kE,Top 20 Most Legendary 'Reinforcements Arrive' Moments in Anime 2,"Here are the Best Moments When Reinforcements Arrive in Anime, Volume 2! If you like the video please like and share. This list ...",,,1,"['Entertainment', 'memes']",27,
yU2WwqQieiY,"""I Understand It Now"" Moments In Anime",Moments Anime Characters adapt incredibly fast to their opponents.,,,1,"['Entertainment', 'memes']",27,
j7yML0jTbL8,Anime Badass Moments TikTok Compilation #8,Anime Badass Moments TikTok Compilation #8 Follow LΞVI on: →Instagram: https://www.instagram.com/hot.boy.luis/ →Spotify: ...,,,1,"['Entertainment', 'memes']",27,
2O2Cg1C1dJU,Badass Anime Edit [Mega] Tiktok Compilation | Badass Edit #1,badass anime moments badass anime moments shorts badass anime moments with name badass anime moments tiktok badass ...,,,1,"['Entertainment', 'memes']",27,
hA8dEE34FgQ,👑 Sad Anime moments TikTok Compilation 👑 [#2],"Sad Anime moments TikTok Compilation [#2] Hope you enjoyed the vídeo. Don't forget to subscribe Hello friends, today ...",,,1,"['Entertainment', 'memes']",27,
fFZT3Nc7bAQ,BADASS ANIME MOMENTS TIKTOK Compilation | Part 23 🔥🔥🔥🔥#animetiktok,#tiktokanime #tiktokanimefans #anime #tiktokanimecompilation #animetiktok #animecompilation #onepiece #tiktokonepiece ...,,,1,"['Entertainment', 'memes']",27,
k9gYpXQK8Tk,Anime Moments Where The Bullies Got What They Deserve.,Being a medium that is full of tons of stories based around schools there is no surprise that there are tons of school bullies in the ...,,,1,"['Entertainment', 'memes']",27,
7NvwPmnbaaw,ANIME ICONIC SCENE QUIZ 🎬✨ 50 Legendary Anime Moments | Anime Quiz,Welcome to a new anime video You will have to guess 40 animes by the iconic scene! Try it! ✨ ⏱️ You will have 6 ...,,,1,"['Entertainment', 'memes']",27,
xeIy9pTrwJw,Badass Anime Moments Tiktok compilation PART 108 in 4K With Anime And Song Name 🤟,In This Video All Video Are Taken From Instagram Reel or it not my video. badass anime moments badass anime moments shorts ...,,,1,"['Entertainment', 'memes']",27,
uMoWfwzDZLc,Badass Anime Moments 💀 Anime Edit 🗿 Tiktok compilation PART 7,"Badass Anime Moments Anime Edit Tiktok compilation PART 7 and song name Hello friends, I made a TikTok Anime ...",,,1,"['Entertainment', 'memes']",27,
jv9h-MQnuOs,Chainsaw man-Denji and Makima watching movie scene 😂|anime sus moments!,Chainsaw man-Denji and Makima watching movie scene |anime sus moments! #anime #chainsawman #denji . Chainsaw man .,,,1,"['Entertainment', 'memes']",27,
l0pQ1mjcc_k,Anime Badass Moments TikTok compilation,bueno nuevo vídeo de esta sección del canal ya tiempo que no traía una espero les guste esta parte intente que cada clip tuviera ...,,,1,"['Entertainment', 'memes']",27,
HOMplVNMdCk,When Rage Awakenings Get Too Intense (20 moments),onepiece #anime #naruto #bleach.,,,1,"['Entertainment', 'memes']",27,
3FfbboVaVCg,THE MOST DISRESPECTFUL SPORTS ANIME MOMENTS,Patreon: patreon.com/SimbaTG Business Inquires: SimbaTGBusiness@Gmail.com P.O BOX: 1970 E OSCEOLA PKWY #154 ...,,,1,"['Entertainment', 'memes']",27,
SNDR6iPufvQ,Anime Badass Moments TikTok compilation,esperó les guste esta recopilación y me ayuden con un like.,,,1,"['Entertainment', 'memes']",27,
M0RQz4EPVmg,Most DISRESPECTFUL Moments in Anime You Won't Believe,"Copyright Disclaimer Under Section 107 of the Copyright Act 1976, allowance is made for ""fair use"" for purposes such as criticism, ...",,,1,"['Entertainment', 'memes']",27,
F_YrCdE7qhU,Crazy Jealous Girls in Anime | Funny Moments,Anime jealous moments Jealous anime moments #anime #animejealousmoments #jealousanimemoments #animejealous ...,,,1,"['Entertainment', 'memes']",27,
hNgI0U7-dEI,Ryouko x Ichirou Sweet Romantic Kiss😘 Scene😍|| Aura || Anime Kiss Scene @a-kun_,"anime - Aura ep- season - 2013 genre - Romance, drama Studios - AIC ASTA #anime #animecouplereaction #animelovers ...",,,1,"['Entertainment', 'memes']",27,
y8C-HchraTQ,One Man Army Moments But They Get Increasingly More Outnumbered (Top 20),We Need Editors! Email us: mangamagichq@gmail.com #onepiece #anime #naruto.,,,1,"['Entertainment', 'memes']",27,
xtKZl8MpqUg,Coldest 🥶 Anime Moments Tiktok compilation PART4 (with anime and music name),Hope you enjoyed the video ❤️ Don't forget to subscribe and leave a like for daily anime tiktok compilations ...,,,1,"['Entertainment', 'memes']",27,
HUYmIAU7VWA,Top 10 Anime Rage Scenes,"Top 10 Anime Rage Scenes In this video, I have included some of the greatest rage scenes which looked very pleasing to my ...",,,1,"['Entertainment', 'memes']",27,
OnED0eTNVoA,Doctor Reacts To PAINFUL Anime Scenes,"I know there is a TON of anime out there that I didn't cover, so if there are scenes from animes you'd like me to react to please let ...",,,1,"['Entertainment', 'memes']",27,
bPNDzCtaFSI,Anime Badass Moments TikTok compilation,bueno espero les guste esta recopilación y me ayuden con un like.,,,1,"['Entertainment', 'memes']",27,
1dxJcl3KgHU,Nina & Sett - Love story - 「AMV」 - Hoshifuru Oukoku no Nina,"Anime Tittle : Hoshifuru Oukoku no Nina Genres : Fantasy, Romance Studio : Signal.MD Premiered : Winter 2024 Statue ...",,,1,"['Entertainment', 'memes']",27,
29aSK9UqsvU,Anime Edit🍷Badass Anime🗿 Moments Tiktok compilation PART 105 in [4K],"Copyright Disclaimer Under Section 107 of the Copyright Act 1976, allowance is made for ""fair use"" for purposes such as criticism, ...",,,1,"['Entertainment', 'memes']",27,
IGBhAfmZW5s,Funniest Cutest Embarrassed Anime moments 面白いアニメ恥ずかしい瞬間,Anime funny moment when cute girls being embarrassed Please like and subscribe for more interesting videos. My Outro song: ...,,,1,"['Entertainment', 'memes']",27,
KF7afXulR1c,We're Starting Off with a Double Rank Up?!...Classic Only in Japan!,"What's up guys, it's your resident strong independent asian man, royalG, and it finally begins... our classic only challenge in Japan ...",,,1,"['Entertainment', 'memes']",27,
YNlYuy3Jf5g,Gen.G vs BOOM Esports - HIGHLIGHTS | Champions Tour 2025: Pacific Stage 1,geng #bme #gengvsbme ▻Watch Live: https://www.twitch.tv/valorant_pacific © This is our original video with many high-quality ...,,,1,"['Entertainment', 'memes']",27,
k2ocKI18AXI,SUKHWINDER: THE LASSI RETURNS | VALORANT,It's been a while. Heck! It's been years. So I guess get your yearly dose of Sukhwinder in some funny Valorant Gameplay.,,,1,"['Entertainment', 'memes']",27,
gi-G-QpN7IQ,A Valorant Video BUT All of my ACEs So Far...😎,"Ayye Back again with a New Valorant Video, Where I show off all the Aces I've got so far in Valorant, whether its in competitive, ...",,,1,"['Entertainment', 'memes']",27,
pHEtT-p78Jw,VALORANT BUT YOU'RE TOP 500,"VALORANT BUT YOU'RE TOP 500 - VALORANT Perfect Aim, Pro Player Reaction Time, 1v5 Clutch Plays and Best Ultra Instinct ...",,,1,"['Entertainment', 'memes']",27,
kdxwx7dr3CA,The CALMEST Calm Aimer In Valorant..,"The CALMEST Calm Aimer In Valorant.. Make sure to leave a like, subscribe and turn on notifications so you don't miss a video!",,,1,"['Entertainment', 'memes']",27,
h7MYJghRWt0,Die For You ft. Grabbitz // Official Music Video // VALORANT Champions 2021,#VALORANT #VALORANTChampionsTour #VALORANTChampions PRODUCTION CREDITS: Grabbitz - “Die For You” Written ...,,,1,"['Entertainment', 'memes']",27,
jIYf2HcmvfM,Sentinels vs 100 Thieves - HIGHLIGHTS | Champions Tour 2025: Americas Stage 1,© This is our original video with many high-quality edits and original creative ideas. We try our best to bring you the best and most ...,,,1,"['Entertainment', 'memes']",27,
MuQiAdcDIM4,"""Climbing to diamond: The Ultimate Valorant Journey""","""Valorant Rank-Up Journey: Road to diamond"" Join me as I take on the ultimate grind in Valorant, climbing the ranks from Gold to ...",,,1,"['Entertainment', 'memes']",27,
OHzUoFKPUB0,DAWN BREAKS // Waylay Agent Trailer - VALORANT,Bend light to break your foes with Waylay – VALORANT's new Thai Duelist Agent. Available with the launch of Season 25: ACT II.,,,1,"['Entertainment', 'memes']",27,
T4wVsBw_SzQ,21 Tips Every Valorant Player Needs to Know,"Want to rank up fast in Valorant? These 21 essential tips will help you improve your gameplay instantly! I'm Konpeki, a radiant ...",,,1,"['Entertainment', 'memes']",27,
Q7Pabw5JZLQ,Neon META is BACK From the Dead!,"Hope you guys learned something from this, I know I did! Want me to help you rank up? Check out my hand crafted Duo's ...",,,1,"['Entertainment', 'memes']",27,
ZBsXvRR-HT0,SMARTEST MOMENTS IN VALORANT #205,"SMARTEST MOMENTS IN VALORANT #205... 200 IQ Outplays, Big Brain Tricks, Creative Ability Usage and Smart Plays on PC, ...",,,1,"['Entertainment', 'memes']",27,
hndSKcE1CKg,Playing Waylay with No Fear in APAC Ranked...,getting kind of bored of waylay... might go back to jett after I hit immortal and try for apac radiant... hope you guys enjoy the video ...,,,1,"['Entertainment', 'memes']",27,
ukhcyHb5kHA,Dawn of the Duelist // VALORANT Masters Bangkok Cinematic,"In the heart of Thailand, where pros turn into masters, this is the Dawn of the Duelist. The top 8 teams from around the world will ...",,,1,"['Entertainment', 'memes']",27,
DibZ3Vhrze4,Professional Immortal Booster #16 (VALORANT),Professional Immortal Booster #16 (VALORANT) Like & Subscribe business inquiries: furkanguzel030@gmail.com Instagram: ...,,,1,"['Entertainment', 'memes']",27,
ocsLJ_PNVuE,SMARTEST MOMENTS IN VALORANT #204,"SMARTEST MOMENTS IN VALORANT #204... 200 IQ Outplays, Big Brain Tricks, Creative Ability Usage and Smart Plays on PC, ...",,,1,"['Entertainment', 'memes']",27,
IBBB4h1ctOc,CLOSED MOUTH to 3 TOP RADIANTS 🏆 Horcus Valorant,Twitch: https://www.twitch.tv/Horcus Twitter: https://twitter.com/Horcus Instagram: https://www.instagram.com/Horcus Tik Tok ...,,,1,"['Entertainment', 'memes']",27,
sxrSfF3Gh4Q,I Tried Valorant (as a brand new player),"Valorant has been out for awhile, so how is it for completely new players? For a whole week I attempted trying to play",,,1,"['Entertainment', 'memes']",27,
CL72bEpYZDQ,Harsh Ko Chhod Ke Hum Dinner Ke Liye Chale Gaye | Bharti Singh | Haarsh Limbachiyaa | Golla,Dekhiye Hamara Fresh New Content Only On Bharti TV* ⬇ ▶️ Haarsh Limbachiyaa's New Channel : ‪@haarshlimbaachiyaX‬ ...,,,1,"['Entertainment', 'memes']",27,
eqia-VHffyM,VALORANT But Only LEGENDARY 1v5's,"VALORANT But Only LEGENDARY 1v5's - Best 1v5 Comebacks, Pro Player Aces, Solo Clutch Moments and 200 IQ Plays in a ...",,,1,"['Entertainment', 'memes']",27,
gutnorLEdnM,Valorant Tips And Tricks Sent By You - Part 78,Vlogs: https://www.youtube.com/c/Emardo2 - Discord: https://discord.gg/mrlowlander ➕ - 0;P;c;1;h;0;f;0;0l;5;0o;2;0a;1;0f;0;1b;0 ...,,,1,"['Entertainment', 'memes']",27,
e3GasPiFYic,How I would learn Valorant if I started over,In this video I explain how I would learn VALORANT again if I were to start over from scratch! ✍️Apply for the Immortal Roadmap ...,,,1,"['Entertainment', 'memes']",27,
3fTlcH69hLE,TLN vs. TS - VCT Pacific - Stage 1 - Group Stage - Day 2,TLN vs. TS - VCT Pacific - Stage 1 - Group Stage - Day 2 MATCH 1 : DRX vs. PRX MATCH 2 : TLN vs TS.,,,1,"['Entertainment', 'memes']",27,
fKyHdXpp4yU,FUNNIEST MOMENTS IN VALORANT #237,"FUNNIEST MOMENTS IN VALORANT #237... #funny #Fails , Iron Plays and Best Voice Chat Moments on PS5, Xbox, and Mobile ...",,,1,"['Entertainment', 'memes']",27,
sFgK0DRUFU4,Jo nai nacha uski shandi I DXE CaspeR Valorant I !insta #valorant,E-Sports Valorant Athlete and Content creator : CaspeR (Neha Sottany) You Can Follow Me On My Socials Insta: / casperminek ...,,,1,"['Entertainment', 'memes']",27,
efBjzpcEpLA,Professional Immortal Booster #15 (VALORANT),Professional Immortal Booster #15 (VALORANT Speedrun) Like & Subscribe business inquiries: furkanguzel030@gmail.com ...,,,1,"['Entertainment', 'memes']",27,
dXYllcjtR-o,VALORANT Masters Bangkok - Playoffs - Day 1,"From February 20th to March 2nd, Masters Bangkok will bring together the world's best VALORANT players for an epic showdown ...",,,1,"['Entertainment', 'memes']",27,
CdZN8PI3MqM,Ticking Away ft. Grabbitz & bbno$ (Official Music Video) // VALORANT Champions 2023 Anthem,"A story we all know too well. Of growing up, growing apart, and staying together across the many One More's of life, love, and ...",,,1,"['Entertainment', 'memes']",27,
IGueZcZNk5k,SMARTEST MOMENTS IN VALORANT #183,"SMARTEST MOMENTS IN VALORANT #183... 200 IQ Outplays, Big Brain Tricks, Creative Ability Usage and Smart Plays on PC, ...",,,1,"['Entertainment', 'memes']",27,
BqjWJTzkdUc,SMARTEST MOMENTS IN VALORANT #206,"SMARTEST MOMENTS IN VALORANT #206... 200 IQ Outplays, Big Brain Tricks, Creative Ability Usage and Smart Plays on PC, ...",,,1,"['Entertainment', 'memes']",27,
OHzUoFKPUB0,DAWN BREAKS // Waylay Agent Trailer - VALORANT,Bend light to break your foes with Waylay – VALORANT's new Thai Duelist Agent. Available with the launch of Season 25: ACT II.,,,1,"['Entertainment', 'memes']",27,
VuwbeSq6dGY,THE ANNUAL 100 THIEVES A$$ WHOOPING,Whenever we play 100 Thieves it's always a good time... Check out Starforge Systems PCs here!,,,1,"['Entertainment', 'memes']",27,
sz4V2c9843o,Waylay All Abilities Explained | VALORANT New Agent,"Waylay is VALORANT's newest duelist agent, and in this video I go over all 4 of her abilities, and explain what they do!",,,1,"['Entertainment', 'memes']",27,
z8r53S4nYTw,TenZ TESTS & REACTS TO *NEW* BROKEN DUELIST WAYLAY !!!!,TenZ got to exclusively try the Valorant new agent and duelist from Bangkok during the VCT! Don't forget to like and leave a ...,,,1,"['Entertainment', 'memes']",27,
wN0CPDn0ktw,The BIGGEST UPSET in VALORANT History...,▻BUSINESS: teetstvbusiness@gmail.com 00:00 Intro 00:36 Round 0-0 - Come Out of the Closet 03:38 Round 2-3 - Open the ...,,,1,"['Entertainment', 'memes']",27,
X18DjnBNZI0,50 INCREDIBLY LUCKY PLAYS IN VALORANT,"50 INCREDIBLY LUCKY PLAYS IN VALORANT - The Most Calculated VALORANT Plays, 200 IQ Tricks, 1 HP Outplays, Best ...",,,1,"['Entertainment', 'memes']",27,
BdJYcCwYOaY,SEN vs. 100T - VCT Americas Stage 1 - Week 1 Day 3,"VCT Americas keeps moving forward, and so do the teams chasing their dreams of reaching VALORANT Champions Paris.",,,1,"['Entertainment', 'memes']",27,
_i6vRMWQU1o,Can 5 Gamers Beat 2 Valorant Pros?,#ludwig #tarik #valorant.,,,1,"['Entertainment', 'memes']",27,
GlG4_AUm6hk,Tejo is DESTROYING the Way VALORANT is Played...,▻BUSINESS: teetstvbusiness@gmail.com Edited by One and Only🗣️ : IG: https://www.instagram.com/breexyno/ X: ...,,,1,"['Entertainment', 'memes']",27,
8SMfP0mdi0Q,50 Times Valorant Players Won The IMPOSSIBLE 1v5...,"50 Times Valorant Players Won The IMPOSSIBLE 1v5... - Best 1v5 Comebacks, Pro Player Aces, Solo Clutch Moments and 200 ...",,,1,"['Entertainment', 'memes']",27,
JamN-6ZC8o0,How nAts SMURFED on SENTINELS!,"Hope you guys learned something from this, I know I did! Become a Brain Bud today and gain access to my library of hand-crafted ...",,,1,"['Entertainment', 'memes']",27,
#NAME?,FUNNIEST MOMENTS IN VALORANT #236,"FUNNIEST MOMENTS IN VALORANT #236... #funny #Fails , Iron Plays and Best Voice Chat Moments on PS5, Xbox, and Mobile ...",,,1,"['Entertainment', 'memes']",27,
BcmWO2hTsSI,The Most Perfect Game of Valorant You Will Ever Watch,Tarik ends up playing one of the most perfect games in his Valorant ranked career. Watch to see how tarik destroys his enemies in ...,,,1,"['Entertainment', 'memes']",27,
gD-eWgfYC4s,VALORANT But You've MASTERED Yoru,"VALORANT But You've MASTERED Yoru - 200 IQ Yoru Plays, Teleport Spots, Big Brain Baits, Tips and Tricks and Creative ...",,,1,"['Entertainment', 'memes']",27,
2JC_R-JBYQI,Aimers: 49,#valorant #dacoit #aimers.,,,1,"['Entertainment', 'memes']",27,
5SxXADDoaNw,"5 Platinum VS 5 Immortal, but Immortal AFK for 12 Rounds!",Play Like a PRO with TapinGG - Connect with the Best & Learn today! https://share.tapin.gg/CURIOSGG ✔️ 25% OFF your ...,,,1,"['Entertainment', 'memes']",27,
7hLhwsfG_rU,"MILLI, VALORANT - ONE PUNCH (Official Lyric Video)","WARNING: CONTAINS STROBING LIGHT ⚠️ ** MILLI, VALORANT - ONE PUNCH (Official Lyric Video) MILLI x VALORANT ...",,,1,"['Entertainment', 'memes']",27,
B_FvSXn0Gqo,Valorant's Fakest Personality,"WestJett goes over SEN PR Tarik, The most soulless valorant creator. Over the whole Zellsis Situation drama, Shadow of his ...",,,1,"['Entertainment', 'memes']",27,
iYFh_XAXSPk,GREATER THAN ONE // Gekko Agent Trailer - VALORANT,"Why settle for one, when you can have five? Meet Dizzy, Wingman, Thrash, and Mosh—a crew of calamitous creatures headed up ...",,,1,"['Entertainment', 'memes']",27,
dzEy1O_GCuY,50 Times Valorant Players Clutched an IMPOSSIBLE 1v5,"50 Times Valorant Players Clutched an EPIC 1v5 - Best 1v5 Comebacks, Pro Player Aces, Solo Clutch Moments and 200 IQ Plays ...",,,1,"['Entertainment', 'memes']",27,
XQgnfJ_qtwQ,VALORANT has a Huge Problem...,Business email: flexinja96@gmail.com. My Most Used Crosshairs 1. the tony - 0;c;1;s;1;P;o;1;d;1;z;1;f;0;0t;1;0l;1;0o;0;0a;1;0f;0;1b ...,,,1,"['Entertainment', 'memes']",27,
1w-yZgfxGvs,When WAYLAY Mains Get Creative...,"When WAYLAY Mains Get Creative... - Best Tricks & 200 IQ Outplays - VALORANT - REFRACT, LIGHT SPEED, SATURATE and ...",,,1,"['Entertainment', 'memes']",27,
vBI7AgQvDhA,200 IQ Tricks and Baits in VALORANT,"200 IQ Tricks and Baits in VALORANT - 200 IQ Outplays, Big Brain Tricks, Creative Ability Usage and Smart Plays in a Valorant ...",,,1,"['Entertainment', 'memes']",27,
qdcqttUbvDo,"i found the ""happiest"" valorant player","sigh anyone have a mic? its me, the raze. yeah, its been a rough day. i've played 32 games and lost 21 of them. i was one game ...",,,1,"['Entertainment', 'memes']",27,
r921kHDXMxw,70% HS in RADIANT,"If you want to become the best and get coached in valorant, join my server discord.gg/haeyoday sens: 0.34 3200 DPI Socials: ...",,,1,"['Entertainment', 'memes']",27,
b6uhZYGOuUM,How I dropped 50 kills as Omen in Valorant,STREAMING EVERYDAY AT TWITCH COME HANGOUT !!!! Twitch: https://www.twitch.tv/flexinja ⭐Socials Twitter: ...,,,1,"['Entertainment', 'memes']",27,
q2eLOupmraQ,RECKONING // Episode 8 Cinematic - VALORANT,The truth... won't stay hidden forever. Bring the fight and make them know your name in Episode 8: DEFIANCE. Made in ...,,,1,"['Entertainment', 'memes']",27,
ms-Z02YY6Ak,Valorant needs to fix this immediately...,STREAMING EVERYDAY AT TWITCH COME HANGOUT !!!! Twitch: https://www.twitch.tv/flexinja ⭐Socials Twitter: ...,,,1,"['Entertainment', 'memes']",27,
yUo4ULfqcpU,50 times Valorant pros clutched an unwinnable 1v5,"50 times Valorant pros clutched an unwinnable 1v5 - Perfect Aim, Pro Player Reaction Time, 1v5 Clutch Plays, VCT and Best Ultra ...",,,1,"['Entertainment', 'memes']",27,
pQGdjZbkyrY,VALORANT Masters Bangkok - Playoffs - Day 2,"From February 20th to March 2nd, Masters Bangkok will bring together the world's best VALORANT players for an epic showdown ...",,,1,"['Entertainment', 'memes']",27,
ukhcyHb5kHA,Dawn of the Duelist // VALORANT Masters Bangkok Cinematic,"In the heart of Thailand, where pros turn into masters, this is the Dawn of the Duelist. The top 8 teams from around the world will ...",,,1,"['Entertainment', 'memes']",27,
1_3FU5Oznl8,SMARTEST MOMENTS IN VALORANT #197,"SMARTEST MOMENTS IN VALORANT #197... 200 IQ Outplays, Big Brain Tricks, Creative Ability Usage and Smart Plays on PC, ...",,,1,"['Entertainment', 'memes']",27,
X0_R1e-HSvA,Iron to Radiant Speedrun (VALORANT WORLD RECORD),"Iron to Radiant, Valorant World Record. In this video, I take an iron account to radiant in 74 hours of playtime. All Valorant ...",,,1,"['Entertainment', 'memes']",27,
2GYFXj9CVjs,SMARTEST MOMENTS IN VALORANT #191,"SMARTEST MOMENTS IN VALORANT #191... 200 IQ Outplays, Big Brain Tricks, Creative Ability Usage and Smart Plays on PC, ...",,,1,"['Entertainment', 'memes']",27,
FNqfTaSDb1Y,ASPAS BREAKS THE WORLD RECORD OF KILLS WITH WAYLAY,📱 Redes Sociais: https://konect.gg/aspas Clica em mostrar mais pra ver a descrição ↓ 🐦Twitter: https://twitter.com/aspaszin ...,,,1,"['Entertainment', 'memes']",27,
TP8RF0zBVuE,7 Things Everyone Gets Wrong About Valorant,"In this video, I go over 7 myths everyone gets wrong about Valorant. These myths can lead to issues and mistakes that, if avoided, ...",,,1,"['Entertainment', 'memes']",27,
m3ONrCgQDR0,THE POWER OF WAYLAY - Best Tricks & 200 IQ Outplays - VALORANT,"THE POWER OF WAYLAY - Best Tricks & 200 IQ Outplays - VALORANT - REFRACT, LIGHT SPEED, SATURATE and ...",,,1,"['Entertainment', 'memes']",27,
hLmPero-cvU,$1 vs $1000 Valorant Coach!,What can you get from a $1 Valorant Coach? What about $1000? Well I experienced coaching from Fiverr freelancers to pro ...,,,1,"['Entertainment', 'memes']",27,
uzba_LiDtYQ,I Accidentally Entered PLAT Lobby in EU... | TenZ,Is plat actually harder than radiant ranked? What do you guys think? [Partnerships] - My go-to gaming chair - the Secretlab TITAN ...,,,1,"['Entertainment', 'memes']",27,
qQowyxDpFXY,Valorant HATES its Community,"In this video, I talk about the way Riot completely disregards the wishes of its playerbase and the Night Market Scam. Some of the ...",,,1,"['Entertainment', 'memes']",27,
denzdZV9Ngg,5 Steps to Finally Fix Your Aim,Every valorant player struggles with their aim or their consistency. That's why in this valorant guide I'll go over 5 steps to finally fix ...,,,1,"['Entertainment', 'memes']",27,
joBdydXswTQ,1v1 vs EVERY RANK in Valorant (Iron to Radiant),Today I 1v1ed every rank in valorant from Iron all the way to Radiant to test my skill against the best of the best. Can I beat ...,,,1,"['Entertainment', 'memes']",27,
faQXuaqJ6FI,RANK #1 Chamber Main,RANK #1 Chamber Main Live daily on: https://twitch.tv/fyr:vl Check out All my Socials: https://xxo.lol/fyr Chamber is my go-to agent ...,,,1,"['Entertainment', 'memes']",27,
4iid6UFOwKA,OUTPLAYING Streamers With STYLE,welcome to the fourth opiumomen youtube video :) I tried something different with this one so let me know if you enjoy it! I'm open ...,,,1,"['Entertainment', 'memes']",27,
1_3FU5Oznl8,SMARTEST MOMENTS IN VALORANT #197,"SMARTEST MOMENTS IN VALORANT #197... 200 IQ Outplays, Big Brain Tricks, Creative Ability Usage and Smart Plays on PC, ...",,,1,"['Entertainment', 'memes']",27,
ukhcyHb5kHA,Dawn of the Duelist // VALORANT Masters Bangkok Cinematic,"In the heart of Thailand, where pros turn into masters, this is the Dawn of the Duelist. The top 8 teams from around the world will ...",,,1,"['Entertainment', 'memes']",27,
08D3bK_V03A,Valorant's CONSOLE RADIANTS are BETTER than PC?? (Spectating the TOP Players),"Sensitivity: 500 DPI, 0.82 in-game. ❌Crosshair: Dot - 0;P;c;5;o;0.902;d;1;0l;1;0o;1;0a;0;0f;0;1b;0 | Standard - 0;P;o;0.751;0l;4;0a ...",,,1,"['Entertainment', 'memes']",27,
XfuMEmcz3k0,REVELATION // Episode 6 Cinematic - VALORANT,"From darkness, revelation. Uncover the wonders of a forgotten world in Episode 6: REVELATION. Kicking off Jan 10, 2023.",,,1,"['Entertainment', 'memes']",27,
mdVGu6Cxtj0,Clove Official Gameplay Reveal // VALORANT,"We've got all the time in the world. Make a bit of mischief with the ultimate comeback kid, Clove: landing in VALORANT during ...",,,1,"['Entertainment', 'memes']",27,
yGtUE1FUhXs,Can 2 CONSOLE Radiants BEAT 5 Silvers??? Valorant,1400 LIKES TO HELP THE BOI LUNLY - https://www.twitch.tv/lunlyalex KRYTZ - https://www.twitch.tv/itzkrytz Be sure to follow the ...,,,1,"['Entertainment', 'memes']",27,
r921kHDXMxw,70% HS in RADIANT,"If you want to become the best and get coached in valorant, join my server discord.gg/haeyoday sens: 0.34 3200 DPI Socials: ...",,,1,"['Entertainment', 'memes']",27,
cDaQs47OpWM,Impressing Streamers With Cypher Setups,#valorant #cypher #Waylay.,,,1,"['Entertainment', 'memes']",27,
QJzablkW_ig,"it's official, i'm better…",Don't forget to ring the Bell so you never miss a video! Grim is Valorant's #1 Radiant Sage player. He is known for gameplay ...,,,1,"['Entertainment', 'memes']",27,
J0oEHBV6kPE,VALORANT - The Beginner's Experience 🤓,Finally its time to show you guys the clips I wanted to show you for so long. These are the clips of the time when I started playing ...,,,1,"['Entertainment', 'memes']",27,
dX7EcutsThc,SEN VS 100T - VCT Americas - #VCTWatchParty,#TenZ #Valorant #Sentinels.,,,1,"['Entertainment', 'memes']",27,
RwdUqmEaHx4,The World's First SUCCESSFUL Fake Yoru Clone...,"Hope you guys learned something from this, I know I did! Want me to help you rank up? Check out my hand crafted Duo's ...",,,1,"['Entertainment', 'memes']",27,
0zBaTKdfPrk,VALORANT Streamers and pros react to GenG shocking loss to BOOM Esports,Credits to - https://www.twitch.tv/sliggytv https://www.twitch.tv/shanks_ttv https://www.twitch.tv/spicyuuu ...,,,1,"['Entertainment', 'memes']",27,
zoHWNG0KxHw,I Became a Pro Gamer in 7 Days,"I became a Pro Valorant gamer in 7 days. Well, not really, that's really hard, but I went through my own trials and tribulations and ...",,,1,"['Entertainment', 'memes']",27,
h9gcQLm_hug,My Friends Take A Cursed Valorant Quiz 3,I made my friends play a Valorant quiz where I show them clips that are CURSED and make them guess what happens next. there ...,,,1,"['Entertainment', 'memes']",27,
3FEnZzfEALY,Tejo to Radiant Speedrun (VALORANT),"Tejo to Radiant, Valorant Speedrun. In this video, I take an unranked account to radiant playing Tejo Solo queue. All Valorant ...",,,1,"['Entertainment', 'memes']",27,
M-L0kYjzn8M,When RADIANT Streamers Meet a TOP 0.1% YORU,When streamers meet a top 0.1% Yoru main in Valorant. Songs: Last Dinosaurs - Evie Last Dinosaurs - Keys To Your Civic ...,,,1,"['Entertainment', 'memes']",27,
mvkmCR8aQhQ,FUNNIEST MOMENTS IN VALORANT #235,"FUNNIEST MOMENTS IN VALORANT #235... #funny #Fails , Iron Plays and Best Voice Chat Moments on PS5, Xbox, and Mobile ...",,,1,"['Entertainment', 'memes']",27,
DX4BE9GmpH4,SUPERPOWER ft. KISS OF LIFE and Mark Tuan (Official Music Video) // VALORANT Champions 2024 Anthem,"The official anthem and music video for Champions 2024 “SUPERPOWER” by VALORANT, featuring Julie & Natty of KISS OF ...",,,1,"['Entertainment', 'memes']",27,
RGFVR2AOGpk,"VALORANT, But You're SNEAKY","VALORANT, But You're SNEAKY - VALORANT Best #Sneaky Plays, Knife Kills, #200 IQ Ninja Defuses and Big Brain Stealth ...",,,1,"['Entertainment', 'memes']",27,
E3v3z3FCfdE,I Attempted the Valorant Ranked Nuzlocke,Today I'm attempting the hardest challenge I've ever done. The Valorant Ranked Nuzlocke. I'll start with all the agents unlocked.,,,1,"['Entertainment', 'memes']",27,
K04_o_zafwQ,G2 vs. T1 - VALORANT Masters Bangkok - Grand Final,"From February 20th to March 2nd, Masters Bangkok will bring together the world's best VALORANT players for an epic showdown ...",,,1,"['Entertainment', 'memes']",27,
Z7gW17Rt90E,"Iron kid gets bullied, Radiant big brother steps in",*Understanding comms & bottom right text* // This goes for all of our videos. You will notice the bottom right either has text or an ...,,,1,"['Entertainment', 'memes']",27,
4L9nx-vcO6U,5 Positional Mistakes You're Making Every Round,Struggling to climb in Valorant? You might be making these 5 crucial positional mistakes every round! In this Valorant coaching ...,,,1,"['Entertainment', 'memes']",27,
Y-lMgbQt8sE,Jett to Radiant Speedrun (VALORANT),"Jett to Radiant, Valorant Speedrun. In this video, I take an unranked account to radiant top 200 only playing Jett Solo queue.",,,1,"['Entertainment', 'memes']",27,
QL0LUaxWUOI,2 WORLDS // Clove Agent Trailer - VALORANT,Make some mischief from beyond the grave with Scottish troublemaker Clove: the young immortal that keeps foes guessing in ...,,,1,"['Entertainment', 'memes']",27,
DhsbZWXTbH8,"MILLI, VALORANT - ONE PUNCH",LYRICS Lemme get that PUNCH Lemme get that PUNCH Let you feel a PUNCH Lemme get that PUNCH 1 2 Hook ตรง Slip ตรง ...,,,1,"['Entertainment', 'memes']",27,
nijT_gUqUmA,Valorant Tips And Tricks Sent By You - Part 77,------------------------------------------------------------- VERTICAL SHORTS: ...,,,1,"['Entertainment', 'memes']",27,
#NAME?,VALORANT Masters Bangkok - Swiss Stage - Day 1,"From February 20th to March 2nd, Masters Bangkok will bring together the world's best VALORANT players for an epic showdown ...",,,1,"['Entertainment', 'memes']",27,
upuggwwvapM,21 Things I Wish I Knew Sooner in Valorant,"Timestamps: 0:00 Intro 0:12 1) Have a light mouse grip 1:05 2) It doesn't matter how you win, as long as you win 1:48 3) ...",,,1,"['Entertainment', 'memes']",27,
kyzdKQabm9Q,Evil Geniuses vs 2Game Esports - HIGHLIGHTS | Champions Tour 2025: Americas Stage 1,© This is our original video with many high-quality edits and original creative ideas. We try our best to bring you the best and most ...,,,1,"['Entertainment', 'memes']",27,
_oxekHYyJLc,INSANE GRAND FINAL! G2 vs T1 - HIGHLIGHTS | Champions Tour 2025: Masters Bangkok,G2 #t1 #G2vst1 ▻Watch Live: https://www.twitch.tv/valorant © This is our original video with many high-quality edits and original ...,,,1,"['Entertainment', 'memes']",27,
Kxo5V0Q1xJQ,Sheriff Only Radiant VS 3 of Every Rank! - FT RoyalG,*Understanding comms & bottom right text* // This goes for all of our videos. You will notice the bottom right either has text or an ...,,,1,"['Entertainment', 'memes']",27,
3h0ilgEHWOA,ODETARI & VALORANT - RUN! (feat. Lay Bankz) [Official Audio],ODETARI & VALORANT - RUN! (feat. Lay Bankz) [Official Audio] Stream/Download: https://odetari.lnk.to/RUN Subscribe for more ...,,,1,"['Entertainment', 'memes']",27,
bNzcejLn4eU,RUN! // VALORANT + ODETARI FEAT. LAY BANKZ - Official Audio,Run it back. ARTIST: VALORANT + ODETARI FEAT. LAY BANKZ TRACK: RUN! LISTEN NOW: https://valorant.lnk.to/RUN ...,,,1,"['Entertainment', 'memes']",27,
fzIuh6bPXHk,NEW ISO IS COMPLETELY BROKEN !!!! | TENZ,LIKE and SUBSCRIBE for more Valorant! Follow my Socials https://www.twitter.com/TenZOfficial ...,,,1,"['Entertainment', 'memes']",27,
O3jPdohuzqc,"Valorant But If You TOUCH THE FLOOR, YOU DIE... (this was INSANE)","Sensitivity: 500 DPI, 0.82 in-game. ❌Crosshair: Dot - 0;P;c;5;o;0.902;d;1;0l;1;0o;1;0a;0;0f;0;1b;0 | Standard - 0;P;o;0.751;0l;4;0a ...",,,1,"['Entertainment', 'memes']",27,
7LeyqSxbqHA,3 Valorant Pro Players VS 5 Ascendants! - Who Wins?,*Understanding comms & bottom right text* // This goes for all of our videos. You will notice the bottom right either has text or an ...,,,1,"['Entertainment', 'memes']",27,
e7cuorjH__o,I Tested 23 Popular Valorant TikTok Tricks! - (Do they work?),Valorant: I Tested 23 Popular Valorant TikTok Tricks! - (Do they work?) SOURCES: https://www.youtube.com/shorts/uqIEuolceNg ...,,,1,"['Entertainment', 'memes']",27,
BJNltcItU4k,"Valorant, but a Higher Rank gets added Every Round! (INTENSE GAME)",*Understanding comms & bottom right text* // This goes for all of our videos. You will notice the bottom right either has text or an ...,,,1,"['Entertainment', 'memes']",27,
jRQ6y_hfOhA,TenZ Exclusively Tested *NEW* VCT Karambit in Valorant,Got the chance to take a first look at the new VCT karambit & gun bundies! What do you think of it? [Partnerships] - My go-to ...,,,1,"['Entertainment', 'memes']",27,
5h6X_bbtUcQ,i'll be the best iso in valorant,#VALORANT #Demon1.,,,1,"['Entertainment', 'memes']",27,
B61m70TobWA,Professional Immortal Booster #10 (VALORANT),Professional Immortal Booster #10 (VALORANT Speedrun) Like & Subscribe business inquiries: furkanguzel030@gmail.com ...,,,1,"['Entertainment', 'memes']",27,
axj8naGjk4Y,THIS VALORANT 5 STACK IS NOT FAIR,"Tarik queues Valorant with valkyrae, tinakitten, miyoung and fuslie but on his main account. Watch to see if tarik and friends be ...",,,1,"['Entertainment', 'memes']",27,
QZbSJhavSe4,The Art of ScreaM,10 minutes of ScreaM One Taps on Valorant ! ▷ Subscribe for more Valorant ▽ Follow me • Twitch: https://www.twitch.tv/ScreaM ...,,,1,"['Entertainment', 'memes']",27,
OnGbs4SRi1Y,EDG vs. T1 - VALORANT Masters Bangkok - Lower Final,"From February 20th to March 2nd, Masters Bangkok will bring together the world's best VALORANT players for an epic showdown ...",,,1,"['Entertainment', 'memes']",27,
Hwygyy6cnVg,World’s Best Yoru Masters Waylay,Get Connected: Twitch: https://bit.ly/EggsterrTV TikTok: https://www.tiktok.com/@eggsterr Twitter: https://x.com/Eggsterr Discord: ...,,,1,"['Entertainment', 'memes']",27,
6kqhRbg2fCM,15 Minutes Of IMPOSSIBLE Valorant Hospital Flicks,"""Get ready for 15 minutes of absolutely insane hospital flicks in Valorant! These impossible shots and lightning-fast reactions will ...",,,1,"['Entertainment', 'memes']",27,
jH1JR5lZybQ,Everything About The Valorant Ranked System,TIMESTAMPS⏱️ 0:00 Intro 0:38 Ranked basics (MMR) 2:11 How to get more MMR 2:44 Things that impact RR gain/loss 3:29 ...,,,1,"['Entertainment', 'memes']",27,
8OgcHAv6Jvk,MYTHS // Iso Agent Trailer - VALORANT,"Storytime's over. Iso, VALORANT's newest Duelist Agent from China, joins us in Episode 7: Act III. Witness him in action with his ...",,,1,"['Entertainment', 'memes']",27,
1TvRl2G4_l4,Extreme RANKED Hide & Seek In Valorant!,Extreme RANKED Hide & Seek In Valorant! Today we played ranked hide and seek in valorant and it was extreme so if you enjoy ...,,,1,"['Entertainment', 'memes']",27,
Cp-ZpqbD4hY,Team Secret vs TALON - HIGHLIGHTS | Champions Tour 2025: Pacific Stage 1,© This is our original video with many high-quality edits and original creative ideas. We try our best to bring you the best and most ...,,,1,"['Entertainment', 'memes']",27,
Iyd2VUcoTBY,INITIATE.V25 // Season 2025 Cinematic Kickoff Trailer,"Ready the squad as we kick off Season 2025: a year of new Agents, new locations, new stories, and plenty of new ways to flex.",,,1,"['Entertainment', 'memes']",27,
VpknS5UHUSc,WAYLAY SPEEDRUN,thumbs up for DOUBLE DASH twitch ↠ https://twitch.tv/Keeoh keeoh+ ...,,,1,"['Entertainment', 'memes']",27,
7DU73i5XSGA,MIBR vs. LEV - VCT Americas Stage 1 - Week 1 Day 2,"VCT Americas keeps moving forward, and so do the teams chasing their dreams of reaching VALORANT Champions Paris.",,,1,"['Entertainment', 'memes']",27,
HAtXAwUEWXU,"5 Gold VS 5 Radiant, but Radiants AFK for 12 Rounds!",*Understanding comms & bottom right text* // This goes for all of our videos. You will notice the bottom right either has text or an ...,,,1,"['Entertainment', 'memes']",27,
tsjClOSW-xc,VALORANT Masters Bangkok - Swiss Stage - Day 3,"From February 20th to March 2nd, Masters Bangkok will bring together the world's best VALORANT players for an epic showdown ...",,,1,"['Entertainment', 'memes']",27,
rZ2HvwzWQZg,pov: immortal eloyu lineup ile zorbalıyorsun | VALORANT,Herkese selam yeni bir Brimstone içeriği ile karşınızdayım. Video hoşunuza gittiyse ne yapacağınızı biliyorsunuz!!! BEĞEN VE ...,,,1,"['Entertainment', 'memes']",27,
m-Fv4NL-xLg,"I put a Pro Radiant in a Gold lobby, Do they notice?",*Understanding comms & bottom right text* // This goes for all of our videos. You will notice the bottom right either has text or an ...,,,1,"['Entertainment', 'memes']",27,
pI5XqBUXZjw,NS vs. RRQ - VCT Pacific - Stage 1 - Group Stage - Day 3,VCT Pacific - Stage 1 - Group Stage - Day 3 MATCH 1 : GEN vs. BME MATCH 2 : NS vs RRQ.,,,1,"['Entertainment', 'memes']",27,
2V7JfXvfYKc,The Toxic and Delusional side of Valorant Ranked,Business email: flexinja96@gmail.com #flexinja #valorant #highlights.,,,1,"['Entertainment', 'memes']",27,
yaGMnoGfxFs,VALORANT But Abilities are UNFAIR…,"VALORANT But Abilities are UNFAIR… - 200 IQ Combos, Pro Teamwork Plays, Creative Ability Tricks and Wombo Combo ...",,,1,"['Entertainment', 'memes']",27,
kht-ZLcsaaw,Valorant Streamers Reacts To EG Yay Insane ACE Against 2G In VCT,Credits : twitch.tv/tarik ➡️ Credits : twitch.tv/marved6 ➡️ Credits : twitch.tv/Sliggytv ➡️ Credits : twitch.tv/Sacy ➡️ Credits ...,,,1,"['Entertainment', 'memes']",27,
0ZB1ec5yJK8,VALORANT MASTER BANGKOK 2025 - GRAND FINALS - NGÀY 9,"Sau khi phục thù thành công trước EDward Gaming (EDG) với chiến thắng thuyết phục 3-1 tại chung kết nhánh thua, T1 đã chính ...",,,1,"['Entertainment', 'memes']",27,
qzyH3sp3lTI,Professional Immortal Booster #9 (VALORANT),Professional Immortal Booster #9 (VALORANT Speedrun) Like & Subscribe business inquiries: furkanguzel030@gmail.com ...,,,1,"['Entertainment', 'memes']",27,
va34Va0m1Ds,"Valorant's *NEW* IRON WORLD CUP - AMERICA vs EUROPE, Who Wins??","Sensitivity: 500 DPI, 0.82 in-game. ❌Crosshair: Dot - 0;P;c;5;o;0.902;d;1;0l;1;0o;1;0a;0;0f;0;1b;0 | Standard - 0;P;o;0.751;0l;4;0a ...",,,1,"['Entertainment', 'memes']",27,
S3tiNVnDVBM,I Played Valorant Ranked Until I Hit Immortal (or until i quit),Today I am playing Valorant ranked until I hit Immortal. Can I hit Immortal before the video ends or will I give up during the middle ...,,,1,"['Entertainment', 'memes']",27,
wCXm5Sp2puI,Tarik Reacts to Leviatan vs MIBR | WEEK 1 | VCT 2025: Americas Stage 1,Watch along with tarik to see which team will win their first game of VCT Americas 2025 Stage 1 between Leviatan and MIBR!,,,1,"['Entertainment', 'memes']",27,
O3jPdohuzqc,"Valorant But If You TOUCH THE FLOOR, YOU DIE... (this was INSANE)","Sensitivity: 500 DPI, 0.82 in-game. ❌Crosshair: Dot - 0;P;c;5;o;0.902;d;1;0l;1;0o;1;0a;0;0f;0;1b;0 | Standard - 0;P;o;0.751;0l;4;0a ...",,,1,"['Entertainment', 'memes']",27,
Qj62P06u5WE,valorant moments that will make you facepalm,i chose this video title The Triple T's Twitch: https://www.twitch.tv/al1valo Twitter: https://twitter.com/al1valo TikTok: ...,,,1,"['Entertainment', 'memes']",27,
BEyB5Fo9BEU,🔴 PRX vs DRX | EG vs 2G |Sen vs 100T - VCT Pacific VOD then VCT Americas #VCTWatchParty,Also live at twitch.tv/sideshow.,,,1,"['Entertainment', 'memes']",27,
nXN-6-6bNSs,I Made Immortals Pretend to be Iron,In this Valorant video I pranked 5 immortals by making them think they were on a team with irons and they had to pretend to be ...,,,1,"['Entertainment', 'memes']",27,
iDBPLD3a8us,Top 17 Plays Of VALORANT Champions Tour 2024,"These pros cooked so you could feast! It's time to look back on the best of the best from this year. Sit back, relax, and enjoy the top ...",,,1,"['Entertainment', 'memes']",27,
6-QoK3ms38U,Is this the END of Valorant Speedrunning? (#4),thumbs up for THE END? twitch ↠ https://twitch.tv/Keeoh keeoh+ ...,,,1,"['Entertainment', 'memes']",27,
paXOFTp3Hx0,EDG vs. TH - VALORANT Champions Seoul - Grand Final,"The biggest event of the 2024 VALORANT Champions Tour is coming to Seoul, South Korea! This is the moment where ...",,,1,"['Entertainment', 'memes']",27,
FUoqAn5T4h4,L’Accord - Chamber Agent Trailer // VALORANT,Questions answered. Futures revealed. Bienvenue au maître du jeu. New Sentinel Agent joining VALORANT in REFLECTION: Act ...,,,1,"['Entertainment', 'memes']",27,
kvll8i_X9c8,CARREO a VIZZ a TOP RADIANT de VALORANT | Sirmaza,"(configuración de valorant, consejos en valorant , guías en valorant , trucos para valorant , tips en valorant, rutinas para valorant, ...",,,1,"['Entertainment', 'memes']",27,
9QHgeQRDWBo,My Team thought I was a Kaemi Wannabe...,"Tired of playing alone? Try Gankster through my link and use code ""KAEMI15"" for 15% off your subscription - https://gnk.gg/kaemi ...",,,1,"['Entertainment', 'memes']",27,
S3NJwtk32RE,T1 vs. ZETA - VCT Pacific - Stage 1 - Group Stage - Day 1,VCT Pacific - Stage 1 - Group Stage - Day 1 MATCH 1 : DFM vs. GE MATCH 2 : T1 vs ZETA.,,,1,"['Entertainment', 'memes']",27,
KEhdtSriGe4,"BEATPELLA HOUSE, Dharni - Ticking Away (VALORANT Champions 2023 Anthem COVER)","BEATPELLAHOUSE, Dharni - Ticking Away (VALORANT Champions 2023 Anthem COVER) Cover by | BEATPELLA HOUSE, ...",,,1,"['Entertainment', 'memes']",27,
cJ5OszUi_HA,valorant moments that will turn your frown upside down,5k likes for feet pics in the next vid chatgpt also chose this video title The Triple T's Twitter: https://twitter.com/al1valo TikTok: ...,,,1,"['Entertainment', 'memes']",27,
Jda2686lnHA,I Started Aim Training Again...,LIKE and SUBSCRIBE ❤️ if you enjoyed this video! Get 30 Days of FREE Coaching: https://bit.ly/regularacademy Join my ...,,,1,"['Entertainment', 'memes']",27,
sXWjwUl949Y,"RAJA // ARB4, Tienas, Mangal Suvarnan, and VALORANT - Official Audio","Hail to the king. Original track “RAJA” by ARB4, Tienas, VALORANT, and Mangal Suvarnan LISTEN NOW: ...",,,1,"['Entertainment', 'memes']",27,
ZHyWneVEkj0,"what 15,000 hours of valorant looks like..",what 15000 hours of valorant looks like. Download the u.gg Valorant app and enjoy better data and smarter insights today!,,,1,"['Entertainment', 'memes']",27,
FA3f5TGNj7s,VALORANT Masters Bangkok - Swiss Stage - Day 2,"From February 20th to March 2nd, Masters Bangkok will bring together the world's best VALORANT players for an epic showdown ...",,,1,"['Entertainment', 'memes']",27,
kq2YM3cnWLc,VYSE İLE RAKİP TAKIMI EZDİM | VALORANT,Kick: https://kick.com/batujnax Twitch: https://twitch.tv/batujnax Twitter: https://twitter.com/batujnaxvlr Instagram: ...,,,1,"['Entertainment', 'memes']",27,
cLiNyUQ1EmM,I Started a New VALORANT Team w/ The Boys,shanks #valorant #subroza Follow me on my socials! Twitch https://www.twitch.tv/shanks_ttv Twitter ...,,,1,"['Entertainment', 'memes']",27,
OHCPV-Kvgzo,50 Times ASPAS Proved He's The BEST In The Game,"Watch as Aspas proves he's the best in the game with 50 insane plays! From unreal aim to clutch moments, this highlight reel ...",,,1,"['Entertainment', 'memes']",27,
5wBcC35ng3k,VALORANT Masters Bangkok - Swiss Stage - Day 4,"From February 20th to March 2nd, Masters Bangkok will bring together the world's best VALORANT players for an epic showdown ...",,,1,"['Entertainment', 'memes']",27,
PSDQorN8TDI,waylay is the new sage…,Don't forget to ring the Bell so you never miss a video! Grim is Valorant's #1 Radiant Sage player. He is known for gameplay ...,,,1,"['Entertainment', 'memes']",27,
UgOzWRbAUXM,I Created a WEAPON RANDOMIZER in Valorant...,"Sensitivity: 500 DPI, 0.82 in-game. ❌Crosshair: Dot - 0;P;c;5;o;0.902;d;1;0l;1;0o;1;0a;0;0f;0;1b;0 | Standard - 0;P;o;0.751;0l;4;0a ...",,,1,"['Entertainment', 'memes']",27,
Noae1AHSabs,The Most HUMILIATING 13-0 in VALORANT History...,"Hope you guys learned something from this, I know I did! Want me to help you rank up? Check out my hand crafted Duo's ...",,,1,"['Entertainment', 'memes']",27,
3xjpx8-2gD0,The VALORANT Ultimate Guide for Beginners !! | SEN TenZ,0:00 Intro 0:38 Settings 2:59 Team play & communication 6:51 Agents & Abilities 13:57 Movement & crosshair placement ...,,,1,"['Entertainment', 'memes']",27,
NHmJjnBzpAY,Sliggy CGRS Lazvell & Foxz Reacts to TLN Shows Insane Gameplay Against TS in VCT Champions 2025,Sliggy CGRS Lazvell & Foxz Reacts to TLN Shows Insane Gameplay Against TS in VCT Champions 2025 #sliggy #cgrs #lazvell ...,,,1,"['Entertainment', 'memes']",27,
H2N0eHGOi_w,Untouchable - Valorant Edit,Rank : Immortal 2 Sensitivity : 0.228 DPI : 7500 HP Omen 16 Gaming Laptop (2021) i7 11th Gen // RTX 3060 // 16 GB RAM ...,,,1,"['Entertainment', 'memes']",27,
mAmwpmg4ozA,WAYLAY IS BROKEN...,I traveled to Japan to complete the challenge of getting radiant waylay only in apac servers! I'll only be here for 26 days and am ...,,,1,"['Entertainment', 'memes']",27,
dNf6-Qd6z0k,Top 15 Plays | VALORANT Masters Bangkok,"The first global event of the year did not disappoint. Here are the top 15 plays from VALORANT Masters Bangkok, featuring plays ...",,,1,"['Entertainment', 'memes']",27,
if9-QP3RHHE,So I Made Valorant 100X HARDER... (this was IMPOSSIBLE),"Sensitivity: 500 DPI, 0.82 in-game. ❌Crosshair: Dot - 0;P;c;5;o;0.902;d;1;0l;1;0o;1;0a;0;0f;0;1b;0 | Standard - 0;P;o;0.751;0l;4;0a ...",,,1,"['Entertainment', 'memes']",27,
2N3SiJIKRPQ,1 Iconic Valorant Pro for Every Agent,subscribe to help me get to 100K! thank you and I hope you enjoyed the video! Music by Mewmore and from Epidemic Sounds.,,,1,"['Entertainment', 'memes']",27,
esweeT1zNB0,2x Masters Champion! - T1 Meteor [APAC],Daily uploads of top-tier Valorant matches! Only MATCH MVP games at the highest rank! Please like & subscribe to ...,,,1,"['Entertainment', 'memes']",27,
2-uBLfSdr1w,VALORANT Masters Bangkok - Swiss Stage - Day - 5,"From February 20th to March 2nd, Masters Bangkok will bring together the world's best VALORANT players for an epic showdown ...",,,1,"['Entertainment', 'memes']",27,
34P2acg-Wdo,The ULTIMATE Beginners Guide For VALORANT 2024!,Sensitivity: 400 DPI / 0.7 Res: 1024x768 True Stretched Crosshair: 1-4-2-2 Rank : Radiant Alt : Immortal Pc Specs: Ryzen 5 x ...,,,1,"['Entertainment', 'memes']",27,
jgDsFTTzHYk,BEST PLAYS OF THE WEEK Ep.228 | VALORANT MONTAGE #HIGHLIGHTS,Valorant Montage #highlights whats up guys? we are back with another valorant montage in this montage we have valorant best ...,,,1,"['Entertainment', 'memes']",27,
q2amZuUPy1o,SEN TenZ INSANE 40+ KILLS GAME vs RADIANTS !!!,TenZ plays Kayo in radiant ranked and goes crazy to carry the game by dropping +40k Can he still win the game?,,,1,"['Entertainment', 'memes']",27,
AdVJNTpOFIY,The most INTENSE match of the year... (SEN vs. NRG),"In our first game of Stage 2 we faced NRG, and it was INTENSE! Watch this highlight to see exactly what went down. Join SEN ...",,,1,"['Entertainment', 'memes']",27,
diAjUWwWRTM,Upcoming FREE Rewards in VALORANT!,"There are a bunch of player cards, gun buddies and sprays sitting in the files that currently we don't know much about, so I wanted ...",,,1,"['Entertainment', 'memes']",27,
8UPc-e7dEzM,[TH] T1 vs G2 - VCT Masters Bangkok - Grand Final,มาถึงแล้ว กับการแข่งขัน Masters แรกประจำปี 2025 นี้ ที่มาจัดแบบพิเศษสุดที่ UOB Live กรุงเทพมหานครของเรา!,,,1,"['Entertainment', 'memes']",27,
MG6dSUhNaL8,This Guy Hit a Crazy Rare 7K!!! | Most Watched VALORANT Clips Today V1302,This Guy Hit a Crazy Rare 7K!!! | Most Watched VALORANT Clips Today V1302 ▻ Follow me here for more updates! X: @jarsoyt ...,,,1,"['Entertainment', 'memes']",27,
J2-BCzkJNkc,This is the Best Clutch of the Week!!! & Reyna is Disable | Most Watched VALORANT Clips Today V1313,This is the Best Clutch of the Week!!! & Reyna is Disable | Most Watched VALORANT,,,1,"['Entertainment', 'memes']",27,
O91eOy59izY,Building The Ultimate $100 Budget Valorant Loadout,The video shows how to make the best Valorant skin Loadout for only $100 ~Extend 2 Socials~ Discord ...,,,1,"['Entertainment', 'memes']",27,
uthR06mtkzo,The RISE of Valorant’s FALLEN Powerhouse,This is a story of the rise of a fallen powerhouse versus the birth of a new one. Welcome to the Grand Finals of Sentinels vs Gen.,,,1,"['Entertainment', 'memes']",27,
f9EYJW6yqZE,Impressing Content Creators with Neon Movement,"Impressing Content Creators with Neon Movement. I main the agent Neon in Valorant, big thank you too Riot Games for inviting ...",,,1,"['Entertainment', 'memes']",27,
ffx0_DkypdQ,What the Rank 1 Omen Main looks like...,What the Rank 1 Omen Main looks like... Twitch: twitch.tv/doctorfreeze_ Twitter: twitter.com/_Doctor_Freeze_ Discord: ...,,,1,"['Entertainment', 'memes']",27,
EkvsnrJOGTU,VALORANT But Only Instant GG Ults,"VALORANT But Only Instant GG Ults - Best Wombo Combos, Satisfying Ults, 200 IQ Ability Tricks and Teamwork Synergy ...",,,1,"['Entertainment', 'memes']",27,
qRao6FARFRo,TURN THE TIDES - Harbor Agent Trailer // VALORANT,"Welcome to the team, Harbor. Hailing from the coast of India, this new Controller Agent commands a mix of tide and torrent to ...",,,1,"['Entertainment', 'memes']",27,
iZzSpr4J19g,I Tested 19 Popular Valorant TikTok Tricks! - (Do they work?),Valorant: I Tested 19 Popular Valorant TikTok Tricks! - (Abuse these ASAP) SOURCES: ...,,,1,"['Entertainment', 'memes']",27,
mq7pOdflY2k,How I Won a Valorant Tournament with KAY/O Flashes,My main agent on Valorant is KAYO. I like to set up my teammates and flash for them! I love finding new fun/cool ways to set up my ...,,,1,"['Entertainment', 'memes']",27,
nbTx4lkZe50,Every Valorant Update in 1 Video! - (2013 - 2025),Valorant: The ENTIRE History of Valorant Updated! - (2013 - 2025) Want to be featured in a Video? Feel free to submit your clip ...,,,1,"['Entertainment', 'memes']",27,
XiUNaY1Wvcs,"VALORANT Patch 10.04 All Changes (Tejo Nerf, Iso Buff)","All the new updates within VALORANT Patch 10.04, including a nerf to Tejo, as well as changes to Iso, Clove and Deadlock!",,,1,"['Entertainment', 'memes']",27,
btpWg1gDXIE,ALL PATHS END HERE // Vyse Agent Trailer - VALORANT,"All paths end with Vyse–lethal tactician, metal manipulator, and the newest Sentinel Agent in VALORANT. __ Original Score by: ...",,,1,"['Entertainment', 'memes']",27,
GUOWWLnvaU0,Immortals who think they deserve Radiant vs Actual Radiants,*Understanding comms & bottom right text* // This goes for all of our videos. You will notice the bottom right either has text or an ...,,,1,"['Entertainment', 'memes']",27,
B-CaYGYooq4,Dropping 46 Bombs on NEW Agent! - MIBR aspas [NA] #MatchMVP,Daily uploads of top-tier Valorant matches! Only MATCH MVP games at the highest rank! Please like & subscribe to ...,,,1,"['Entertainment', 'memes']",27,
zYU6kQgEqls,VALORANT WTF MOMENTS 131,Welcome to another VALORANT WTF MOMENTS and FUNNY MOMENTS! Like the video and share your comments with me!,,,1,"['Entertainment', 'memes']",27,
89nqUL8pKxA,IMMORTAL Valorant player tries CS2...,IMMORTAL Valorant players tries CS2... Today I tried Counter Strike 2 for the first time. I had a couple hours playing custom ...,,,1,"['Entertainment', 'memes']",27,
sQv9vIng0As,Revisiting Valorant 1 Year Later... It was a mistake,My chat told me to boot up Valorant after not playing it for a year... It was a mistake... i am live every day here: ...,,,1,"['Entertainment', 'memes']",27,
ZEbqIXGefWg,DetonatioN FocusMe vs Global Esports - HIGHLIGHTS | Champions Tour 2025: Pacific Stage 1,ge #dfm #gevsdfm ▻Watch Live: https://www.twitch.tv/valorant_pacific © This is our original video with many high-quality edits ...,,,1,"['Entertainment', 'memes']",27,
e7fE8eD6A0A,How Valorant’s Most AGGRESSIVE Team Play DEFENSE,"Paper Rex are one of the best teams in the world, known for their aggressive yet creative playstyle. But how do they get away with ...",,,1,"['Entertainment', 'memes']",27,
M8Rk31gK-H4,SMARTEST MOMENTS IN VALORANT #172,"SMARTEST MOMENTS IN VALORANT #172... 200 IQ Outplays, Big Brain Tricks, Creative Ability Usage and Smart Plays on PC, ...",,,1,"['Entertainment', 'memes']",27,
_gAKgnDK22E,VALORANT - Die For You (ft.Grabbitz) (Lyrics) (VALORANT Champions 2021),Subscribe To ReLike Vibes For New Music! ReLike Vibes (Instagram) https://www.instagram.com/relikevibesmusic/ ReLike Vibes ...,,,1,"['Entertainment', 'memes']",27,
qTDD7kgTKrI,So Valorant Ranked Has AGENT BANS... (DOES THIS WORK??),"Sensitivity: 500 DPI, 0.82 in-game. ❌Crosshair: Dot - 0;P;c;5;o;0.902;d;1;0l;1;0o;1;0a;0;0f;0;1b;0 | Standard - 0;P;o;0.751;0l;4;0a ...",,,1,"['Entertainment', 'memes']",27,
mBf693GrEoI,【日本語字幕】野良とバチバチに喧嘩するMUNCHIKINを見て爆笑するスミス【PRX something 切り抜き】,是非コメント、高評価、そしてチャンネル登録の方よろしくお願いします！ ◇Credits ...,,,1,"['Entertainment', 'memes']",27,
e24d5NM-WR4,Waylay with Neon Movement,Waylay with Neon Movement. My main agent on Valorant is Neon. I like to jump around and be as flashy as possible. I like trying ...,,,1,"['Entertainment', 'memes']",27,
rGEq4l8cC00,The Batman of VALORANT! | Best of Oxy February 2025,HERE ARE THE MOST INSANE SHOTS THIS MONTH! Happy to hear your opinion in the comments & like if you enjoy the content ...,,,1,"['Entertainment', 'memes']",27,
chV4GK4UuBk,The Longest VALORANT Match EVER,"Send me stuff ↠ ""Keeoh"" @ 25422 Trabuco Rd Ste 105-169 Lake Forest, CA 92630 Sensitivity↠ .28 @ 800dpi Crosshair ↠ no ...",,,1,"['Entertainment', 'memes']",27,
mC-CVj4kurE,"2024 VALORANT Champions Opening Ceremony ft. KISS OF LIFE, Mark Tuan, Odetari, Lay Bankz, & Madge",Relive the 2024 VALORANT Champions Grand Finals Opening Ceremony in Seoul presented by Mastercard featuring a live ...,,,1,"['Entertainment', 'memes']",27,
rHvqfklWVvk,Valorant But Everyone Has INFINITE ABILITIES... (Waylay is INSANE!!),"Sensitivity: 500 DPI, 0.82 in-game. ❌Crosshair: Dot - 0;P;c;5;o;0.902;d;1;0l;1;0o;1;0a;0;0f;0;1b;0 | Standard - 0;P;o;0.751;0l;4;0a ...",,,1,"['Entertainment', 'memes']",27,
nesQhQtZbio,[HINDI] VALORANT Challengers South Asia 2025 Split 1 - Day 7,Welcome to the official broadcast of VALORANT Challengers South Asia 2025! This is the grand stage for South Asia's top ...,,,1,"['Entertainment', 'memes']",27,
BIME-ODb0Hs,Waylay is breaking Valorant (#2),thumbs up for WAYLAY...? twitch ↠ https://twitch.tv/Keeoh keeoh+ ...,,,1,"['Entertainment', 'memes']",27,
D4OppZjGNp0,"RADİANT eloda KİLL rekorumu kırıp, 50 VURDUM! (Valorant)",İletişim: mail@combatry.com.,,,1,"['Entertainment', 'memes']",27,
kZFCEaRSbEo,NEW: Best & Worst Agents to CLIMB Ranked EASY!,Valorant: Best & Worst Agents to CLIMB Ranked EASY! (Updated) SOURCES: https://www.youtube.com/@Ludilue ...,,,1,"['Entertainment', 'memes']",27,
Qb2QuZFXARs,Bronze VS Bronze… But They BOTH Think the Other is Gold!,*Understanding comms & bottom right text* // This goes for all of our videos. You will notice the bottom right either has text or an ...,,,1,"['Entertainment', 'memes']",27,
8b-Tv0xmocY,Professional Immortal Booster #13 (VALORANT),Professional Immortal Booster #13 (VALORANT Speedrun) Like & Subscribe business inquiries: furkanguzel030@gmail.com ...,,,1,"['Entertainment', 'memes']",27,
0Q2y1WtiCKY,Hago LA PARTIDA PERFECTA con AGH | ViiZzzm Valorant,"**Subo contenido de Valorant, e intento no bajar a Hierro.** ✔️ **Sigue mis redes y activa las notificaciones para no perderte ...",,,1,"['Entertainment', 'memes']",27,
7Ga1seLyHuo,Can an IMMORTAL Carry SILVERS Against DIAMONDS... (this was almost IMPOSSIBLE),"Sensitivity: 500 DPI, 0.82 in-game. ❌Crosshair: Dot - 0;P;c;5;o;0.902;d;1;0l;1;0o;1;0a;0;0f;0;1b;0 | Standard - 0;P;o;0.751;0l;4;0a ...",,,1,"['Entertainment', 'memes']",27,
j2v-VOOHY7M,Iso to Radiant Speedrun (VALORANT),"Iso to Radiant, Valorant Speedrun. In this video, I take an unranked account to radiant only playing Iso Solo queue. All Valorant ...",,,1,"['Entertainment', 'memes']",27,
0Aqa8bGubqo,True 𝙎𝙩𝙧𝙚𝙩𝙘𝙝𝙚𝙙,True Stretched ▻ Join my discord! https://discord.com/invite/rawzu (E-kittens packed & Settings) ▻ Spotify playlist: ...,,,1,"['Entertainment', 'memes']",27,
YK0ZDjxNBQc,This is the Top 0.1% of Console Valorant btw...,"I'm now Officially Partnered with SCUF thank you to all who supports me and watches my videos. USE CODE ""LUNLY"" AT ...",,,1,"['Entertainment', 'memes']",27,
Hms_cRdskMk,[TH] NS vs RRQ - VCT Pacific - Stage 1 - Group Stage - Day 3,กลับมาสู่การแข่งขันลีคแปซิฟิค กับ 12 ทีมตัวแทนที่จะต้องวัดฝีมือกันว่า ใครคือเบอร์หนึ่งของภูมิภาคนี้!! แล้วก็มาถึงแมตช์เปิดสนามของ 4 ...,,,1,"['Entertainment', 'memes']",27,
sUoSPryMZr0,UNMADE // Episode 7 Cinematic - VALORANT,Improvise. Survive. EVOLVE. Become a part of VALORANT's next bold steps in Episode 07: EVOLUTION. - Made in partnership ...,,,1,"['Entertainment', 'memes']",27,
UwAMS4iymdQ,VALORANT Fart VL,Like & Subscribe Find Toy Store: https://vn.shp.ee/XZbFgHe 🎩Donate: https://playerduo.net/hoanghk15 🎩 Discord: https ...,,,1,"['Entertainment', 'memes']",27,
Na4OBHz0xTs,J'AI ENFIN DES POTES SUR VALORANT !!,Contact: fugu@cescoagency.com Monteur: https://x.com/ThymusCooper Miniature : https://x.com/Rahezz_.,,,1,"['Entertainment', 'memes']",27,
Gl89R9fHTKo,The hardest challenge in VALORANT ever… (Initiators only to Rank 1),LIKE and SUBSCRIBE ❤️ if you enjoyed this video! Get 30 Days of FREE Coaching: https://bit.ly/regularacademy Join my ...,,,1,"['Entertainment', 'memes']",27,
2dqTCej_DUI,"You See Scooby, You Click? - TLN Primmie [APAC] #MatchMVP",Daily uploads of top-tier Valorant matches! Only MATCH MVP games at the highest rank! Please like & subscribe to ...,,,1,"['Entertainment', 'memes']",27,
C4EaUn-qTpg,VALORANT Pro Aces in 2024 But They Get Increasingly More Unreal,"The best ACES of VALORANT Champions Tour 2024 featuring show-stopping plays from pros like f0rsakeN, jawgemo, JonahP, ...",,,1,"['Entertainment', 'memes']",27,
fa_p-q6npXE,THE DRIVE // 2024 VALORANT Game Changers Championship Hype Film,Welcome to the stage. Tune in November 8th - 17th to see elite teams from across the globe collide for a chance to be crowned ...,,,1,"['Entertainment', 'memes']",27,
I4NX-49NzWs,ASCENT! LEV DEMON1 PRO ISO VALORANT GAMEPLAY [Full Match VOD],ASCENT! LEV DEMON1 PRO ISO VALORANT GAMEPLAY [Full Match VOD] ...,,,1,"['Entertainment', 'memes']",27,
mx1YkQgtGZ4,valorant moments you can watch while studying,a viewer chose this video title The Triple T's Twitter: https://twitter.com/al1valo Twitch: https://www.twitch.tv/al1valo TikTok: ...,,,1,"['Entertainment', 'memes']",27,
HE7MjmCLUMc,Valorant Streamers Reacts To Sen Johnqt Insane 3k Against 100T In VCT,Credits : twitch.tv/tarik ➡️ Credits : twitch.tv/TenZ ➡️ Credits : twitch.tv/ThinkingMansValo ➡️ Credits : twitch.tv/Marved6 ...,,,1,"['Entertainment', 'memes']",27,
saumkuBS37s,VCT Pacific 2025 : STAGE 1 - DAY 3,VCT Pacificについて＞ VCT PACIFICは、4つのインターナショナルリーグのひとつで、 参加チームは最高峰のグローバル ...,,,1,"['Entertainment', 'memes']",27,
UVnL_s2Rggw,VALORANT being THE BEST PLAYER IN THE WORLD 🏆,Twitch: https://www.twitch.tv/Horcus Twitter: https://twitter.com/Horcus Instagram: https://www.instagram.com/Horcus Tik Tok ...,,,1,"['Entertainment', 'memes']",27,
Bhy554DGBz0,Aspas Destroys Everyone with Two Insane ACEs!!! | Most Watched VALORANT Clips Today V1312,TenZ Complains About the Current State of Valorant | Most Watched VALORANT,,,1,"['Entertainment', 'memes']",27,
QjwD2sqTWAs,Professional Immortal Player #33 (VALORANT),Professional Immortal Player #33 (VALORANT Speedrun) Like & Subscribe business inquiries: furkanguzel030@gmail.com ...,,,1,"['Entertainment', 'memes']",27,
2lXoUZ6PDAQ,Aimers 2024: special,Happy new year :) Song chapters: 0:00 - 1:44 Chapter: 1 1:45 - 2:32 Chapter: 2 2:33 - 4:17 Chapter: 3 4:18 - 5:36 Chapter: 4 5:37 ...,,,1,"['Entertainment', 'memes']",27,
QCapMwnevz0,"Valorant Indonesia - Sad Remi, Gelato, Comeback?",Back to valo. Editing Software : Adobe Premiere Photoshop Instagram : @camancailyas Twitter : https://bit.ly/2PK06NZ Steam ...,,,1,"['Entertainment', 'memes']",27,
ufd2vYfZk2c,Valorant But It's RAINING GRENADES... (this was almost IMPOSSIBLE),"Sensitivity: 500 DPI, 0.82 in-game. ❌Crosshair: Dot - 0;P;c;5;o;0.902;d;1;0l;1;0o;1;0a;0;0f;0;1b;0 | Standard - 0;P;o;0.751;0l;4;0a ...",,,1,"['Entertainment', 'memes']",27,
PzydQmhLnjE,73.3% Win Rate in Radiant Lobbies,73.3% Win Rate in Radiant Lobbies.,,,1,"['Entertainment', 'memes']",27,
PkuPurp9lhc,15 minutes of Valorant pros doing Hospital Flick,Here are the times when a Valorant pro pulled off an insane flick shot. FAIR-USE COPYRIGHT DISCLAIMER: Copyright ...,,,1,"['Entertainment', 'memes']",27,
lP1d5LXPmSU,481 Clips only Old Valorant Players will Remember!,*Understanding comms & bottom right text* // This goes for all of our videos. You will notice the bottom right either has text or an ...,,,1,"['Entertainment', 'memes']",27,
xx4zuQ3wEZQ,DAS BESTE DUO in VALORANT!? 🤩 IMMO LOBBY ZERSTÖREN mit @fyrvl,Meine Firma: ▻ https://impulsegg.com/ ✜ Meine Crosshairs: ▻ https://www.vcrdb.net/profile/kubafps 🖱️ MEINE ...,,,1,"['Entertainment', 'memes']",27,
6kiqJQPYzO8,"VALORANT New ""Cyrax"" Skin Bundle In Game Showcase","VALORANT New ""Cyrax"" Skin Bundle In Game Showcase In Game Showcase for the new Cyrax skin bundle in",,,1,"['Entertainment', 'memes']",27,
xU2U73Tk-DM,Can’t Slow Me Down // Jett Hype Music Video - VALORANT,"Can anyone slow her down? Jett's storming Seoul in this video crafted by VALORANT Korea. Music features trending artists lIlBOI, ...",,,1,"['Entertainment', 'memes']",27,
KZxQdM1xLH8,This valorant video makes you laugh out loud,Thanks for watching. 📞 Connect with me at: Facebook: https://www.facebook.com/ckg.sangtraan Goose Chicken Farm Group: https ...,,,1,"['Entertainment', 'memes']",27,
EFFB5W6lFnQ,egirls when you have a deep voice on Valorant.,odd video but lmk what y'all wanna see more of :} dont forget to Like comment and subscribe!,,,1,"['Entertainment', 'memes']",27,
9lBRssUk0A0,FIZ O @OtsukaXD DESISTIR DE JOGAR VALORANT DEPOIS DESSA PARTIDA - f0rsaken,Lives TODOS OS DIAS a partir das 12h aqui no YouTube e na twitch.tv/f0rsakenwOw Seja membro do canal e ganhe benefícios ...,,,1,"['Entertainment', 'memes']",27,
PNlpS37GAEk,INTENTO ADIVINAR TU RANGO en VALORANT *SALE MUY MAL* | Sirmaza,ENVIAD VUESTRO CLIP - rangoreaccion@gmail.com TWITCH - https://www.twitch.tv/sirmaza INSTAGRAM ...,,,1,"['Entertainment', 'memes']",27,
jRQqEecBrAM,League's Monetization Is In Trouble,"Join in to get unique emotes, badge and spoilers for future videos: ...",,,1,"['Entertainment', 'memes']",27,
j-RpvIuazmc,"Stromae, Pomme - “Ma Meilleure Ennemie” (from Arcane Season 2) [Official Music Video]","LYRICS Je t'aime, je te hais, je t'aime, je te hais Je t'aime, je te hais, je t'aime, je te hais Je t'aime, je te hais, je t'aime, je te hais Je ...",,,1,"['Entertainment', 'memes']",27,
Zoyjv2l645U,The Root of Empire | Origins of Noxus - League of Legends,LeBlanc has plotted for centuries. Now her dark conspiracy blooms. Video created in partnership with Little Zoo. League of ...,,,1,"['Entertainment', 'memes']",27,
89w4DxPMogw,NEW UPDATED TIER LIST for PATCH 25.6 - League of Legends,WEBSITE: https://www.skill-capped.com/lol#update6 ▻SUBSCRIBE: http://goo.gl/kGvFCu ▻DISCORD: ...,,,1,"['Entertainment', 'memes']",27,
iwEAK5wsWLg,T1 vs BLG - Game 5 | Grand Final LoL Worlds 2024 | T1 vs Bilibili Gaming G5 full,LoL eSports S14 WORLDS 2024 Playoffs - T1 vs Bilibili Gaming Final | League of Legends,,,1,"['Entertainment', 'memes']",27,
Oza63bLiJRg,T1 vs BLG - Game 1 | Grand Final LoL Worlds 2024 | T1 vs Bilibili Gaming G1 full,LoL eSports S14 WORLDS 2024 Playoffs - T1 vs Bilibili Gaming Final | League of Legends Worlds 2024 BLG vs T1 VOD 1080p ...,,,1,"['Entertainment', 'memes']",27,
x701twoAY_E,50 INSTANT DELETE MOMENTS IN LEAGUE OF LEGENDS,"50 INSTANT DELETE MOMENTS IN LEAGUE OF LEGENDS - Fast Oneshots, Satisfying Team Wipes and Perfect Deletes in a ...",,,1,"['Entertainment', 'memes']",27,
aR-KAldshAE,Warriors | Season 2020 Cinematic - League of Legends (ft. 2WEI and Edda Hayes),Warriors: We are warriors. Season 2020 has begun. LISTEN NOW: https://smarturl.it/warriorslol Spotify: ...,,,1,"['Entertainment', 'memes']",27,
_JWJgS00hfk,50 ULTRA SATISFYING MOMENTS IN LEAGUE OF LEGENDS,"50 ULTRA SATISFYING MOMENTS IN LEAGUE OF LEGENDS - SUPER Satisfying Ultimates, Instant One Shots, Perfect ...",,,1,"['Entertainment', 'memes']",27,
I76wvt0aEE4,Welcome to Noxus - Bite Marks (ft. TEYA) | 2025 Season 1 Cinematic - League of Legends,Are you strong enough? Prove it. Season 1 of 2025 is live January 9th @ 12 PM PST. Video created in partnership with Fortiche.,,,1,"['Entertainment', 'memes']",27,
tQbo2X2Qysc,The COMPLETE Beginner's Guide to League of Legends!,Learn how to play League of Legends with this COMPLETE beginner's guide! What is Skill Capped? Skill Capped has one goal in ...,,,1,"['Entertainment', 'memes']",27,
l9Yy9g_8F9M,What It's Like Learning League of Legends In 2024,Catch SVB streaming OW2 live on https://www.twitch.tv/svb_ The best way to support my content: https://www.patreon.com/svb ...,,,1,"['Entertainment', 'memes']",27,
UQ_JEtkTc4U,YORICK 2025 REWORK GAMEPLAY - League of Legends,"YORICK 2025 REWORK GAMEPLAY - League of Legends. Yorick just got a midscope rework update on the PBE, with a ton of ...",,,1,"['Entertainment', 'memes']",27,
#NAME?,The characters of Arcane in League of Legends.,"In the dark corners of Zaun, where crime and chaos reign, a trio of young women grow — Jinx, Vi, and Powder. Jinx, with her ...",,,1,"['Entertainment', 'memes']",27,
OIpUmepTguI,NEW DARKIN CHAMPION TEASER - League of Legends,NEW DARKIN CHAMPION TEASER - League of Legends. We might have just gotten the teaser of potentially the next Glaive ...,,,1,"['Entertainment', 'memes']",27,
fB8TyLTD7EE,"RISE (ft. The Glitch Mob, Mako, and The Word Alive) | Worlds 2018 - League of Legends",Reaching the peak takes more than skill. Only those with the ambition to RISE above all others will know its height. For more ...,,,1,"['Entertainment', 'memes']",27,
SiE5uLjCtxU,I streamed until I beat League. It was a mistake.,#ludwig.,,,1,"['Entertainment', 'memes']",27,
GnsRzWWnRo8,Poppy Champion Overview | Gameplay - League of Legends: Wild Rift,Feeling a bit lost and uninspired? Fear not! #Poppy arrives on March 28th UTC with enough purpose for everybody! Learn more at ...,,,1,"['Entertainment', 'memes']",27,
Aqm23-_jvx8,Celestial Embroidery | Skin Trailer - League of Legends: Wild Rift,We've got new threads for the new year! Start weaving them on January 27th! Created in partnership with YIZ DESIGN: ...,,,1,"['Entertainment', 'memes']",27,
OtTJCtKpgYo,AIC 2024 FINAL REVIEW - THE KING RETURNS - Garena AOV Indonesia,"AIC 2024 FINAL REVIEW - THE KING RETURNS Tepat sebelum AIC, banyak penonton yang mengira bahwa region RPL secara ...",,,1,"['Entertainment', 'memes']",27,
ukhcyHb5kHA,Dawn of the Duelist // VALORANT Masters Bangkok Cinematic,"In the heart of Thailand, where pros turn into masters, this is the Dawn of the Duelist. The top 8 teams from around the world will ...",,,1,"['Entertainment', 'memes']",27,
zF5Ddo9JdpY,Awaken | Season 2019 Cinematic - League of Legends (ft. Valerie Broussard),A deadly masterpiece unfolds. A lone resistance made whole. A chance to come alive. Season 2019 has begun - why will you ...,,,1,"['Entertainment', 'memes']",27,
ZHhqwBwmRkI,"Still Here | Season 2024 Cinematic - League of Legends (ft. Forts, Tiffany Aris, and 2WEI)","Past, present, and possible futures—we remember them all. Season 2024 is now live. How will you fight for tomorrow? Video ...",,,1,"['Entertainment', 'memes']",27,
0cjHj0-zfTI,HOLY ****! 🔥 RISE League of Legends REACTION | Worlds 2018 Music Video,WE STREAM EVERY MONDAY 6PM CST: https://www.twitch.tv/riceandginger ‼️ ALL OF OUR UNCUT ANIME REACTIONS and ...,,,1,"['Entertainment', 'memes']",27,
vzHrjOMfHPY,A New Dawn | Cinematic - League of Legends,Day breaks over a landscape consecrated by blood and steel. A battle begins as a new dawn rises. Behind The Scenes: ...,,,1,"['Entertainment', 'memes']",27,
fE_TeN4T8Yg,League of Legends For People Who Will Never Play It,I know you watched Arcane you little doomscroller. Real League of Legends video is here. Patreon: ...,,,1,"['Entertainment', 'memes']",27,
C3GouGa0noM,GODS ft. NewJeans (뉴진스) (Official Music Video) | Worlds 2023 Anthem - League of Legends,This is the story of an unbreakable spirit and the unbending heart of a champion. The official anthem and music video for Worlds ...,,,1,"['Entertainment', 'memes']",27,
#NAME?,"League of Legends - Official ""Still Here"" Season 2024 Cinematic Music Video","Past, present, and possible futures—we remember them all. Season 2024 is now live. How will you fight for tomorrow? Video ...",,,1,"['Entertainment', 'memes']",27,
fmI_Ndrxy14,Warriors (ft. Imagine Dragons) | Worlds 2014 - League of Legends,"The battle begins, and sixteen teams across the globe are fighting towards one goal – to win the League of Legends World ...",,,1,"['Entertainment', 'memes']",27,
UOxkGD8qRB4,"K/DA - POP/STARS (ft. Madison Beer, (G)I-DLE, Jaira Burns) | Music Video - League of Legends","K/DA Ahri, K/DA Evelynn, K/DA Kai'Sa, and K/DA Akali take the world stage with their debut single. Keep the show going on the ...",,,1,"['Entertainment', 'memes']",27,
4bs4v_GBShU,The 20 BEST TIPS for BEGINNERS in League of Legends,What is Skill Capped? Skill Capped has one goal in mind: help YOU become a BETTER player FAST! We create guides that ...,,,1,"['Entertainment', 'memes']",27,
7EZu9NoWV5k,League of Legends Should Be Dead By Now,"Why is League of Legends so dominant? This titan came out almost 15 years ago, and it still has more viewers and players ...",,,1,"['Entertainment', 'memes']",27,
i1IKnWDecwA,Phoenix (ft. Cailin Russo and Chrissy Costanza) | Worlds 2019 - League of Legends,"Destroy your doubt, face the future. For more information on the 2019 League of Legends World Championship visit ...",,,1,"['Entertainment', 'memes']",27,
HYsz1hP0BFo,Lil Nas X - STAR WALKIN' (League of Legends Worlds Anthem),THE ONE & ONLY WORLDS MUSIC VIDEO. OUT NOW. Check out the official anthem and music video for Worlds 2022. (Lil Nas ...,,,1,"['Entertainment', 'memes']",27,
D9G1VOjN_84,Imagine Dragons x J.I.D - Enemy (from the series Arcane League of Legends),"#ImagineDragons #JID #Enemy #Arcane #LeagueofLegends Music video by Imagine Dragons, JID performing Enemy (from the ...",,,1,"['Entertainment', 'memes']",27,
TFzkbos0oeo,You Really Got Me | Cinematic Trailer - League of Legends: Wild Rift (ft. 2WEI),"ABOUT THE GAME Dive into Wild Rift: the skills-and-strats 5v5 MOBA experience of League of Legends, now built from the ...",,,1,"['Entertainment', 'memes']",27,
1Z6CHioIn3s,Burn It All Down (ft. PVRIS) | Worlds 2021 - League of Legends,PRODUCTION CREDITS Burn It All Down Featured artist: PVRIS Written by: Riot Music Team and Alex Seaver of Mako Produced ...,,,1,"['Entertainment', 'memes']",27,
mDYqT0_9VR4,"The Call | Season 2022 Cinematic - League of Legends (ft. 2WEI, Louis Leibfried, and Edda Hayes)",For the fallen. For the deserted. For the downtrodden. And for those who will rise again. Season 2022 is here. How will you ...,,,1,"['Entertainment', 'memes']",27,
QOHlXCA1zNQ,LPL English Live | Split 2 Placements Day 3 with Nymaera & Initialise TT | UP | RNG | AL,... for League of Legends highlights! We create: LPL highlights LCK highlights LEC highlights LTA highlights First Stand highlights ...,,,1,"['Entertainment', 'memes']",27,
mTFG1UX-0Aw,I Played League of Legends for the First Time in 2024...,"follow me on twitch ◇ @biggreaseball Pokimane's first League of Legends game after more than 5 years, is this a mistake?",,,1,"['Entertainment', 'memes']",27,
j-RpvIuazmc,"Stromae, Pomme - “Ma Meilleure Ennemie” (from Arcane Season 2) [Official Music Video]","LYRICS Je t'aime, je te hais, je t'aime, je te hais Je t'aime, je te hais, je t'aime, je te hais Je t'aime, je te hais, je t'aime, je te hais Je ...",,,1,"['Entertainment', 'memes']",27,
987uaDfwDuE,The ULTIMATE Beginner's Guide to League of Legends! - Skill Capped,What is Skill Capped? Skill Capped has one goal in mind: help YOU become a BETTER player FAST! We create guides that ...,,,1,"['Entertainment', 'memes']",27,
p4QG59y6FGE,League Of Legends Gameplay (2021) PC 1080p 60FPS,League Of Legends Gameplay (2021) PC 1080p 60FPS Channel Description : This channel consists of gameplay and ...,,,1,"['Entertainment', 'memes']",27,
NuB-1myGido,RISE,Provided to YouTube by IIP-DDS RISE · League of Legends · The Glitch Mob · Mako · The Word Alive RISE ℗ 2018 Riot Games ...,,,1,"['Entertainment', 'memes']",27,
Zoyjv2l645U,The Root of Empire | Origins of Noxus - League of Legends,LeBlanc has plotted for centuries. Now her dark conspiracy blooms. Video created in partnership with Little Zoo. League of ...,,,1,"['Entertainment', 'memes']",27,
UQ_JEtkTc4U,YORICK 2025 REWORK GAMEPLAY - League of Legends,"YORICK 2025 REWORK GAMEPLAY - League of Legends. Yorick just got a midscope rework update on the PBE, with a ton of ...",,,1,"['Entertainment', 'memes']",27,
wQK5a-pQQgA,Film Theory: ﻿Arcane KILLED League of Legends?!,"The lore of League of Legends has changed more times than we can count. And with Netflix's series, Arcane, the LoL universe is ...",,,1,"['Entertainment', 'memes']",27,
KbNL9ZyB49c,"Take Over (ft. Jeremy McKinnon (A Day To Remember), MAX, Henry) | Worlds 2020 - League of Legends","PRODUCTION CREDITS League of Legends - Take Over Featured artists: Jeremy McKinnon (A Day To Remember), MAX, and ...",,,1,"['Entertainment', 'memes']",27,
0nlJuwO0GDs,Get Jinxed (ft. Djerv) | Official Music Video - League of Legends,Jinx's dreams come alive in a hexplosive sequence packed with bombs and bullets and her unique take on fun. Marvel at the ...,,,1,"['Entertainment', 'memes']",27,
hjPS3j5XNss,All That Will Ever Be | Bel'Veth Cinematic - League of Legends,"Let the Lavender Sea take you. Want to find out what happens next? Read ""Pinwheel"": ...",,,1,"['Entertainment', 'memes']",27,
fXmAurh012s,Arcane | Official Trailer | Netflix,"From the creators of League of Legends comes a new animated series, Arcane. Set in the utopian region of Piltover and the ...",,,1,"['Entertainment', 'memes']",27,
7daG4Ce1XWU,"ASHE, BUT I HAVE A LITERAL LASER BEAM THAT MELTS YOU! (3.0 ATTACK SPEED, PENTAKILL!)",League of Legends season 15 Ashe Gameplay! Check out my website!: https://www.Zwag.gg Follow my stream!,,,1,"['Entertainment', 'memes']",27,
RZb1aoyduH8,WHY AM I PLAYING LEAGUE OF LEGENDS...,Like and subscribe for more! Check out all my socials : ▻ http://link.me/deji.,,,1,"['Entertainment', 'memes']",27,
_j_239h5yVw,"How to Actually Jungle in League of Legends (No, Seriously...)",What is Skill Capped? Skill Capped has one goal in mind: help YOU become a BETTER player FAST! We create guides that ...,,,1,"['Entertainment', 'memes']",27,
OIpUmepTguI,NEW DARKIN CHAMPION TEASER - League of Legends,NEW DARKIN CHAMPION TEASER - League of Legends. We might have just gotten the teaser of potentially the next Glaive ...,,,1,"['Entertainment', 'memes']",27,
QpR8_Onc9ho,Awaken,Provided to YouTube by IIP-DDS Awaken · League of Legends · Valerie Broussard · Ray Chen Awaken ℗ Riot Games Released ...,,,1,"['Entertainment', 'memes']",27,
RSF_hH6AauI,Warriors,Provided to YouTube by IIP-DDS Warriors · League of Legends · 2WEI · Edda Hayes Warriors ℗ Riot Games Released on: ...,,,1,"['Entertainment', 'memes']",27,
5FrhtahQiRc,Heavy Is The Crown ft. Linkin Park (Official Music Video) | League of Legends Worlds 2024 Anthem,"This is a call for greatness to all of the would-be rulers ready to claim the crown for themselves. ""Heavy Is The Crown"" featuring ...",,,1,"['Entertainment', 'memes']",27,
60JmTq34uYA,The Reckoners | Origins of Noxus - League of Legends,Defiance. Sacrifice. Triumph. These are our legacy. Bear your Reckoners skin with honor and stand strong in the new Arena game ...,,,1,"['Entertainment', 'memes']",27,
rhTZTy1rZhw,Blood Sweat & Tears ft. Sheryl Lee Ralph | Official Music Video - League of Legends,"Wounded and near death, Ambessa sees a vision of what awaits her as a follower of the Wolf. Join the hunt on Nov 6, 2024 with ...",,,1,"['Entertainment', 'memes']",27,
tEnsqpThaFg,A Twist of Fate | Cinematic - League of Legends,The battle seems decided... until there is a Twist of Fate. Experience your favorite League of Legends champions as you've never ...,,,1,"['Entertainment', 'memes']",27,
XgQTfINtXio,The Scripting Scandal That Ruined a Streamer,Check out 1 Tier Champions : https://www.deeplol.gg/champions ✓LoL Analyst Dobby Unique League of Legends Tips / Tricks ...,,,1,"['Entertainment', 'memes']",27,
WF3pQ1wBSMQ,Os Desafiadores | Origens de Noxus – League of Legends,Rebeldia. Sacrifício. Triunfo. São esses o nosso legado. Vista sua skin Desafiadores com honra e imponha respeito no novo ...,,,1,"['Entertainment', 'memes']",27,
ckXCnbQcLck,This is rock bottom for League of Legends...,Download RAID today ➡️ https://t2m.io/Mr25_Rav to get exclusive bonuses in celebration of 6th anniversary Available after ...,,,1,"['Entertainment', 'memes']",27,
1jSxPF2o_M0,SMARTEST MOMENTS IN LEAGUE OF LEGENDS #52,"SMARTEST MOMENTS IN LEAGUE OF LEGENDS #52 - 200 IQ Tricks, Big Brain Outplays, Creative Ability Usage and Smart ...",,,1,"['Entertainment', 'memes']",27,
FtEpp9lkfxA,Ekko: Seconds | New Champion Teaser - League of Legends,"""Some things are worth fighting for. Time and time again."" Meet League's newest champion, Ekko, the boy who shattered time.",,,1,"['Entertainment', 'memes']",27,
0cjHj0-zfTI,HOLY ****! 🔥 RISE League of Legends REACTION | Worlds 2018 Music Video,WE STREAM EVERY MONDAY 6PM CST: https://www.twitch.tv/riceandginger ‼️ ALL OF OUR UNCUT ANIME REACTIONS and ...,,,1,"['Entertainment', 'memes']",27,
ac3fMLcYVs4,Goodbye - I'm Done with League of Legends,Final KingStix Video League of Legends Season 15 KingStix 2nd Channel: https://www.youtube.com/kingstixgaming ...,,,1,"['Entertainment', 'memes']",27,
viEYBFUCjzY,2025 EMEA Masters Final | LR vs IJC | BO5,Find our schedule at https://lolesports.com/standings/emea_masters https://x.com/emeamasters ...,,,1,"['Entertainment', 'memes']",27,
bzVTONHA5h4,Feeding Frenzy | Briar Cinematic - League of Legends,"After years behind bars in Noxus, Briar is starving for some action. Video created in collaboration with Brunch Eddy. League of ...",,,1,"['Entertainment', 'memes']",27,
VB0j-0dO2FM,League of Legends but I ONLY play Teemo (NEW RANKED CLIMB! #1),Season 14 Teemo gameplay league of legends unranked to challenger #1 Join this channel to get access to perks: ...,,,1,"['Entertainment', 'memes']",27,
hECQiybsrsM,Mel Champion Spotlight | Gameplay - League of Legends,"Shift the paradigm with Mel, the Soul's Reflection. Mel Ability Rundown Page: ...",,,1,"['Entertainment', 'memes']",27,
wkihKQ7Exvo,Light and Shadow (ft. Hiroyuki Sawano) | Star Guardian Animated Trailer - League of Legends,A cosmic darkness threatens to overcome three former teammates who were thought to have perished. Star Guardian Neeko ...,,,1,"['Entertainment', 'memes']",27,
apo17to9UXU,TOP 50 MOST SATISFYING LEAGUE OF LEGENDS CLIPS OF 2024!,"TOP 50 MOST SATISFYING LEAGUE OF LEGENDS CLIPS OF 2024! - SUPER Satisfying Ultimates, Instant One Shots, Perfect ...",,,1,"['Entertainment', 'memes']",27,
F5tSoaJ93ac,Imagine Dragons & JID - Enemy (from the series Arcane: League of Legends) | Official Music Video,"Oh, the misery, everybody wants to be my ENEMY. Watch the official music video for Arcane's title track, Enemy. Arcane is coming ...",,,1,"['Entertainment', 'memes']",27,
ysOhozvT0vU,An Update To League's Mythic Shop...,"Join in to get unique emotes, badge and spoilers for future videos: ...",,,1,"['Entertainment', 'memes']",27,
sAVa467pHl8,"Hextech Chests, Rewards & More | Dev Update - League of Legends","Pabro and Meddler talk about how we're bringing back Hextech Chests, some updates to Honor, reductions in Blue Essence ...",,,1,"['Entertainment', 'memes']",27,
7Eghi9byvOw,Bite Marks,"Provided to YouTube by IIP-DDS Bite Marks · League of Legends · TEYA Bite Marks ℗ Riot Games, Inc. Released on: 2025-01-07 ...",,,1,"['Entertainment', 'memes']",27,
R4hDcd9fzRk,Legends Never Die,Provided to YouTube by IIP-DDS Legends Never Die · League of Legends · Against The Current Legends Never Die ℗ Riot ...,,,1,"['Entertainment', 'memes']",27,
4Q46xYqUwZQ,Legends Never Die (ft. Against The Current) [OFFICIAL AUDIO] | Worlds 2017 - League of Legends,"The pursuit of mastery is an endless journey, but those who persevere etch their names in history. The 2017 League of Legends ...",,,1,"['Entertainment', 'memes']",27,
XTKBYfyNMdQ,Phoenix,Provided to YouTube by IIP-DDS Phoenix · League of Legends · Cailin Russo · Chrissy Costanza Phoenix ℗ Riot Games ...,,,1,"['Entertainment', 'memes']",27,
SRupQpn_BP8,"LPL 2025 Split 2 Placements | Day 2, Group D: AL, TT, UP, RNG | Single Round Robin, Best of 1","LPL English brings you the LPL action with attention to casting and story-telling. Placements for Split 2 with Group D including iG, ...",,,1,"['Entertainment', 'memes']",27,
qaWwt-Xs3l8,TEASER #01 - New DARKIN Champion - League of Legends,"Contact: Twitter.com/BigBadBear_ If you're using information from this video, link it in your own video, please.",,,1,"['Entertainment', 'memes']",27,
JYDwTQC5TlE,Paint The Town Blue (from the series Arcane League of Legends),Provided to YouTube by Virgin Music Group Paint The Town Blue (from the series Arcane League of Legends) · Ashnikko · Arcane ...,,,1,"['Entertainment', 'memes']",27,
5-mT9D4fdgQ,Pentakill: Mortal Reminder | Official Music Video - League of Legends,"Video of Pentakill's “live musical carnage” in Bandle City, performing Mortal Reminder from the new album Grasp of the Undying, ...",,,1,"['Entertainment', 'memes']",27,
hzKI5-YmUMs,3 Minute Ashe Guide - A Guide for League of Legends,Got 3 minutes spare? Why not take a quick look at how to play Ashe Bot Lane? Discord Server: https://discord.gg/nxmaru9cCT ...,,,1,"['Entertainment', 'memes']",27,
ZcVOzAO3Gus,How Game Balance RUINED League of Legends,hope you enjoyed watching! ⮯ More Info Below ⮯ Doaenel's Socials https://www.twitch.tv/dantes ...,,,1,"['Entertainment', 'memes']",27,
QD7cA5xFGvQ,TEEMO IS THE FINAL BOSS OF LEAGUE OF LEGENDS (PENTA BURN SHROOMS),Season 14 Teemo gameplay league of legends Join this channel to get access to perks: ...,,,1,"['Entertainment', 'memes']",27,
IzMnCv_lPxI,Welcome to League of Legends | Official Cinematic,"League of Legends® is a fast-paced, competitive online game that blends the speed and intensity of an RTS with RPG elements.",,,1,"['Entertainment', 'memes']",27,
qYIiy03eGE0,Welcome to Planet Urf | Login Screen - League of Legends,LYRICS: URF URF URF URF URF URF URF URF URF URF URF URF URF URF URF URF URF URF URF URF URF URF URF ...,,,1,"['Entertainment', 'memes']",27,
O4PDzBnBMU4,Xayah and Rakan: Wild Magic | New Champion Teaser - League of Legends,Restoring the wild magic of Ionia won't be easy when a deadly enemy lurks in the shadows. Bios & Short Stories: ...,,,1,"['Entertainment', 'memes']",27,
kA0Ywk7sQLg,Animation vs. League of Legends (official),"Stick figures on a desktop screen become champions, fight jungle monsters, the Dragon, and ... the purple stick figure? 50% ...",,,1,"['Entertainment', 'memes']",27,
RlKps5h7d7g,"How the ""Worst"" Item is SECRETLY Breaking League of Legends","⇩ More Information ⇩ // VIEWER SUPPORT Special thanks to Phazex, Cyber XY, Tareyus, Helamg, Daemoss420 and all River ...",,,1,"['Entertainment', 'memes']",27,
iKTWwCzfYP4,Patch 25.07 Yorick Update Preview | League of Legends,"0:00 - Intro 8:43 - W changes 10:20 - Mist Walkers 22:09 - Self-reliance and team fighting 25:40 - Misc. balance, quality of life, and ...",,,1,"['Entertainment', 'memes']",27,
#NAME?,Season One Check-in | Dev Update - League of Legends,"Pabro and Meddler share some insight on our decision to remove Hextech Chests, talk about some upcoming changes to the ...",,,1,"['Entertainment', 'memes']",27,
_3GM8N8yl8o,The Difference Between GOOD and BAD Mid Laners - League of Legends,What is Skill Capped? Skill Capped has one goal in mind: help YOU become a BETTER player FAST! We create guides that ...,,,1,"['Entertainment', 'memes']",27,
Wyyo5uBeRxE,GWEN ALL ABILITIES NEW CHANGES - League of Legends,"GWEN ALL ABILITIES NEW CHANGES - League of Legends. Gwen got a mini rework on the PBE right now, with changes to ...",,,1,"['Entertainment', 'memes']",27,
7S4oyTJD8Pg,The Current State of League of Legends,TYLER1 IS STREAMING EVERYDAY: https://twitch.tv/loltyler1 ▻ YouTube - https://www.youtube.com/@TYLER1LOL ...,,,1,"['Entertainment', 'memes']",27,
T0NxjOjlsgA,20 Minutes of INSANE ADC Plays,"... a League of Legends / LoL Montage To submit your LOL Play, please visit our website: https://submit.protatomonster.com/lol ...",,,1,"['Entertainment', 'memes']",27,
vzNcSvKCOyA,As We Fall | Varus Music Video - League of Legends,Witness the incarnation of vengeance. Part 2 of the Retribution arc. PART ONE AND THREE OF THE RETRIBUTION ARC HERE: ...,,,1,"['Entertainment', 'memes']",27,
apo17to9UXU,TOP 50 MOST SATISFYING LEAGUE OF LEGENDS CLIPS OF 2024!,"TOP 50 MOST SATISFYING LEAGUE OF LEGENDS CLIPS OF 2024! - SUPER Satisfying Ultimates, Instant One Shots, Perfect ...",,,1,"['Entertainment', 'memes']",27,
yfh59mtCZO4,Tell Me About...League of Legends Lore,Curious how Arcane connects to League of Legends? Wondering where it's all going?! Today's guest @Necrit is here to help me ...,,,1,"['Entertainment', 'memes']",27,
DTBH21hEnM8,League of Legends- Legends Never Die (Lyrics) (Ft. Against The Current),Subscribe To ReLike Vibes For New Music! ReLike Vibes (Instagram) https://www.instagram.com/relikevibesmusic/ ReLike Vibes ...,,,1,"['Entertainment', 'memes']",27,
4UprHuO_zCc,Miyavi & PVRIS - Snakes | Arcane League of Legends | Riot Games Music,"Get ready to fight with PVRIS and Miyavi's ""Snakes"" off the Arcane Original Soundtrack. Riot Games presents Arcane, a new ...",,,1,"['Entertainment', 'memes']",27,
xIWsch7cumQ,HOUNDS OF IRON | Naafiri Cinematic - League of Legends,"Her pack will always find the lone prey. So, the choice is yours: starve or feast. Video created in collaboration with We Are Royale.",,,1,"['Entertainment', 'memes']",27,
Vw8jr8AN-F4,What Happened Behind the Scenes in Korea? | Team Liquid Honda League of Legends,"We reached First Stand in South Korea after winning an LTA in Brazil. We won the first match against Karmine Corp, and lost ...",,,1,"['Entertainment', 'memes']",27,
wt7GZEoEvDY,How I Found The Deadliest League of Legends Combo (on a champion no one plays),Click this link https://sponsr.is/bootdev_Hoompty and use my code HOOMPTY to get 25% off your first payment for boot.dev.,,,1,"['Entertainment', 'memes']",27,
YEcdIGfwLVw,Why YOU SUCK at TOP LANE (And How To Fix It) - League of Legends,What is Skill Capped? Skill Capped has one goal in mind: help YOU become a BETTER player FAST! We create guides that ...,,,1,"['Entertainment', 'memes']",27,
N7TAziwJGwI,"15 Minutes ""FAST REFLEXES"" in League of Legends","15 Minutes ""FAST REFLEXES"" in League of Legends - Insane Dodges, Jukes, Inhuman Reaction Time and Pro Reflex Moments ...",,,1,"['Entertainment', 'memes']",27,
0AvWV6Mk374,The Curse of the Sad Mummy | Amumu Music Video - League of Legends,"Every child in Valoran has heard the tale before, About the cursed mummy boy who felt his heart no more. Unravel the fable of ...",,,1,"['Entertainment', 'memes']",27,
5EqqCtJ6sP0,Arcane: The Complete League of Legends Lore Timeline Explained,"Welcome to the ultimate lore breakdown of Arcane and League of Legends! Set on the planet of Runeterra, the world where all ...",,,1,"['Entertainment', 'memes']",27,
f0QNyp-t7kI,I Tried The NEW League of Legends Cardgame... - The Demon's Hand,Edited by: Shadoka #thebazaar #PlayTheBazaar #Snnuy.,,,1,"['Entertainment', 'memes']",27,
3stUP4xDggc,NEW LEBLANC ASU REWORK GAMEPLAY - HOW TO PLAY LEBLANC MID | Best Build & Runes | League of Legends,LeBlanc Rework Update 2025 ASU New Model FVX Visual Rework Mid Gameplay Guide Season 15 League of Legends PBE ...,,,1,"['Entertainment', 'memes']",27,
D4L0OkSrsI8,Kin of the Stained Blade | Spirit Blossom 2020 Cinematic - League of Legends,Not forgiven. Not forgotten. See the story of brothers torn asunder. Created in partnership with: Directed by Haolin Haoliners ...,,,1,"['Entertainment', 'memes']",27,
NLz2T9bUtPA,How Arcane RUINED League of Legends,hope you enjoyed watching! ⮯ More Info Below ⮯ Doaenel's Socials https://www.twitch.tv/dantes ...,,,1,"['Entertainment', 'memes']",27,
1jSxPF2o_M0,SMARTEST MOMENTS IN LEAGUE OF LEGENDS #52,"SMARTEST MOMENTS IN LEAGUE OF LEGENDS #52 - 200 IQ Tricks, Big Brain Outplays, Creative Ability Usage and Smart ...",,,1,"['Entertainment', 'memes']",27,
4r2XfYv_s2U,He Broke 2 Different Roles By Being Extremely Overpowered - League of Legends Kha'Zix History,"Today, let's talk about the complete history of Kha'Zix, one of League of Legends",,,1,"['Entertainment', 'memes']",27,
MDErQ1KTzaI,"HEARTSTEEL - PARANOIA ft. BAEKHYUN, tobi lou, ØZI, and Cal Scruby (Official Music Video)","breakout stars HEARTSTEEL is a band. kayn, ezreal, sett, yone, k'sante, and aphelios are in it. “PARANOIA” features BAEKHYUN ...",,,1,"['Entertainment', 'memes']",27,
O4mT8wBkQ2A,The most TOXIC bot lane in League of Legends... (NEVER ENDING SNARE CHAIN),The most TOXIC bot lane in League of Legends... (NEVER ENDING SNARE CHAIN) League of Legends season 14 Morgana ...,,,1,"['Entertainment', 'memes']",27,
brNGDA5R048,What is League of Legends? Told by Nevercake,We asked Nevercake to help us explain League of Legends.,,,1,"['Entertainment', 'memes']",27,
9Zub8agQjrw,"Pantheon, the Unbreakable Spear | Champion Theme - League of Legends","Listen to the official champion theme for Pantheon, the Unbreakable Spear, and watch some of the process behind his base and ...",,,1,"['Entertainment', 'memes']",27,
HePKiHnpyKE,I Watched EVERY League of Legends cinematic. Now I’m an expert.,#ludwig.,,,1,"['Entertainment', 'memes']",27,
y288mMvRkd0,What happens when the Rank 1 Xerath plays Arena... (SKILLED SNIPER AUGMENT),(SKILLED SNIPER AUGMENT) League of Legends season 15 Arena Xerath Gameplay! Check out my website!: https://www.,,,1,"['Entertainment', 'memes']",27,
kjBo6jNKfPw,ULTIMATE Beginner's Guide to League of Legends,Want to watch or play League of Legends (or any MOBA) and don't understand what's going on? That's what this video is for!,,,1,"['Entertainment', 'memes']",27,
u0MJmiu2Ho0,50 INCREDIBLE HERO SAVES IN LEAGUE OF LEGENDS,"50 INCREDIBLE HERO SAVES IN LEAGUE OF LEGENDS - Best Support Saves, Game Saving Clutches, Perfect Blocks and ...",,,1,"['Entertainment', 'memes']",27,
ZWIIY5-Z6aw,LPL English Live | Split 2 Placements Day 2 with Nymaera & Initialise,... for League of Legends highlights! We create: LPL highlights LCK highlights LEC highlights LTA highlights First Stand highlights ...,,,1,"['Entertainment', 'memes']",27,
bJSNl-7Mf54,How 1 Comment Shattered 10000 Hours of League of Legends Experience AGAIN,"⇩ More Information ⇩ // VIEWER SUPPORT Special thanks to Phazex, Cyber XY, Tareyus, Helamg, Daemoss420 and all River ...",,,1,"['Entertainment', 'memes']",27,
Uno2lylUdF8,"2WEI, Louis Leibfried, Edda Hayes - The Call (Official 2022 League of Legends Cinematic)","The Call | League of Legends (with 2WEI, Louis Leibfried & Edda Hayes) ""The Call"" Written by: 2WEI, Mr. Herms, Louis Leibfried ...",,,1,"['Entertainment', 'memes']",27,
8QkVYl4r42U,Tales of Runeterra: Don't Mess With Yordles | League of Legends: Wild Rift,"Wanna go cause a ruckus? When Teemo goes missing, Tristana finds plenty of volunteers to help bring him home to Bandle ...",,,1,"['Entertainment', 'memes']",27,
sVZpHFXcFJw,"True Damage - GIANTS (ft. Becky G, Keke Palmer, SOYEON, DUCKWRTH, Thutmose) | League of Legends","We're wide awake now. Listen to True Damage's debut single “GIANTS,” as seen at Worlds 2019. Formed by K/DA's rapper Akali ...",,,1,"['Entertainment', 'memes']",27,
9zz5X1uwKcM,Light & Shadow Hiroyuki Sawano feat. Gemie ~Star Guardian 2019 Theme Song(League of Legends),"Hiroyuki Sawano and Gemie are performers for theme song of ""Star Guardian 2019"" event for League of Legends. Vocals by ...",,,1,"['Entertainment', 'memes']",27,
XCeskr671o8,How This Cow Broke League of Legends,League of Legends has had many broken champions throughout it's history. One champion who is almost never mentioned.. is ...,,,1,"['Entertainment', 'memes']",27,
wHRUDL7GKmI,RISE Remix (ft. BOBBY (바비) of iKON) | Worlds 2018 - League of Legends,Reaching the peak takes more than skill. Only those with the ambition to RISE above all others will know its height. For more ...,,,1,"['Entertainment', 'memes']",27,
oorajmbSJUM,Burning Bright | Star Guardian Music Video - League of Legends,Star Guardians can only defeat the darkness that spreads across the universe if they stand together. They will fight as one or fall ...,,,1,"['Entertainment', 'memes']",27,
P7yMtk7Pz0k,TOP 50 SMARTEST LEAGUE OF LEGENDS MOMENTS OF 2024!,"TOP 50 SMARTEST LEAGUE OF LEGENDS MOMENTS OF 2024! - The Best 200 IQ Outplays, Creative Escapes, Big Brain Jukes, ...",,,1,"['Entertainment', 'memes']",27,
FGlhWPwrkDg,Tales of Runeterra: Noxus | “After Victory” - League of Legends,"Darius and his victorious warhosts demand that the king of Urtis surrender his throne, offering every citizen—from the highest ...",,,1,"['Entertainment', 'memes']",27,
1mphZ7h9B-I,Why NO ONE Plays League Of Legends,League of Legends has become the newest target of ensh*ttification as of late. Following a series of reprehensible decisions ...,,,1,"['Entertainment', 'memes']",27,
oJAH9Oaxms0,SATISFYING MOMENTS IN LEAGUE OF LEGENDS,"SATISFYING MOMENTS IN LEAGUE OF LEGENDS - SUPER Satisfying Ultimates, Instant One Shots, Perfect Pentakills and ...",,,1,"['Entertainment', 'memes']",27,
w88d-uKh_Uw,Bones UK - Dirty Little Animals | Arcane League of Legends | Riot Games Music,"Indulge yourself in the Undercity with Bones UK ""Dirty Little Animals"" off the Arcane Original Soundtrack. Riot Games presents ...",,,1,"['Entertainment', 'memes']",27,
vOwVTtoR-9E,Take Over,Provided to YouTube by IIP-DDS Take Over · League of Legends · Jeremy McKinnon of A Day To Remember · MAX · Henry Take ...,,,1,"['Entertainment', 'memes']",27,
T8A4TSaG5Ik,NAAFIRI JUNGLE IN THE LPL | RNG vs UP | LPL SUMMER 2025,OPEN me (ง •̀_•́)ง Subscribe To New IWD Clips Channel ...,,,1,"['Entertainment', 'memes']",27,
z4jpoDpXbCc,Exploring Old League of Legends (13 Years Later),From old game modes like Dominion and Twisted Treeline. Riot Games releasing a champion every two weeks. We take a look ...,,,1,"['Entertainment', 'memes']",27,
jNn2F39G-6s,Fiddlesticks: Terror in Demacia | Champion Update Trailer - League of Legends,An ancient fear awakens. League of Legends Sign Up & Download https://signup.leagueoflegends.com/,,,1,"['Entertainment', 'memes']",27,
#NAME?,How to ATTACK MOVE & KITE like a PRO - League of Legends,What is Skill Capped? SkillCapped has one goal in mind: help you become a better,,,1,"['Entertainment', 'memes']",27,
0PGUiSQFsTc,Fight for Final City | Anima Squad 2024 Cinematic - League of Legends,"When Anima Squad stands together, the Primordians don't stand a chance. Grab your own squad and dive into League's newest ...",,,1,"['Entertainment', 'memes']",27,
lP50yh7zX1A,"Highlights | First Stand Tournament, Day 7 – ALL GAMES | League of Legends",It's the final showdown – which team will conquer chaos and stand at the top? Tune into #FST2025 live at https://lolesports.com!,,,1,"['Entertainment', 'memes']",27,
EcwLGLBS2cE,"Forts, Tiffany Aris, 2WEI - Still Here (Official 2024 League of Legends Cinematic)","Credits: Featured artists: Forts, Tiffany Aris, 2WEI Music by: Kole Hicks, 2WEI Lyrics by: Mary Clare Clemons (Forts) Written by: ...",,,1,"['Entertainment', 'memes']",27,
3zx1PwFXFdQ,"Season 1 Reveal, Gameplay Preview & Ranked Resets | Dev Update - League of Legends","Pabro, Meddler, and other members of the dev team share the theme for Season One of 2025 and talk about an upcoming Arcane ...",,,1,"['Entertainment', 'memes']",27,
Bi0TAnlGFyg,A Raiz do Império | Origens de Noxus – League of Legends,"LeBlanc planeja há séculos. Agora, sua conspiração floresce. Vídeo criado em parceria com Little Zoo. League of Legends ...",,,1,"['Entertainment', 'memes']",27,
aRBe7v5gkxM,RIOT CREATED THE BEST JUNGLER! NAAFIRI REWORK IS 100% BROKEN,League of Legends Season 15 Naafiri Gameplay ◇ DARK HARVEST KHA'ZIX 1-SHOTS ARE BACK (17 kills banger) ...,,,1,"['Entertainment', 'memes']",27,
o6VZTTnRDQc,This is Why People Hate League of Legends Players,"Giligan loves his lionheart helms Get 5% off any RestedXP Guide using code ""rav"" with this link: ...",,,1,"['Entertainment', 'memes']",27,
cdjn0dJe5h8,Why NO ONE Plays: Kassadin | League Of Legends,Kassadin used to be one of the most terrifying champions in League Of Legends history owing to his extreme dominance back in ...,,,1,"['Entertainment', 'memes']",27,
dpdWuM4SZdc,Phoenix - Opening Ceremony Presented by Mastercard | 2019 World Championship Finals,The Opening Ceremony performance of Phoenix by Cailin Russo and Chrissy Costanza at the 2019 League of Legends World ...,,,1,"['Entertainment', 'memes']",27,
hHLqZPXZuX0,LEAGUE OF LEGENDS BR CHALLEnGER - !cortes !elo !pro !runa !pix,INSCREVA-SE no canal para não perder novos vídeos! ✨ Me siga para ficar por dentro das novidades! ➤ Stream: site ...,,,1,"['Entertainment', 'memes']",27,
oKt58b7AwJc,Tales of Runeterra: Demacia | “Before Glory” - League of Legends,"Two aspiring young warriors sneak into a Demacian training arena, hoping to walk in the footsteps of their heroes, Garen ...",,,1,"['Entertainment', 'memes']",27,
UQBwlhAm6Yk,POP/STARS,Provided to YouTube by IIP-DDS POP/STARS · K/DA · Madison Beer · (G)I-DLE · Jaira Burns · League of Legends POP/STARS ...,,,1,"['Entertainment', 'memes']",27,
ZfH9woZVglI,LEAGUE IS GETTING A NEW ENGINE - League of Legends,"LEAGUE IS GETTING A NEW ENGINE - League of Legends. That ""2025 will change League forever"" statement was actually ...",,,1,"['Entertainment', 'memes']",27,
oNkT_aZWySA,Fire to the Fuse (Ft. Jackson Wang) | Official Empyrean Cinematic - League of Legends x 88rising,"Driven by an endless need for revenge, Pyke hunts down other versions of himself across dimensions. After each kill, the ...",,,1,"['Entertainment', 'memes']",27,
ZjvDFvzfxsQ,Senna: Shadow’s Embrace | Champion Animated Trailer - League of Legends,Those trapped in darkness need light the most. Music by Riot Music Team. Additional production by The Crystal Method.,,,1,"['Entertainment', 'memes']",27,
JD6_5FLa0J4,40 SATISFYING PENTAKILLS IN LEAGUE OF LEGENDS,"40 SATISFYING PENTAKILLS IN LEAGUE OF LEGENDS - Perfect Pentakill Moments, 1v5 Team Wipes, 200 IQ Outplays and Best ...",,,1,"['Entertainment', 'memes']",27,
7ApQTZxE5WM,SMARTEST MOMENTS IN LEAGUE OF LEGENDS #49,"SMARTEST MOMENTS IN LEAGUE OF LEGENDS #49 - 200 IQ Tricks, Big Brain Outplays, Creative Ability Usage and Smart ...",,,1,"['Entertainment', 'memes']",27,
cwmcYGyQoeM,This Is Carrying League of Legends,"Join in to get unique emotes, badge and spoilers for future videos: ...",,,1,"['Entertainment', 'memes']",27,
a8h1BTe45AU,Absolution | Sentinels of Light 2021 Cinematic - League of Legends,"Two souls entwined by fate. One life for the other's freedom. Journey to the end in Rise of the Sentinels, a narrative adventure ...",,,1,"['Entertainment', 'memes']",27,
DHnl4hPbizw,Burn It All Down,Provided to YouTube by IIP-DDS Burn It All Down · League of Legends · PVRIS Burn It All Down ℗ 2021 Riot Games Released ...,,,1,"['Entertainment', 'memes']",27,
KhxVE1w3nhw,THE LEBLANC REWORK IS HERE AND IT'S AMAZING! (NEW MODEL & SKINS),Season 14 Leblanc gameplay league of legends Join this channel to get access to perks: ...,,,1,"['Entertainment', 'memes']",27,
QjJY7MISJxI,"NEW NEXUS, TOWERS & INHIBITORS SKINS - League of Legends (Black Rose)","NEW NEXUS, TOWERS & INHIBITORS SKINS - League of Legends. The Nexus, Turrets and Inhibitors structures got a visual ...",,,1,"['Entertainment', 'memes']",27,
WFkZjTCxVPc,GIANTS - Opening Ceremony Presented by Mastercard | 2019 World Championship Finals,"The Opening Ceremony performance of True Damage - GIANTS at the 2019 League of Legends World Championship in Paris, ...",,,1,"['Entertainment', 'memes']",27,
3jfI-z__GY0,Bea Miller - Playground | Arcane League of Legends | Riot Games Music,"Wander through the Lanes of Zaun with Bea Miller's ""Playground"" off the Arcane Original Soundtrack. Riot Games presents ...",,,1,"['Entertainment', 'memes']",27,
jpX_6xDWZc4,Jinx ADC Gameplay Guide | ADC Unranked to Master #15 | League of Legends,0:00:00 - Jinx vs Caitlyn 0:26:06 - Jinx vs Kai'Sa 0:54:41 - Jinx vs Caitlyn 1:23:19 - Jinx vs Corki 1:41:15 - Jinx vs Ashe 2:08:01 ...,,,1,"['Entertainment', 'memes']",27,
1IGYi2OEulA,League of Legends: It’s time for a REAL challenge - by Nevercake,"Check out the game battle-royale players are flocking to. Get good at the most challenging, most rewarding, most hardest game ...",,,1,"['Entertainment', 'memes']",27,
liPu1_aPH5k,Sting - What Could Have Been | Arcane League of Legends | Riot Games Music,"Here's to the new us. Listen to Sting's ""What Could Have Been"" ft. Ray Chen off the Arcane Original Soundtrack. Riot Games ...",,,1,"['Entertainment', 'memes']",27,
OhcjMTCJbtg,SMARTEST MOMENTS IN LEAGUE OF LEGENDS #42,"SMARTEST MOMENTS IN LEAGUE OF LEGENDS #42 - 200 IQ Tricks, Big Brain Outplays, Creative Ability Usage and Smart ...",,,1,"['Entertainment', 'memes']",27,
omgSWqwVTjY,Ramsey - Goodbye | Arcane League of Legends | Riot Games Music,"Relive the final moments of Arcane's first act with Ramsey's ""Goodbye"" off the Arcane Original Soundtrack. Riot Games presents ...",,,1,"['Entertainment', 'memes']",27,
FBrBYCwCsY4,New INSANE Exploit in League of Legends...,Imagine if that happens in your Ranked. My mind still can't comprehend how this is possible. ➤ Send me your replays here: ...,,,1,"['Entertainment', 'memes']",27,
ighper0PCYU,The biggest change to Singed in League of Legends HISTORY...,The biggest change to Singed in League of Legends HISTORY... League of Legends season 15 Singed gameplay! Stream: ...,,,1,"['Entertainment', 'memes']",27,
vzPl2nhgbEs,League of legends - Warriors (Lyrics) feat. Imagine Dragons,League of legends - Warriors (Lyrics) feat. Imagine Dragons Turn on notifications to stay updated with new uploads! League ...,,,1,"['Entertainment', 'memes']",27,
o69dtlznmug,Ambessa: The Matriarch of War | Champion Trailer - League of Legends,You think yourself a wolf? Prove it. Ambessa is now live and ready to conquer the Rift. Created in partnership with We Are Royale.,,,1,"['Entertainment', 'memes']",27,
zYd8D804bT0,BRAUMIX | League of Legends Champion Remix,**Created in collaboration with Riot Games** #braumix #champremix #braumsong #braum.,,,1,"['Entertainment', 'memes']",27,
O3jAHG1CY8w,"Highlights | First Stand Tournament, Day 4 – ALL GAMES | League of Legends",CFO and HLE are kicking the chaos into high gear – but can they drive it home? Tune into #FST2025 live at https://lolesports.com!,,,1,"['Entertainment', 'memes']",27,
wxPEpR5WSNI,Why you SHOULD play League of Legends.,"Why you should play league of legends, pretty self explanatory video, IDK if it needs a description. Hope you like it.",,,1,"['Entertainment', 'memes']",27,
E58Pd1LlhiM,FUNNIEST MOMENTS IN LEAGUE OF LEGENDS #45,"FUNNIEST MOMENTS IN LEAGUE OF LEGENDS #45 - Best Fails, Funny WTF Moments, Bronze Flash and Iron Plays in a LoL ...",,,1,"['Entertainment', 'memes']",27,
TDhg6pnrTRs,Every Easiest and Hardest Champions in League of Legends - Chosen by You!,Here are the easiest and hardest champions in League of Legends Chosen by you! I also am going over EVERY single champion ...,,,1,"['Entertainment', 'memes']",27,
xRjtQIWv_P0,"What happens when Cho'Gath hits 20,000 health in Arena? (THE FINAL BOSS OF 2V2)",(THE FINAL BOSS OF 2V2) League of Legends season 15 Arena Cho'Gath Gameplay! Check out my website!: https://www.,,,1,"['Entertainment', 'memes']",27,
rTpi3usSkGI,How One Item Broke League of Legends,Ardent Censer is one of the most broken items in League of Legends history. This video tells the story of how Ardent Censer ...,,,1,"['Entertainment', 'memes']",27,
EdF_NmpQeJU,League of Legends Is In Trouble...,"Join in to get unique emotes, badge and spoilers for future videos: ...",,,1,"['Entertainment', 'memes']",27,
2Yr3sKPi8mM,Curtis Harding ft. Jazmine Sullivan - Our Love | Arcane League of Legends | Riot Games Music,"Have a drink at the Last Drop and enjoy Curtis Harding & Jazmine Sullivan's ""Our Love"" off the Arcane Original Soundtrack.",,,1,"['Entertainment', 'memes']",27,
GqeViQ0_mnk,100T vs TL - 2025 LTA Split 1 Finals,"The LTA Americas Stage is here! The top four teams in the LTA North - 100 Thieves, Cloud9 Kia, Flyquest, and team Liquid - take ...",,,1,"['Entertainment', 'memes']",27,
pKNEx-9OqRM,Woodkid - Guns for Hire | Arcane League of Legends | Riot Games Music,"Kiss your perfect day goodbye. Listen to Woodkid's ""Guns for Hire"" off the Arcane Original Soundtrack. Riot Games presents ...",,,1,"['Entertainment', 'memes']",27,
9mv5mQaH5BY,The Most Misunderstood Tank Item in League of Legends,"⇩ More Information ⇩ // VIEWER SUPPORT Special thanks to Phazex, Cyber XY, Tareyus, Helamg, Daemoss420 and all River ...",,,1,"['Entertainment', 'memes']",27,
#NAME?,How A Cat Killed Competitive League of Legends,"Meet League of Legends most tragic champion. The most controversial, and most disliked, champion of all time. This video is ...",,,1,"['Entertainment', 'memes']",27,
RkID8_gnTxw,"K/DA - THE BADDEST ft. (G)I-DLE, Bea Miller, Wolftyla (Official Lyric Video) | League of Legends",Follow @KDA_MUSIC on Twitter and Instagram for daily updates. Call it a flex. Witness K/DA's comeback with their pre-release ...,,,1,"['Entertainment', 'memes']",27,
J5CDQF16AQM,Bridge of Progress: ARAM Trailer | Gameplay - League of Legends,"Welcome, citizens, to the Bridge of Progress. Play ARAM in the world of Arcane with a brand new map and powerful buffs from ...",,,1,"['Entertainment', 'memes']",27,
Td_C1k0x8-c,Arcane One Hour Playlist (League of Legends),Arcane One Hour Playlist (League of Legends) Playlist: 00:00 Woodkid_“To_Ashes_and_Blood”_from_Arcane_Season_2 04:05 ...,,,1,"['Entertainment', 'memes']",27,
2izFdDROOcw,SMARTEST MOMENTS IN LEAGUE OF LEGENDS #44,"SMARTEST MOMENTS IN LEAGUE OF LEGENDS #44 - 200 IQ Tricks, Big Brain Outplays, Creative Ability Usage and Smart ...",,,1,"['Entertainment', 'memes']",27,
1F3OGIFnW1k,"Stromae, Pomme - “Ma Meilleure Ennemie” (from Arcane Season 2) [Official Visualizer]","Je t'aime, je te hais, je t'aime, je te hais Je t'aime, je te hais, je t'aime, je te hais Je t'aime, je te hais, je t'aime, je te hais Je t'aime, ...",,,1,"['Entertainment', 'memes']",27,
8gr18RLwS8g,NEW TIER LIST for PATCH 25.5 - League of Legends,What is Skill Capped? Skill Capped has one goal in mind: help YOU become a BETTER player FAST! We create guides that ...,,,1,"['Entertainment', 'memes']",27,
p9oDlvOV3qs,POP/STARS - Opening Ceremony Presented by Mastercard | Finals | 2018 World Championship,"The Opening Ceremony performance of K/DA - POP/STARS at the 2018 League of Legends World Championship in Incheon, ...",,,1,"['Entertainment', 'memes']",27,
#NAME?,The characters of Arcane in League of Legends.,"In the dark corners of Zaun, where crime and chaos reign, a trio of young women grow — Jinx, Vi, and Powder. Jinx, with her ...",,,1,"['Entertainment', 'memes']",27,
Bktvy2CTbJg,La racine de l'empire | Les origines de Noxus – League of Legends,LeBlanc complote depuis des siècles. Sa sombre conspiration peut à présent éclore. Vidéo créée en partenariat avec Little Zoo.,,,1,"['Entertainment', 'memes']",27,
8sekyV_o2pM,Marcus King - “Sucker” (from Arcane Season 2) [Official Visualizer],"No red rose on your grave, you poor sucker One by one, all these bloodhounds keep coming Sleep in the casket you made, ...",,,1,"['Entertainment', 'memes']",27,
qJcM_V-cDWg,The League of Legends Mechanic No One Thought Could Be Used,"⇩ More Information ⇩ // VIEWER SUPPORT Special thanks to Phazex, Cyber XY, Tareyus, Helamg, Daemoss420 and all River ...",,,1,"['Entertainment', 'memes']",27,
eMAVlgHBvHM,LEAGUE OF LEGENDS: BALATRO,League of Legends just released a roguelike in-client game mode that really resembles Balatro... Let's play it! BECOME A ...,,,1,"['Entertainment', 'memes']",27,
4UzNByW47qc,Come Play (from the series Arcane League of Legends),Provided to YouTube by Virgin Music Group Come Play (from the series Arcane League of Legends) · Stray Kids · Young Miko ...,,,1,"['Entertainment', 'memes']",27,
AUXPv4hSv1A,The Demon's Hand - League of Legends Mini-Game Trailer,"Contact: Twitter.com/BigBadBear_ If you're using information from this video, link it in your own video, please.",,,1,"['Entertainment', 'memes']",27,
IOk2oD9rfbk,NEW TIER LIST for PATCH 14.21 - League of Legends,What is Skill Capped? Skill Capped has one goal in mind: help YOU become a BETTER player FAST! We create guides that ...,,,1,"['Entertainment', 'memes']",27,
LMcOOPQgyMQ,REALLY SATISFYING MOMENTS IN LEAGUE OF LEGENDS,"REALLY SATISFYING MOMENTS IN LEAGUE OF LEGENDS - SUPER Satisfying Ultimates, Instant One Shots, Perfect Pentakills ...",,,1,"['Entertainment', 'memes']",27,
9kbi3v6g5zQ,Tyler1’s Rage Quit Days Are Over?! LoL Daily Moments Ep 2157,"Buy me a coffee: https://buymeacoffee.com/hiimcoconut Welcome to Hi im Coconut,",,,1,"['Entertainment', 'memes']",27,
OPd7P6geTos,ALL DARIUS SKINS SPOTLIGHT 2025 | League of Legends,"ALL DARIUS SKINS SPOTLIGHT 2025 | League of Legends This video contains skins spotlight for all Darius skins, the latest ...",,,1,"['Entertainment', 'memes']",27,
zhJpERLXXM8,"What Happens When Pro Players ""Mis-Click""? | League of Legends",League of Legends has been hosting professional tournaments for well over a decade at this point. During this time we've seen ...,,,1,"['Entertainment', 'memes']",27,
mP3fGkpmVM0,Legends Never Die - Opening Ceremony | 2017 World Championship Finals,"The Opening Ceremony of the 2017 League of Legends World Championship Finals in Beijing, China, featuring Against The ...",,,1,"['Entertainment', 'memes']",27,
Gj-jmBi0aK8,Woodkid - “To Ashes and Blood” (from Arcane Season 2) [Official Visualizer],You walk along the edge of danger And it will change you Why would you let this voice set in your head It is meant to destroy you ...,,,1,"['Entertainment', 'memes']",27,
XC5wSIuaY5E,April Fools Skins | PBE Preview 15.7,00:00 Shaco - Legendary 00:59 Urgot 01:27 Braum 01:52 Naafiri 02:18 Pool Party Malphite.,,,1,"['Entertainment', 'memes']",27,
Vr-lAFz5j_I,How 200 IQ LOL Players WIN GAMES...,"How 200 IQ LOL Players WIN GAMES... Creative Plays, Tricks, Big Brain Outplays and Smartest Moments in a League of Legends ...",,,1,"['Entertainment', 'memes']",27,
KyNC4rDbjtI,How Faker Beat League of Legends,"Faker is one of the best League of Legends players of all time. Not only that, the T1 roster that played in Worlds 2024 may be the ...",,,1,"['Entertainment', 'memes']",27,
3FLkw-R7VV4,Battle Academia Kayn Skin Spotlight - Pre-Release - PBE Preview - League of Legends,"Skin name is CONFIRMED as Battle Academia Kayn, particles & SFX may not be final. Check out the other skins in this cycle.",,,1,"['Entertainment', 'memes']",27,
E810LzAFZe4,When Swain becomes a literal FIRE LORD in Arena... (ALL MY BURNS CAN CRIT),(ALL MY BURNS CAN CRIT) League of Legends season 15 Arena Swain Gameplay! Check out my website!: https://www.,,,1,"['Entertainment', 'memes']",27,
37mZXC-Bh74,Volibear but I melt your entire team with chain lightning (PENTAKILL IN SECONDS),Volibear but I melt your entire team with chain lightning (PENTAKILL IN SECONDS) League of Legends season 15 Volibear ...,,,1,"['Entertainment', 'memes']",27,
jVKNzaqvbKQ,The Story of League's Most Broken Champion,"In League of Legends, Kassadin is known as one of the most overpowered champions of all time. This video covers the story of ...",,,1,"['Entertainment', 'memes']",27,
TsS98Vma4-g,Riots Idiotic Greed might actually Kill League of Legends - The Hextech Chest Situation,Business Inquiries: Rav@mythictalent.com 2nd Channel (Variety Videos): ...,,,1,"['Entertainment', 'memes']",27,
GJnkmsZWUdE,The Nightmare Patch that Broke League of Legends,"One of League of Legend's most infamous patches is the 2015 Juggernaut Update, which released right before Worlds 2015.",,,1,"['Entertainment', 'memes']",27,
QTfK8bCHuvs,MORE,... to YouTube by IIP-DDS MORE · K/DA · Madison Beer · (G)I-DLE · Lexie Liu · Jaira Burns · Seraphine · League of Legends ALL ...,,,1,"['Entertainment', 'memes']",27,
61lPOxWb7jk,Can League of Legends Impress a New Player in 1 Day?,"Can League of Legends Impress a New Player in 1 Day? In a competitive gaming landscape full of Competitive Online Games, ...",,,1,"['Entertainment', 'memes']",27,
fXDU4pRm8t4,Ezreal but I stack lifesteal and every Q heals me to full health... (VAMPIRE EZREAL),(VAMPIRE EZREAL) League of Legends season 15 Ezreal Gameplay! Check out my website!: https://www.Zwag.gg Follow my ...,,,1,"['Entertainment', 'memes']",27,
-12tbvUv1pQ,Baus just proved he's no longer a meme,... https://share.tapin.gg/RIVALMARCH In this video we cover the 2025 NLC League of Legends,,,1,"['Entertainment', 'memes']",27,
LNF0bol5LxM,First Stand Tournament 2025 | Grand Finals,"First Stand Tournament 2025 - LIVE from LoL Park, in Seoul, South Korea. Round Robin Stage: March 10-14 Knockout Stage: ...",,,1,"['Entertainment', 'memes']",27,
TduDMrV_moA,SMARTEST MOMENTS IN LEAGUE OF LEGENDS #51,"SMARTEST MOMENTS IN LEAGUE OF LEGENDS #51 - 200 IQ Tricks, Big Brain Outplays, Creative Ability Usage and Smart ...",,,1,"['Entertainment', 'memes']",27,
#NAME?,"Twenty One Pilots, D4VD, Royal & The Serpent Perform Music from Arcane: League of Legends (TGA 2024)","Watch Twenty One Pilots, D4VD, and Royal & The Serpent perform music from Arcane: League of Legends at The Game Awards ...",,,1,"['Entertainment', 'memes']",27,
uiz7EsMPsuw,NewJeans (뉴진스) - GODS | Worlds 2023 Finals Opening Ceremony Presented by Mastercard,"Watch the live performance of GODS by NewJeans during the Worlds 2023 Finals Opening Ceremony. For all things Worlds, visit ...",,,1,"['Entertainment', 'memes']",27,
crwcXwFUJy8,TOP 50 BEST LOL ESPORTS MOMENTS OF 2024!,"Best Pro Player Outplays, Pentakills, 200 IQ Plays and Game Winning Clutches in a",,,1,"['Entertainment', 'memes']",27,
32CsQ0uByXY,THE MOST UNFAIR DR. MUNDO BUILD IN LEAGUE OF LEGENDS... (ONE SHOT AUTOS),Season 14 Dr. Mundo gameplay league of legends Join this channel to get access to perks: ...,,,1,"['Entertainment', 'memes']",27,
4sLYpVP2FYE,COMO o HYDROGEN REALMENTE JOGA LEAGUE of LEGENDS,"bronziocre, como os mono champions realmente jogam, lol, league of legends, hydrogen gp, hydrogen montage, hydrogen lol, ...",,,1,"['Entertainment', 'memes']",27,
W9yEFYO7Gps,SMARTEST MOMENTS IN LEAGUE OF LEGENDS #46,"SMARTEST MOMENTS IN LEAGUE OF LEGENDS #46 - 200 IQ Tricks, Big Brain Outplays, Creative Ability Usage and Smart ...",,,1,"['Entertainment', 'memes']",27,
VFm9KfY9nAw,Woodkid - 'Guns for Hire' from ARCANE League of Legends (Scene from episode 6) 8k 60 fps,"Description Based on the world behind League of Legends, Arcane dives into the delicate balance between the rich, utopian city ...",,,1,"['Entertainment', 'memes']",27,
OT-UwTuAvyU,NAAFIRI 2025 REWORK GAMEPLAY (NEW ULTIMATE) - League of Legends,NAAFIRI 2025 REWORK GAMEPLAY (NEW ULTIMATE) - League of Legends. Naafiri just got her midscope gameplay rework on ...,,,1,"['Entertainment', 'memes']",27,
H38KZl_pgfQ,League's Original 40 Champions: Then and Now | League of Legends,"League of Legends was released in 2009. While still remaining relevant and prospering is impressive in it of itself, it doesn't come ...",,,1,"['Entertainment', 'memes']",27,
5ymDW6qJt2Q,Woodkid - To Ashes and Blood (from the series Arcane League of Legends) [Lyrics],Woodkid - To Ashes and Blood (from the series Arcane League of Legends) [Lyrics] ▶️ Download/Stream: ...,,,1,"['Entertainment', 'memes']",27,
FHTIrkYHn3Y,NEW vs OLD Viktor Model Comparison | League of Legends,"Viktor ASU, all updated skins new vs old comparison. Old is on the left, New is on the right. 00:00 Classic Viktor 00:37 Full ...",,,1,"['Entertainment', 'memes']",27,
QWGw2xwMu0Y,SYLAS - League of Legends,Kanalıma abone olmak için: http://bit.ly/wtcnaboneol Kick: https://bit.ly/wtcnkick Twitch: http://bit.ly/wtcntwitch Instagram: ...,,,1,"['Entertainment', 'memes']",27,
OID2uKeZL18,The Bridge Between | Lunar Revel 2025 Cinematic - League of Legends,"The year of the snake begins with a bang. Mythmaker Cassiopeia, Jarvan IV, and Nami guide their spirit companions home—but ...",,,1,"['Entertainment', 'memes']",27,
lSa5nvHjCDQ,Season 15 COMPLETE Jungle Guide - FREE Challenger Jungling Course - League of Legends,Challenger coach teaches you how to jungle in Season 15. 00:00 Chapter 1: Mentality 2:54 Chapter 2: Playstyle 5:15 Chapter 3: ...,,,1,"['Entertainment', 'memes']",27,
ZhcNSj1DXKQ,HLE vs GEN | Woori Bank 2025 LCK CUP Finals,LCK #HouseofLegends ✓ Watch LCK live on... ENG - http://twitch.tv/LCK FRE - http://twitch.tv/otplol_ VNM ...,,,1,"['Entertainment', 'memes']",27,
rqFznYNXFiU,LEAGUE OF LEGENDS BR CHALLEnGER - !cortes !elo !pro !runa !pix,INSCREVA-SE no canal para não perder novos vídeos! ✨ Me siga para ficar por dentro das novidades! ➤ Stream: site ...,,,1,"['Entertainment', 'memes']",27,
uoVrhTNQGu0,First Stand Tournament 2025 | DAY 4,"First Stand Tournament 2025 - LIVE from LoL Park, in Seoul, South Korea. Round Robin Stage: March 10-14 Knockout Stage: ...",,,1,"['Entertainment', 'memes']",27,
R8OqqaBwcl8,Linkin Park - Heavy Is The Crown | Worlds 2024 Finals Opening Ceremony Presented by Mastercard,Watch the live performance of Heavy Is The Crown by Linkin Park during the Worlds 2024 Finals Opening Ceremony. Linkin ...,,,1,"['Entertainment', 'memes']",27,
t2cznp5PAs8,League of Legends JUNGLE Coaching #1,BUY COACHING ▻ metafy.gg/@sawyer2974/sessions.,,,1,"['Entertainment', 'memes']",27,
tq491HcQH3U,Challenger Support going UNDERCOVER in Gold! Duo DOES NOT KNOW!,Every once in awhile I like to go undercover in the League of legends discord and look for a duo to play with in comms! But I don't ...,,,1,"['Entertainment', 'memes']",27,
uz1mjoGk1Yg,Freya Ridings - “I Can’t Hear It Now” (from Arcane Season 2) [Official Visualizer],There is an ocean so dark down below the waves Where you watch while these dreams gently float away And there is a silence ...,,,1,"['Entertainment', 'memes']",27,
wA9DhhkXn6g,How 1 Comment Destroyed 10000 Hours of Champion Experience in League of Legends,"⇩ More Information ⇩ // VIEWER SUPPORT Special thanks to Phazex, Cyber XY, Tareyus, Shen, Daemoss420 and all River ...",,,1,"['Entertainment', 'memes']",27,
8_cz_Yahnpw,YETZ REACT | COMO o HYDROGEN REALMENTE JOGA LEAGUE of LEGENDS,Video reagido: https://youtu.be/4sLYpVP2FYE?si=CkhHC3WivfpRVgNw O discord do yetola https://discord.gg/yetz ▭ DA SUB LA ...,,,1,"['Entertainment', 'memes']",27,
UTwmoWHb8_4,THE MOST UNFAIR JARVAN BUILD IN LEAGUE OF LEGENDS... (INFINITE SHIELDS),Season 14 Jarvan gameplay league of legends Join this channel to get access to perks: ...,,,1,"['Entertainment', 'memes']",27,
x5OCeFb-VEU,Come Play (from the series arcane league of legends) Stray Kids & Young Miko & Tom Morello [lyrics],leagueoflegends #straykids #youngmiko •°•°•°•° league of legends Color coded lyrics stray kıds Color coded stray kids Lyrics stray ...,,,1,"['Entertainment', 'memes']",27,
yHOSWdZMu-Q,First Stand Tournament 2025 | DAY 1,"First Stand Tournament 2025 - LIVE from LoL Park, in Seoul, South Korea. Round Robin Stage: March 10-14 Knockout Stage: ...",,,1,"['Entertainment', 'memes']",27,
IV3p7xP-zfM,Ashnikko - Paint the Town Blue | Worlds 2024 Finals Opening Ceremony | League of Legends,Watch the live performance of Paint the Town Blue by Ashnikko during the Worlds 2024 Finals Opening Ceremony. Stay updated ...,,,1,"['Entertainment', 'memes']",27,
c5n8_aBuKIQ,"SMOLDER NEW W, E & ULT CHANGES - League of Legends","SMOLDER NEW W, E & ULT CHANGES - League of Legends. Smolder is getting some pretty big buffs and nerfs to his W, E and ...",,,1,"['Entertainment', 'memes']",27,
qZvljnaSNHU,HLE vs KC Highlights ALL GAMES | First Stand 2025 Finals | Hanwha Life Esports vs Karmine Corp,In today's episode we're going over the best Highlights from the matchup between HLE and KC during the First Stand Finals 2025!,,,1,"['Entertainment', 'memes']",27,
Oza63bLiJRg,T1 vs BLG - Game 1 | Grand Final LoL Worlds 2024 | T1 vs Bilibili Gaming G1 full,LoL eSports S14 WORLDS 2024 Playoffs - T1 vs Bilibili Gaming Final | League of Legends Worlds 2024 BLG vs T1 VOD 1080p ...,,,1,"['Entertainment', 'memes']",27,
1L7ItMdK9V4,TOP 30 VIRAL LEAGUE OF LEGENDS SHORTS OF ALL TIME!,"TOP 30 VIRAL LEAGUE OF LEGENDS SHORTS OF ALL TIME! - The Most Viewed LOL Shorts, 200 IQ Moments and Funniest ...",,,1,"['Entertainment', 'memes']",27,
9dVTRVrXG48,LPL 2025 GRAND FINAL | AL VS TES | BO5 FEARLESS,LPL English brings you the LPL action with attention to casting and story-telling. Playoffs conclude with AL vs TES to decide LPL's ...,,,1,"['Entertainment', 'memes']",27,
1_noA3xkXA4,I Trained an AI to Find the Best Runes in League of Legends,"⇩ More Information ⇩ // VIEWER SUPPORT Special thanks to Phazex, Cyber XY, Tareyus, Helamg, Daemoss420 and all River ...",,,1,"['Entertainment', 'memes']",27,
gXD9JiQUsck,Cat-in-the-Box Shaco Skin Spotlight - Pre-Release - PBE Preview - League of Legends,"Skin name is CONFIRMED as Cat-in-the-Box Shaco, particles & SFX may not be final. Check out the other skins in this cycle.",,,1,"['Entertainment', 'memes']",27,
4E6DPKLqSm0,Challenger 1200 LP Karthus Jungle / Bot League of Legends Stream,"Old items, Old Jungle monsters, old minions & more custom skins available in my discord: https://discord.gg/karhus Twitch: ...",,,1,"['Entertainment', 'memes']",27,
p--28dVzeTs,PRO GAMERS GUESS THE NOOB: League of Legends Edition,Our professional League of Legends players may complete at the top… but can they identify a complete gaming noob?,,,1,"['Entertainment', 'memes']",27,
f1z2c_wmfUY,Nemesis About LR BOOTCAMP in KOREA After SPRING Split 🤔,... terenn111345@gmail.com ⚠️ League of Legends Footage Permission: https://www.riotgames.com/en/legal Don't forget to ...,,,1,"['Entertainment', 'memes']",27,
v7HAVTyvLqI,Lil Nas X - STAR WALKIN' (League of Legends Worlds Anthem),"Music video by Lil Nas X performing STAR WALKIN' (League of Legends Worlds Anthem). (C) 2022 Columbia Records, ...",,,1,"['Entertainment', 'memes']",27,
FHT_gqS_anU,Le radici dell'impero | Le origini di Noxus - League of Legends,"LeBlanc ordisce trame da secoli. Ora, le sue oscure macchinazioni stanno per dare frutti. Video creato in collaborazione con Little ...",,,1,"['Entertainment', 'memes']",27,
qr0gvk-_4xA,NewJeans (뉴진스) 'GODS' Lyrics (Color Coded Lyrics) | League of Legends - Worlds 2023 Anthem,All Rights Administered by Riot Games • Artist: NewJeans (뉴진스) • Song ♫: GODS • Album: Worlds 2023 Anthem - League of ...,,,1,"['Entertainment', 'memes']",27,
LriKf7pTgmc,Mobile Legends vs LoL Wild Rift - Heroes Comparison 2022 | GOD OF MLBB,Hello Guys! This is the comparison of Mobile Legends with league of legends — from heroes and champions! Subscribe to stay ...,,,1,"['Entertainment', 'memes']",27,
3VTkBuxU4yk,"K/DA - MORE ft. Madison Beer, (G)I-DLE, Lexie Liu, Jaira Burns, Seraphine (Official Music Video)","Ascend the throne. K/DA is back with “MORE,” featuring Madison Beer, SOYEON and MIYEON of (G)I-DLE, Lexie Liu, Jaira Burns, ...",,,1,"['Entertainment', 'memes']",27,
VAQRaGdE4CI,Funny Vines May 2024 (Part 1) TBT Clean Vine,New TBT Vine with the Best Clean Vines of May Subscribe to CooL Vines ▻ http://goo.gl/AO95W6.,,,1,"['Entertainment', 'memes']",27,
_O7G7fdCn0Y,vines that cared for me when no one else did,"like & subscribe xo cashapp: $fr0zenintimeee Copyright Disclaimer Under Section 107, allowance is made for ""fair use"" for ...",,,1,"['Entertainment', 'memes']",27,
tch1fKJJtJ4,Vines i reference every day : RIP VINE,vines i reference every day if my life. rip vine. I don't own these vines I just think they are funny.,,,1,"['Entertainment', 'memes']",27,
nwP3TeK-fPs,"iconic, legendary vine compilation",Bring back vine ffs. (ノಠ益ಠ)ノ彡┻━┻ ^^^^^^^^^^^^^^^ my socials - Insta : https://www.instagram.com/sourclood/ Twitter ...,,,1,"['Entertainment', 'memes']",27,
U3ipGb_IOVA,TRY NOT TO LAUGH CHALLENGE | The Best Funny Vines Videos of All Time Compilation # 1 | March 2018,All content used is commercially licensed via Collab Inc. The most popular vines all in one compilation from March 2018!,,,1,"['Entertainment', 'memes']",27,
iVK-Pxp3L-k,2023 vine compilation because y'all forgot the classics,Not a fan of tiktok or the state of the world? Have the GREATEST MOST ICONIC LEGENDARY HILARIOUS VINES EVER and ...,,,1,"['Entertainment', 'memes']",27,
FWPa7GqVMYM,Best of Marlon Webb Vine Compilation 2016 | All Marlon Webb Vines with Titles,The Best Vines of Marlon Webb Vine Compilation Watch Marlon Webb Funny Vines https://vine.co/u/967968183032102912 ...,,,1,"['Entertainment', 'memes']",27,
Sdkwu2FvFfI,iconic vines that changed the world,like & subscribe xo cashapp: $fr0zenintimeee insta: https://www.instagram.com/fr0zenintimeee twitter: ...,,,1,"['Entertainment', 'memes']",27,
vo3qLUki5L8,Funny KingBach Vine Compilation (W/Titles) Best KingBach Vines - Funny Comps,"Here is The Funniest KingBach Vine Compilation of 2018, Enjoy it :) Please don't forget to Like,Share and Subscribe to our ...",,,1,"['Entertainment', 'memes']",27,
g9Ge8z-nAEg,Top 100 Thomas Sanders Vines (W/Titles) Thomas Sanders Vine Compilation 2018 - Co Vines✔,"Top 100 Thomas Sanders Vines,Best Thomas Sanders Vine Compilation 2018 w/Titles! Please SUBSCRIBE For More Funny ...",,,1,"['Entertainment', 'memes']",27,
NqTyYe5lGxI,Ramadan Moments | Kabul Vines,Pashto funny video comedy drama clips viral shorts vines.,,,1,"['Entertainment', 'memes']",27,
DSXHSvwyigo,Funny Vines February 2024 (Part 1) TBT Clean Vine,New TBT Vine with the Best Clean Vines of February Subscribe to CooL Vines ▻ http://goo.gl/AO95W6.,,,1,"['Entertainment', 'memes']",27,
EoLjddNcnYU,[1 HOUR] TRY NOT TO LAUGH - Best Funny Vines of The YEAR! | RIP Vines 2018,All content used is commercially licensed via Collab Inc. We continue the Best Vines of All Time with a 1 HOUR Best Vines of the ...,,,1,"['Entertainment', 'memes']",27,
TI2uGmdzhzw,Vines that cure my anxiety,"Edit from 2024: IDK how this blew up, but thank you all so much! I never thought something I made out of quarantine boredom ...",,,1,"['Entertainment', 'memes']",27,
-6fk3PXpznY,BB Ki Vines- | Din Hagna Da |,Babloo requests his son Bhuvan to accompany him to his old friend's home which is also a wedding house. #DinHagnaDa ...,,,1,"['Entertainment', 'memes']",27,
3Nha1Uf6sYw,Ultimate King Bach Vine Compilation with Titles All KingBach Vines 2016,https://www.youtube.com/channel/UCR1qCwQuKQ6B0SlGV8KpFmQ/videos.,,,1,"['Entertainment', 'memes']",27,
lk4B2pt2qFs,IMPOSSIBILE CHALLENGE : Try Not To Laugh | Funniest AFV Vines,You Laugh You Lose ! Hope You Enjoyed This '' Try Not To Laugh Challenge '' With Best America's Funniest Home Videos .,,,1,"['Entertainment', 'memes']",27,
b4SrfkDgfEE,Bhuaara ke chheka || भुआरा के छेका || mani meraj || comedy video || Manimeraj comedy,"cast~manimeraj,bantikd,munnamichal,arifraja,Candy kunal, Ankit Anand, , Raja Gupta, Karan, nikhil, Vicky,,suraj gupta ...",,,1,"['Entertainment', 'memes']",27,
CIsUzd4RlmA,चोटा दमाद | Chota Damad | Mani Meraj Vines | King Vines | Full Comedy ⁠Video,"This Is only entertainment purposes and a good one.. Cast:- Mani Meraj , Davendra Dehati , Funny Salman , Irfan , Ladu, Bittu, ...",,,1,"['Entertainment', 'memes']",27,
JYqrt8ANKqo,Worst 🤡 VS Best🔥 Movies 2024,Sorry For the Late Upload Nanbargale Subscribe ...,,,1,"['Entertainment', 'memes']",27,
dFKhWe2bBkM,School hai ki Masterchef India?!| Angry Masterji 10 | BB Ki Vines,"For this PTA meeting, Bhuvan takes Titu Mama along to meet Bubbly sir. Everything will be okay, right? #BBKiVines ...",,,1,"['Entertainment', 'memes']",27,
iMCNaIuBd64,Funny Lele Pons Vines October 2016 | NEW Lele Pons Vines,Funny Lele Pons Vines October 2016. NEW Lele Pons Vines. Please share your views on this vine compilation. Subscribe Vines ...,,,1,"['Entertainment', 'memes']",27,
XGDoY_ckgoI,Try Not To Laugh Watching HARDSTOP LUCAS Vines | Funny @Hardstoplucas Vine Videos,I hope you enjoyed this try not to laugh watching Funny HARDSTOP LUCAS Vines Compilation Please SUBSCRIBE For More ...,,,1,"['Entertainment', 'memes']",27,
VPO2BssSzcU,"India's Got Latent Worst Parody ever | Ft. Samay, Balraj, Tech Guruji & Kangana |Ankur Agarwal Vines","Producer : Ankur Agarwal and Dhruv K Modwil Creative Producer : Harshvardhan Ojha, Shikhar Chand and Arjun Roy Writer: ...",,,1,"['Entertainment', 'memes']",27,
jRq0lHqmoNo,Doctor Bedardi | डॉक्टर बेदर्दी | Teaser | Mani Meraj Vines |,"Cast:- Mani Meraj, Shashi Yadav, Banti Kd, Rockstar Saif, Michel Munna, Arif Raja, Millions King Mohit, munna chacha ,Vivek ...",,,1,"['Entertainment', 'memes']",27,
boloXV4fzfA,Majdur Aur thekedar || kp vines,"Welcome to our YouTube channel This is what is told in the video, what the labourers, artisans and contractor do while a house ...",,,1,"['Entertainment', 'memes']",27,
DpH9mrG4Lkc,Funny Vines December 2023 (Part 2) TBT Clean Vine,New TBT Vine with the Best Clean Vines of December Subscribe to CooL Vines ▻ http://goo.gl/AO95W6.,,,1,"['Entertainment', 'memes']",27,
jRq0lHqmoNo,Doctor Bedardi | डॉक्टर बेदर्दी | Teaser | Mani Meraj Vines |,"Cast:- Mani Meraj, Shashi Yadav, Banti Kd, Rockstar Saif, Michel Munna, Arif Raja, Millions King Mohit, munna chacha ,Vivek ...",,,1,"['Entertainment', 'memes']",27,
uiGcSlGqMj0,Try Not To Laugh or Grin While Watching Dan Nampaikid Funny Vines - Best Viners 2020,Try Not To Laugh Challenge - Funny Dan Nampaikid Vines 2020 w/ Titles.,,,1,"['Entertainment', 'memes']",27,
IpopYu8TQdE,Quensadilla Vine compilation (w/ Titles) Funny Quensadilla Vines - Best Viners 2017,BEST of quensadilla Vines 2017 & 2016 w/ Titles.,,,1,"['Entertainment', 'memes']",27,
mJmQ4REFiZQ,Funny Christian DelGrosso Vines (W/Titles) Christian DelGrosso Vine Compilation 2018,Best of Christian DelGrosso Instagram Vines Compilation 2018 (W/Titles) Solo Viners Playlist ...,,,1,"['Entertainment', 'memes']",27,
HMBSRN6fmqI,KADDU PADDU | pagal beta | desi comedy video | cs bisht vines | joke of | Bittu Sittu Toons,"KADDU PADDU | pagal beta | desi comedy video | cs bisht vines | joke of bolta comedy, joke of chinki ke kaarname, baap beta ...",,,1,"['Entertainment', 'memes']",27,
SlZ3urxcl-M,KADDU PADDU | pagal beta | desi comedy video | cs bisht vines | joke of | Bittu Sittu Toons,KADDU PADDU | pagal beta | desi comedy video | cs bisht vines | joke of | Bittu Sittu Toons Desi comedy video Joke of Pagal beta ...,,,1,"['Entertainment', 'memes']",27,
eXqZrKTPhy4,Recording Day Special Program | Hilarious New Funny Moments by Zama Vines | Must Watch!,"Welcome to Zama Vines! Get ready for a special recording day filled with hilarious moments, unexpected laughs, and a ...",,,1,"['Entertainment', 'memes']",27,
pW5cvWz2KhE,तलाक | Talak | Dileep Vines | ⁨@AkhijiBhojpuriiComedy⁩ | New Comedy Video,"तलाक | Talak | Dileep Vines | ⁨@AkhijiBhojpuriiComedy⁩ | New Comedy Video Cast:- Dileep Vines, Akhiji, Vikash Yadav, ...",,,1,"['Entertainment', 'memes']",27,
npX-at_5UsA,Chintu Comedy Toons | pagal beta | desi comedy video | cs bisht vines | joke of | Bittu Sittu Toons,chintu Comedy Toons | pagal beta | desi comedy video | cs bisht vines | joke of | Bittu Sittu Toons Desi comedy video Joke of ...,,,1,"['Entertainment', 'memes']",27,
RtCAJ2qR3HM,Chintu Comedy Toons | pagal beta | desi comedy video | cs bisht vines | joke of | Bittu Sittu Toons,chintu Comedy Toons | pagal beta | desi comedy video | cs bisht vines | joke of | Bittu Sittu Toons Desi comedy video Joke of ...,,,1,"['Entertainment', 'memes']",27,
VeekPoKbD4I,Doctor Bedardi | डॉक्टर बेदर्दी | Teaser | Mani Meraj Vines | 2025,"Cast:- Mani Meraj, Shashi Yadav, Banti Kd, Rockstar Saif, Michel Munna, Arif Raja, Millions King Mohit, munna chacha ,Vivek ...",,,1,"['Entertainment', 'memes']",27,
QArBI3apTSM,Chintu Comedy Toons | pagal beta | desi comedy video | cs bisht vines | joke of | Bittu Sittu Toons,chintu Comedy Toons | pagal beta | desi comedy video | cs bisht vines | joke of | Bittu Sittu Toons Desi comedy video Joke of ...,,,1,"['Entertainment', 'memes']",27,
ZAMISSkdeFA,KADDU PADDU 87 | pagal beta | desi comedy video | cs bisht vines | joke of,desicomedy #jokeof #makejokeof KADDU PADDU | pagal beta | desi comedy video | cs bisht vines | joke of #desicomedy #jokeof ...,,,1,"['Entertainment', 'memes']",27,
fFnAHLDUVFc,Ye Asali Hai Bhai |fails| |cctv| |vines| 💯🥳🤣 #shorts,Ye Asali Hai Bhai |fails| |cctv| |vines| Relatable Totally Relatable Your Query: fails Funny fail Fail Fails Funny moments ...,,,1,"['Entertainment', 'memes']",27,
XGDoY_ckgoI,Try Not To Laugh Watching HARDSTOP LUCAS Vines | Funny @Hardstoplucas Vine Videos,I hope you enjoyed this try not to laugh watching Funny HARDSTOP LUCAS Vines Compilation Please SUBSCRIBE For More ...,,,1,"['Entertainment', 'memes']",27,
HbTON0nb4DU,BB Ki Vines | Angry Masterji Part 16,"Bhuvan, Bablooji and Sameer visit Bubbly sir to discuss Bhuvan's career plans. ABOUT: Bhuvan Bam is a comedian, ...",,,1,"['Entertainment', 'memes']",27,
k79TlRIQV7Q,Try Not To Laugh Challenge - Funny Kids Vines compilation 2021,Try Not To Laugh or Grin While Watching Funny Kids TikTok Vines compilation 2021 Subscribe to CooL Vines ...,,,1,"['Entertainment', 'memes']",27,
Jhm4BjQIjUw,Eh Bee Vine compilation - Funny Eh Bee Family Vines & Instagram Videos - Best Viners,BEST of Eh Bee Family Instagram Vines 2019 w/ Titles Best Viners playlist ▻http://bit.ly/BestVinerscompilation Instagram ...,,,1,"['Entertainment', 'memes']",27,
cXNLpsB4zw4,Logan Paul Best Of ALL TIME Vlog Vines Compilation,This is the Best of ALL time Logan Paul Best Of ALL TIME Vlog Vines Compilation.,,,1,"['Entertainment', 'memes']",27,
2-GDj4wUhvI,IMPOSSIBILE CHALLENGE : Try Not To Laugh | Funniest AFV Vines 2018,You Laugh You Lose ! Hope You Enjoyed This '' Try Not To Laugh Challenge '' With Best America's Funniest Home Videos .,,,1,"['Entertainment', 'memes']",27,
gfbN7ozvyKU,BADNASEEBA JENAY EPISODE 43 NEW SERIAL DRAMA BY GULL KHAN VINES 2025,drama #gullkhanvines #charsaddavines #fypage #bebe #unfrezzmyaccount #funny #love #trending #pakistanidrama #fypage ...,,,1,"['Entertainment', 'memes']",27,
AGZsCiFEwJE,Try Not To Laugh Watching King Bach Vines | Funny KingBach Vine Videos,I hope you enjoyed this try not to laugh watching Funny King Bach Vines Compilation Please SUBSCRIBE For More Funny Vines!,,,1,"['Entertainment', 'memes']",27,
2DMyZ5sroY4,Remaking Our Best Vines!!,"Today we decided to remake our most popular vines! Join The Family! ▻ http://bit.ly/ehbeefamily Play our game ""Battle Bees"" For ...",,,1,"['Entertainment', 'memes']",27,
asOvnGHwtDU,The Vines - Get Free,Music video by The Vines performing Get Free.,,,1,"['Entertainment', 'memes']",27,
U59ZFmAae5E,rare vines that eviscerate my bones,disabled comments because this was 2 years ago and this wasn't meant to go viral all credit goes to the vine creators.,,,1,"['Entertainment', 'memes']",27,
xvF0JWkFbzM,Top Vines of Mighty Duck (w/Titles) MightyDuck Pranks Vine Compilation 2018 - Co Vines✔,"Mighty Duck Pranks Vine Compilation 2018,Top Vines of Mighty Duck w/Titles! Please SUBSCRIBE For More Funny Vines ...",,,1,"['Entertainment', 'memes']",27,
8rDNZ5Ebwsc,All My Favorite Vines [CLEAN],All the best vines without any profanity.,,,1,"['Entertainment', 'memes']",27,
9GI6aVaouR0,Clean vines you can show your grandparents,this is rly late but rip vine.,,,1,"['Entertainment', 'memes']",27,
nHmLgYsXpqE,Ramadan Moments P2 | Buner Vines,Buner Vines New Ramzan 2025 Part 2 iftari planing jaghara Be wade ao daroghjan khalak ...,,,1,"['Entertainment', 'memes']",27,
oo6xrLyAnBM,Funny Anwar Jibawi Vine Compilation (W/Titles) Best Anwar Jibawi Vines - Funny Comps,"Here is The Funniest Anwar Jibawi Vine Compilation of 2018, Enjoy it :) Please don't forget to Like,Share and Subscribe to our ...",,,1,"['Entertainment', 'memes']",27,
sHptYVmt3S8,Try Not To Laugh or Grin While Watching Funny Fail Vines - Best Viners 2019,Try Not To Laugh Challenge - Funny Fails Vine 2019 w/ Titles.,,,1,"['Entertainment', 'memes']",27,
9p2s8c_ExW4,Funny Thomas Sanders Vines (W/Titles) Thomas Sanders Vine Compilation 2018,Best of Thomas Sanders Instagram Vines Compilation 2018 (W/Titles) Solo Viners Playlist ...,,,1,"['Entertainment', 'memes']",27,
boloXV4fzfA,Majdur Aur thekedar || kp vines,"Welcome to our YouTube channel This is what is told in the video, what the labourers, artisans and contractor do while a house ...",,,1,"['Entertainment', 'memes']",27,
E-Y2dZfN1nw,लहरिया मास्टर | LAHRIYA MASTER | Mani Meraj | King Vines | Full Comedy ⁠Video,"This Is only entertainment purposes and a good one.. Cast:- Michel Munna , Banti Kd , Reyaj Premi , Suraj , Funny Salman , Irfan ...",,,1,"['Entertainment', 'memes']",27,
dFKhWe2bBkM,School hai ki Masterchef India?!| Angry Masterji 10 | BB Ki Vines,"For this PTA meeting, Bhuvan takes Titu Mama along to meet Bubbly sir. Everything will be okay, right? #BBKiVines ...",,,1,"['Entertainment', 'memes']",27,
-8fGaLLxmSg,Best FUNNY Videos 2024 😂😁 1 Hours Funny Moments Of The Year Compilation P5,"Hi my friends, please check our new compilation. Here is moments people funny videos and we hope that this video make your ...",,,1,"['Entertainment', 'memes']",27,
T7hU3bRXr2s,Clean Vines Volume 1 [Re-Upload],"So apparently somebody didn't like the video for some impossibly incomprehensible reason, so it got taken down. This is a clean ...",,,1,"['Entertainment', 'memes']",27,
k-ygsIei7Ak,TOP VINE 2024 | INSTAGRAM TIKTOK VINELAR | ENG SO'NGNI VINELAR,azimchikvines #top_vine #tiktok #instagram #vines #vinevideo.,,,1,"['Entertainment', 'memes']",27,
SAyi5uy7JHw,Ultimate Jay Versace Vine Compilation 2019 | Funny Jay Versace Vines (w/Titles),Brand new try not to laugh challenge featuring the best Jay Versace Vines - Funny Jay Versace vine compilation 2019 I really ...,,,1,"['Entertainment', 'memes']",27,
90_YryGM80o,TRY NOT TO LAUGH - BACK TO SCHOOL Fails Compilation | Funny Vines August 2018,"All content used is commercially licensed via Collab Inc. Now that School is back in session, here's a brand new weekly try not to ...",,,1,"['Entertainment', 'memes']",27,
pmzaToI6SI8,Majdur Mistri Tekedar || Kp vines,Welcome to our YouTube channel This video shows how workers Mistri and Tekdaar do comedy while working Note : Always ...,,,1,"['Entertainment', 'memes']",27,
8Fy88r4_76c,Try Not To Laugh Watching Thomas Sanders Vines | Funny Thomas Sanders Vine Videos,I hope you enjoyed this try not to laugh watching Funny Thomas Sanders Vines Compilation Please SUBSCRIBE For More Funny ...,,,1,"['Entertainment', 'memes']",27,
KyRSE-K9Tm8,Government Vs Private School || School Life ||OG Vines,Government Vs Private School || School Life ||OG Vines This video is created solely for entertainment purposes. All events and ...,,,1,"['Entertainment', 'memes']",27,
0S0WqmU_Hw4,Ultimate Thomas Sanders Vines Compilation | Try Not To Laugh Watching Thomas Sanders Vine Videos,"In this compilation we bring back Best Vine video of Thomas Sanders, Series like #PokemonPranks, #DisneyPranks, #Storytime, ...",,,1,"['Entertainment', 'memes']",27,
MCwGBkyVaE8,Ramadan Moments 2025 | Buner Vines,Buner Vines New Ramadan 2025 Funny Video Roja khor Rmazan Be wade ao daroghjan khalak ...,,,1,"['Entertainment', 'memes']",27,
blUhEodUvwY,vine compilation,exactly what the title says. EDIT: I missed a sound warning- in the vine at 33:50 there is a sudden earrape and scream. also ...,,,1,"['Entertainment', 'memes']",27,
bPmW-BUkDq0,Types Of Friends On A Trip | Our Vines,Don't forget to Like and Subscribe to our official YouTube channel. Rakx Production & Our Vines rights reserved.,,,1,"['Entertainment', 'memes']",27,
8XA1bDF6qy0,Other Vs My Parents In Summer |101 Vines|,Thanks For Watching ❤️ This Is The New And Latest Video Of 101 Vines named (Other Vs My parents In Summer) . It's the new ...,,,1,"['Entertainment', 'memes']",27,
l_NGRwxrOhw,TEEN TIGADA I 2 IN 1 VINES,Written by : 2in1 Team D.O.P : Azeem DP Editing by : Ashman Saifi Thumbnail : Ashman Saifi Executive Producer : 2 in 1 Team ...,,,1,"['Entertainment', 'memes']",27,
R5Jc-XstbH8,Awesome Vines NEW Lance210 Vine Compilation | Best Lance Stewart Pranks | LANCE210 All Vines 2016,Please leave a like if you enjoyed and tell us what you think in the comments! Thanks :) ♥ SUBSCRIBE: https://goo.gl/z8Vq7E ...,,,1,"['Entertainment', 'memes']",27,
EKqOG5PGOvk,Shark Puppet Funny Instagram Videos - NEW Shark Puppet Vines - Best Viners 2020,NEW Shark Puppet Instagram Funny Vines 2020 w/ Titles.,,,1,"['Entertainment', 'memes']",27,
TPVeV2bqSl4,The Prison Stories | Our Vines | Rakx Production,Don't forget to Like and Subscribe to our official YouTube channel. Rakx Production & Our Vines rights reserved.,,,1,"['Entertainment', 'memes']",27,
PJ3ZQk_lr9E,BB Ki Vines- | Ghar Kalesh |,"ABOUT: Bhuvan Bam is a comedian, singer-songwriter, actor and entrepreneur. He created the entire universe of BB Ki Vines, ...",,,1,"['Entertainment', 'memes']",27,
cqBNZR3OhsA,Social Media Gandagir | Buner Vines,Buner Vines New Funny Video 2025 Gandagir titikeran pke ra mention kae Be wade ao daroghjan khalak ...,,,1,"['Entertainment', 'memes']",27,
k0CJwbayisw,Top 100 Thomas Sanders Vines (w/Titles) Funny Thomas Sanders Vine Compilation 2017,"Here is The Best Vine Compilation of 2017 With The Funniest Thomas Sanders Vines, Enjoy it :) Music Mostly Provided By: Kevin ...",,,1,"['Entertainment', 'memes']",27,
CLhr4ma3KhA,Jungle ka kohinoor || kp vines,"Welcome to our YouTube channel In this video, 4 friends go to a forest to look for Kohinoor Note : Always use headphones Only ...",,,1,"['Entertainment', 'memes']",27,
oBfRJplcSuk,BB Ki Vines- Bhuvan Bam- Bas Mein | Official Music Video |,Bhuvan Bam releases his 5th single 'Bas Mein'. BAS MEIN Mp3- http://jiosaa.vn/basmeinbb iTunes link- ...,,,1,"['Entertainment', 'memes']",27,
Mbg0A1aQwic,স্কুল জীবন vs সংসার জীবন 🤣|| school jibon vs songshar jibon 😂||@RajbanshiVines,"Free tutorials, fast deposits and withdrawals, extra income and more! With care from Binomo: your capital maybeatrisk ...",,,1,"['Entertainment', 'memes']",27,
0ry0vngMz0A,Funny Soccer Football Vines 2024 ● Goals l Skills l Fails #123,"Funny Soccer Football Vines 2024 ○ Goals l Skills l Fails Funny,Soccer,Football,Vines,Goals,Skills,Fails,Funny Football,Funny ...",,,1,"['Entertainment', 'memes']",27,
JnxD01MKodA,Funny Soccer Football Vines 2024 ● Goals l Skills l Fails #127,"Funny Soccer Football Vines 2024 ○ Goals l Skills l Fails Funny,Soccer,Football,Vines,2024,Goals,Skills,Fails,Funny Football ...",,,1,"['Entertainment', 'memes']",27,
8FRGG2Bqbqk,Other Vs My Parents In Dashain |101 Vines|,Thanks For Watching ❤️ This Is The New And Latest Video Of 101 Vines named (Other Vs My Parents In Dashain) . It's the new ...,,,1,"['Entertainment', 'memes']",27,
SHbnUK5l3Wg,Best FUNNY Videos 2024 😂😁 1 Hours Funny Moments Of The Year Compilation P2,"Hi my friends, please check our new compilation. Here is moments people funny videos and we hope that this video make your ...",,,1,"['Entertainment', 'memes']",27,
R5iAmwy7zgo,New Zach King Magic Vines Compilation | Best Zach King Magic Tricks,tiktok #2022 #magic About: Welcome to FUNNY VINES ZK! Watch all performances from Magicians and Illusionists all around ...,,,1,"['Entertainment', 'memes']",27,
7AdfL0aibUI,देखा सुनी || DEKHA SUNI || FULL COMDEY VIDEO || MANI MERAJ VINES || ROCKSTAR VINES|| ITEM VINES,देखा सुनी || DEKHA SUNI || FULL COMDEY VIDEO || MANI MERAJ VINES || ROCKSTAR VINES|| ITEM VINES Script ...,,,1,"['Entertainment', 'memes']",27,
D94WtAvcGuU,Jail ki zindagi || kp vines,Welcome to our YouTube channel This video tells how prisoners live their life inside the jail Note : Always use headphones ...,,,1,"['Entertainment', 'memes']",27,
2xi93_4eXDc,Types of Salon | Zindabad vines 2025 | Pashto new funny videos,Types of Salon | Zindabad vines 2025 | Pashto new funny videos Zindabad vines new latest funny videos: ...,,,1,"['Entertainment', 'memes']",27,
dnF1zDwJA4E,Funny Soccer Football Vines 2025 ● Goals l Skills l Fails #130,"Funny Soccer Football Vines 2025 ○ Goals l Skills l Fails Funny,Soccer,Football,Vines,2025,Goals,Skills,Fails,Funny Football ...",,,1,"['Entertainment', 'memes']",27,
oPaG1v6srjc,Science Vs Management |101 Vines|,Thanks For Watching ❤️ This Is The New And Latest Video Of 101 Vines named (Science Vs Management ) . It's the new nepali ...,,,1,"['Entertainment', 'memes']",27,
Sbi0gUs3kGA,FUNNY KING BACH VINES COMPILATION | [ 1 HOUR ] BEST KING BACH SKITS,"Andrew Bachelor, known as King Bach, has been making us laugh since 2013 when he was introduced to the social media ...",,,1,"['Entertainment', 'memes']",27,
qVIJU5n00iY,BADNASEEBA JENAY EPISODE 42 NEW SERIAL DRAMA BY GULL KHAN VINES 2025,drama #gullkhanvines #charsaddavines #fypage #bebe #unfrezzmyaccount #funny #love #emotional #trending #pakistanidrama ...,,,1,"['Entertainment', 'memes']",27,
lKwdw28UApo,Jyotish And Nepali Mom | 101 Vines |,Thanks For Watching ❤️❤️ This video was made only to entertain you guys. This video didn't mean to harm anything or ...,,,1,"['Entertainment', 'memes']",27,
BJfO_mi-mHo,😂 बाप बहू और बेटा 😂 | VN Vines | Nitin | Mohit Ki Video | New Video,vnvines #mohitnitinkivideo #comedy #baapbahuorbeta Instagram:- ...,,,1,"['Entertainment', 'memes']",27,
oMy-kQEuzIU,Pashto funny video 2025 | Ramdan aw Mashoman | Zindabad vines 2025,Ramdan aw school chotyani | Zindabad vines 2025 | Pashto funny video 2025 Zindabad vines latest funny videos: ...,,,1,"['Entertainment', 'memes']",27,
gbcXw4LpNK0,Hilarious Baby Fails Compilation 2025: Try Not to Laugh! 🤣 Funny Vines,Welcome to Funny Vines ! Have a nice time watching our video. Our channel shares the content of hilarious videos compilation in ...,,,1,"['Entertainment', 'memes']",27,
Mm9qPSkTFeU,Funny Soccer Football Vines 2024 ● Goals l Skills l Fails #119,"Funny Soccer Football Vines 2024 ○ Goals l Skills l Fails Funny,Soccer,Football,Vines,2024,Goals,Skills,Fails,Funny Football ...",,,1,"['Entertainment', 'memes']",27,
90_YryGM80o,TRY NOT TO LAUGH - BACK TO SCHOOL Fails Compilation | Funny Vines August 2018,"All content used is commercially licensed via Collab Inc. Now that School is back in session, here's a brand new weekly try not to ...",,,1,"['Entertainment', 'memes']",27,
YhIYXGo-5hQ,Try Not To Laugh Hood vines and Savage Memes #55,Thanks 4 watching Follow JcDaGoat: https://instagram.com/imjcdagoat https://twitter.com/imjcdagoat [ho͝od] noun a covering for ...,,,1,"['Entertainment', 'memes']",27,
maL0QyM8K5g,College Life |101 Vines|,Thanks For Watching ❤️ This Is The New And Latest Video Of 101 Vines named (College Life ) . It's the new nepali comedy ...,,,1,"['Entertainment', 'memes']",27,
3vPyCG6LCGg,Phagua | फगुआ | Mani Meraj Vines | Holi Special Video |,"Cast:- Mani Meraj, Shashi Yadav, Banti Kd, Rockstar Saif, Michel Munna, Arif Raja, Millions King Mohit, munna chacha ,Vivek ...",,,1,"['Entertainment', 'memes']",27,
Zz7e7ovcFYY,शादी में धोखा | Shadi Me Dhoka | Mani Meraj | King Vines | Full Comedy ⁠Video,"This Is only entertainment purposes and a good one.. Cast:- Mani Meraj , Vannu D Great , Davendra Dehati , Suraj , Manohar ...",,,1,"['Entertainment', 'memes']",27,
FrIkhZ8TPK8,Bidesh Bata Aako Saathy |101 Vines |,Thanks For Watching ❤️ This Is The New And Latest Video Of 101 Vines named (Bidesh Bata Aako Sathy) . It's the new nepali ...,,,1,"['Entertainment', 'memes']",27,
b4SrfkDgfEE,Bhuaara ke chheka || भुआरा के छेका || mani meraj || comedy video || Manimeraj comedy,"cast~manimeraj,bantikd,munnamichal,arifraja,Candy kunal, Ankit Anand, , Raja Gupta, Karan, nikhil, Vicky,,suraj gupta ...",,,1,"['Entertainment', 'memes']",27,
aDWWmAy8T9Y,Exploring Peshawar With RHS - Charsadwal Chawal and Nayab Dry Fruit - Our Vines,Stay happy guys and spread more love. You can also follow me on social accounts. Which are as follows: Instagram: Imoizshah ...,,,1,"['Entertainment', 'memes']",27,
R5Jc-XstbH8,Awesome Vines NEW Lance210 Vine Compilation | Best Lance Stewart Pranks | LANCE210 All Vines 2016,Please leave a like if you enjoyed and tell us what you think in the comments! Thanks :) ♥ SUBSCRIBE: https://goo.gl/z8Vq7E ...,,,1,"['Entertainment', 'memes']",27,
9l4xhBMdDW0,Anshu & Pradeep Deleted Old Vines | Part 3 | @ChalChikkal,Anshu & Pradeep Deleted Old Vines | Part 3 | Credit _-_ @ChalChikkal @AnshuBisht @GamerFleet @Pradeep-bisht I Hop You ...,,,1,"['Entertainment', 'memes']",27,
F1qFB4n9K6Q,Lets try ANIL | Group Study | BB Ki Vines,BB and Bancho decide to study together but Dad and Sameer are proving to be very distracting. #BBKiVines #GroupStudy ...,,,1,"['Entertainment', 'memes']",27,
L73j7Sbn3h8,Zalim Teacher | Buner Vines,Buner Vines' new funny video 2024 Zalim teachers Be wade ao daroghjan khalak ...,,,1,"['Entertainment', 'memes']",27,
YtgK5mcH4Tg,Pashto new funny video | Zaqat aw Ramadan | Zindabad vines 2025,Pashto new funny video | Zaqat aw Ramadan | Zindabad vines 2025 ________Zindabad vines new latest funny ...,,,1,"['Entertainment', 'memes']",27,
hxyav3AgFUo,Try Not To Laugh Watching Sam and Colby (W/Titles) Best Vines Video June 2017 - Vine Age✔,In this video comedy you can find the best Vines and Instagram of Sam and Colby. Don't forget to subscribe for more Funny ...,,,1,"['Entertainment', 'memes']",27,
WPhFNHzYgaQ,Lailaj Marz | Our Vines,Polio is a serious virus that can cause your child to lose limbs and paralysis for the rest of their lives. Stop this spread by giving ...,,,1,"['Entertainment', 'memes']",27,
Dty5itl2HfU,Online Business | Real Or fake,Che cha pake grich hwarale ye no comment kae Buner Vines New Funny Video 2025 Be wade ao daroghjan khalak ...,,,1,"['Entertainment', 'memes']",27,
88tVCf1c5tI,Hero Gayakaar || हीरो गायकार || Mani Meraj Vines ||,"DirectPay4U, earn while you recharge! *Get Up to 3.50% commission on every recharges and bill payments. + 0.03% referral ...",,,1,"['Entertainment', 'memes']",27,
v8RNF65SiHg,"🔥 Vineslar VAYNLAR TOʻPLAMI! | Kulguli Videolar ZeboRaximova, Qodir Tolipov, BoburMansurov #vines",Vineslar Vaynlar Toʻplami 2024 biz bilan tomosha qiling eng zoʻr va kulguli videolar faqat bizda kanal rivoji uchun obuna ...,,,1,"['Entertainment', 'memes']",27,
e_yv0tF6ZXs,Relatives in Nepal | 101 Vines |,Thanks For Watching ❤️ This video was made only to entertain you guys. This video didn't mean to harm anything or anyone .,,,1,"['Entertainment', 'memes']",27,
KGqypsi6jD0,BAWAR New Drama Serial Episode 01 | Zalmi Vines Official,"Welcome to the official first episode of BAWAR, the latest drama serial brought to you by Zalmi Vines! In this gripping new show, ...",,,1,"['Entertainment', 'memes']",27,
wvFBCmsATgI,Hilarious Baby Fails You Can’t Stop Watching! 🤣 Funny Vines,Welcome to Funny Vines ! Have a nice time watching our video. Our channel shares the content of hilarious videos compilation in ...,,,1,"['Entertainment', 'memes']",27,
MX5C-6SGoCA,PAAGAL BETA 85 | CS Bisht Vines | Desi Comedy Video | Jokes | Chandan Bisht,Watch as our Paagal Beta #csbishtvines #cs_bisht_vines #paagal_beta #ComedySkits #PaagalBeta #IndianComedy ...,,,1,"['Entertainment', 'memes']",27,
CCQ6q-vR8cU,Podaryan Funny Video By Pk Plus Vines 2025,Pkplus vines#funny #comedy #pkvines.,,,1,"['Entertainment', 'memes']",27,
qxtYNaBBYzM,Govt School Vs Pvt School Futsal Final | Our Vines,Don't forget to Like and Subscribe to our official YouTube channel. Rakx Production & Our Vines rights reserved.,,,1,"['Entertainment', 'memes']",27,
_fGUBktXU9o,INDIA'S GOT LATENT PARODY | Samay Raina | 2 in 1 Vines,Written by : Zayn Saifi D.O.P : Azeem DP Edit : @anshulxiom_@cinemafyworld Executive Producer : 2 in 1 Team Cast Shahzi ...,,,1,"['Entertainment', 'memes']",27,
VPO2BssSzcU,"India's Got Latent Worst Parody ever | Ft. Samay, Balraj, Tech Guruji & Kangana |Ankur Agarwal Vines","Producer : Ankur Agarwal and Dhruv K Modwil Creative Producer : Harshvardhan Ojha, Shikhar Chand and Arjun Roy Writer: ...",,,1,"['Entertainment', 'memes']",27,
gCAxyxxYj5Y,Funny Vines December 2023 (Part 1) TBT Clean Vine,New TBT Vine with the Best Clean Vines of December Subscribe to CooL Vines ▻ http://goo.gl/AO95W6.,,,1,"['Entertainment', 'memes']",27,
1kRtTAEhJD0,Best FUNNY Videos 2024 😂😁 1 Hours Funny Moments Of The Year Compilation P6,"Hi my friends, please check our new compilation. Here is moments people funny videos and we hope that this video make your ...",,,1,"['Entertainment', 'memes']",27,
YZWSMaTHqWk,BEK VINES TOP VAYNLAR 2025,BEK VINES TOP VAYNLAR 2025 Reklama va Hamkorlik uchun +998 (95) 805-00-99 ga murojaat qiling. Bek Vines'ning ...,,,1,"['Entertainment', 'memes']",27,
mmzlFxTnjQs,बरमुण्डा मास्टर || Barmunda Master || Mani Meraj Comedy || Rockstar Vines ||,"बरमुण्डा मास्टर || Barmunda Master || Mani Meraj Comedy || Rockstar Vines || ▻ Cast:- Mani Meraj ,Nirajan ...",,,1,"['Entertainment', 'memes']",27,
ugo8-g8Werw,Govt VS Private Students | Part 4 | Our Vines | Rakx Production,28 اگست کو FreeFire اپنی چوتھی سالگرہ منا رہا ہے- جس دن لاگ ان کرنے سے اپکو ملیں گی: قیمتی پرمننٹ سکنزز اور FreeFire کا ...,,,1,"['Entertainment', 'memes']",27,
i0x35A-Am6Q,Ramzan Ao Awam Funny Video By Pk Plus 2025,Pkvines#pktvnew #pkplusvines.,,,1,"['Entertainment', 'memes']",27,
Dty5itl2HfU,Online Business | Real Or fake,Che cha pake grich hwarale ye no comment kae Buner Vines New Funny Video 2025 Be wade ao daroghjan khalak ...,,,1,"['Entertainment', 'memes']",27,
9lA-lk8tZxI,Every Students In Exam || Comedy Video || OG vines,Students In Exam || Comedy Video || OG Vines This video is created solely for entertainment purposes. All events and elements ...,,,1,"['Entertainment', 'memes']",27,
PHvDN--UVeY,Gabeen Chacha Milma Part-3 |New Pashto Funny video| Qaisari,"Quick to start, easy to use - trade on Binomo and earn up to 17000 PKR per day: https://binomo.click/khpalvinesofficial1 Free ...",,,1,"['Entertainment', 'memes']",27,
0GwGnDqLsQw,Paisa ko Chakkar |101 Vines|,Thanks For Watching ❤️ This video was made only to entertain you guys. This video didn't mean to harm anything or anyone .,,,1,"['Entertainment', 'memes']",27,
vgJgXNs0SnU,मैडम की पाठशाला | Madam Ki Pathshala | Real Roshan Vines | Teacher Student Comedy Video,मैडम की पाठशाला | Madam Ki Pathshala | Real Roshan Vines | Teacher Student Comedy Video Script :- Real Roshan ...,,,1,"['Entertainment', 'memes']",27,
bGMS8wndsnE,Trailer | Buner Vines,Buner Vines New action film Online Business Coming soon full.,,,1,"['Entertainment', 'memes']",27,
OlRUhGc1gpo,VCR Part 2 Funny Video By PK TV Vines 2025 | PK TV #pktvvines #pktv #pktvnew,pktv #pkvines #pktvnew #funny Subscribe Our Youtube Channel bit.ly/2Wgrzrv PK TV EXtra Youtube Channel ...,,,1,"['Entertainment', 'memes']",27,
zmfS279B6bM,Kids Summer Holidays 😆 || Akhil Jackson Vines || Tamada Media,akhiljacksonvines #akhiljackson #summerfun #familytime #summervacation #kidsactivities #SummerDays #kidsholiday ...,,,1,"['Entertainment', 'memes']",27,
sWN0v9nMx9g,Gold Bag short movie | Zindabad vines 2025 | Pashto new funny video 2025,#Zindabadvines #Eisakhan_orakzai #pashtofunnyvideo2025 #Pathanfunny #pashtodrama.,,,1,"['Entertainment', 'memes']",27,
om1mNGoISZA,Da Lastoni Maran | Buner Vines,Buner Vines New Funny Video.,,,1,"['Entertainment', 'memes']",27,
oD9VpF5A5XA,Jhamela |101 Vines|,Thanks For Watching ❤️ This is the New Youtube Video of 101 Vines where two unemployed men try to integrate themselves ...,,,1,"['Entertainment', 'memes']",27,
z2kPwKK6aOU,PAAGAL BETA 84 | CS Bisht Vines | Desi Comedy Video | Jokes | Chandan Bisht,Watch as our Paagal Beta #csbishtvines #cs_bisht_vines #paagal_beta #ComedySkits #PaagalBeta #IndianComedy ...,,,1,"['Entertainment', 'memes']",27,
4kjNcVn04os,🔥 2024 yilning TOP 10 eng zo'r vaynlari | Azimchik Vines Asilbe Emir MuminJon Qodir Tolipov 😂🎭,"Oʻzbek vinerlari va mashhur blogerlar haqidagi eng qiziqarli videolar! Trenddagi lahzalar, kulgili sketchlar va ijtimoiy tarmoq ...",,,1,"['Entertainment', 'memes']",27,
6XxTLFv5FME,Akhri Faisla | Our Vines,Polio is a serious virus that can cause your child to lose limbs and paralysis for the rest of their lives. Stop this spread by giving ...,,,1,"['Entertainment', 'memes']",27,
tenMKmLbU4M,Wada shawe khor che plar kara rashi | Buner Vines,Buner Vines New Funny Video Da khazo video Be wade ao daroghjan khalak ...,,,1,"['Entertainment', 'memes']",27,
7abCSyVdNAM,KADDU PADDU 70 | pagal beta | desi comedy video | cs bisht vines | joke of,KADDU PADDU | pagal beta | desi comedy video | cs bisht vines | joke of #desicomedy #jokeof #makejokeof #pagalbeta ...,,,1,"['Entertainment', 'memes']",27,
8n-XzmKjLe0,Khermarr || pashto funny video || Pak Vines,thanks for support.,,,1,"['Entertainment', 'memes']",27,
GsNiASnX8og,Talokatii || pashto funny video || Pak Vines,Thanks for watching.,,,1,"['Entertainment', 'memes']",27,
V2wf_XdA6AE,Classic vines for when life gives you lemons,"Another very late compilation of iconic vines, that were there for me during quarantine.",,,1,"['Entertainment', 'memes']",27,
WAU44CxxH7Q,Ostaz Shagird Funny Video 2025,Pkplusvines#funnycomedy #pktvvines#pkvines.,,,1,"['Entertainment', 'memes']",27,
8n-XzmKjLe0,Khermarr || pashto funny video || Pak Vines,thanks for support.,,,1,"['Entertainment', 'memes']",27,
IXnDI0IAv0U,Ghost attack | Horror video | Ghost house Zindabad vines 2025,Ghost house parts: https://youtu.be/sB49m5RxboA?si=vjDumyss0iBfcizG ...,,,1,"['Entertainment', 'memes']",27,
8vZHLdBDV1k,Clackers Tak Tak | Buner Vines,Buner Vines' new funny video 14 agust 2024 Be wade ao daroghjan khalak ...,,,1,"['Entertainment', 'memes']",27,
V7n4IOIAq6o,Islahi Video Da Shetanano Bachee By Khan Vines,Email Us Amjadnaveed1972@gmail.com Mailing Adress :- Postal Code 24420 Post Office Charsadda Distt.Charsadda Provance ...,,,1,"['Entertainment', 'memes']",27,
4qjNx8Whgqc,Gankaf Travel Agent | Buner Vines,Cha cha sara da kar shawe Buner Vines New Funny Video 2025 Be wade ao daroghjan khalak ...,,,1,"['Entertainment', 'memes']",27,
VDXvp85Bm18,Girlfriend Vs Bestfriend |101 Vines|,"Thanks For Watching ❤️ Cast:- Anish Bakhati, Dipesh Gautam, Rupesh khadka, Anish Gautam, Prabina Tamang Camera- ...",,,1,"['Entertainment', 'memes']",27,
czDleX_bgco,Yatem Mashom aw Zalim Tra | Pashto Islahi Video | Pashto Drama 2025,Yatem Mashom aw Zalim Tra | Pashto Islahi Video | Pashto Drama 2025 #pashtodrama #pashtofunny #afaqawnafees ...,,,1,"['Entertainment', 'memes']",27,
yjUpOmX0WZ4,Pashto Funny Video | Jado Wala Gotma | By Khan Vines,Pashto Funny Video | Jado Wala Gotma | By Khan Vines #funnyvideo #khanvines #khanvinescharsadda #comedy.,,,1,"['Entertainment', 'memes']",27,
jKrKgKhoGX0,Gabeen Chacha Son Rishta Part-2| Khpal Vines 2023,"Uploading after 5 months, extremely sorry for being inactive, will be regular from now on insha'Allah. Hope you enjoyed it.",,,1,"['Entertainment', 'memes']",27,
jMN34WflNps,DOHELKHAW NOSH || Hash Teh Nosh (Part 13) || The Kashmiri Vines,This Video is Copyrighted . Dont Upload without Permission Watch DELETED SHOTS AT THE END OF THE VIDEO ACTORS ...,,,1,"['Entertainment', 'memes']",27,
LOmhlv7FtyA,Traffic Police Aw Awam Funny Video By PK TV Vines 2024 | PK TV,pktv #pkvines #pktvnew #funny Subscribe Our Youtube Channel bit.ly/2Wgrzrv PK TV EXtra Youtube Channel ...,,,1,"['Entertainment', 'memes']",27,
ph06h53_6vw,Roja Pe Lagedaly2 Funny Video By PK Vines 2025,Pkvines#funny #pkplusvines#,,,1,"['Entertainment', 'memes']",27,
7e242NRGGOo,Local Swarlai | Calender Driver | Buner Vines,Baqi parts ra mention kae. Buner Vines' new funny video 2024 Be wade ao daroghjan khalak ...,,,1,"['Entertainment', 'memes']",27,
yBXltPa73k4,Roja Khora Sa Shwe ll Khpala Weena Drama Episode 117 By Charsadda Vines Director SadiqKhan 2025 New,Roja Khora Sa Shwe ll Khpala Weena Drama Episode 117 By Charsadda Vines Director SadiqKhan 2025 New.,,,1,"['Entertainment', 'memes']",27,
JatlxHAbzyA,Pa kheta mar || Funny video by swat kpk vines 2025,2025 #trendingvideo #funny #pashtofunnyvines #swatvines.,,,1,"['Entertainment', 'memes']",27,
OnAZUN442eg,Night before EXAMS l The Baigan Vines,"THANK YOU for your love & support :"") Please Like & Comment on our videos as it means a lot! :) Edit : Aamer Bin Ishaq ...",,,1,"['Entertainment', 'memes']",27,
lxKFe_1QVRA,Hare Ka Sahara || Parmen || Tijara Vines || Geeta Rabari || Nikuu Banna || Nirmal || Khatu Shyam Ji,"JAI SHREE SHYAM PARMEN MUSIC Presents ""HAARE KA SAHAARA is a small Tribute with lots of love to our Great Khatu ...",,,1,"['Entertainment', 'memes']",27,
N_Ij_pEtiCE,Types of Travel Agents Part 2 | Buner Vines,Cha cha sara dasi shawe comment kae Buner Vines New Funny Video 2025 Be wade ao daroghjan khalak ...,,,1,"['Entertainment', 'memes']",27,
sB6O_zSv7pU,Nepali CID Parody EP-1 |101 Vines|,Thanks For Watching ❤️ This Is The New And Latest Video Of 101 Vines named (CID Nepali Parody ) . It's the new nepali ...,,,1,"['Entertainment', 'memes']",27,
6Bd2vCdc0Cg,Bach Ba Nashee || swat kpk vines Pashto funny video,islahimessage #funny #pashtoislahidrama #comedy.,,,1,"['Entertainment', 'memes']",27,
lnNY22fpg20,Lawmakers are lawbreakers & corruption Buner vines new funny video 2022,Social media Gandageri https://youtu.be/sGhQqz4Zk7I Duzmari jenakai (Girls Attitude) https://youtu.be/fMvDxkdAFaE Mehingae ...,,,1,"['Entertainment', 'memes']",27,
fm3-EadcFoY,Doctor Ger Sho Funny Video By pk plus vines 2025,Pk plus vines#pktvvines #pkvines.,,,1,"['Entertainment', 'memes']",27,
IympyHubv3c,Ramzan Special Video By PK TV Vines 2025 | PK TV,pktv #pkvines #pktvnew #funny Subscribe Our Youtube Channel bit.ly/2Wgrzrv PK TV EXtra Youtube Channel ...,,,1,"['Entertainment', 'memes']",27,
sWN0v9nMx9g,Gold Bag short movie | Zindabad vines 2025 | Pashto new funny video 2025,#Zindabadvines #Eisakhan_orakzai #pashtofunnyvideo2025 #Pathanfunny #pashtodrama.,,,1,"['Entertainment', 'memes']",27,
Tf3h8icPgI0,सलवार में तलवार | Salwar Me Talwar | Srd Vines #comedy,"सलवार में तलवार | Salwar Me Talwar | Srd Vines #comedy Cast :- Niranjan Kumar nunu, Dilip sir, Rupesh Ripu, ...",,,1,"['Entertainment', 'memes']",27,
Pi8MSSGkS6U,Roja Da Bas De // Khpala Weena Drama Episode 109 By Charsadda Vines Director SadiqKhan #trending,Roja Da Bas De // Khpala Weena Drama Episode 109 By Charsadda Vines Director SadiqKhan #trending.,,,1,"['Entertainment', 'memes']",27,
eB2shZBt8Kc,IPL Spoof | RCV Vs MI | 2 in 1 Vines,Directed by - 2 IN 1 Vines Editing - Shahzi Hasan Thumbnail - Ashman Saifi DOP - Azeem Ahmad Camera Assistant - Ayan Saifi ...,,,1,"['Entertainment', 'memes']",27,
JYqrt8ANKqo,Worst 🤡 VS Best🔥 Movies 2024,Sorry For the Late Upload Nanbargale Subscribe ...,,,1,"['Entertainment', 'memes']",27,
IffXIf-u1mM,Gabeen Chacha aw Mobile Badmash| Qaisari| Khpal Vines New Video,"Quick to start, easy to use - trade on Binomo and earn up to 17000 PKR per day: https://binomo.click/khpalvinesofficial Free ...",,,1,"['Entertainment', 'memes']",27,
WZjttnh8fAA,Da Roje Package New Funny Video Daji Gul Vines,Da Roje Package New Funny Video Daji Gul Vines #dagaivines #funnyvideos.,,,1,"['Entertainment', 'memes']",27,
VevrqqL1vmM,Baargain wala | Azi Ki Vines | Pashto Funny 2025,Disclaimer _ zamung dade video maqsad cha pori khanda kol nade na mo paki sok target kre da mazaq aw da khanda video da ...,,,1,"['Entertainment', 'memes']",27,
sYfY1rjNvOg,Roja Ou Podaryan New Pashto Funny Video Sada Gul Vines #unfrezzmyaccount,Roja Ou Podaryan New Pashto Funny Video Sada Gul Vines #unfrezzmyaccount #funny #sadagullvines #comedy ...,,,1,"['Entertainment', 'memes']",27,
VHWpv57QAxo,SACCHI MOHABBAT PREGNANT | KP VINES,Sacchi mohabbat pregnant | kp vines Note : Always use headphones Only for entertainment purposes Video shoot - kp vines team ...,,,1,"['Entertainment', 'memes']",27,
H86iO0mtsDI,BRAIN ROT | Why You Are Losing Control Of Your Brain?,That restless itch to check your phone? The struggle to finish a book? It's not just you. Our brains are experiencing the biggest ...,,,1,"['Entertainment', 'memes']",27,
GCvAfdNowzU,How to cure brain rot,The first 500 people to click my link will get a 1 month free trial of Skillshare https://skl.sh/betterideas11241 Merch (NA): ...,,,1,"['Entertainment', 'memes']",27,
HsBDferpfPI,ഭയക്കണം ഈ Brainrotനെ | Brainrot Explained | Mallu Analyst,malluanalyst #reelsreaction #shortsreaction #socialmedia #brainrot For Business Enquires & Promotions Email: ...,,,1,"['Entertainment', 'memes']",27,
_fYUlyB5p28,10 Signs You're Struggling With Brainrot (What To Do),"Ever feel like your brain just isn't working the way it used to? Like your attention span is shrinking, your thoughts feel foggy, and ...",,,1,"['Entertainment', 'memes']",27,
414EWLK0WFg,B.I.D. (Brainrot Investigation Department) EP 01 | VIYOMEE,"Deez & Nuts were met with a terrible accident when voyaging to Savita Bhabhi's house. While reporting the details of the accident, ...",,,1,"['Entertainment', 'memes']",27,
SXPq5MNRvkI,Spider-Man: No Way Home but it's brainrot,Simp-Man defeats Rizzterio and meets Sigma-Man and The Amazing Rizzler Part 1: ...,,,1,"['Entertainment', 'memes']",27,
UB3t3Fnx0Lo,The cursed brainrot Alphabet song,For the original song: https://www.youtube.com/watch?v=hq3yfQnllfQ&t=43s.,,,1,"['Entertainment', 'memes']",27,
uw7kllUlI_g,Stop Brain Rot. Stop Scrolling.,Are you spending hours endlessly scrolling through your phone? Feeling mentally and physically drained afterward? You might ...,,,1,"['Entertainment', 'memes']",27,
H5w_crTyzno,Spider-Man Homecoming but it's brainrot,Will Simp-Man become Sigma to rizz up Liz?,,,1,"['Entertainment', 'memes']",27,
BT3xt7kX1nE,Gen Z Vs Gen Alpha Brain Rot Quiz,Gen Z Vs Gen Alpha Brain Rot Quiz Make AI Voices: https://try.elevenlabs.io/4smwo357w77p Subscribe For More!,,,1,"['Entertainment', 'memes']",27,
Jfz0ghTlFzQ,Science Reveals if Brain Rot is Really Making You Dumb,"Is brain rot making us all dumber or is it just another overblown panic? TikTok, YouTube, and endless scrolling might be rewiring ...",,,1,"['Entertainment', 'memes']",27,
WmECV6mC060,Why Brain Rot Will Doom Gen Alpha,"Has Gen Alpha gone too far? With attention spans at an all-time low and behavioral issues on the rise, teachers, parents, and ...",,,1,"['Entertainment', 'memes']",27,
Lcli6EIECRw,Oxxxymiron – журавли BRAINROT REMIX (Official video),https://vk.com/mm44turboshitpostmachine https://t.me/mm44turboshitpostmachine https://boosty.to/mm44turboshitpostmachine.,,,1,"['Entertainment', 'memes']",27,
WAJ6H3nMGPk,What Is Brainrot?,this is brainrot Please comment if you know more about this meme's origins. Reading list: https://amzn.to/3LRiZuA Watch videos ...,,,1,"['Entertainment', 'memes']",27,
eu9uvBYsPXs,Social Media Is Rotting Your Brain. Here's How.,"In this video, we discuss why our brains are addicted to consuming shallow, dopamine-inducing content, how it impacts our ...",,,1,"['Entertainment', 'memes']",27,
ZOV52p_YxI0,BRAIN ROT - PEMBUSUKAN OTAK,"Selamat datang di masa dimana informasi disajikan semakin pendek, hiburan dikemas semakin pendek, konten-konten pendek, ...",,,1,"['Entertainment', 'memes']",27,
nBK83FOYoHI,Ruler of My Heart but brainrot⛓️💔 | ALNST Round 5,sticking out your gyatt for the rizzler ur so skibidi ur so fanum tax i just wanna be ur sigma my beta my skibidi toilet i don't believe ...,,,1,"['Entertainment', 'memes']",27,
sVn4sBxLokA,Skyrim Intro But It's Brainrot (Gen Alpha Slang),"Subscribe for more comedy and gaming related content! This was inspired by the Fallout 4 version that was made by Pursuit, ...",,,1,"['Entertainment', 'memes']",27,
kkzL3bfvr2Q,YouTube Has A Brainrot Problem...,"Be your most comfortable self this fall with MeUndies Get 20% off your first order, plus free shipping, ...",,,1,"['Entertainment', 'memes']",27,
H8HYN0Y6Kp8,What is Rejection Brainrot? Are you a victim of it?,"Rejection hurts — sometimes more than it should. Whether you're constantly afraid of being left out, scared to speak up, or just ...",,,1,"['Entertainment', 'memes']",27,
XBx5zKDHlIA,BRAIN ROT | Why Are You Losing Control Of Your Brain? | 🎧Podcast and Chill | Intermediate,"Is Your Brain Rotting? Here's How to Fix It! Do you ever feel like your brain is foggy, your focus is slipping, and you can't ...",,,1,"['Entertainment', 'memes']",27,
lJab75QM_Ug,Turns out brain rot isn't a meme. It's real.,#selfimprovement #socialmediaaddiction #brainrot.,,,1,"['Entertainment', 'memes']",27,
5MaccALqFL8,"""How Far I'll Go"" but it's brainrot",you can thank tiktok for this one SPECIAL THANKS TO MY UNIRONIC PATRONS!!! Gregory Bronstein Samurai Puppy ...,,,1,"['Entertainment', 'memes']",27,
JyjVDfJq00k,Star Wars but it's brainrot,"In the galaxy far, far away, the beginning of the Star Wars is among us. Luke, a skibidi farmer of Talk-Tuahooine is contacted by ...",,,1,"['Entertainment', 'memes']",27,
bZtQ4rlu4E4,Surviving the BrainRot Apocalypse,"What's your favorite IRL video? Comment below! Yes, we're from Shiloh and Bros that channel that does Among Us videos! This is ...",,,1,"['Entertainment', 'memes']",27,
WAJ6H3nMGPk,What Is Brainrot?,this is brainrot Please comment if you know more about this meme's origins. Reading list: https://amzn.to/3LRiZuA Watch videos ...,,,1,"['Entertainment', 'memes']",27,
pYOsZhxLSOM,The Disturbing Rise of Brain Rot Content for Kids,Brain rot is taking over this new generation... My name is Gerard and I make Internet Culture Documentaries. My mission is to ...,,,1,"['Entertainment', 'memes']",27,
UOAoaad5oUk,O que é e como evitar o brain rot (apodrecimento cerebral)?,"Fenômeno que interfere na concentração, memória, raciocínio e muito mais, o brain rot, que pode ser traduzido para ...",,,1,"['Entertainment', 'memes']",27,
49l39sSrGqk,Spider-Man but he has brainrot,What if Peter Parker was Gen Alpha? Intro Music: https://www.youtube.com/watch?v=ezjAKF1bHcE.,,,1,"['Entertainment', 'memes']",27,
emL4LESttVo,ULTIMATE Brain Rot Quiz,The ULTIMATE Brain Rot Quiz! Make AI Voices Like Mine: https://try.elevenlabs.io/4smwo357w77p Subscribe For More!,,,1,"['Entertainment', 'memes']",27,
#NAME?,ZEIT-Kritiker reagiert auf German Brainrot,"Millionen weltweit gucken gerade ""German Brainrot""-Memes auf TikTok, ""deutsche Hirnfäule"". Es geht um pupsende Tauben und ...",,,1,"['Entertainment', 'memes']",27,
Klt5G6qnGAY,Spider-Man 2 but he has brainrot,Bro's on a mewing streak?! Part 1: https://youtu.be/49l39sSrGqk?si=cXbCbnCsmIwoS8x1 Part 3: ...,,,1,"['Entertainment', 'memes']",27,
XBx5zKDHlIA,BRAIN ROT | Why Are You Losing Control Of Your Brain? | 🎧Podcast and Chill | Intermediate,"Is Your Brain Rotting? Here's How to Fix It! Do you ever feel like your brain is foggy, your focus is slipping, and you can't ...",,,1,"['Entertainment', 'memes']",27,
sR-jHc-cQPg,New Vegas Intro But It's Brainrot (Gen Alpha Slang),Thanks for watching.,,,1,"['Entertainment', 'memes']",27,
5-k9X6OuvbI,brain rot asmr,Remember to leave a LIKE! Thanks for watching! And make sure to subscribe and hit the bell button so you are notified when I ...,,,1,"['Entertainment', 'memes']",27,
OysM73DcHA8,Spider-Man 3 but he has brainrot,He's gonna put some rot in your brain Part 1: https://youtu.be/49l39sSrGqk?si=cXbCbnCsmIwoS8x1 Part 2: ...,,,1,"['Entertainment', 'memes']",27,
8WsqTw9e_iQ,The Amazing Spider-Man but it's brainrot,The Amazing Rizzler.,,,1,"['Entertainment', 'memes']",27,
TxanlC8ZnTY,Harry Potter but it’s brainrot,Brainrot Harry Potter. The boy who rizzed attends Mogwarts with other rizzlers in order to learn to goon to eventually defeat Lord ...,,,1,"['Entertainment', 'memes']",27,
SXPq5MNRvkI,Spider-Man: No Way Home but it's brainrot,Simp-Man defeats Rizzterio and meets Sigma-Man and The Amazing Rizzler Part 1: ...,,,1,"['Entertainment', 'memes']",27,
flU-8GEG_9o,YOUNGEST SIBLING IS QUEEN OF BRAIN ROT🎵🤯 [Official Roblox Music Video],Queen of BRAIN ROT [Official Roblox Music Video] This is an official Roblox music video '' Queen of BRAIN ROT '' produced ...,,,1,"['Entertainment', 'memes']",27,
xn9fLrUQKEM,The Dark Rise of Brain Rot Content,Got injured in an accident? You could be one click away from a claim worth millions. You can start your claim now with Morgan ...,,,1,"['Entertainment', 'memes']",27,
m9c-HSTgu7Q,How Brain Rot is Ruining You,"In this video, I'm discussing how brain rot is destroying your mind and the impact of social media addiction on students today.",,,1,"['Entertainment', 'memes']",27,
eu9uvBYsPXs,Social Media Is Rotting Your Brain. Here's How.,"In this video, we discuss why our brains are addicted to consuming shallow, dopamine-inducing content, how it impacts our ...",,,1,"['Entertainment', 'memes']",27,
BT3xt7kX1nE,Gen Z Vs Gen Alpha Brain Rot Quiz,Gen Z Vs Gen Alpha Brain Rot Quiz Make AI Voices: https://try.elevenlabs.io/4smwo357w77p Subscribe For More!,,,1,"['Entertainment', 'memes']",27,
QN5DKXof-BU,2016 XXL Brainrot Cypher,"2016 XXL Brainrot Cypher Jelly House, Young Mantis, Liam Pineiro, James For Real, Seth Goblin Join our ...",,,1,"['Entertainment', 'memes']",27,
TC6Hi1S7kuo,Spider-Man: Far From Home but it's brainrot,Simp-Man returns.,,,1,"['Entertainment', 'memes']",27,
wluG4oXBL4U,Anomali Brainrot Luar vs Anomali Brainrot Lokal,"Semua isi video diatas hanyalah hasil editan untuk meme/hiburan belaka. Thanks for watching this shi, subscribe for more video ...",,,1,"['Entertainment', 'memes']",27,
uqBUGIvWXmg,Brainrot - Svet za Kmet & RusHrus (Offical Music Video),Скролването спри Тази песен си пусни #svetzakmet #brainrot #rap Stream Now: ...,,,1,"['Entertainment', 'memes']",27,
ukm1OSXuaQ8,January 2025 Brain Rot Quiz,January 2025 Brain Rot Quiz! Make AI Voices: https://try.elevenlabs.io/4smwo357w77p Subscribe For More!,,,1,"['Entertainment', 'memes']",27,
tJi0QwGlTTk,"Senator delivers 'BRAINROT' speech in parliament: ""Skibidi!"" | 6 News","Western Australian senator Fatima Payman has delivered a speech for Gen Z and Gen Alpha, telling the ""sigmas of Australia"" that ...",,,1,"['Entertainment', 'memes']",27,
kkQcpfGqfJ0,MEMES ARE ADVANCING BEYOND BRAINROT,reacting to memes be the first to follow me here: https://bsky.app/profile/rifty.bsky.social the gram: ...,,,1,"['Entertainment', 'memes']",27,
hEZoGQsxzaA,toad sings 2 days into gooning (2 days into college brain rot cover),toad sings 2 days into gooning (2 days into college brain rot cover),,,1,"['Entertainment', 'memes']",27,
mJF0uQurFSg,MOST BRAINROT SIDEMEN MOMENTS EVER,#Sidemen #Reacts ---------------------------------------------------------------------------------------------------- Video uploaded by: Zerkaa ...,,,1,"['Entertainment', 'memes']",27,
bewRBmoSwRA,"with rizz (TYLER, THE CREATOR BRAIN ROT CHROMOKOPIA PARODY) @secretasian6",LYRICS She said that I pull the fine shyts with rizz My aura like the gooners When I rizz With rizz Ninja I want you to know ...,,,1,"['Entertainment', 'memes']",27,
QZmIRoQsmWc,THE ULTIMATE 2024 BRAIN ROT QUIZ (HARD),Take this 2024 brain rot quiz with you and your friends and see who spent most of their time on their phone. Feel free to comment ...,,,1,"['Entertainment', 'memes']",27,
0UzopPQKcL8,Fallout 3 Intro But It's Brainrot (Gen Alpha Slang),"Subscribe for more comedy and gaming related content! This was inspired by the Fallout 4 version that was made by Pursuit, ...",,,1,"['Entertainment', 'memes']",27,
bes8Q-P_FU0,Seventeen Heathers Brainrot Karaoke (FULL VERSION),original: https://youtu.be/qBxfx0VB0Yc?si=F5V3nm6e0jjmWZPx.,,,1,"['Entertainment', 'memes']",27,
UB3t3Fnx0Lo,The cursed brainrot Alphabet song,For the original song: https://www.youtube.com/watch?v=hq3yfQnllfQ&t=43s.,,,1,"['Entertainment', 'memes']",27,
d60ggFd7_V8,The Boomer Brain Rot Epidemic is Out of Control,The Boomer Brain Rot Epidemic Is Getting Out of Control Brain rot is typically associated with Gen Zs and Gen Alpha but it's ...,,,1,"['Entertainment', 'memes']",27,
6VW_aD_MOvQ,AI Brainrot on Facebook,LIKE & SUBSCRIBE discord: https://discord.gg/Va8yZcBMxC BE A MEMBER: ...,,,1,"['Entertainment', 'memes']",27,
hc-79I1If2I,Brainrot Youtube Shorts Comments,The Dead internet theory is real guys I blurred the names of the comments because they're probably kids and don't really know ...,,,1,"['Entertainment', 'memes']",27,
CfDVV4STGpo,Ts Subreddit Gave Me Brainrot... 🥀,Welcome to reddit recap everyone! Today we are gonna check out the top posts of r/StanleyMOV and see how funny you guys are ...,,,1,"['Entertainment', 'memes']",27,
NflAQb1UJMA,I Tried Speedrunning Brain Rot,please don't do this this was streamed on twitch! ▻ https://www.twitch.tv/royalpearyt become a channel member ...,,,1,"['Entertainment', 'memes']",27,
MwairajROs4,Brain Rot in Among Us,We play a Brain Rot Mod in Modded Among Us Friends in the Video ⭑ @Nicovald ⭑ @garryblox ⭑ @Zud ⭑ @PatP_ ...,,,1,"['Entertainment', 'memes']",27,
T8SFMOpRcfs,কেন পচে যাচ্ছে আমাদের মাথা! | Brain rot - the social media disease | Sujoyneel,আমাদের মাথার ভিতরে থাকা ব্রেইনটা ক্রমশ পচতে শুরু করেছে।,,,1,"['Entertainment', 'memes']",27,
hS_iwy7HoUo,The classic brainrot alphabet song,"""Classic Brainrot"": A selection of memes ranging from 2020-2021, that can be considered as today's brainrot. Examples include ...",,,1,"['Entertainment', 'memes']",27,
p8NOKT2QPU4,Youtube Shorts Comments is Pure Brainrot..,Dead internet theory..,,,1,"['Entertainment', 'memes']",27,
erBkc1TwevE,EXTREME Brainrot Bingo,"I Played Brainrot Bingo in this video i play bingo, but instead of numbers on the board i go on youtube shorts and try to find the ...",,,1,"['Entertainment', 'memes']",27,
KidtUJopbTI,Brainrot Comments on YouTube be like,"**************************** Hey Gentlemen & Ladies, It's BENBROS. The title of this video is ""Brainrot Comments on YouTube be ...",,,1,"['Entertainment', 'memes']",27,
hmAMY1t5ED4,This Brainrot TikToker Thinks He's Relatable.,This Brainrot TikToker Thinks He's Relatable. This Relatable TikToker that creates brainrot tiktoks and YouTube shorts has ...,,,1,"['Entertainment', 'memes']",27,
bFgkUKvlcXs,Classical Music to Cure Brain Rot,"These recordings are available for sync licensing in web video productions, corporate videos, films, ads and music compilations.",,,1,"['Entertainment', 'memes']",27,
w3Agn8xbDsM,KSI - Thick Of It (OFFICIAL BRAINROT PARODY VERSION),From the gyatt to the Sus to the Rizz to the Mew Yeah I'm edging in Ohio Fanum-Taxing as I goon I'm a Sigma I Hawk-Tuah on ...,,,1,"['Entertainment', 'memes']",27,
_2P5StGLBNw,The KING Of Brainrot Got Much Worse...,"The KING Of Brainrot Got Much Worse... - Hello People, welcome back! Today we take another look at Tom Sings aka the King of ...",,,1,"['Entertainment', 'memes']",27,
3BUoNJSPujU,TOP 10 Italian Brainrot AI Animals Compilation,"Get ready for the TOP 10 Italian Brainrot AI Animals Compilation! Brother, support me by Subscribing to get more Memes From ...",,,1,"['Entertainment', 'memes']",27,
MAIAMzuCtaE,SPECIALZ but it's Brainrot (SIGMAZ),YOU ARE MY SIGMAA SoundCloud link: https://on.soundcloud.com/pgnNRsx8XKy44zQ88 LYRICS: You are my sigma I went to ...,,,1,"['Entertainment', 'memes']",27,
b_gnQQTYIcQ,The cursed brainrot Alphabet song (part 3),OMG guys this is the last brainrot Alphabet song so please don't send me require. I will make some brainrot songs inspired by ...,,,1,"['Entertainment', 'memes']",27,
btmGoPxIurQ,The cursed brainrot Alphabet song (part 2),For the outro video: https://www.youtube.com/shorts/dBXRhG1YX9g For the original video: ...,,,1,"['Entertainment', 'memes']",27,
Ja-LJHb0CIg,parents reading brainrot words,parents reading brainrot words parents reading brain rot words parents reading brainrot parents reading brainrot words tiktok ...,,,1,"['Entertainment', 'memes']",27,
KPALBmsBzd0,Jurassic Park Brainrot Try Not To Laugh!,"Jurassic Park is not safe from Brainrot, Let's witness it together! Videos Reacted to: ...",,,1,"['Entertainment', 'memes']",27,
JY9Y19yxevQ,bro wtf is this brainrot 💀,bro wtf is this brainrot. this is a meme about gen alpha brainrot rizzler song: ...,,,1,"['Entertainment', 'memes']",27,
#NAME?,ZEIT-Kritiker reagiert auf German Brainrot,"Millionen weltweit gucken gerade ""German Brainrot""-Memes auf TikTok, ""deutsche Hirnfäule"". Es geht um pupsende Tauben und ...",,,1,"['Entertainment', 'memes']",27,
T8SFMOpRcfs,কেন পচে যাচ্ছে আমাদের মাথা! | Brain rot - the social media disease | Sujoyneel,আমাদের মাথার ভিতরে থাকা ব্রেইনটা ক্রমশ পচতে শুরু করেছে।,,,1,"['Entertainment', 'memes']",27,
HRNpNeMe9oI,"""Like Him"" By Tyler the Creator But it's Brainrot(With Rizz)",Looks like I'm going to be doing alot more Brainrotkopia songs since you guys want them!!! I hope you guys enjoy this parody... or ...,,,1,"['Entertainment', 'memes']",27,
nxSbhVnwdFw,ALL Italian Brainrot AI Animals Compilation | Tralalero Tralala,"Get ready for some hilarious and adorable Italian Brainrot AI Animals in this compilation video! Brother, support me by Subscribing ...",,,1,"['Entertainment', 'memes']",27,
zvWwrk16Z8k,rizz flower (SPIDERMAN SUNFLOWER BRAIN ROT PARODY),rizz flower (SPIDERMAN SUNFLOWER BRAIN ROT PARODY LYRICS Eh-eh-eh-edge Goo-oo-oo-oon Eh-edge Goo-oo-oo-oon ...,,,1,"['Entertainment', 'memes']",27,
St2eGZAYqAw,Gen Alpha Be Like,kids in 2030 discord: https://discord.gg/Va8yZcBMxC BE A MEMBER: ...,,,1,"['Entertainment', 'memes']",27,
SiOygPq-yfE,gyatt goes the rizzler (ALL AROUND THE SKIBIDI BUSH ANIMATED BRAIN ROT SONG),gyatt goes the rizzler (ALL AROUND THE SKIBIDI BUSH ANIMATED BRAIN ROT SONG) LYRICS All around the skibidi bush The ...,,,1,"['Entertainment', 'memes']",27,
GWnAvmDnO3Q,Did Brainrot Ruin This Sonic.Exe Creepypasta,Business Email: mcquay59@gmail.com.,,,1,"['Entertainment', 'memes']",27,
_aHZOgCfFMg,Sprunki Brainrot Song Animated Music Video,"Sprunki Brainrot Song Animated Music Video by BENJIxScarlett Lyrics: Ladies and gentlemen, the best brain rot spunky song ...",,,1,"['Entertainment', 'memes']",27,
0mKJX4C9Su4,rizzing in the moonlight (DANCIN BRAIN ROT PARODY KRONO REMIX TIKTOK SONG),"rizzing in the moonlight (DANCING BRAIN ROT PARODY KRONO REMIX TIKTOK SONG) LYRICS Skibidi Livvy, you are for me ...",,,1,"['Entertainment', 'memes']",27,
sBLhy9Ijz8Y,Apt Brainrot - Skibidi Apt (New),Yes peak Nice guys Great :) Thank you so much for your support :),,,1,"['Entertainment', 'memes']",27,
5LFZR-7aaIg,KIDS THAT HAVE BRAINROT 😭,rifty reacting to kids that have brainrot memes the gram: https://www.instagram.com/riftyish/ the discord: ...,,,1,"['Entertainment', 'memes']",27,
iUYTQMhtGrU,Brainrot Test,Business Email: sponsormemezee@gmail.com Twitter ▻ https://twitter.com/MemeZee_YT Instagram ...,,,1,"['Entertainment', 'memes']",27,
2iaRRHlVHxA,try not to brainrot challenge,Business Email: sponsormemezee@gmail.com Twitter ▻ https://twitter.com/MemeZee_YT Instagram ...,,,1,"['Entertainment', 'memes']",27,
FMy6oEWmnnQ,Teaching my cousin BRAINROT english! And learning korean from him,i laughed so much while editing this omg I HOPE YOU GUYS LIKE THIS VIDEO!! 00:00- English lesson 07:33- skibbitty toilet ...,,,1,"['Entertainment', 'memes']",27,
R4EJIexv8wg,Brainrot: How the Internet is FRYING your brain,The best way to achieve financial freedom: https://www.louisesquier.com/acces Follow me on Instagram: https://www.instagram ...,,,1,"['Entertainment', 'memes']",27,
DXAs1MpUwDM,I Discovered The King Of Brainrot.,"I Discovered The King Of Brainrot. Brainrot. With Gen Alpha and their humor, the brain rot on TikTok and YouTube Shorts has ...",,,1,"['Entertainment', 'memes']",27,
nxSbhVnwdFw,ALL Italian Brainrot AI Animals Compilation | Tralalero Tralala,"Get ready for some hilarious and adorable Italian Brainrot AI Animals in this compilation video! Brother, support me by Subscribing ...",,,1,"['Entertainment', 'memes']",27,
9q6eL3iSATM,1 Hour Of Brainrot Memes V1,"Enjoy 1 Hour Of Brainrot V1! memes, meme, memes compilation, dank memes, offensive memes, funny, funny memes, funny ...",,,1,"['Entertainment', 'memes']",27,
kthhbGEZ0a4,ranking composers but it's brainrot,"What if #composers were #brainrot? A question nobody needed answered, and yet we did anyway. You're so welcome.",,,1,"['Entertainment', 'memes']",27,
jjxD4goI6jg,drake drake go away (ANIMATED BRAIN ROT SONG),drake drake go away (ANIMATED BRAIN ROT SONG) STREAM IT ...,,,1,"['Entertainment', 'memes']",27,
X9YWqBm1qvA,The Cure for Brain Rot 🫠,"About Me: Welcome to my channel! In addition to making flipbooks, I am a stop-motion animator and have worked on movies like ...",,,1,"['Entertainment', 'memes']",27,
F7rqL4ptUzc,Chinese Brainrot,LIKE & SUBSCRIBE discord: https://discord.gg/Va8yZcBMxC BE A MEMBER: ...,,,1,"['Entertainment', 'memes']",27,
zQHKYWTwebg,Reacting to Dandy's World brainrot..💀💀🙏,"Not tryna get copyright so- Credits to: Gummy Dora for the first animation and Benjixscarlet for the song.. (HELP, why did I make ...",,,1,"['Entertainment', 'memes']",27,
znusY6SObQA,German Brainrot Compilation,"oh nein, vertical rotierender fisch.",,,1,"['Entertainment', 'memes']",27,
1ncDWahReQE,Literal Brain Rot,"I am one with the rot. And the tiktok to the person who made that blade runner brain rot, bruh's rot was so mesmerizing that it ...",,,1,"['Entertainment', 'memes']",27,
PIIoMAV8oQs,Brain Rot Is Ruining Gen Alpha,Brain Rot...Brainrot is something that a lot of gen alpha has been watching. Today me and The Duck talk about all the different ...,,,1,"['Entertainment', 'memes']",27,
l6hzRU2d7c0,low taper pompeii (NINJA FADE REVIVAL BRAIN ROT PARODY),low taper pompeii (NINJA FADE REVIVAL BRAIN ROT PARODY) LYRICS Low Taper Fade Low Taper Fade Low Taper Fade Low ...,,,1,"['Entertainment', 'memes']",27,
Tnp1rGIJo8w,10 Minutes Of Brainrot Memes V12,"Enjoy 10 Minutes Of Brainrot V12! memes, meme, memes compilation, dank memes, offensive memes, funny, funny memes, funny ...",,,1,"['Entertainment', 'memes']",27,
SMCAxembJkI,I Gave My Self Brainrot (bad idea),"if you made it this far, i love you...",,,1,"['Entertainment', 'memes']",27,
Yyts8lt5l_Y,Parents Pronouncing BrainRot Words Try Not To Laugh Compilation,"I put together the funniest try not to laugh videos of parents pronouncing ""brainrot"" terms! leave a Like and subscribe for a second ...",,,1,"['Entertainment', 'memes']",27,
MO1Y5kL5kbw,I Tried Giving Myself Brain Rot,Do NOT try this at home... Become a Member: https://www.youtube.com/channel/UCWBWgCD4oAqT3hUeq40SCUw/join Follow ...,,,1,"['Entertainment', 'memes']",27,
o35aHhpZzXA,"edging, bad for me (WEAK AJR BRAIN ROT PARODY)","edging, bad for me (WEAK AJR BRAIN ROT PARODY) LYRICS Gooning (bad for me) Edging (Bad for me) Jelqing (Bad for me) ...",,,1,"['Entertainment', 'memes']",27,
HcgJWFAekd0,tengo brainrot,gedagedigedagedago twitter: https://www.twitter.com/deepvoid69 twitch: https://www.twitch.tv/deepvoid instagram: ...,,,1,"['Entertainment', 'memes']",27,
Owi5JGoPqXg,YouTube Shorts Brainrot,youtube shorts isn't that ba- discord: https://discord.gg/Va8yZcBMxC BE A MEMBER: ...,,,1,"['Entertainment', 'memes']",27,
0rMmlpVqydQ,The Official Brainrot Alphabet Song,skibidi #skibiditoilet #brainrot Subscribe for more guys !!! Thanks :),,,1,"['Entertainment', 'memes']",27,
8Jx3tUcsNz8,top 5 italian brainrot animals,top 5 italian brainrot animals | italian brainrot compilation Get ready for the ultimate top 5 italian brainrot animals countdown!,,,1,"['Entertainment', 'memes']",27,
iU6C4tr_0W8,Slightly Offensive Shitposts,"Calling them ""memes"" over shitposts is a stretch join discord: https://discord.gg/memedoser Support my shitposting (before I get ...",,,1,"['Entertainment', 'memes']",27,
6VhdbA4bs5U,Shitpost status V79,"a funny shitpost , meme compilation vol79 More shitpost: ...",,,1,"['Entertainment', 'memes']",27,
lGUCeXN--sg,Shitpost Status V164,"a funny shitpost , meme compilation vol164 More shitpost: ...",,,1,"['Entertainment', 'memes']",27,
KA_sCSi8Qbo,Shitpost Status V157,"a funny shitpost , meme compilation vol157 More shitpost: ...",,,1,"['Entertainment', 'memes']",27,
9zvF7_3wv_I,Random shitposts #2,Subscribe for more shitposts:),,,1,"['Entertainment', 'memes']",27,
4gjroGF-fVY,Bronze age shitposts,what if you wanted to go to heaven but god said 𒈗𒆠𒉌𒂠𒌌𒌌𒈗𒆠𒉌𒂠𒌌𒌌𒈗𒆠𒉌𒂠𒌌𒌌 Part 2 :https://youtu.be/F2cNsjW-k0M ...,,,1,"['Entertainment', 'memes']",27,
Req170pThhU,Shitpost Status V159,"a funny shitpost , meme compilation vol159 More shitpost: ...",,,1,"['Entertainment', 'memes']",27,
BRKW5MMzBh4,Random shitpost i found on r/GoCommitDie Part48,I don't own any of this clips credits to the real owners :) #roblox #meme #compilation #funny #youtuber #rGoCommitDie ...,,,1,"['Entertainment', 'memes']",27,
Wa5AMpPVk8c,Shitposting Random V4,Gracias por pasarte a ver el video c: Canción de la intro y del final: https://youtu.be/4EbdUcLlMRU?si=zAU4MCQHqfLZ-L_X ...,,,1,"['Entertainment', 'memes']",27,
knWubfZCKzY,Shitpost status V94,"a funny shitpost , meme compilation vol94 More shitpost: ...",,,1,"['Entertainment', 'memes']",27,
28_6sG8I46s,Slightly Offensive Shitposts,Slightly Offensive memes once more join discord: https://discord.gg/memedoser Support my shitposting (before I get deleted ...,,,1,"['Entertainment', 'memes']",27,
BYV7CtoKTX4,spamton shitpost,IDK MAN i thought the audio was funny Edit: this is getting hella views so I'll promote my ACTUAL art Instagram: ...,,,1,"['Entertainment', 'memes']",27,
NEVLyA4Mq1o,Shitposting Compilation V35,Registrate en 1XBET (De paso apoyas el canal ❤) Usa el codigo comedian1x Al registrarte Shitposting Compilation ...,,,1,"['Entertainment', 'memes']",27,
ENO_uQ7-wWM,Memes e Shitposts T4 Ep171,aqui está um compilado de memes para você passar o seu tempo rindo com a diversidade de imagens e acontecimentos hilários ...,,,1,"['Entertainment', 'memes']",27,
owARLpTcoq4,Memes e Shitposts T4 Ep196,aqui está um compilado de memes para você passar o seu tempo rindo com a diversidade de imagens e acontecimentos hilários ...,,,1,"['Entertainment', 'memes']",27,
i7OBWTNkuAE,Shitpost status V37,"a funny shitpost , meme compilation vol37 More shitpost: ...",,,1,"['Entertainment', 'memes']",27,
oEJyWj1R0jM,Shitpost status V130,"a funny shitpost , meme compilation vol130 More shitpost: ...",,,1,"['Entertainment', 'memes']",27,
SOLev4u-nRE,Shitpost Status V163,"a funny shitpost , meme compilation vol163 More shitpost: ...",,,1,"['Entertainment', 'memes']",27,
QdIFjgoz37c,Shitpost Status V150,"a funny shitpost , meme compilation vol150 More shitpost: ...",,,1,"['Entertainment', 'memes']",27,
AXhUjrz9C5A,Shitpost status V69,"a funny shitpost , meme compilation vol69 More shitpost: ...",,,1,"['Entertainment', 'memes']",27,
uHYcZz8HqVY,Shitpost Status V160,"a funny shitpost , meme compilation vol160 More shitpost: ...",,,1,"['Entertainment', 'memes']",27,
vgZZO9QMGtw,CAR CRASH 💥 GLASS SHATTERING!! GOOD LORD! |Pressure shitpost,sebastian ptsd #pressure #roblox #memes.,,,1,"['Entertainment', 'memes']",27,
Y1VYl7nxVxk,Jujutsu Kaisen SHITPOST (toji vs gojo meme),modi vs jinping but its jjk toji vs gojo indian live i made this in 20 minutes at 1:10 am help.,,,1,"['Entertainment', 'memes']",27,
xENxCEElGP0,Shitpost Status V162,"a funny shitpost , meme compilation vol162 More shitpost: ...",,,1,"['Entertainment', 'memes']",27,
zCEZzSBQk8s,Shitpost status V129,"a funny shitpost , meme compilation vol129 More shitpost: ...",,,1,"['Entertainment', 'memes']",27,
g97PwP24aL4,Shitpost Status V158,"a funny shitpost , meme compilation vol158 More shitpost: ...",,,1,"['Entertainment', 'memes']",27,
7ryU6wM8ndM,Shitpost Status V153,"a funny shitpost , meme compilation vol153 More shitpost: ...",,,1,"['Entertainment', 'memes']",27,
8rykL_kZYSg,Shitpost compilation 26 (exam special),"To compensate for my absence as a result of my exams, I've made this one twice as long.",,,1,"['Entertainment', 'memes']",27,
AM3h8rHuT8c,Shitpost Status V152,"a funny shitpost , meme compilation vol152 More shitpost: ...",,,1,"['Entertainment', 'memes']",27,
uMEvNVIIwWw,daily dose of cringe shitpost | ylyl v46,"Discord Meme Archive, with all the memes that have been used in my videos: discord.gg/sooqa If you like memes, subscribe for ...",,,1,"['Entertainment', 'memes']",27,
MlfCnyZlQP0,Shitpost Status V155,"a funny shitpost , meme compilation vol155 More shitpost: ...",,,1,"['Entertainment', 'memes']",27,
DKs1hIBPEGA,Shitpost compilation 24,This streak of late uploads is getting out of hand.,,,1,"['Entertainment', 'memes']",27,
u6zhJB-0_n0,Shitpost Status V161,"a funny shitpost , meme compilation vol161 More shitpost: ...",,,1,"['Entertainment', 'memes']",27,
YaKcrrttTUw,Shitpost Status Compilation V26,Join my patreon for exclusive content such as uncensored meme comps! These editions of each video are much longer than what ...,,,1,"['Entertainment', 'memes']",27,
OqK2Q0XDhls,Shitpost status V151,"a funny shitpost , meme compilation vol151 More shitpost: ...",,,1,"['Entertainment', 'memes']",27,
3B615e0XRDM,Shitpost status V33,"a funny shitpost , meme compilation vol33 More shitpost: ...",,,1,"['Entertainment', 'memes']",27,
Q1kJ_Y93rM8,Shitpost v76,Check out my Patreon! patreon.com/Expectedshelf57 Thumbnail by ItsVekx on twitter alt: ...,,,1,"['Entertainment', 'memes']",27,
UtU3hnCBEWg,Shitpost status V90,"a funny shitpost , meme compilation vol90 More shitpost: ...",,,1,"['Entertainment', 'memes']",27,
pAkQa7RUsDs,Shitpost status V146,"a funny shitpost , meme compilation vol146 More shitpost: ...",,,1,"['Entertainment', 'memes']",27,
lRqBDo_ni4c,Shitpost Status Compilation V34,Discord: https://discord.gg/shitpostshed Follow me on Instagram: ...,,,1,"['Entertainment', 'memes']",27,
U7KlGB4xaQc,high quality bronze age shitposts,Embrace the 𒀉𒀀𒀭𒇇𒅇𒀉. Keep bronzeposting. 𒅋𒋫𒄠𒋢𒌝𒊏𒊏𒋗𒌒𒋾𒂊𒆷𒋾. . . . . . . . . . . . . #memes #bronzeage #funny ...,,,1,"['Entertainment', 'memes']",27,
DJyrlInvu3g,Shitpost v55,patreon.com/Expectedshelf57 Thumbnail by crispytyph on twitter DM on twitter for takedowns and crediting Join the Hole!,,,1,"['Entertainment', 'memes']",27,
jE2Tp67OlVo,Minecraft Arab Shitpost #1,_.XD.,,,1,"['Entertainment', 'memes']",27,
lWY_Qzfo22A,SO IT 𝙒𝘼𝙎 YOU. [SPRUNKI SHITPOST],I WAS ORIGINALLY GONNA DO TUNNER AND OREN BUT MY BROTHER SAID THAT THE GUY IN THE ORIGINAL LOOKED ...,,,1,"['Entertainment', 'memes']",27,
tiNp3k9B0zQ,Shitpost status V135,"a funny shitpost , meme compilation vol135 More shitpost: ...",,,1,"['Entertainment', 'memes']",27,
giMzvF4Dzcs,Shitposting Compilation V136,Contacto mh5508625@gmail.com Música Intro: https://www.youtube.com/watch?v=aPZGN5kT7UA Memes: Shazam esta Gratis ...,,,1,"['Entertainment', 'memes']",27,
gchtQYkdhFg,Shitpost status V137,"a funny shitpost , meme compilation vol137 More shitpost: ...",,,1,"['Entertainment', 'memes']",27,
D7byN10GG50,Shitpost status V119,"a funny shitpost , meme compilation vol119 More shitpost: ...",,,1,"['Entertainment', 'memes']",27,
74GyeHi6PD4,shitpost v81,Check out my Patreon! patreon.com/Expectedshelf57 Thumbnail by OneDayT alt: ...,,,1,"['Entertainment', 'memes']",27,
E9a0sgsRxsc,Mouthwashing shitposts I washed my mouth with,mouthwashing.,,,1,"['Entertainment', 'memes']",27,
#NAME?,shitpost v15,"Thumbnail is taken from a meme in the video, said video was sent to me on discord so i do not know who made it.",,,1,"['Entertainment', 'memes']",27,
fTrVbAdoTQE,Shitpost Status V154,"a funny shitpost , meme compilation vol154 More shitpost: ...",,,1,"['Entertainment', 'memes']",27,
OypEMjfwjno,Shitpost Status,man turns into hulk #memes #meme #shorts #shitpoststatus.,,,1,"['Entertainment', 'memes']",27,
e8_VV0ItUEA,Shitpost Status Compilation V27,CapCut is down but I have workarounds. I'm still in business. Discord: https://discord.gg/shitpostshed Intro Music: ...,,,1,"['Entertainment', 'memes']",27,
WJ63T4EQKKw,Shitpost Status Compilation V35,Sauce: artist is @ArthurMachados on Twitter. join my server and get in contact with him and he can send you the sauce.,,,1,"['Entertainment', 'memes']",27,
OFPrHuSb40M,Shitpost Status Compilation,"funny #meme #dankmemes Tags: Elden ring shitpost,shitposting,shit post,shitposter,shitpoststatus,shitpostatus,shitpost status ...",,,1,"['Entertainment', 'memes']",27,
Weity-_6lgs,Shitpost Status V22,List Soon ================================================ Dive into 9 minutes of pure meme madness! This video is ...,,,1,"['Entertainment', 'memes']",27,
VCs3EjXQeCE,Shitpost Status V156,"a funny shitpost , meme compilation vol156 More shitpost: ...",,,1,"['Entertainment', 'memes']",27,
oR5CS9noO24,Get in the water BUT it´s freaky | EPIC: The Musical | Shitpost/Animatic,there are other ways! ft my ody and poseidon designs.,,,1,"['Entertainment', 'memes']",27,
FtHpJ2FHXSE,Shitpost status V121,"a funny shitpost , meme compilation vol121 More shitpost: ...",,,1,"['Entertainment', 'memes']",27,
q_Z_Cfj6RjM,Shitpost Status V149,"a funny shitpost , meme compilation vol149 More shitpost: ...",,,1,"['Entertainment', 'memes']",27,
5QWXep_BltI,Shitpost status V132,"a funny shitpost , meme compilation vol132 More shitpost: ...",,,1,"['Entertainment', 'memes']",27,
Q5xrABSwxtM,shitpost v71,patreon.com/Expectedshelf57 Thumbnail by starsho47870112 on twitter (feat: Unity_07) alt: ...,,,1,"['Entertainment', 'memes']",27,
J47LtOby0cE,Shitpost v67,patreon.com/Expectedshelf57 Thumbnail by Bun0nTheMoon on twitter alt: ...,,,1,"['Entertainment', 'memes']",27,
sSLOBBCB0tI,a minute and a half of Bronze age shitposts,"I've noticed people have started reposting my ""Hittite Jumpscare."" I've made much more of these kinds of videos but havent ...",,,1,"['Entertainment', 'memes']",27,
f50VgPLaLcw,Hudreeeeaaaahhh Sound Effect (Bronze Age Shitpost Meme),The beggining part of The Epic Of Gilgamesh In Sumerian sung by Peter Pringle. Commonly used in Bronze Age shitpost videos.,,,1,"['Entertainment', 'memes']",27,
O1BIa6Sd-sk,Shitposting Compilation V127,Contacto mh5508625@gmail.com Música Intro: https://www.youtube.com/watch?v=aPZGN5kT7UA Memes: Shazam esta Gratis ...,,,1,"['Entertainment', 'memes']",27,
8qZ6QrpQKuo,science diagrams that look like shitposts with undertale & earthbound music,science diagrams that look like shitposts with undertale & earthbound music music used: 0:00 - Undertale OST: 006 - Uwa!,,,1,"['Entertainment', 'memes']",27,
wJtPsE57Xh0,Random shitposts #3,Subscribe for more shitposts:),,,1,"['Entertainment', 'memes']",27,
TU_uo5YtOZE,CURLYS WHAT? (Mouthwashing shitpost),mouthwashing #art #animation #videogames.,,,1,"['Entertainment', 'memes']",27,
EK-5ShnY3rk,Shitpost Status Compilation (Season 3 Episode 7),"Been busy, but everything has been alr with me. Hopefully it has been the same with yall. It important to focus on your life first and ...",,,1,"['Entertainment', 'memes']",27,
F2cNsjW-k0M,Bronze age shitposts 2,what if you wanted to go to heaven but god said 𒈗𒆠𒉌𒂠𒌌𒌌𒈗𒆠𒉌𒂠𒌌𒌌𒈗𒆠𒉌𒂠𒌌𒌌 Part 1: https://youtu.be/4gjroGF-fVY Part ...,,,1,"['Entertainment', 'memes']",27,
4HW8uCX6CyU,Shitpost status V143,"a funny shitpost , meme compilation vol143 More shitpost: ...",,,1,"['Entertainment', 'memes']",27,
DXjTyDMPKhw,Shitpost Status Compilation (Season 3 Episode 22),I hope everyone is having good holidays and a wonderful Christmas Break! Intro Remastered by @nerdporkspass1m1st78 ...,,,1,"['Entertainment', 'memes']",27,
rzMaNBLnC5s,Bfdi shitposts 2,bfdi.,,,1,"['Entertainment', 'memes']",27,
ga4gUxi-oPw,Shitposting Compilation V160,Si les gusta agradecería un like y una subscribida besos en el siempre sucio. Créditos a los creadores originales REDES ...,,,1,"['Entertainment', 'memes']",27,
2kc52kNXisw,Shitpost Status Compilation V29,Join my patreon for exclusive content such as uncensored meme comps! These editions of each video are much longer than what ...,,,1,"['Entertainment', 'memes']",27,
sF5l62LYBkg,Shitpost compilation 11,The shit flows!,,,1,"['Entertainment', 'memes']",27,
psjKI48yY6w,Shitpost status V107,"a funny shitpost , meme compilation vol107 More shitpost: ...",,,1,"['Entertainment', 'memes']",27,
bWoeBP3IUFU,Shitpost Status Compilation (Season 3 Episode 15),"I've been on the grind Hope yall have been doing well, and thanks for the support! I'm really grateful. I appreciate the ...",,,1,"['Entertainment', 'memes']",27,
8qZ6QrpQKuo,science diagrams that look like shitposts with undertale & earthbound music,science diagrams that look like shitposts with undertale & earthbound music music used: 0:00 - Undertale OST: 006 - Uwa!,,,1,"['Entertainment', 'memes']",27,
6dNvbOhP1DI,Shitposting Compilation V137,Contacto mh5508625@gmail.com Música Intro: https://www.youtube.com/watch?v=aPZGN5kT7UA Memes: Shazam esta Gratis ...,,,1,"['Entertainment', 'memes']",27,
OpRxbSgD08E,Memes e Shitposts T3 EP143,aqui está um compilado de memes para você passar o seu tempo rindo com a diversidade de imagens e acontecimentos hilários ...,,,1,"['Entertainment', 'memes']",27,
X94EIKql6Hw,Shitpost Status Compilation (Season 3 Episode 1),"Shitpost Savior, under new management. Glad we can continue to share laughs together in the midst of saviors retirement.",,,1,"['Entertainment', 'memes']",27,
wJtPsE57Xh0,Random shitposts #3,Subscribe for more shitposts:),,,1,"['Entertainment', 'memes']",27,
FtHpJ2FHXSE,Shitpost status V121,"a funny shitpost , meme compilation vol121 More shitpost: ...",,,1,"['Entertainment', 'memes']",27,
BRKW5MMzBh4,Random shitpost i found on r/GoCommitDie Part48,I don't own any of this clips credits to the real owners :) #roblox #meme #compilation #funny #youtuber #rGoCommitDie ...,,,1,"['Entertainment', 'memes']",27,
aYu64vuiDj0,Shitposting Compilation V139,Contacto mh5508625@gmail.com Música Intro: https://www.youtube.com/watch?v=aPZGN5kT7UA Memes: Shazam esta Gratis ...,,,1,"['Entertainment', 'memes']",27,
AFMTNF2IXMo,Shitpost Status Compilation (Season 3 Episode 19),"Don't got much to say this time, except I hope yall are doing well. Next episode is gonna be a special one... stay tuned! Join my ...",,,1,"['Entertainment', 'memes']",27,
Qf-IDVkzx9E,memes trapalhão \ Compilado De Memes Shitpost,"Ative o sininho das notificações para não perder os vídeos novos e se inscreva no canal para dar uma força. Bom pessoal, aqui ...",,,1,"['Entertainment', 'memes']",27,
uSiCpJS-9K0,Memes e Shitposts T3 Ep142,aqui está um compilado de memes para você passar o seu tempo rindo com a diversidade de imagens e acontecimentos hilários ...,,,1,"['Entertainment', 'memes']",27,
m838zJXH8eE,Shitposting Compilation V141,Contacto mh5508625@gmail.com Música Intro: https://www.youtube.com/watch?v=aPZGN5kT7UA Memes: Shazam esta Gratis ...,,,1,"['Entertainment', 'memes']",27,
gJ8mrLQb0RU,Shitpost status V6,"I don't own these vids, Had some shit in my files so i made this.",,,1,"['Entertainment', 'memes']",27,
PAVthoeejRE,Shitposting Compilation V96,y solo... xd Contacto mh5508625@gmail.com Música Intro: https://www.youtube.com/watch?v=ySES_T4FZ1A ...,,,1,"['Entertainment', 'memes']",27,
TkNqCuZzOQc,Pantheon of Hallownest vs one shitpost,Silksong waiting room.,,,1,"['Entertainment', 'memes']",27,
XeSxkBcLElE,Shitpost status V103,"a funny shitpost , meme compilation vol103 More shitpost: ...",,,1,"['Entertainment', 'memes']",27,
gfZKx06aM-E,Shitposting Compilation V13,Registrate en 1XBET (De paso apoyas el canal ❤) Usa el codigo comedian1x Al registrarte Shitposting Compilation ...,,,1,"['Entertainment', 'memes']",27,
zcZI4kpyVOc,COMPILADO DE SHITPOST #39 🥴,Pix: cidineideficiente81@gmail.com DIVULGAÇÃO OU PATROCÍNIO - Contato pelo email: cidineideficiente81@gmail.com TAGS: ...,,,1,"['Entertainment', 'memes']",27,
i0zaJD5Coiw,Shitpost status V148,"a funny shitpost , meme compilation vol148 More shitpost: ...",,,1,"['Entertainment', 'memes']",27,
zADV2Cjkc5o,Shitposting Compilation V133,Contacto mh5508625@gmail.com Música Intro: https://www.youtube.com/watch?v=aPZGN5kT7UA Memes: Shazam esta Gratis ...,,,1,"['Entertainment', 'memes']",27,
S5KWutsioSA,Shitpost status V125,"a funny shitpost , meme compilation vol125 More shitpost: ...",,,1,"['Entertainment', 'memes']",27,
#NAME?,COMPILADO DE SHITPOST #02 😎,"TAGS: Compilado de shitpost, shitpost Compilado, memes Shitpost, shitpost Brasil, memes, shitpost 30 segundos, shitpost status, ...",,,1,"['Entertainment', 'memes']",27,
m-TcyjGVhiw,some roblox shitposts I stole on r/gocommitdie pt.1,lol long time no see veiwer #roblox lox #memes #robloxmemes.,,,1,"['Entertainment', 'memes']",27,
l14AUDYP9pU,PUBG Shitpost,Music used: comethazine x joey trap - sesame street: https://www.youtube.com/watch?v=LgaxseytTGU Undertale OST - Death ...,,,1,"['Entertainment', 'memes']",27,
0uctPt9q2oQ,Shitposting Compilation V37,Registrate en 1XBET (De paso apoyas el canal ❤) Usa el codigo comedian1x Al registrarte Shitposting Compilation ...,,,1,"['Entertainment', 'memes']",27,
#NAME?,Shitposting Compilation V36,Correo de contacto: kairothsitoxd@gmail.com Servidor de discord: https://discord.gg/38desMfKzU Servidor de discord de amigos ...,,,1,"['Entertainment', 'memes']",27,
NEVLyA4Mq1o,Shitposting Compilation V35,Registrate en 1XBET (De paso apoyas el canal ❤) Usa el codigo comedian1x Al registrarte Shitposting Compilation ...,,,1,"['Entertainment', 'memes']",27,
k2Mi8TPHotI,Shitpost Status Compilation V37,Discord: https://discord.gg/shitpostshed Follow me on Instagram: ...,,,1,"['Entertainment', 'memes']",27,
S5KWutsioSA,Shitpost status V125,"a funny shitpost , meme compilation vol125 More shitpost: ...",,,1,"['Entertainment', 'memes']",27,
Nokvz8uyu5E,Thunder Bringer.. Rizzer? | EPIC: The Musical | SHITPOST / Animatic,guys you asked for it.,,,1,"['Entertainment', 'memes']",27,
PAVthoeejRE,Shitposting Compilation V96,y solo... xd Contacto mh5508625@gmail.com Música Intro: https://www.youtube.com/watch?v=ySES_T4FZ1A ...,,,1,"['Entertainment', 'memes']",27,
thtvKG4smYQ,Shitpost status V131,"a funny shitpost , meme compilation vol131 More shitpost: ...",,,1,"['Entertainment', 'memes']",27,
wsrhTUDLIpo,Shitposting Compilation V32,Registrate en 1XBET (De paso apoyas el canal ❤) Usa el codigo comedian1x Al registrarte Shitposting Compilation ...,,,1,"['Entertainment', 'memes']",27,
43jwmuVB4ec,Bronze age shitposts 4,what if you wanted to go to heaven but god said 𒈗𒆠𒉌𒂠𒌌𒌌𒈗𒆠𒉌𒂠𒌌𒌌𒈗𒆠𒉌𒂠𒌌𒌌 but this is fourth time. Part 1: ...,,,1,"['Entertainment', 'memes']",27,
S9PNrDOurAI,Shitposting Compilation V31,Registrate en 1XBET (De paso apoyas el canal ❤) Usa el codigo comedian1x Al registrarte Shitposting Compilation ...,,,1,"['Entertainment', 'memes']",27,
m-TcyjGVhiw,some roblox shitposts I stole on r/gocommitdie pt.1,lol long time no see veiwer #roblox lox #memes #robloxmemes.,,,1,"['Entertainment', 'memes']",27,
Znfx_ZQiGnU,Shitposting Compilation V33,Registrate en 1XBET (De paso apoyas el canal ❤) Usa el codigo comedian1x Al registrarte Shitposting Compilation ...,,,1,"['Entertainment', 'memes']",27,
7SrLITjuf5I,SHITPOST COMPILADO 😏 #105,Se você gostou do vídeo deixa o like Inscreva-se e ative o sino para não perder nenhum vídeo. Vlw galera ❤️ Aviso! Eu não ...,,,1,"['Entertainment', 'memes']",27,
Ypn32z0-bg8,Memes that will make 2025 my year - shitpost v7,humor #discord #anime #funny #shitpost.,,,1,"['Entertainment', 'memes']",27,
BOQGFj6fJEo,Shitpost status V84,"a funny shitpost , meme compilation vol84 More shitpost: ...",,,1,"['Entertainment', 'memes']",27,
wO15aiK1NDk,Shitpost Status Compilation (Season 3 Episode 4) [Read Description],"Edit: Intro and outro muted due to copyright claims. Thanks for 2k subs! The channel is growing fast! Also, I got a hold of the ...",,,1,"['Entertainment', 'memes']",27,
_SPHIIaIilo,Shitposting Compilation V36,Registrate en 1XBET (De paso apoyas el canal ❤) Usa el codigo comedian1x Al registrarte Shitposting Compilation ...,,,1,"['Entertainment', 'memes']",27,
_otdgPMKcs4,Shitpost status V127,"a funny shitpost , meme compilation vol127 More shitpost: ...",,,1,"['Entertainment', 'memes']",27,
hUFijl7qkXU,Memes/Shitposts to Make Up for Long Procrastination 😑,"Yay, a new video is done! Sorry for procrastination. I sort of promise that I will post videos more often than this and try to be more ...",,,1,"['Entertainment', 'memes']",27,
zNc0xokA28k,Shitpost status V124,"a funny shitpost , meme compilation vol124 More shitpost: ...",,,1,"['Entertainment', 'memes']",27,
RSQqPZVg9gE,science diagrams that look like shitposts but with miitopia music,an unnecessarily large amount of thought was put into this EDIT: where do you people keep coming from.,,,1,"['Entertainment', 'memes']",27,
mmEbReIi54A,Memes e Shitpost T5 Ep208,aqui está um compilado de memes para você passar o seu tempo rindo com a diversidade de imagens e acontecimentos hilários ...,,,1,"['Entertainment', 'memes']",27,
niQLBYrGJaA,Memes e Shitposts T3 Ep149,aqui está um compilado de memes para você passar o seu tempo rindo com a diversidade de imagens e acontecimentos hilários ...,,,1,"['Entertainment', 'memes']",27,
HJm8kjLxHH0,Memes e Shitpost T5 Ep212+1,aqui está um compilado de memes para você passar o seu tempo rindo com a diversidade de imagens e acontecimentos hilários ...,,,1,"['Entertainment', 'memes']",27,
UYx16LpupRY,Shitpost status V123,"a funny shitpost , meme compilation vol123 More shitpost: ...",,,1,"['Entertainment', 'memes']",27,
E4T3YoHKCWQ,Shitposting Compilation V134,Contacto mh5508625@gmail.com Música Intro: https://www.youtube.com/watch?v=aPZGN5kT7UA Memes: Shazam esta Gratis ...,,,1,"['Entertainment', 'memes']",27,
W-9lNV3K1B4,shitposting compilation V86,"Hola chicos espero que les guste mucho el vídeo del día de hoy, el dia de hoy les traigo un nuevo video de memes en español y ...",,,1,"['Entertainment', 'memes']",27,
E8XGNs-_SdI,Shitpost Status Compilation (Season 2 Episode 15),The savior returns to shitpost once more… Discord: https://discord.gg/P3gs2TJrmF Sauce: ...,,,1,"['Entertainment', 'memes']",27,
qsZRk3Od4OI,Shitpost Status V19,List Soon ================================================ Dive into 9 minutes of pure meme madness! This video is ...,,,1,"['Entertainment', 'memes']",27,
bZwTEyt4XvA,Shitposting Compilation V140,Contacto mh5508625@gmail.com Música Intro: https://www.youtube.com/watch?v=aPZGN5kT7UA Memes: Shazam esta Gratis ...,,,1,"['Entertainment', 'memes']",27,
HKuAmp0kbeU,Shitposting for Buddha- If you are a non-dual Troll YOU NEED TO WATCH THIS video!,There is all kinds of new terminology on social media that I'd never heard before I came out of retreat in 2022. It took me a while to ...,,,1,"['Entertainment', 'memes']",27,
rMmAiBB4tAo,Magic shitposts that keep me going on dark days,#MTG #Vorthos.,,,1,"['Entertainment', 'memes']",27,
E7wvlR3QiRY,low quality shitposts,mysty2 the evil pig wrote this: Are you searching for shitposts oink? I gotchu the latest and greatest shitpost status and insane ...,,,1,"['Entertainment', 'memes']",27,
QES4ETaOhfE,"Malevolent shrine, but its a roblox shitpost (FLASHING LIGHTS!!!)",roblox #jjk #malevolentshrine.,,,1,"['Entertainment', 'memes']",27,
tQ2xXhbQaBc,Shitpost movie: jeffy meets caseoh!,shitpost and filer video original brainrot video: https://youtu.be/wbu0vHLoASg?si=LL9ht7sdEvS8qXin #sml #smljeffy #jeffy.,,,1,"['Entertainment', 'memes']",27,
cFI-t_BOUq0,COMPILADO DE SHITPOST #31 👩🏿‍🦲,"DIVULGAÇÃO OU PATROCÍNIO - Contato pelo email: cidineideficiente81@gmail.com TAGS: Compilado de shitpost, shitpost ...",,,1,"['Entertainment', 'memes']",27,
V9iAq0KnCVw,Shitposting Compilation V24,Registrate en 1XBET (De paso apoyas el canal ❤) Usa el codigo comedian1x Al registrarte Shitposting Compilation ...,,,1,"['Entertainment', 'memes']",27,
Eso92WoBvsY,Memes e Shitposts T5 Ep217,aqui está um compilado de memes para você passar o seu tempo rindo com a diversidade de imagens e acontecimentos hilários ...,,,1,"['Entertainment', 'memes']",27,
ZK1p6-oFR7w,Memes e Shitposts T4 Ep174 (o ADM retornou 😎),aqui está um compilado de memes para você passar o seu tempo rindo com a diversidade de imagens e acontecimentos hilários ...,,,1,"['Entertainment', 'memes']",27,
XpTYeUpu5LM,Hear Me Out (Bendy and the Ink Machine dub) (shitpost),Boris voiced by a friend (keeping their identity private) Bendy voiced by me! Original thread: ...,,,1,"['Entertainment', 'memes']",27,
LzXwlOqS5dE,Shitposting Compilation V17 | Shitposting Compilación | Shitpost Español,"Quedate aquí, porque estos son: Los 7 memes que debes abrir *Efecto_Sonido_Piano_de_Dross.mp3* #memes #humor ...",,,1,"['Entertainment', 'memes']",27,
Xgx4w2oYdL0,day 4 of random shitposts #shitposts,i made none of this lmao.,,,1,"['Entertainment', 'memes']",27,
AGRMZGyfkKg,shitpost status,"911 shitpost status,shitpost status 1,shitpost status compilation,shitpost status meme,shitpost,status shitpost,shitpost status anime ...",,,1,"['Entertainment', 'memes']",27,
r1CAyOOakdc,Shitpost v74,Check out my Patreon! patreon.com/Expectedshelf57 Thumbnail by Jack_13245 on twitter alt: ...,,,1,"['Entertainment', 'memes']",27,
JrvKrAsMSAw,Shitpost Status Compilation V24,Back at it again fellas. Expect some livestreams soon Please subscribe and always like the video if you are a returning viewers.,,,1,"['Entertainment', 'memes']",27,
f9AqUrEah3s,Shitpost status V99,"a funny shitpost , meme compilation vol99 More shitpost: ...",,,1,"['Entertainment', 'memes']",27,
1aLzqSPqIao,Shitpost v70,patreon.com/Expectedshelf57 Thumbnail by chipz_zzz on twitter alt: ...,,,1,"['Entertainment', 'memes']",27,
rF5hLX8ThPY,Shitposting compilation V76,Shitposting compilation V76 Shitposting compilation Shitpost compilation V76 Shitpost compilation Memes xd Momentos xd ...,,,1,"['Entertainment', 'memes']",27,
IveSriTDmDY,Shitposting Compilation V131,Contacto mh5508625@gmail.com Música Intro: https://www.youtube.com/watch?v=aPZGN5kT7UA Memes: Shazam esta Gratis ...,,,1,"['Entertainment', 'memes']",27,
dGqmEAuM8ZM,Shitposting Compilation V125,"Recuerda registrarte en 1xBet para conseguir un bono de 120% en tu primer deposito: CÓDIGO: ""alexnoreal"" Link en el ...",,,1,"['Entertainment', 'memes']",27,
atgRUi-aRxQ,ranfren shitpost,ranfren.,,,1,"['Entertainment', 'memes']",27,
8uvwCTP0T9g,Memes e Shitposts T4 Ep188,aqui está um compilado de memes para você passar o seu tempo rindo com a diversidade de imagens e acontecimentos hilários ...,,,1,"['Entertainment', 'memes']",27,
f3NTOiGsQyo,low quality shitposts V3,mysty2 the evil pig wrote this: Are you searching for shitposts oink? I gotchu the latest and greatest shitpost status and insane ...,,,1,"['Entertainment', 'memes']",27,
zPobA0hQpNw,Shitposting compilation V9,Shitposting compilation V9 Shitposting compilation Shitpost compilation V9 Shitpost compilation Memes xd Momentos xd Memes ...,,,1,"['Entertainment', 'memes']",27,
OiVh5USnLMk,Memes e Shitposts T4 Ep166,aqui está um compilado de memes para você passar o seu tempo rindo com a diversidade de imagens e acontecimentos hilários ...,,,1,"['Entertainment', 'memes']",27,
EZbG_DpERDE,Shitpost compilation V12,Shitpost compilation V12 Shitpost compilation Shitposting compilation V12 Shitposting compilation Memes xd Momentos xd ...,,,1,"['Entertainment', 'memes']",27,
GpJTsYqsTzk,Memes e Shitposts T4 Ep168,aqui está um compilado de memes para você passar o seu tempo rindo com a diversidade de imagens e acontecimentos hilários ...,,,1,"['Entertainment', 'memes']",27,
ztHPL557fVU,Shitpost Status Compilation (Season 3 Episode 8),"Hey, I've made significant changes to the channel, as you can see. It's all in an effort to follow youtube's policies better. It's also so I ...",,,1,"['Entertainment', 'memes']",27,
2rnTiOp2HLY,Shitposting Compilation V115,Contacto mh5508625@gmail.com Música Intro: https://www.youtube.com/watch?v=aPZGN5kT7UA Memes: Shazam esta Gratis ...,,,1,"['Entertainment', 'memes']",27,
HdWalOWJnvE,Memes e Shitposts T5 Ep204,aqui está um compilado de memes para você passar o seu tempo rindo com a diversidade de imagens e acontecimentos hilários ...,,,1,"['Entertainment', 'memes']",27,
MSuGapOjxQo,science diagrams that look like shitposts but with undertale/deltarune/MOTHER series music,"didn't have enough ideas to warrant doing toby fox or the MOTHER series on their own, so i did them together.",,,1,"['Entertainment', 'memes']",27,
c6aNCxHMLOY,Memes e Shitposts T4 EP159,aqui está um compilado de memes para você passar o seu tempo rindo com a diversidade de imagens e acontecimentos hilários ...,,,1,"['Entertainment', 'memes']",27,
G40zNPZiVSs,19 minutos de memes engraçados + Compilado De Memes Shitpost,"Ative o sininho das notificações para não perder os vídeos novos e se inscreva no canal para dar uma força. Bom pessoal, aqui ...",,,1,"['Entertainment', 'memes']",27,
qiAXn23fNiQ,some roblox shitposts I stole on r/gocommitdie pt.6,back again lol #roblox lox #memes #robloxmemes #funny.,,,1,"['Entertainment', 'memes']",27,
jfuth_W0UCE,Bronze age shitposts 3,what if you wanted to go to heaven but god said 𒈗𒆠𒉌𒂠𒌌𒌌𒈗𒆠𒉌𒂠𒌌𒌌𒈗𒆠𒉌𒂠𒌌𒌌 More memes about Bronze Age ; Part 1: ...,,,1,"['Entertainment', 'memes']",27,
nQXrGWH-jk4,shitpost,HEKFPF.,,,1,"['Entertainment', 'memes']",27,
xj1NQ7koUco,Shitposting Compilation V44,"Buena tula bro...┊Shitposting Compilation V44 Dentro de 1 semana se viene nuevo canal de juegos insanos, este canal seguira ...",,,1,"['Entertainment', 'memes']",27,
E-136FIEpwI,posting Compilation V141,"Siéntate relájate y disfruta del video, Si el video te gusto únete al canal Para que seas parte de esta familia estamos mejorando ...",,,1,"['Entertainment', 'memes']",27,
VmA0UBCTeW4,Shitposting Compilation V10,Disclaimer: Este video es solo para entretenimiento y no debe tomarse en serio. No intentes replicar nada de lo mostrado.,,,1,"['Entertainment', 'memes']",27,
AaCnBOqyvIM,Next.js rocked by critical 9.1 level exploit...,Get up to 67% off VPS at Hostinger. Use code FIRESHIP for an extra discount at https://hostinger.com/fireship Technical ...,,,0,"['Education', 'maths']",27,
dL1a0KcAW3Y,the CRITICAL 9.1 severity Next.js vulnerability,The researchers' writeup: https://zhero-web-sec.github.io/research-and-things/nextjs-and-the-corrupt-middleware Learn ...,,,0,"['Education', 'maths']",27,
Sklc_fQBmcs,Next.js in 100 Seconds // Plus Full Beginner's Tutorial,#react #webdev #100SecondsOfCode Next.js Docs https://nextjs.org/ Source Code https://github.com/fireship-io/nextjs-basics ...,,,0,"['Education', 'maths']",27,
Zq5fmkH0T78,Next.js 15 Crash Course | Build and Deploy a Production-Ready Full Stack App,"In this course, you'll master Next.js, the official React framework, and learn essential concepts like routing, rendering, and ...",,,0,"['Education', 'maths']",27,
O8ivm7403rk,Master Next JS in easy way,Learn the most important concepts of Next JS in simple and easy manner. ✉️ Reach out to us at: ...,,,0,"['Education', 'maths']",27,
ZVnjOPwW4ZA,Next js Tutorial for Beginners | Nextjs 13 (App Router) with TypeScript,"Master Next.js 13 and build amazing full-stack apps! This beginner-friendly tutorial covers the new App Router, TypeScript, and ...",,,0,"['Education', 'maths']",27,
JbF_8g1EXj4,easy authorization bypass found in popular web framework (9.1 CVSS),Middleware Authorization? Never heard of her. https://nextjs.org/docs/app/building-your-application/routing/middleware ...,,,0,"['Education', 'maths']",27,
syv9bHfDJn0,"Next.js CRUD App with Supabase 🚀 | Authentication (Email, Google, Github) & Storage","Next.js 15 + Supabase Full Course: CRUD App with Authentication & File Upload In this complete tutorial, you'll learn how to build ...",,,0,"['Education', 'maths']",27,
iNSf_7RyaXw,Next JS Full Course with Project | Tamil,"Discover the power of Next.js with this comprehensive tutorial on creating a blog project from scratch! In this video, we'll explore ...",,,0,"['Education', 'maths']",27,
D_Tt39FEIiU,HUGE Next.js Authorization Bypass... Are You Safe? (9.1 CVSS),Next.js just had one of the most critical vulnerabilities in its history – a middleware authorization bypass rated 9.1 in severity.,,,0,"['Education', 'maths']",27,
_EgI9WH8q1A,Learn Next.js 15 in 1 hour - Beginner Tutorial,"Business - codevolution.business@gmail.com Next.js 15 Crash Course - Tutorial for Beginners Learn Next.js 15, the React ...",,,0,"['Education', 'maths']",27,
__mSgDEOyv8,Next.js 13 - The Basics,Learn about all the new features in Next.js version 13 with a full tutorial. We build a beginner-friendly CRUD app from scratch ...,,,0,"['Education', 'maths']",27,
vwSlYG7hFk0,NextJS Tutorial - All 12 Concepts You Need to Know,⏱️ Timestamps: 0:00 Intro 0:29 Next.js fresh install 2:33 Routing & navigation 5:00 Metadata 5:24 Styling: Tailwind CSS 6:28 ...,,,0,"['Education', 'maths']",27,
LkDelp5WWYU,the most important Next.js features to learn (in 8 minutes),Become a YT Members to get extra perks! https://www.youtube.com/channel/UCsrVDPJBYeXItETFHG0qzyw/join My Products ...,,,0,"['Education', 'maths']",27,
_9mTJ84uL1Q,Tailwind CSS Tutorial For Beginners in Hindi | Tailwind CSS in One Shot By Hitesh Choudhary,Tailwind CSS is a CSS framework that simplifies creating beautiful and responsive websites by providing pre-designed styles and ...,,,0,"['Education', 'maths']",27,
oUmVFHlwZsI,MASTER Angular in 90 Minutes with This Crash Course,"This video is my tribute to all the legends who have created similar videos in the past :) From which I learnt a lot, and now I'm ...",,,0,"['Education', 'maths']",27,
GHTA143_b-s,NestJs Course for Beginners - Create a REST API,Learn NestJs by building a CRUD REST API with end-to-end tests using modern web development techniques. NestJs is a rapidly ...,,,0,"['Education', 'maths']",27,
KhO4VjaYSXU,Forms with React 19 and Next.js,Demo of building forms with the Next.js App Router and React 19 to answer questions like: 1. Why does the form clear out my ...,,,0,"['Education', 'maths']",27,
U13ctFsD6SM,Lame Next.js bug that can get your website hacked,WANT to create a business selling courses and content? Go here: https://fermion.app WANT to learn programming? Go here: ...,,,0,"['Education', 'maths']",27,
Igt89sDaboE,Next.js 15 is here! Does it fix Next 14?,"Next.js 15 stable was released on October 21st. What's new, what changes? Well ... it does definitely improve Next and fix various ...",,,0,"['Education', 'maths']",27,
eaQc7vbV4po,Complete Nextjs fullstack Authentication course,"Welcome to a youtube channel dedicated to programming and coding related tutorials. We talk about tech, write code, discuss ...",,,0,"['Education', 'maths']",27,
U13ctFsD6SM,Lame Next.js bug that can get your website hacked,WANT to create a business selling courses and content? Go here: https://fermion.app WANT to learn programming? Go here: ...,,,0,"['Education', 'maths']",27,
tSLCnixOU7w,Next JS Full Course for Beginners (2025) | Learn & Build a Mini Ecommerce App Project (Part-1),Next JS Full Course for Beginners (2025) | Learn & Build a Mini Ecommerce App Project (Part-1) Become a Full Stack Web ...,,,0,"['Education', 'maths']",27,
wm5gMKuwSYk,Next.js Full Course 2024 | Build and Deploy a Full Stack App Using the Official React Framework,"Next.js recently became the official React framework as outlined in React docs. In this course, you'll learn the most important ...",,,0,"['Education', 'maths']",27,
nxK_TCt2pKw,How to Create Full Stack E-Commerce App Using Next.js | Next JS Full Stack Ecommerce Project,"Learn How to Make a Full Stack E-Commerce Website Using Next.js | Full Stack eCommerce Project using Next Js, MongoDB, ...",,,0,"['Education', 'maths']",27,
kiPrrtclZOA,( PART 2 ) THE BIGGEST NEXT.JS 15 COURSE ON THE INTERNET,If You Want To Support My Work https://www.youtube.com/channel/UCbBt6Ks7M5BZx_GHgGO_UNQ/join Follow Me On ...,,,0,"['Education', 'maths']",27,
OraDy98gB0o,"I built easier Feedback with NextJS, Drizzle & better-auth | FasterFeedback.app",Feedback should be really simple and open. I built a solution for it during the better part of a weekend and want to share how I did ...,,,0,"['Education', 'maths']",27,
OwY6vgdOGZY,🚀 Build & Deploy a Next.js Web3 Project | UI/UX & Smart Contract Integration,Next.js Web3 Project | UI/UX & Smart Contract Source Code: ...,,,0,"['Education', 'maths']",27,
ds1VhFkhLdo,I Built this Canva Clone Video Editor in Next.js Using FFMPEG WASM in Browser For Passive Income,Buy the full source code of application here: ...,,,0,"['Education', 'maths']",27,
kgpDV2OQIJ4,Migration project from php to nextjs #php #nextjs #tamilcoding,"For Live training. https://ipacademy.in/, +91 9884789292 . . . . . . . #nodejs #css #js #javascript #html #backend #fullstackdeveloper ...",,,0,"['Education', 'maths']",27,
YID_QG07_qU,Page transitions in the Next.js App Router (View Transition + Motion),We can finally setup page transitions in the Next.js App Router using the View Transition API and Motion! In this video we'll ...,,,0,"['Education', 'maths']",27,
2nLIoDZG3VA,"32 - SignIn with Facebook [Auth.js] - [Next js 15, React 19, PostgreSQL , Prisma, ShadCN, PayPal]","32 - SignIn with Facebook [Auth.js] - (Next js 15, React 19, PostgreSQL , Prisma, ShadCN, PayPal, Stripe API integration) In this ...",,,0,"['Education', 'maths']",27,
V_qTxGk1wlU,How to build Next.js script on ViserLab Next.js Builder,In this video you learn how to build your next.js script using ViserLab's next.js builder and deploy the build file on cPanel hosting.,,,0,"['Education', 'maths']",27,
LsMRJBCVG44,Hybrid Components In Nextjs || Client + Server Components in Next.js || Nextjs Tutorial #10,Hybrid Components In Nextjs || Client + Server Components in Next.js || Nextjs Tutorial #10 Full Playlist Link:- ...,,,0,"['Education', 'maths']",27,
EC667_j0c6U,Build a Modern Portfolio Website with Next.js & FastAPI | Full-Stack Development (2025),"Learn how to build a professional portfolio website from scratch using modern technologies! In this comprehensive series, we'll ...",,,0,"['Education', 'maths']",27,
c89nDQWkn_w,How to use generateStaticParams for Dynamic ids Page in NextJS 15,android #ios #blender #androiddeveloment #iosdevelopment #swift #kotlin #typescript #nextjs #webdev #javascript #threejs ...,,,0,"['Education', 'maths']",27,
tQqTxFJ-gAk,Build a Next.js Canva Clone Video Editor in Browser Using FFMPEG WASM & Fabric.js in TypeScript,Buy the full source code of application here: ...,,,0,"['Education', 'maths']",27,
TKMSHxWISE0,How to Make Rest Api's in NextJS 15 App Level Router,"Please show your support by subscribing to my channel so that I can improve my content Insh'Allah, Thanks Python for ...",,,0,"['Education', 'maths']",27,
JbJvyuRml3M,Authentication I Next.js & Headless CMS,"In this episode, Joel Varty explores the fundamentals of authentication in Next.js, breaking down best practices for securing your ...",,,0,"['Education', 'maths']",27,
0cFh5cj3-dM,Add Form Data to Google Sheet with Next.js & Google Apps Script: Setting Up Google Apps Script,In this lesson we set up our Google Apps Script and get the Endpoint URL to which we are going to make our post request.,,,0,"['Education', 'maths']",27,
ETV17M4SauU,Next.js & Appwrite – Full Stack Course for Beginners,Learn Next.js by building a custom API with MongoDB using the latest app router. You will build an authentication system that can ...,,,0,"['Education', 'maths']",27,
xWkozeculPo,"Is Next.js 15 any good? ""use cache"" API first look","Use code BLACKFIRE for 40% off Next.js 15 was released recently, with awesome new features like the React 19 compiler, ...",,,0,"['Education', 'maths']",27,
iPGXk-i-VYU,Nextjs Full stack course,"Welcome to a youtube channel dedicated to programming and coding related tutorials. We talk about tech, write code, discuss ...",,,0,"['Education', 'maths']",27,
WeyDovgSen4,Next js vs React - (2025) Difference Explained,"Today I will compare Next js vs React technologies. Indeed, these are two of the most popular JavaScript-based frameworks and ...",,,0,"['Education', 'maths']",27,
UdCXUVhVSEE,I DONT USE NEXT JS,"Recorded live on twitch, GET IN https://twitch.tv/ThePrimeagen Reviewed article: https://www.epicweb.dev/why-i-wont-use-nextjs ...",,,0,"['Education', 'maths']",27,
5QP0mvrJkiY,All 29 Next.js Mistakes Beginners Make,"⏱️ Timestamps: 00:00 Intro 01:58 Semaphor (add analytics to your Next.js app!) 04:11 #1: ""use client"" too high 09:45 #2: Not ...",,,0,"['Education', 'maths']",27,
Igt89sDaboE,Next.js 15 is here! Does it fix Next 14?,"Next.js 15 stable was released on October 21st. What's new, what changes? Well ... it does definitely improve Next and fix various ...",,,0,"['Education', 'maths']",27,
NgayZAuTgwM,Learn Next.js 13 With This One Project,Next.js is constantly evolving and one of the biggest updates is the addition of server components and server actions. This video ...,,,0,"['Education', 'maths']",27,
mTz0GXj8NN0,Next.js Crash Course,"In this video we will look at the fundamentals of Next.js such as SSR & SSG, routing, data fetching, apis and more Code: ...",,,0,"['Education', 'maths']",27,
Mcw8Mp8PYUE,Build an Invoice App with Next.js 15,"Learn how to build and deploy a full stack Next.js 15 app with authentication, database management, transactional emails, and ...",,,0,"['Education', 'maths']",27,
RBM03RihZVs,10 common mistakes with the Next.js App Router,"After talking to hundreds of developers and looking at thousands of Next.js repositories, I've noticed ten common mistakes when ...",,,0,"['Education', 'maths']",27,
nresBvpaVH0,NextJs in 7 Minutes 🔥,"NextJs tutorial: In this nextjs introductory video, I will walk you through what next js is about and why you might want to consider it ...",,,0,"['Education', 'maths']",27,
vUYopHWOURg,Next.js Tutorial 2025 - Build a Full Stack Social App with React & Next.js,"Highlights: - Tech stack: Next.js App Router, Postgres, Prisma, Clerk & TypeScript - Server Components, Layouts, Route ...",,,0,"['Education', 'maths']",27,
Y6KDk5iyrYE,"Next.js 13 Crash Course | App Directory, React Server Components & More","A complete crash course to NextJS version 13 and it's new features such as the app directory structure, routing, React Server ...",,,0,"['Education', 'maths']",27,
N_sUsq_y10U,"Next.js: Authentication (Best Practices for Server Components, Actions, Middleware)","Best practices for authentication in Modern Next.js and React: Server Components, Server Actions, Middleware.",,,0,"['Education', 'maths']",27,
KhO4VjaYSXU,Forms with React 19 and Next.js,Demo of building forms with the Next.js App Router and React 19 to answer questions like: 1. Why does the form clear out my ...,,,0,"['Education', 'maths']",27,
Jw8sXzaZUDQ,Breaking Up with Next.js 💔,"Hey everyone, In this video, we are going to have a look and understand my feelings about Next.js and why I decided to breakup ...",,,0,"['Education', 'maths']",27,
c2GTfC-JVjU,NextJS Full Course: Build a Car Dealer CMS (Part 1/3),"In this comprehensive NextJS full course, we build a dynamic car dealer content management system from scratch using Next.js ...",,,0,"['Education', 'maths']",27,
zDZBKEvU8b0,Learn Next.js Intercepting Routes In 11 Minutes,Routing is a complex topic in Next.js and intercepting routes are probably the most complex routing feature Next.js has. In this ...,,,0,"['Education', 'maths']",27,
QIDkK0FbXDc,( PART 1 ) THE BIGGEST NEXT.JS COURSE ON THE INTERNET,00:00 - Intro 1:20 - Requirements / Prerequisites 2:08 - What is Next.js? 2:26 - Problems With React.js 3:56 - Next.js The Problem ...,,,0,"['Education', 'maths']",27,
290Ytj96vL4,Programmatic SEO in Next.js 15 - Full Guide,"In this tutorial, you will learn how to do programmatic SEO with Next.js and the app router. We will create search-engine-optimized ...",,,0,"['Education', 'maths']",27,
djDgTYrFMAY,Next.js Full Stack Project w/ Nextjs 15 & React 19,"Build a Next.js full stack project with Nextjs 15 & React 19 in this video tutorial series. Our full stack app will include Next.js, ...",,,0,"['Education', 'maths']",27,
OWmRn74CQKY,Next.js 'use cache' in 100 seconds,"Quick overview of new experimental Next.js APIs: 'use cache', cacheTag, and cacheLife. 00:00 - Intro 00:15 - Choose... 00:32 ...",,,0,"['Education', 'maths']",27,
843nec-IvW0,Next.js Full Course for Beginners | Nextjs 13 Tutorial | 7 Hours,This Next.js Full Course for Beginners is an all-in-one beginner tutorial and complete course full of over 7 hours of Nextjs 13 code ...,,,0,"['Education', 'maths']",27,
fqabW3WRUbw,Next.js 15 Breakdown (Everything You Need To Know),"Next.js 15 is finally here and it comes with a lot of changes. They overhauled the caching system, adding multiple breaking ...",,,0,"['Education', 'maths']",27,
8YCL_jzxkXQ,Protect Server Actions In Next.js The Right Way,⏱️ Timestamps: 00:00 Server actions demo 02:52 Next.js 15 update for server actions 03:35 #1 Data validation 05:27 ...,,,0,"['Education', 'maths']",27,
3qGQ4dGA42o,Master Next.js 15 in 7 Hours! Full Beginner’s Course (2025),Welcome to the ultimate 7-hour beginner's course on Next.js 15! Whether you're just starting out or looking to level up your web ...,,,0,"['Education', 'maths']",27,
k7o9R6eaSes,Next.js 15 Full Tutorial - Beginner to Advanced,Business - codevolution.business@gmail.com 00:00 Introduction to Next.js 04:09 Hello World 07:15 Project Structure 11:27 ...,,,0,"['Education', 'maths']",27,
lkjrUW8fI40,NEXT.js 14 Full Course | Build and Deploy a Full Stack App w. Firebase & TailwindCSS,"In this full course we build a full stack mood tracking application with Next.JS 14, Firebase and TailwindCSS and learn everything ...",,,0,"['Education', 'maths']",27,
hHWgGfZpk00,Why did OpenAI move from Next.js to Remix?,Big hubub on ChatGPT moving from Next to Remix. But why? Here are my thoughts.,,,0,"['Education', 'maths']",27,
m0G5_XO5AuI,Next.js 15 Top 8 Changes - I'm Amazed At What They Changed,"⏱️ Timestamps: 00:00 Intro 00:28 8) Turbopack 02:14 7) params, searchParams are async now 03:35 6) Router cache is less ...",,,0,"['Education', 'maths']",27,
34bRv6cQezo,MDX with Next.js App Router,Learn how to use MDX and Markdown with Next.js. This tutorial explains how to configure an App Router application to use the ...,,,0,"['Education', 'maths']",27,
pUNSHPyVryU,"Build and Deploy a Modern Next.js Application | React, Next JS, TypeScript, Tailwind CSS",Ultimate Next Course is now live: jsmastery.pro/next15 The demand for Next.js 14 applications peaked! Now is the perfect time to ...,,,0,"['Education', 'maths']",27,
FTH6Dn3AyIQ,Build and Deploy an Amazing Developer Portfolio with Next JS and Framer Motion,Learn how to build and deploy a modern developer portfolio with animations using Next.js. Perfect for showcasing your web ...,,,0,"['Education', 'maths']",27,
bwRj1O30JWg,"Next.js 15 Authentication COMPLETE Guide (+ Best Practices, Pitfalls)",⏱️ Timestamps: 00:00 What should be protected in Next.js? 03:48 Cookies and tokens (JWT) 04:27 Auth solution: External ...,,,0,"['Education', 'maths']",27,
L85CCntKiS8,Why we ditched Next.js and never looked back,Original blog: https://northflank.com/blog/why-we-ditched-next-js-and-never-looked-back WANT to create a business selling ...,,,0,"['Education', 'maths']",27,
O5cmLDVTgAs,"Build and Deploy a Full Stack MERN Next.js 14 Threads App | React, Next JS, TypeScript, MongoDB","Develop Threads, Next.js 14 app that skyrocketed to 100 million sign-ups in less than 5 days, and dethroned giants like Twitter, ...",,,0,"['Education', 'maths']",27,
nfTv6arvLZc,How to Properly Load Data in Next.js 15 (Best Practices!),Learn the best practices for properly loading data in Next.js 15 in just 5 minutes. Improve your UI / UX with these tips! Here is the ...,,,0,"['Education', 'maths']",27,
KAV8vo7hGAo,"Build a Nextjs Project Management App & Deploy on AWS | Cognito, EC2, Node, RDS, Postgres, Tailwind","Build a Complete Project Management Dashboard using Next.js, Node.js, and AWS Services This tutorial guides you through ...",,,0,"['Education', 'maths']",27,
19g66ezsKAg,Next.js Conf 2024 Opening Keynote,"Guillermo Rauch, Delba de Oliveira, and Lee Robinson discuss the Next.js vision: 00:00 - Intro 06:18 - Make it work 12:08 - Make ...",,,0,"['Education', 'maths']",27,
cVKB5NQPiFA,Learn NextJS with Aceternity UI library by building a project,"Welcome to chai aur code, a coding/programming dedicated channel in Hindi language. Now you can learn best of programming ...",,,0,"['Education', 'maths']",27,
YNWNAvgv3nc,Remix vs NextJS Developer Experience Performance,Smash that and Share to spread the love Professional Courses https://www.booleanart.com/ Discord ...,,,0,"['Education', 'maths']",27,
DpYE5zPDRVQ,Full-Stack Blog App Tutorial | Next.js MongoDB Blog App Project Full Course,Source Code: Start here: https://github.com/safak/next-blog/tree/starter Completed: ...,,,0,"['Education', 'maths']",27,
nHnw3pusFXw,Next.js Finally Fixed Caching,"Caching has been one of the worst parts of Next.js for years, but with the new DynamicIO and “use cache” features I think they ...",,,0,"['Education', 'maths']",27,
jTRfhbWRuro,5 Tips and Tricks To Make Your Life With Next js 14 Easier,"Here are a couple of next.js tips that I wish I knew sooner when the app router initially came out, hopefully this helps a lil bit with ...",,,0,"['Education', 'maths']",27,
ewxUC_zweBg,"Build and Deploy a Full Stack AI SaaS with Next.js 15, React, Stripe, Tailwind | Full Course (2025)","Hey! In this 9-hour long AI SaaS course, you'll learn to create a Full stack AI SaaS from scratch called Sommaire that allows you to ...",,,0,"['Education', 'maths']",27,
y7JCnfbETPs,"Your first full-stack Next.js project (Server Components, Server Actions, Suspense, Kinde)",⏱️ Timestamps: 00:00 Intro 02:59 Setup 04:31 Fresh Next.js app lookaround 08:57 Routing 10:25 Global styling with Tailwind ...,,,0,"['Education', 'maths']",27,
DJvM2lSPn6w,"Next.js App Router Authentication (Sessions, Cookies, JWTs)","Learn the foundations of session based authentication through cookies in the Next.js App Router, and how community libraries ...",,,0,"['Education', 'maths']",27,
b4ba60j_4o8,Next.js 15 Tutorial - 1 - Introduction,Next.js Tutorial for Beginners | Introduction to Next.js Join me in this comprehensive Next.js 15 tutorial course starting with an ...,,,0,"['Education', 'maths']",27,
wTAAF4ugtEA,I still don’t like nextjs caching,Check out my courses here https://developedbyed.com Follow me https://x.com/developedbyed Github: ...,,,0,"['Education', 'maths']",27,
PiN5Op_Lnmw,What is NextJS | NextJS in Hindi,"Hey Everyone, Welcome to another brand new series on NextJS. In this series, we would code and learn NextJS from absolute ...",,,0,"['Education', 'maths']",27,
Ri65-XNBtYA,NextJS and Laravel Can Be Friends,Did you know that Laravel has a Breeze implementation for NextJS to use in conjunction with a Laravel API? Now you do. Join us ...,,,0,"['Education', 'maths']",27,
tVBb79WLScc,¿Qué es Nextjs y Como Aprenderlo?,"Nextjs actualmente es uno de los Frameworks Frontend mas populares para crear aplicaciones web, y de hecho no solo ...",,,0,"['Education', 'maths']",27,
#NAME?,Next.js 15 RC 2: Explained!,Let's talk about the latest Next.js release and answer your questions live. - Blog: https://nextjs.org/blog/next-15-rc2 - SaaS Starter: ...,,,0,"['Education', 'maths']",27,
zLJoVRleOuc,Build a full stack project with NextJS and AI integration,01 Building a production app in NextJS 00:00:00 02 Mastering ZOD for validation in Nextjs 00:12:17 03 How to connected ...,,,0,"['Education', 'maths']",27,
_SPoSMmN3ZU,Curso de Nextjs desde Cero (Nextjs 13),"Aprende las bases de Nextjs, un Framework basado en React y Nodejs que te permite crear aplicaciones web que pueden ser ...",,,0,"['Education', 'maths']",27,
GowPe3iiqTs,Mastering Next.js 14: A Comprehensive Guide to the Latest Features and Advanced Concepts!,Dive into the cutting-edge world of Next.js 14 with our comprehensive course! Whether you're a seasoned developer or just ...,,,0,"['Education', 'maths']",27,
qCLV0Iaq9zU,tRPC + NextJS App Router = Simple Typesafe APIs,0:00 Introduction 1:22 NextJS/trpc Setup 5:05 tRPC Client Setup 7:38 Drizzle Setup 9:31 Using Drizzle from tRPC 13:35 Why ...,,,0,"['Education', 'maths']",27,
Av9C7xlV0fA,"Build a Jira Clone With Nextjs, React, Tailwind, Hono.js | Part 1/2 (2024)",Hi all In this 16-hour tutorial split in two parts (my longest ever btw!) you will learn how to create an end-to-end fullstack Jira ...,,,0,"['Education', 'maths']",27,
DK7WqcL9Qq4,"Next.js Forms Are Different Now (Server Actions, useActionState, Form Component, Form Backend)",⏱️ Timestamps: 00:00 Next.js form options 00:42 Why use forms (data & search) 01:04 HTML-form 01:37 Server action 02:44 ...,,,0,"['Education', 'maths']",27,
ocDFVX1mbew,Deploy a NextJS App on Cloudflare Workers,"With Cloudflare, you can easily deploy your NextJS application globally. By deploying to Cloudflare Workers, you can improve the ...",,,0,"['Education', 'maths']",27,
EZajJGOMWas,"Build and Deploy a Fullstack App with Admin Dashboard | Next.js, PostgreSQL, Redis, Auth.js","Learn to build a production-grade University Library Management System with industry-standard practices; from rate-limiting, ...",,,0,"['Education', 'maths']",27,
c-hKSbzooAg,"My Biggest Tutorial Ever (Build A FULL Google Drive Clone with React, Next, TypeScript and more)","What a journey this one was. I thought I picked a ""reasonable"" task with a Google Drive clone...nope. IMPORTANT LINKS: UI ...",,,0,"['Education', 'maths']",27,
mQnWCmVErnw,Next.js Full Course 2024 | Learn Next.js 14 In One Video | 14 Hours,"Hi Everyone , In this video we will be learning A to Z concept of Next.js. ⏰ ▭▭▭▭▭▭ T I M E S T A M P S  ...",,,0,"['Education', 'maths']",27,
fx6KMItwJAw,How To Add Page Transitions To NextJS 14 (including Exit Animations),"Today we're going to check out how to create custom, flexible page transitions with the NextJS 14 app router. We'll do this without ...",,,0,"['Education', 'maths']",27,
7bfTpZxRGto,My Favorite Open-Source Next.js Project for 2024,"This website is stupid fast. Let's take a look exactly how they do it, and which parts we can use to make our own apps (much) ...",,,0,"['Education', 'maths']",27,
PqxHnMfyCUY,Master Next.js 15 in Just 3 Hours (With Authentication),"Next.js is probably the best React ""meta"" framework out there. Nevertheless, most people have no real clue how or where to get ...",,,0,"['Education', 'maths']",27,
NecUyAyox60,NextJS 15 just got rolled out for Production 🤔,"Welcome to a youtube channel dedicated to programming and coding related tutorials. We talk about tech, write code, discuss ...",,,0,"['Education', 'maths']",27,
uyWj-rYX2u8,Next.js Scroll-Driven Page Transitions (Where ScrollTrigger Drives Dynamic Routing),"Learn how to build smooth scroll-driven page transitions in Next.js using dynamic routing, GSAP, and ScrollTrigger for a seamless ...",,,0,"['Education', 'maths']",27,
ArmPzvHTcfQ,"Build a YouTube Clone with Next.js 15: React, Tailwind, Drizzle, tRPC (2025)","In this 24 hour tutorial split in 2 parts, you will learn how to create your very own Youtube clone. We will cover advanced topics ...",,,0,"['Education', 'maths']",27,
DNIl3ydgzVU,This Simple Component Makes Your App 10x Faster | NextJS,Master Next.js navigation! Learn why Link is a game changer for quality and performance! ✨ Do you know the 10 Code Review ...,,,0,"['Education', 'maths']",27,
XlmQYlVqBIM,"Build a Full Stack AI SaaS with Next.js 15, React, Stripe, Tailwind, Express","This project is a full-stack web application that uses AI to summarize YouTube videos. It allows users to paste YouTube links, ...",,,0,"['Education', 'maths']",27,
Q-cPtlYG1cY,Strapi 5 and Next.js 15 Full Stack Project Course,Learn how to build a website with Next.js 15 and Strapi 5. In this course you'll learn to build a fully functional summer camp ...,,,0,"['Education', 'maths']",27,
0Pz9g654OIc,Payload CMS - Next.js Will Never Be The Same After This,⏱️ Timestamps: 00:00 Intro 00:47 Payload setup 01:32 Overview 03:12 Routing 04:46 Payload CRUD 06:18 Overview ...,,,0,"['Education', 'maths']",27,
HyGi_SjQqV4,"Full Stack React Project ( AI Car Marketplace ) - Next JS, Tailwind, Gemini AI, Prisma, Shadcn UI 🔥","Build a Full Stack AI Car Marketplace in React 19 + Next JS 15 with Tailwind CSS, Supabase, Prisma, Gemini API, Clerk ...",,,0,"['Education', 'maths']",27,
FTiwIVxWC00,Next.js 15 Tutorial - 33 - Intercepting Routes,Mastering Intercepting Routes in Next.js: Advanced Concepts and Practical Examples Dive into the advanced routing patterns in ...,,,0,"['Education', 'maths']",27,
8GK8R77Bd7g,Build and Deploy a Full Stack Interview Platform with a Real Time AI Voice Agent in Next.js,"Build your own AI Mock Interview System using only free tools: Next.js, Tailwind, Vapi, Firebase, and more—no fluff, just real-world ...",,,0,"['Education', 'maths']",27,
s5ZEwFQ--HQ,Next.js Just SOLVED Page Transitions! 🤯,Exciting news for Next.js users - built-in page transitions are now available! Learn more about this new feature in our video.,,,0,"['Education', 'maths']",27,
KdYci4gA2os,"🔴 Lets build a Ticket Marketplace SAAS with NEXT.JS 15 (Convex, Stripe Connect, Clerk, Tailwind, TS)",Join me as I show you how to build a Ticketing Marketplace SAAS App from scratch with Next.js 15. You'll learn the following in ...,,,0,"['Education', 'maths']",27,
6XVaVITFOgY,Introduction to Next.js & File based routing | Sigma Web Development Course - Tutorial #121,Access the Sigma web development course playlist: ...,,,0,"['Education', 'maths']",27,
zm2_xFyFAHI,Building APIs with Next.js,https://nextjs.org/blog/building-apis-with-nextjs.,,,0,"['Education', 'maths']",27,
kol1ogbjxqo,Using shadcn/ui with NextJs 15 and React 19,"In this video, we'll look at setting up shadcn/ui in NextJs 15 and React 19 and how to deal with peer dependencies that don't yet ...",,,0,"['Education', 'maths']",27,
9DEvkYB5_A4,Using web sockets on Next.js | NO third party solution,"Web sockets don't work out of the box on serverless architecture, so you have to rely on third-party or external service. But when ...",,,0,"['Education', 'maths']",27,
o-fgWea75O4,"🔴 Let's build a Full Stack E-Commerce App with NEXT.JS 15 (Sanity, Stripe, Clerk, Tailwind, TS)",Join me as I show you how to Real-Time Full Stack E-Commerce App with the brand new Next.js 15! You'll learn the following in ...,,,0,"['Education', 'maths']",27,
yoiBv0K6_1U,"Next.js Authentication Master Class - No Libraries (Email/Password, OAuth2, etc.)",Building authentication from scratch is a daunting task which is why in this video I show you how to build a production ready ...,,,0,"['Education', 'maths']",27,
vEQlN17miq8,"Build a Complete SaaS With Next.js, Tailwind, React, Hono.js (2024)","In this single video, we're building an entire, modern Next.js SaaS for real-time event notifications from start to finish. ⭐Clerk: ...",,,0,"['Education', 'maths']",27,
myYlGLFxZas,Next.js School Management Dashboard UI Design Tutorial | React Next.js Responsive Admin Dashboard,React Next.js admin dashboard project tutorial for beginners. School management app design with Next.js and Tailwind. Admin ...,,,0,"['Education', 'maths']",27,
6YWsHIIZHPk,Build a Full-Stack Ecommerce Website with Next.js 15 - Part 3: Setup Clerk and Sanity,"Learn how to build and deploy a full-stack ecommerce website with Next.js 15 in this step-by-step series! In Part 3, we will setup ...",,,0,"['Education', 'maths']",27,
IZQyqPl-HBI,The Dark Side of Next.js: What Nobody Tells You,"Next.js is an amazing framework, and honestly, it's one of my absolute favorites. But there are a few things that I'm not a big fan of, ...",,,0,"['Education', 'maths']",27,
lG_mTu0wyZA,"Simplest way to build Dashboard (Next.js 15, Shadcn, TypeScript)","In this ultimate guide, we'll go together through dashboard development using Next.js 15, Shadcn, TypeScript and Tailwind v4.",,,0,"['Education', 'maths']",27,
nxK_TCt2pKw,How to Create Full Stack E-Commerce App Using Next.js | Next JS Full Stack Ecommerce Project,"Learn How to Make a Full Stack E-Commerce Website Using Next.js | Full Stack eCommerce Project using Next Js, MongoDB, ...",,,0,"['Education', 'maths']",27,
nz43Vuy9_dE,Next.js has real competition now,"TanStack Start is the future, and I guess the future is now TY CLERK FOR SPONSORING https://clerk.com Check it out: ...",,,0,"['Education', 'maths']",27,
e6FigV2fLC8,Dominando Next JS completo do zero 🔥,Nesse video você vai aprender a dominar o NextJS passo a passo até entender o que esse Framework agrega ainda mais além ...,,,0,"['Education', 'maths']",27,
lhqfXt8J8os,Next.js 15 X/Twitter Social Media App UI Design Tutorial | Next.js X/Twitter App Responsive Design,Next.js 15 React 19 X/Twitter social media app responsive design with Tailwind CSS. React Next.js responsive website project for ...,,,0,"['Education', 'maths']",27,
21vcW20e7AE,What is Next.js? | Why Next.js? | How Next.js works? | Next.js Complete Series in Tamil - Ep1,#antonfrancisjeejo #react #reactjs #reactjstutorial #reactjsdeveloper #javascript #javascripttutorial #javascriptengineer #jobs ...,,,0,"['Education', 'maths']",27,
kKa-AtjsmXQ,"AI Presentation Builder (PART 1/2) - Nextjs 15, OpenAI, LemonSqueezy, Prisma, Clerk, Neon",⏰ Timestamps (COMING SOON) 00:00 - 00:40 Fancy 3D intro 00:40 - 02:31 My first ever premium course 02:31 - 08:43 Project ...,,,0,"['Education', 'maths']",27,
ZDRGEewXkrs,“use cache” NextJS’s latest take on data caching,NextJS 15 has three different ways to handle data caching. Let's take a look at all three ways to cache data in your React app to ...,,,0,"['Education', 'maths']",27,
PuOVqP_cjkE,Build and Deploy a Banking App with Finance Management Dashboard Using Next.js 14,"Learn how to build and deploy a banking app with a finance management dashboard that connects multiple bank accounts, ...",,,0,"['Education', 'maths']",27,
OAyQ3Wyyzfg,"Build A Course Platform LMS With Next.js 15, React 19, Stripe, Drizzle, Shadcn, Postgres","This project not only will show you how to create a course platform with Next.js 15, React 19, Shadcn, Stripe, Drizzle, and Postgres ...",,,0,"['Education', 'maths']",27,
GcAAUEPXnKE,CRITICAL Vulnerability in Next.js - Middleware Bypass - CVE-2025-29927,Hi there! Quick video to discuss a critical vulnerability that was recently published affecting the Next.js environment. By using the ...,,,0,"['Education', 'maths']",27,
GhH1QWY6BDc,"Coding a SAAS platform in 6 hours - NextJS, Tailwind, Prisma, Postgres",Timestamp 00:00:00 - Introduction 00:01:30 - Step -1 (Defining the problem) 00:12:15 - Step 0 (Steps to follow) 00:13:55 - Step 1 ...,,,0,"['Education', 'maths']",27,
J9sfR6HN6BY,"Next.js Projects: Build a Full-stack App with Next.js, Tailwind, Radix UI, and Prisma",TABLE OF CONTENT 0:00:00 Introduction 0:02:06 Prerequisites 0:02:55 Source Code 0:03:34 How to Take This Course 0:04:33 ...,,,0,"['Education', 'maths']",27,
jJVAla0dWJo,Clean Architecture in Next.js: A Complete Implementation Guide,"This is the definitive guide on how to implement Clean Architecture in Next.js. We'll start with a short Clean Architecture 101, ...",,,0,"['Education', 'maths']",27,
LBOhVng5rk8,"Learn Next.js 15, GSAP, Three.js and Prismic to build a 3D skateboard website! - Full Course 2025","Build a 3D skateboard customizer app and landing page with Next.js 15, GSAP, Prismic, Three.js, Tailwind, and TypeScript! In this ...",,,0,"['Education', 'maths']",27,
fqfer6xMp2A,"The Most Efficient Next.JS 14 Beginner Tutorial (TypeScript, App Router, React Server Components)","Note: This was originally a Next.js 13 tutorial. But since there are no API changes in Next.js 14, it's still completely up-to-date.",,,0,"['Education', 'maths']",27,
Q5W5FYFzcEk,Apprendre NEXTJS en juste 5 MINUTES (2024),00:00 - Intro 00:04 - NextJS en 5min 06:16 - Outro ▷ VIDÉO Découvrez comment Next.js peut transformer votre développement ...,,,0,"['Education', 'maths']",27,
yN8VXmncvRU,Master Next JS 14 Complete Basic to Advance,Nextjs is The React Framework for the Web. Embark on a transformative journey into the world of Next.js 14! In this ...,,,0,"['Education', 'maths']",27,
U6GqYyW6FxM,Next.js Tutorial for Beginners | Nextjs 15 (App Router),This is a tutorial video for beginners on Next.js (App Router). ▼ Official Website ・https://nextjs.org/ ▼ Chapters 00:00 ...,,,0,"['Education', 'maths']",27,
xGxx4yIaPi0,Scalable Multi-Tenant SaaS Architecture (with Nextjs),"Multi-tenant SaaS architecture is a widely discussed concept, yet many developers don't fully understand how it works or, more ...",,,0,"['Education', 'maths']",27,
iJejohAs9EY,Next.js Tutorial for Beginners (User CRUD App),"Let's code a user generated CRUD and image creator powered by Next.js, MongoDB, and Cloudinary. My premium courses ...",,,0,"['Education', 'maths']",27,
6ChzCaljcaI,Build a Full Stack AI Note Taking App with Next.js and Supabase – Tutorial,"Build a full-stack note-taking app with the Next.js 15 App Router, Supabase for authentication and database management, Prisma ...",,,0,"['Education', 'maths']",27,
DG_WT8Gwzho,"Next.js Fetch Data the Right Way (with a Data Access Layer!) (Security, Auth, DTO)",⏱️ Timestamps: 00:00 Data Access Layer = best practice 00:42 Why you need a Data Access Layer (DAL) 05:18 Add ...,,,0,"['Education', 'maths']",27,
9NgS6ztlGt8,Están abandonando Next.js para siempre,"En Northflank han abandonado Next.js para explorar otras alternativas como Vite, pero la comunidad explota contra Next.js que ...",,,0,"['Education', 'maths']",27,
6sfiAyKy8Jo,Next.js Full-Stack School Management App Full Tutorial | Role Based School Dashboard Project,00:00 Introduction 05:00 Installation 06:28 School Management App Database Structure & Relationships 13:00 Next.js Prisma ...,,,0,"['Education', 'maths']",27,
UbXpRv5ApKA,"Full Stack React Project ( AI Career Coach ) - Next JS, Tailwind, Gemini AI, Prisma, Shadcn UI 🔥","Build a Full Stack AI Career Coach in React 19 + Next JS 15 with Tailwind CSS, NeonDB, Prisma, Clerk Authentication, Inngest, ...",,,0,"['Education', 'maths']",27,
jMy4pVZMyLM,"Tutorial Next.js 14 paso a paso, para Principiantes","En este tutorial de Next.js 14, estaremos cubriendo desde la introducción hasta la conexión a una base de datos PostgreSQL, ...",,,0,"['Education', 'maths']",27,
ZZqIR0ru0I4,"Build a NEXT LEVEL SaaS Landing Page with Next.js, React, TailwindCSS and Framer Motion",What's Inside the Resource Bundle: Fully Responsive Designs Starter Template Files All Images and Icons 100% ...,,,0,"['Education', 'maths']",27,
AH3xlNuui_A,"Create a Invoice Platform using Next.js, Mailtrap, Auth.js, Tailwind | 2024","Hey everyone, what's up In this video, we are going to build a full stack Invoice Platform from complete scratch using the best ...",,,0,"['Education', 'maths']",27,
AR6eQCi_Me4,Lets build this project in Nextjs,"Welcome to chai aur code, a coding/programming dedicated channel in Hindi language. Now you can learn best of programming ...",,,0,"['Education', 'maths']",27,
iYX-3hCVmK8,"🔴 Let's build an AI Agent that can use Tools in NEXT.JS 15! (LangChain, Clerk, Convex, TS, IBM)",Join me as I show you how to build a powerful AI Agent with Next.js 15 that can interact with various tools and services. In this ...,,,0,"['Education', 'maths']",27,
I-yTjdloeuQ,It's finally out!!! (Next.js 15 breakdown),Next.js 15 has FINALLY been released and I couldn't be more hyped. THANK YOU CLERK FOR SPONSORING ...,,,0,"['Education', 'maths']",27,
gzehQxHxtfw,Can this replace NextJS?,"Expo Router v3 brings API Endpoints to React Native projects, which could replace many complicated setups and even NextJS ...",,,0,"['Education', 'maths']",27,
Iun1DE_oHG0,Tanstack Start vs NextJS - Server Functions Battle,"Tanstack Start has impressive support for server functions, perhaps better than we get with NextJS. Let's put them head to head!",,,0,"['Education', 'maths']",27,
17VzlB35Ixw,"🔴 Let's build a Course Platform LMS with Admin Dashboard! (NEXT.JS 15, Sanity, Stripe, Clerk, TS)",Join me as I show you how to build a Professional LMS (Learning Management System) Platform from scratch with Next.js 15 ...,,,0,"['Education', 'maths']",27,
Y2kGqbzvAn4,How To Make Portfolio Website Using Next JS | Build Modern Portfolio Site In React JS 2025,Learn How To Create a Portfolio Website Using In Next Js Step by Step Tutorial for Beginners to create a Modern Next JS Portfolio ...,,,0,"['Education', 'maths']",27,
RkwbGuL-dzo,"Full stack SaaS ScrapeFlow: NextJs course with React, Typescript , React-Flow, Prisma, ReactQuery",Business Inquiries: work@klitonbare.com Time Stamps 00:00 Intro 04:24 Project setup 31:10 Auth setup 37:28 Database setup ...,,,0,"['Education', 'maths']",27,
xWFbnrTap3M,Next.js 15 Tutorial - 74 - Forms with Server Actions,"Mastering Server Actions in Next.js In this video, we dive into server actions in React, an advanced feature that simplifies secure ...",,,0,"['Education', 'maths']",27,
LVnc0fzNG6U,Next JS 15 Full Courses || Next JS tutorial for beginners in hindi,Helpline : 9472395194 Saurav sir linkedin https://www.linkedin.com/in/er-saurav-4318aa21b/ Follow on Instagram ...,,,0,"['Education', 'maths']",27,
Otq0LY90Qso,Authentication Flow in Next.js (Complete Tutorial),In this video we will learn how to create a complete authentication flow in Next.js from scratch. We won't be using any 3rd party ...,,,0,"['Education', 'maths']",27,
OfE9v4-dV2o,"Build & Deploy a Modern Travel Website with Next JS 15, TypeScript, and Tailwind CSS","In this comprehensive tutorial, we'll guide you through the process of building and deploying a modern travel website using ...",,,0,"['Education', 'maths']",27,
kbCzZzXTjuw,Next.js Authentication - Avoid these 4 mistakes (Don't do auth in layout!),⏱️ Timestamps: 00:00 Intro 01:00 Add auth quickly 03:15 Don't do auth in layout 05:50 Page vs Middleware for auth 08:01 ...,,,0,"['Education', 'maths']",27,
lEflo_sc82g,"Build and Deploy a Patient Management System with Next.js | Twilio, TypeScript, TailwindCSS","Build a healthcare platform that streamlines patient registration, appointment scheduling, and medical records, and learn to ...",,,0,"['Education', 'maths']",27,
lXITA5MZIiI,"Build a Real-Time Slack Clone With Nextjs, React, Tailwind, Auth.js | Part 1/2 (2024)","Hi all In this 15 hour tutorial split in two parts you will learn how to create an end-to-end fullstack and real-time slack clone, ...",,,0,"['Education', 'maths']",27,
l9zh0pqEHyc,"Create A Booking App From Scratch | React, Next.js, Appwrite, Tailwind","In this 4-hour project-based course, we will build a booking app for meeting/conference rooms. We will be using React/Next along ...",,,0,"['Education', 'maths']",27,
WLHCPwqHzzQ,Build Nextjs 15 ECommerce Website Like Amazon [New 2025],00:00 Introduction 00:12:07 1 Install Tools 00:15:19 2 Create Next App 00:21:25 3 Create Website Layout 00:38:24 4 Create ...,,,0,"['Education', 'maths']",27,
Txf2pbR2Cyk,Next.js 15 Is Here (Vercel Ship Breakdown),"Next.js 15 and React 19 are coming in HOT. It's not the biggest release, but it's still a very good one and I'm hyped to talk about it ...",,,0,"['Education', 'maths']",27,
ySqesLjz6K0,"Build An AI Resume Builder SaaS Application (Next.js 15, Stripe Checkout, Hook Form, TypeScript)",Build and deploy a professional full-stack SaaS (software as a service) application with the following features: -Next.js 15 -Stripe ...,,,0,"['Education', 'maths']",27,
19Nwmy7vwvU,How Does Nextjs Actually Work,"In this video, I go over the Nextjs request flow, talking about how our Nextjs applications render our beautiful and fast pages.",,,0,"['Education', 'maths']",27,
uzhn08nPY8k,Next.js 15 Changed EVERYTHING... But I Still Hate It,"Hey everyone, In this video, let's take a deep dive into what all has changes in Next 15 and what you should be worries about as a ...",,,0,"['Education', 'maths']",27,
ACgsF2mVEYM,Top 11 Security Mistakes in Next.js 15 to Avoid - Don't Leak User Data!,⏱️ Timestamps: 00:00 Security in Next.js 01:30 Arcjet 02:16 11 - Insufficient server action protection 06:42 Email validation ...,,,0,"['Education', 'maths']",27,
b_UQ1bdQddw,NextJS 15 with React Query Tutorial | How to use React Query in NextJS 15,"Master Next.js and React Query integration in this step-by-step tutorial, perfect for both beginners and experienced developers.",,,0,"['Education', 'maths']",27,
M836RZxReHU,NextJS Parallel Routes Explained with a Simple Example,"NextJS Parallel Routes explained with a simple example - In this video, we'll look at how to use Next.js parallel routes and follow ...",,,0,"['Education', 'maths']",27,
iBFHWS8rbW4,"🔴 Let's build a Receipt Tracker SaaS with NEXT.JS 15 (AI Agents, Inngest, Schematic, Stripe, Clerk)",What You'll Learn: Full-Stack Development with Next.js 15 - Server Components & Server Actions for secure file handling ...,,,0,"['Education', 'maths']",27,
aLVo6_3bVYw,This Next.js Shadcn Templates library is INSANE to develop Landing pages🔥,Shadcn + Next.js 13 is HEAVEN | A QUICK GUIDE This UI component library is mind-blowing Build Amazing Landing Pages in ...,,,0,"['Education', 'maths']",27,
dGY6uE8G5mg,Handling API calls in frontend in NextJS,All source code is available at my Github account: https://github.com/hiteshchoudhary Our Open-Source Project is here: ...,,,0,"['Education', 'maths']",27,
egS6fnZAdzk,"Full Stack React Project ( AI Finance Platform ) - Next JS, Tailwind, Gemini AI, Prisma, Shadcn UI 🔥","Build a Full Stack AI Finance Platform in React 19 + Next JS 15 with Tailwind CSS, Supabase, Prisma, Clerk Authentication, ...",,,0,"['Education', 'maths']",27,
N_uNKAus0II,"Build a Finance SaaS Platform With Nextjs, React, Honojs with CSV Upload (2024)","In this 11 hour tutorial, you will learn how to create your very own Finance SaaS Platform with ability to track your income and ...",,,0,"['Education', 'maths']",27,
YwcyE1XlUZU,"Build & Deploy NextJs Full Stack AI LMS SAAS App Using React, Tailwind, Inngest, Clerk, Neon, Gemini","In this video, we build and deploy a Next.js Full Stack AI LMS SaaS App using the latest technologies! Learn how to integrate ...",,,0,"['Education', 'maths']",27,
yqJlmkgroik,Next.js Crash Course in Telugu | Next.js in Telugu,"Hey Everyone, This video is all about explanation of Next.js for beginners in telugu. This series will be continued please stay tune ...",,,0,"['Education', 'maths']",27,
HdWCh_4XE1Q,"How To Create Full Stack Blog App Using Next JS & MongoDB | Backend, Frontend and Admin Project",SUBSCRIBE: @GreatStackDev ❤️ Complete JavaScript Course with Certification: https://greatstack.dev/go/javascript-course ...,,,0,"['Education', 'maths']",27,
cso7-4oAPNQ,Next.js 15 Full-Stack Course For Beginners (12 Apps in 37 Hours | 2025),"🖥️ Join me as I build 12 Apps using Next.js, ReactJS, Tailwind CSS, TypeScript, & More: 1️⃣ AI NOTION CLONE with ...",,,0,"['Education', 'maths']",27,
hCSX5zSb3b4,"🚀 Build an AI Email Template Builder App with Next.js, React, TailwindCSS & AI | Convex","Learn how to Build an AI Email Template Builder App with Next.js, React, TailwindCSS & AI using Convex database. create a ...",,,0,"['Education', 'maths']",27,
xEnnRNH_lyw,Video Calling Interview Platform: Build a Full Stack Project with React & Next.js,"Highlights: - Tech stack: Next.js & TypeScript, Stream, Convex, Clerk - Video Calls - 🖥️ Screen Sharing - Screen ...",,,0,"['Education', 'maths']",27,
rNSzejRkHcg,Next.js 15 MySQL Social X App Tutorial w Real-Time Notifications | Full-Stack Social Media Socket.io,00:00 Introduction 03:22 Installation 05:55 Planning a Social Media App & Database Design 10:35 Prisma ORM Tutorial 11:44 ...,,,0,"['Education', 'maths']",27,
pk0DypMIZfM,"Next.js Hosting Doesn't Get Better Than This (Coolify, VPS, Self-Hosting)","⏱️ Timestamps: 00:00 Coolify vs Dockerizing ourselves 00:38 Example Next.js app 01:23 What is a ""server"" / VPS? 01:43 ...",,,0,"['Education', 'maths']",27,
9uqfkxEV76k,Next.js - Курс по Next.js за 100 Секунд + Проект,Написать мне bstashchuk@gmail.com.,,,0,"['Education', 'maths']",27,
enyUdIyZmjU,Apprendre NEXT.JS 15 en 1 HEURE | TOUT Comprendre en 2024,▷ VIDÉO Apprends Next.js 15 de A à Z en 1 heure ! Cette vidéo te guidera à travers tout ce qu'il faut savoir pour créer des ...,,,0,"['Education', 'maths']",27,
i270Os2MSqg,Build a Full-Stack CRUD App with Next.js & Laravel 12 | Full 3-Hour Course,"Complete Next.js & Laravel 12 CRUD App with Authentication | Full 3-Hour Course In this complete 3-hour course, you'll learn ...",,,0,"['Education', 'maths']",27,
Wj0Lz6mgU-k,The easiest way to manage state in NextJs,This video will look at managing the state in NextJs by lifting it to the URL using the `nuqs` package. Project source code ...,,,0,"['Education', 'maths']",27,
ddKQ8sZo_v8,"Build Nextjs Inventory Management Dashboard & Deploy on AWS | Postgres, Node, Tailwind, EC2, RDS, S3","Build and Deploy a Complete Full Stack Inventory Management Dashboard Application using Nextjs, Redux, Node, and AWS.",,,0,"['Education', 'maths']",27,
gr--RC_naa0,"Build A Complete E-Commerce Website (Next.js 15, React Query, Tailwind CSS, TypeScript, Wix Studio)",Build and deploy a full-stack e-commerce website with Next.js 15 and Wix Studio Headless. Great for (aspiring) freelancers or for ...,,,0,"['Education', 'maths']",27,
VfVaU3qxa4E,Next.js Footer Gone WILD – Watch It Explode on Scroll!,Created a Next.js scroll animation where the footer images explode like confetti when you reach the bottom! Source Code: ...,,,0,"['Education', 'maths']",27,
71M2JXIDw4g,Next.js 15.1: Explained!,Let's read through the Next.js 15.1 blog post and look at some live code! Blog: https://nextjs.org/15-1 Code: ...,,,0,"['Education', 'maths']",27,
Myo5kizoSk0,"Train and Deploy a Multimodal AI Model: PyTorch, AWS, SageMaker, Next.js 15, React, Tailwind (2025)","Hi In this video, you'll learn how to train and deploy a multimodal AI model from scratch using PyTorch. The model will accept a ...",,,0,"['Education', 'maths']",27,
6-qMfLcPhOw,Next.js 15 Tutorial - 47 - Rendering,"Mastering Rendering in Next.js After exploring Next.js routing, we now tackle the essential concept of rendering in Next.js.",,,0,"['Education', 'maths']",27,
AH3xlNuui_A,"Create a Invoice Platform using Next.js, Mailtrap, Auth.js, Tailwind | 2024","Hey everyone, what's up In this video, we are going to build a full stack Invoice Platform from complete scratch using the best ...",,,0,"['Education', 'maths']",27,
NgrljB7UU34,Next JS 14 Crash Course - Next.js Bangla Tutorial 2024,Mastering Next.js 14: A Comprehensive Crash Course for Beginners and Beyond Welcome to our in-depth Next.js 14 crash ...,,,0,"['Education', 'maths']",27,
121FJ9mov-4,Payload: The Complete Backend for NextJS,Payload is a fantastic Content Managment System (CMS). Their new 3.0 release is fully integrated with the NextJS App Router.,,,0,"['Education', 'maths']",27,
Vh_NlF9hHN4,"Build a SAAS kit with Clerk, PostgreSQL and NextJS","Welcome to a youtube channel dedicated to programming and coding related tutorials. We talk about tech, write code, discuss ...",,,0,"['Education', 'maths']",27,
y5vE8y_f_OM,"Build and Deploy a Realtime Next.js App with Permissions and Notifications | TypeScript, Tailwind","Learn how to build any collaborative application by building LiveDocs, an improved Google Docs that manages millions of ...",,,0,"['Education', 'maths']",27,
61vSIrg70xM,"Build a Nextjs Learning Management App | AWS, Docker, Lambda, Clerk, DynamoDB, ECR, S3, Shadcn, Node","Description: Build a Scalable Learning Management Application with **Next.js**, **Node.js**, and **AWS**. Learn to create an ...",,,0,"['Education', 'maths']",27,
CVK2b8-1vcE,How to Build a DeepSeek Chatbot in Next.js 15 (Step by Step),Learn how to build a DeepSeek chatbot in Next.js 15 with this step-by-step tutorial. Here is the repo: ...,,,0,"['Education', 'maths']",27,
3CMgznBdl-M,"Create a Calendar Scheduling Platform using Next.js, Nylas, Auth.js, Tailwind | 2024","Hey everyone, what's up In this video, we are going to build a full stack scheduling application from complete scratch using ...",,,0,"['Education', 'maths']",27,
rsRglxTKbR0,"🚀 Full-Stack Blog App with NestJS, NextJS & Turborepo – 10-Hour Ultimate Guide","Want to create a real-world, production-ready web application? In this 10-hour deep dive, we'll use NestJS, Next.js, and ...",,,0,"['Education', 'maths']",27,
0NTUIdUljwM,Ultimate Next.js Auth Guide: Auth.js + Prisma + OAuth & Credentials (2025),"Comprehensive Authentication in Next.js with Auth.js V5 Tutorial Learn how to implement a robust, type-safe authentication ...",,,0,"['Education', 'maths']",27,
VvrClxMAK1E,No necesitas Next.js siempre,Estaremos reaccionando a un artículo que habla sobre por que tú no necesitas Next.js para tus proyectos ▷ No te pierdas más ...,,,0,"['Education', 'maths']",27,
d9lEm31FeG4,Deploy Your Next.js App FAST with Vercel + Custom Domain Setup,Learn to deploy your Next.js app to the internet with Vercel and set up a custom domain using Namecheap. Namecheap ...,,,0,"['Education', 'maths']",27,
xiSuX0f1mEI,Next.js 15 Tutorial - 2 - Hello World,"Building Your First Next.js 15 Application - Step-by-Step Guide In this video, we will walk you through creating your first Next.js ...",,,0,"['Education', 'maths']",27,
7hi5zwO75yc,"Build a Stunning SaaS Landing Page with React, Next.js, TailwindCSS & Framer Motion | Full Tutorial",Transform your web development skills by building a landing page that captures attention and leaves a lasting impression.,,,0,"['Education', 'maths']",27,
NgPWnlDkZvc,DeepSeek-R1: Build an AI Powered Full Stack SaaS NextJs App,"We're creating a PDF Analyzer, where users can input a .pdf file, and with a click of a button, AI will analyze it and show the output.",,,0,"['Education', 'maths']",27,
eaxlv8fXccc,"Build Full Stack Project with Nextjs, React, Tailwind, Next Auth","In this tutorial, I walk you through building ShortLink - a professional URL shortener with advanced features including AI-powered ...",,,0,"['Education', 'maths']",27,
n-fVrzaikBQ,NextJS 15 Authentication Tutorial - Learn Next-Auth in 30 Minutes,"Learn how to integrate NextAuth.js into a Next.js application in just a few simple steps. This video covers installation, provider ...",,,0,"['Education', 'maths']",27,
OqlI2766LCk,"Build and Deploy Full Stack AI GitHub SaaS | Next JS 15, Google Gemini AI, Assembly AI, Stripe",Welcome to this comprehensive full-stack tutorial where we build and deploy a fully featured AI GitHub developer tool using ...,,,0,"['Education', 'maths']",27,
uBgFPmieR6M,"🚀 Build AI Short Video Generator Using NextJs, React, Tailwind, Convex | Full Stack SaaS App","Build AI Short Video Generator Using NextJs, React, Tailwind, Convex | Full Stack SaaS App Want to automate your YouTube ...",,,0,"['Education', 'maths']",27,
j7T1m2Amc40,"Agile Scrum Roles Demystified: PO, Scrum Master, Dev Team","This video Explains the different Roles in a scrum Team, as well as their responsibilities. Scrum is a framework within which ...",,,0,"['Education', 'maths']",27,
UO0E10-3DeI,The 3 Scrum Roles And Their Responsibilities,"Who does what on a Scrum project? Learn about the 3 Scrum Roles: Scrum Master, product owner, and developers, plus a 4th ...",,,0,"['Education', 'maths']",27,
by0q3RoE7MY,Scrum Roles & Responsibilities #scrum #agile,"Hi everyone, in today's video, we're going to explore the various roles and responsibilities of a scrum team. This video is divided ...",,,0,"['Education', 'maths']",27,
iJ_sl6J8PRg,What is Scrum? | Scrum under 3 minutes,Master Scrum in Under 3 Minutes! Explore our Scrum and Agile training courses: https://www.knowledgehut.com/ Welcome to ...,,,0,"['Education', 'maths']",27,
oTZd2vo3FQU,What is Scrum? | Agile,"This Guide contains the definition of Scrum. This definition consists of Scrum's roles, events, artifacts, and the rules that bind them ...",,,0,"['Education', 'maths']",27,
9huSDGb78oo,What Are Scrum Roles | Scrum Team | Agilemania,Scrum is a framework that generates value through adaptive solutions for complex problems. It is an iterative and incremental ...,,,0,"['Education', 'maths']",27,
0_qbsJUGsfQ,Roles In Scrum,"As part of the Scrum Tapas video series, Professional Scrum Trainer Simon Reindl talks about what the Roles in Scrum using a ...",,,0,"['Education', 'maths']",27,
kmRfBl3p6PA,Scrum Master Roles and Responsibilities | Agile Scrum Roles,Dive Deep into the Scrum Framework Unlock the secrets of Scrum roles and responsibilities with a detailed breakdown of: ...,,,0,"['Education', 'maths']",27,
u8RGvL6uVd0,Scrum Accountabilities | Scrum Master Accountabilities| Responsibilities #scrum #scrummaster,"Hello Friends, Welcome back to our channel. This video is the 8th session of our ""Agile and Scrum Series"". It discusses the ...",,,0,"['Education', 'maths']",27,
HCLIWJULAWM,Scrum Master Roles and Responsibilities | Scrum Master Tutorial | Simplilearn,The Scrum Master role is a special role for an Agile Team member who spends much of her time helping other team members ...,,,0,"['Education', 'maths']",27,
SWDhGSZNF9M,Scrum in 20 mins... (with examples),"The main parts of a scrum workflow include the roles, artifacts and ceremonies. Scrum roles include Product Owner, Scrum Master ...",,,0,"['Education', 'maths']",27,
yf1_C2RBVBA,04 - Scrum Roles - Scrum Foundations eLearning Series,,,,0,"['Education', 'maths']",27,
xef_bCjoRCk,SCRUM Model in Software Engineering | Agile Technology,Subscribe to our new channel:https://www.youtube.com/@varunainashots ▻ Agile in Software Engineering: ...,,,0,"['Education', 'maths']",27,
UUYX6QRRZIo,Scrum Roles and Responsibilities,"Scrum is a lightweight framework that helps people, teams, and organizations create value through adaptive solutions for complex ...",,,0,"['Education', 'maths']",27,
otwDz8edsoc,Scrum Roles | Unraveling Scrum Roles In Just 3 Minutes | Roles in Agile Projects,"Scrum Roles | Job Titles in Scrum is explained in this short video along with Scrum Master, Product Owner and Development ...",,,0,"['Education', 'maths']",27,
pO3sOeV2UEY,Scrum roles guide under organization,"This video will take you through the important concepts in Scrum Roles. There are three core roles in scrum: Product Owner, ...",,,0,"['Education', 'maths']",27,
V2HMgCtzZps,Scrum Roles,"Learn about the three core roles in Scrum: Product Owner, Scrum Master, and Development Team. Understand the ...",,,0,"['Education', 'maths']",27,
K5fZdHdXbmw,Roles in the Scrum Team | Scrum Master | Product Owner | Development Team | The Scrum Roles,#PMP #AgileProjectManagement #PMCLounge.,,,0,"['Education', 'maths']",27,
rGPvKUEG7Nw,"What is Scrum? Different Scrum Roles, Ceremonies & Artifacts | Agile & Scrum Full Course - Part 7","This video briefly outlines what is Scrum. The video covers, What is Scrum? Scrum is defined as an agile framework designed for ...",,,0,"['Education', 'maths']",27,
y_fM1dAnpc8,"Scrum Master Beginners Quiz #3 | Collaboration & Communication, Supporting the Product Owner LEADUP","Scrum Master Quiz for Beginners | Test Your Agile & Scrum Knowledge! Are you preparing for a Scrum Master role, studying for ...",,,0,"['Education', 'maths']",27,
draXIoAsJyk,IT foundations e-course: typical roles and positions of IT professionals,"Welcome to our IT Fundamentals Course! In this beginner-friendly course, you'll get an overview of essential IT concepts and ...",,,0,"['Education', 'maths']",27,
fuxi--qOxHA,"""Zero Coding Required: Scrum Master Course | Unlock More Job Opportunities!""",9 DAYS TO GO! Ready to boost your career without needing coding skills? Our Scrum Master Course launching on April ...,,,0,"['Education', 'maths']",27,
PeZRcn0gsGw,YDS: Is the Scrum Master Role an Entry Level Job?,Is the Scrum Master Role an Entry Level Job? Let's explore the options this situation presents. All of this and more are discussed ...,,,0,"['Education', 'maths']",27,
t-YGlP9F_wM,"Scrum Roles: Product Owner, Scrum Master and Development Team",Introduction to the three key roles in a team delivering a product using the Agile/Scrum framework Now that you have a good idea ...,,,0,"['Education', 'maths']",27,
fnqeFjlxOK0,[Scrum 101] Scrum Roles and Responsibilities,"Scrum defines three different roles and responsibilities. These roles are; the Scrum Master, the Product Owner and the Team.",,,0,"['Education', 'maths']",27,
M_KAh7TNqzM,Scrum Roles and Responsibilities,"In this video, we will uncover the secrets of Scrum roles in project management. Starting with the Scrum Guidance Body (SGB) ...",,,0,"['Education', 'maths']",27,
5BF6GyJ7f9E,"Scrum Roles Explained: Product Owner, Scrum Master, and Development Team","Welcome back to Scrum Study. Today, we're diving into the Scrum Roles Guide, focusing on the essential roles within an ...",,,0,"['Education', 'maths']",27,
j2KfDVsIMLo,Understanding Scrum - Roles and Responsibilities (3 Minutes),"In this informative video, we delve into ""Understanding Scrum: Roles and Responsibilities,"" focusing on the key roles that make up ...",,,0,"['Education', 'maths']",27,
FCeH4fLgHQQ,PMP Exam Prep Scrum Roles for Agile with Aileen,"In this video, PMP Exam Prep Scrum Roles for Agile with Aileen, Aileen reviews the three required roles on a scrum team.",,,0,"['Education', 'maths']",27,
actA5BNnWJI,"What is SCRUM? (Scrum Roles Explained - Product Owner, Scrum Master, Team)",New 2021 Exam? Sign up: http://projectmanagementmasterclass.com Other courses: http://praizion.com Podcast: ...,,,0,"['Education', 'maths']",27,
b8WeOm5-C7s,The Scrum Roles,View all of the Scrum Roles as described by the Scrum Guide. https://www.agilegenesis.com/,,,0,"['Education', 'maths']",27,
LMwaT3gOs1s,AGILE | SCRUM | SCRUM ROLES,,,,0,"['Education', 'maths']",27,
2hmPRmVc9Ro,Scrum Roles Explained,Each role in Scrum has distinct responsibilities that are crucial for the success of the project. Let's dive into each one.,,,0,"['Education', 'maths']",27,
fXmBNcYumV0,SCRUM Roles and Responsibilities (Topic #06): PMI ACP Course Topics #productmanagement,"This topic, SCRUM Roles and Responsibilities is a part of our agile tutorial series ""PMI ACP Course Topics"". #scrum ...",,,0,"['Education', 'maths']",27,
rOuQ--wxwms,What are the 3 roles in a Scrum team? | Agile Avengers,What are the 3 roles in an agile Scrum team? Product Owner Scrum Master Team Member Ben and Amy summarise them as part ...,,,0,"['Education', 'maths']",27,
ZGNmVnyor9k,"Three Roles of Scrum -- Scrum Master, Product Owner, & Team",Be sure to SUBSCRIBE to my channel and let me know what topic you would like me to cover next. Thanks for the support! Scrum ...,,,0,"['Education', 'maths']",27,
yk1BWeUKDnY,Scrum Team Roles EXPLAINED by Top Business Analyst,In today's Business Analyst Training we are talking about Scrum roles and who you will be working with on the scrum team ...,,,0,"['Education', 'maths']",27,
Tcnq2SgVzGw,What are the Scrum Roles on Scrum team? - Scrum Master / Leading SAFe Interview Questions,Scrum team roles are explained in this video.,,,0,"['Education', 'maths']",27,
Yud2o4a3ZuY,How Do Scrum Roles Drive Team Success?,"In this video, we break down the key accountabilities in Scrum: the Developers, Product Owners, and Scrum Masters. Discover ...",,,0,"['Education', 'maths']",27,
9Zz9O4UKr3s,Scrum Roles - Overview | PSM1 | PSPO1,Scrum Guide describes three roles : - Scrum Master - Developers - Product Owner The complete course is available on Udemy ...,,,0,"['Education', 'maths']",27,
wEs4mzoCkZ0,"Scrum Roles, Events and Artifacts","Scrum Roles, Events and Artifacts.",,,0,"['Education', 'maths']",27,
eJAwy60NhII,001 Introduction to Scrum Roles,,,,0,"['Education', 'maths']",27,
87ZLf9l8OKI,Scrum Roles,Scrum Team Roles More: http://all4agile.com.,,,0,"['Education', 'maths']",27,
6l_lSRNp3yA,Scrum Roles and Responsibilities,"Understanding Scrum Roles | Product Owner, Scrum Master, and Development Team In this video, we dive into the key roles ...",,,0,"['Education', 'maths']",27,
gbmO74RHX2A,Scrum Roles Summary | Complete Course | PSM1 | PSPO1,This video will summarize the three Scrum roles. - Scrum Master - Product Owner - Developers The complete course is available ...,,,0,"['Education', 'maths']",27,
Cv46Nxps93I,Scrum Skills: Introducing Scrum Roles Course Preview,"Join Pluralsight author Derek Davidson as he walks you through a preview of his ""Introducing Scrum Roles"" course found only on ...",,,0,"['Education', 'maths']",27,
mz-u-XoGn7Y,Roles and Responsibilities in a Scrum Team | Agile Certified Practitioner,The Roles and Responsibilities when working in a Scrum team | Agile Certified Practitioner.,,,0,"['Education', 'maths']",27,
X2pu7GtF0yg,"What is Scrum? part 1 of 2 | Scrum roles, Scrum events, Scrum ceremonies, Scrum artifacts in scrum","In this video I will be speaking on What is scrum? What are the Scrum roles, Scrum events, Scrum ceremonies, Scrum artifacts in ...",,,0,"['Education', 'maths']",27,
vkdZCTlld40,Scrum - Roles,"Learn all about SCRUM, one of the most popular Agile methodologies! This video breaks down the basics of Scrum, including ...",,,0,"['Education', 'maths']",27,
VYnGf2G4ywQ,UNDERSTAND SCRUM ROLES AND RESPONSIBILITIES IN AGILE TO AVOID CONFUSION,"The three Scrum Roles: Scrum Master, Product Owner and Developer explained by an Agile Practitioner Do you want to know the ...",,,0,"['Education', 'maths']",27,
aflvj3bZD3Y,What are the 3 roles in Scrum -Agile in 2023? | Product owner | Scrum Master | Team,"In this video, I'm going to discuss the three roles in Scrum -Agile in 2023. I'll discuss the product owner, the scrum master, and the ...",,,0,"['Education', 'maths']",27,
Uj6v0-P1bDA,Scrum Roles,"Within this video we discuss the three core Scrum roles (Scrum Project Roles). Don't forget to Subscribe and Like for more videos, ...",,,0,"['Education', 'maths']",27,
48KWlZdSvy0,Scrum Roles Scrum Roles A v1,,,,0,"['Education', 'maths']",27,
jt32Y6-3YP0,6. Scrum Roles - Product Owner and Developers - CSM Certification,"Here you go, I explain the Product Owner and Developers role in the Scrum Team.",,,0,"['Education', 'maths']",27,
GWhJjTTOJ7M,Scrum Project Roles #Scrum #Roles #Agile,"Understand the distinct roles within a Scrum project! #3 This video breaks down each role's responsibilities, from the Product ...",,,0,"['Education', 'maths']",27,
nF0-OwLOu8U,Scrum Roles: Scrum Master. Agile project management,Scrum: in general Express Scrum course + Tips on how to get started quickly Link to the full course: ...,,,0,"['Education', 'maths']",27,
6YoNFSAoRcg,"Episode 3: Understanding Scrum Roles: Product Owner, Scrum Master, Developers - Syed Imon Rizvi","Episode 3: Understanding Scrum Roles: Product Owner, Scrum Master, Developers - Syed Imon Rizvi Get ready to learn about ...",,,0,"['Education', 'maths']",27,
fIY-yi4ckkE,Scrum Roles Explained - Agile Coach (2018),0:41 Definition of scrum product owners 0:56 Definition of scrum masters 1:13 Definition of development teams Make sure to ...,,,0,"['Education', 'maths']",27,
VkJ0BQogtFU,Various SCRUM Roles,There are specific roles in a SCRUM Team. Let us understand what they do. #Agile #SCRUM #Roles My podcast: ...,,,0,"['Education', 'maths']",27,
4h1bj9hTpuc,Agile Scrum Roles,Ready to explore the key players in the Agile Scrum orchestra? Join us in this insightful video as we uncover the roles that shape ...,,,0,"['Education', 'maths']",27,
NvChvffEeZQ,Scrum In a Nutshell Webinar | Scrum Roles | Scrum Framework | Scrum Principles & Values,"Scrum In a Nutshell! There are a lot of ways in which you can learn about Scrum, and a good starting point is the #ScrumGuide.",,,0,"['Education', 'maths']",27,
o1KWm4dFT98,Scrum Roles Explained!,"Scrum Roles Explained! In this video, we break down the essential roles in the Scrum framework: the Development Team, ...",,,0,"['Education', 'maths']",27,
XmZcz_1bnX0,#33 Scrum Roles | Dakshinamurthy Creations,"In this video, you will learn about Scrum Roles and Responsibilities - Product Owner, Scrum Master and Team members.",,,0,"['Education', 'maths']",27,
Zp9qoVmsOPg,Scrum Roles,"6. Unlike traditional teams, Scrum teams are self-managing, cross-functional, and driven by Agile principles for continuous ...",,,0,"['Education', 'maths']",27,
wCEF848ud2k,How does Scrum Roles compare to Traditional Roles? - Agile tips from MEQIFY,How can Empowerment of a Development Team be illustrated? MEQIFY has seen how Traditional Roles change when replaced ...,,,0,"['Education', 'maths']",27,
gHnKB1PCtuU,Agile Tutorial #7 - Roles in SCRUM team | 3 Roles in SCRUM,"Help me in spreading the knowledge, please hit LIKE, SHARE and SUBSCRIBE for latest tutorials. More tutorial playlists below: ...",,,0,"['Education', 'maths']",27,
Iz-S9S2BmFA,Exploring Scrum Roles,Unravel the mysteries behind the 3 Scrum roles.,,,0,"['Education', 'maths']",27,
UNjODFIzhFE,Agile Scrum Roles and Responsibilities,"What are the main roles in Agile Scrum methodology? In this video, you will learn about the Scrum team, its main roles, and its ...",,,0,"['Education', 'maths']",27,
GEgnwfKr9jc,Scrum Lecture 2: Scrum Roles and Responsibilities,"Scrum is a popular Agile framework used for software development, project management, and other collaborative work. It is based ...",,,0,"['Education', 'maths']",27,
8o94Rl_u0CA,Video 6 Scrum Roles,"Title: Scrum Roles Explained by IT Director Stephanie - Master Scrum in Your Daily Work! Join Stephanie, an experienced IT ...",,,0,"['Education', 'maths']",27,
IVWBZYNFsqY,The Essential Scrum Roles: Unveiling the Key Actors in Agile Development || Skillweed,The Essential Scrum Roles: Unveiling the Key Actors in Agile Development || Skillweed Discover the core roles that drive success ...,,,0,"['Education', 'maths']",27,
bJHpJo73oDc,Scrum Roles | Agile Framework Series,"Scrum, a brief look into using the scrum framework for software development Content from: Atlassian ...",,,0,"['Education', 'maths']",27,
EG4LabA1234,SCRUM | Introduction | S1P6 | SCRUM Roles,"This series is an introduction to SCRUM, where we (Trine and Lars) try to demystify the SCRUM framework for new developers.",,,0,"['Education', 'maths']",27,
4mCWprI4_ts,2.6 Scrum Roles,,,,0,"['Education', 'maths']",27,
ovoYBbmORJ8,Large Scale Scrum: Roles and Duties in Large Scale Scrum Projects,Within this video we discuss Large Scale Scrum. Covering the ideas and concepts of scrum. Don't forget to Subscribe and Like for ...,,,0,"['Education', 'maths']",27,
Zce0CcIXooo,Scrum Roles & Responsibilities FAQ - Scrum - Bean Stalk,Scrum is the most popular Agile framework and it's helpful to understand the 3 roles in Scrum and how responsibilities are divided ...,,,0,"['Education', 'maths']",27,
LwvizReLWb0,How to change a mindset for scrum roles?,How to change a mindset for scrum roles? One of the frequently asked questions in the Scrum Interview Series. When moving ...,,,0,"['Education', 'maths']",27,
KVpZVlplep4,About Scrum | Bite Size | Scrum Roles & Responsibilities | Scrum Values | Scrum Team Performance,About Scrum | Bite Size | Scrum Roles & Responsibilities | Scrum Values | Scrum Team Performance Ways of Working in Scrum ...,,,0,"['Education', 'maths']",27,
g4H0EUckKhc,Scrum roles CSM EXAM questions and answers,"Vivid Colors providing a Scrum roles certification provided online form industry expert trainers with real time project experience, ...",,,0,"['Education', 'maths']",27,
m97TBks6a8Q,What is Scrum Framework | Different Scrum Roles | Scrum framework in agile |Scrum roles,Certified scrum Master Certified scrum Master scrum alliance certfied scrum master trainer Certified Scrum trainer Certified Scrum ...,,,0,"['Education', 'maths']",27,
MUI4xnS8fAE,The Three Scrum Roles,In this session we will discuss about The Three Scrum Roles. Get full access to Agile Development Software Practices Scrum ...,,,0,"['Education', 'maths']",27,
maiPq6yhnfY,Scrum Roles: Development Team. Agile project management,Scrum: in general Express Scrum course + Tips on how to get started quickly Link to the full course: ...,,,0,"['Education', 'maths']",27,
#NAME?,Episode 1: Scrum Roles. Welcome to this mini series on the fundamentals of Scrum methodology,Episode 1: Scrum Roles. Welcome to this mini series on the fundamentals of Scrum methodology where we will Explore the scrum ...,,,0,"['Education', 'maths']",27,
oopxM1bIFVQ,What are Scrum Roles | #youtubeshorts | #shortsvideo | #trending,What are Scrum Roles? Scrum roles refer to the specific responsibilities and functions within the Scrum framework. The three core ...,,,0,"['Education', 'maths']",27,
fwtIsq-vIkI,Module 2: Mastering Scrum Roles! [Scrum Master Course],"Discover the power of Scrum, the leading framework for agility and flexibility in software development! In this video, we delve into ...",,,0,"['Education', 'maths']",27,
5a2UHzcPVB4,60 Second Scrum: Combining Scrum Roles,"Is it OK to combine Scrum roles? The answer is ""sometimes"", but these combinations can come at a cost. Learn more in our latest ...",,,0,"['Education', 'maths']",27,
uAGf-t0Rols,Scrum Roles Webinar - 09/20/24,,,,0,"['Education', 'maths']",27,
TqmgNlJuWRU,Scrum Roles and Responsibilities | CSM Certification Training | StarAgile,Ready to take your Agile journey to the next level? Dive deep into Scrum roles and responsibilities with StarAgile's Certified ...,,,0,"['Education', 'maths']",27,
i-yyNrrjiWg,Scrum Roles Explained – Who Does What in an Agile Team?,Scrum Roles Explained – Who Does What in an Agile Team? Scrum is one of the most effective frameworks in agile project ...,,,0,"['Education', 'maths']",27,
BBjpplaKLzs,Scrum Roles - Scrum Master,Agile Coach: Ranjith Venkatesh Company: Moss and Lichens Website: https://mossandlichens.com/,,,0,"['Education', 'maths']",27,
qQuPhObYH4w,The #1 Mistake That's Costing You Money in Scrum Roles,Juggling roles without the paycheck to match? You're not alone. Many professionals are hired for ONE job but end up doing the ...,,,0,"['Education', 'maths']",27,
lM38mXNBIAk,What is a Scrum Master and Their Role? Updated for 2024,"Who runs the scrum? The scrum master. When it comes to management and communication in project meetings, the scrum ...",,,0,"['Education', 'maths']",27,
6hXCsxqxkG8,5. Scrum Roles - What does a scrum master do? What are the roles?,"Here you go, I explain what are the scrum roles available and what all scrum master does.",,,0,"['Education', 'maths']",27,
wAZ5OUk_qQE,02 Three Scrum Roles,,,,0,"['Education', 'maths']",27,
JNTfrNCsxPs,Ep. 2 - Scrum Roles – Who Does What Now?,"Scrum has three key roles: Product Owner, Scrum Master, and Developers—but what do they actually do? By the end, you'll know ...",,,0,"['Education', 'maths']",27,
kGO9i14NAoU,Scrum Roles – Demystifying the who in Scrum and Scrum@Scale with Certified Trainer Ernesto Custodio,The webinar explores the expectations and responsibilities of the different Scrum Roles. This session clarifies the different roles ...,,,0,"['Education', 'maths']",27,
adciglatel4,Dealing with a Product Owner or Scrum Master Playing Additional Roles on the Scrum Team,"In this Scrum Tapas video, Professional Scrum Trainer Ravi Vajaria discusses some of his experiences when a Product Owner or ...",,,0,"['Education', 'maths']",27,
9VJFIer7zXE,Scrum Roles - Everything you need to know!!!,Day 2 of the 3-Day Scrum Mastery Challenge continues the journey. Have you ever wondered which Scrum role suits you best?,,,0,"['Education', 'maths']",27,
dDmNhn-qhZs,Scrum Roles: Who Does What?,"Vabro is a leading provider of cutting-edge Agile product development and project delivery solutions, dedicated to empowering ...",,,0,"['Education', 'maths']",27,
38qjbg90KNU,Scrum Roles Scrum Master A v1,,,,0,"['Education', 'maths']",27,
wMCLc5CFy0I,Intro to Scrum Roles - Business Analyst Training,In today's Business Analyst Training we are talking about the different scrum roles and how can work in Jira seamlessly. Get your ...,,,0,"['Education', 'maths']",27,
273QFEkRjX8,Agile Project Management | 4 Scrum Roles Understaning characters of scrum roles,"Learn what scrum is and how to use agile practices like Capacity Driven Planning, Velocity Driven Planning, Kick Off Meetings, ...",,,0,"['Education', 'maths']",27,
zp2Cd-zlHok,"Scrum roles, events, artifacts, and rules","In this lecture you will learn how to practice scrum, learn which roles are involved how in Scrum and the events held. artifacts used ...",,,0,"['Education', 'maths']",27,
eyWHfW5Wi_U,An Overview of Scrum Roles,This is an overview from one of our Agile classes (https://school.develpreneur.com/p/software_development_life_cycle). You can ...,,,0,"['Education', 'maths']",27,
DJa7FQIffoU,Scrum Roles,5. Understand the key roles in a Scrum Team and how they collaborate to deliver value efficiently.,,,0,"['Education', 'maths']",27,
bKfx-4X637U,Scrum Project Roles,"The video explains the different roles and responsibilities in a Scrum project such as the Product Owner, the Scrum Master, and ...",,,0,"['Education', 'maths']",27,
dIp1IrsMCyw,What are the key roles in Scrum? Scrum Roles Explained!,Learn about the key roles in the Scrum framework in this informative video! Scrum is a popular Agile method for managing ...,,,0,"['Education', 'maths']",27,
i7yjoqU0Gak,Scrum Roles,Source: https://www.podbean.com/eau/pb-ze4nm-132dd4f What does a Scrum Master do? What's the responsibility of a Product ...,,,0,"['Education', 'maths']",27,
n4DREZjsVNA,Navigating Your Career in Agile - Scrum Roles and Certifications,"Ready to take your career to new heights in the dynamic world of Agile - Scrum? Join us in today's video, ""Career and ...",,,0,"['Education', 'maths']",27,
EQIjIKkHIm4,Scrum Roles,"7. Explore the challenges and benefits of shared responsibilities in Scrum, including increased flexibility, collaboration, and ...",,,0,"['Education', 'maths']",27,
YQsZ2GYKKu8,ZenTao Intro-Scrum Roles,ZenTao supports agile development. See what feature each Scrum role uses in ZenTao.,,,0,"['Education', 'maths']",27,
DxkuVQm-qt8,Scrum Roles: Who Is Responsible For Doing All This Stuff?!,"In this video we take a look at the Scrum roles of Scrum Master, Product Owner and development Team Member, and ask the ...",,,0,"['Education', 'maths']",27,
SNzd42YOjuQ,Scrum Roles || Scrum Roles & Responsibilities || What are 3 scrum Roles? || Scrum Roles,Scrum Roles || Scrum Roles & Responsibilities || What are 3 scrum Roles? || Scrum Roles Scrum Roles. Scrum Roles ...,,,0,"['Education', 'maths']",27,
UYvsm53cyto,Different roles of Scrum team | Scrum Team Member | Scrum Team structure #scrum,Different roles of the Scrum team and their skills sets Agile Team | Scrum Team Size https://youtu.be/SHFSJ4FYNec Who is the ...,,,0,"['Education', 'maths']",27,
QyBCB_dOInI,Scrum Roles Scrum Foundations eLearning Series,"In Scrum, a popular Agile framework for project management, there are specific roles and responsibilities that contribute to the ...",,,0,"['Education', 'maths']",27,
RK0A8d15UqM,Scrum roles 👀 (Explained for recruiters in IT),#it #itrecruitment #techrecruitment #techjobs #training #howtohire #hiresoftwaredevelopers #technicalrecruitmentagency ...,,,0,"['Education', 'maths']",27,
3sQpeEERrWo,QS Trainings - I Scrum Roles and Events I,SCRUM Book Free Webinars with us. For bookings -Email at contact@qstrainings.com www.qstrainings.com ...,,,0,"['Education', 'maths']",27,
4zsA2c-gnUs,Scrum Roles in 5 min,This videos talks about the Roles played in Scrum.,,,0,"['Education', 'maths']",27,
q8zzd0gJ6bs,Scrum Roles and Responsibilities Presentation,My Scrum Roles.,,,0,"['Education', 'maths']",27,
1JurZ-o9sCY,The Ultimate Guide to the Scrum Framework: Scrum Roles Episode 3,"Welcome back to our Scrum series! In this episode, we dive into the three key roles in Scrum—Product Owner, Scrum Master, and ...",,,0,"['Education', 'maths']",27,
12oFihrlWU0,Scrum Roles,PMI.ORG --------------- PMI DASSM DASM ----------------- SCALEDAGILE.COM ----------------- SAFe 6 Agilist (Leading SAFe) SAFe 6 ...,,,0,"['Education', 'maths']",27,
31EY1kRfw0g,Feb 2024 Leader SIG: Agile Fusion in Action: Merging Agile/Scrum Roles -- Stephanie Gregg,Topic Title: Agile Fusion in Action: Real-Life Experiences of Merging /Agile Scrum Roles Topic Description: As companies are ...,,,0,"['Education', 'maths']",27,
PkPJsSVjnUY,Ep 2: Mastering Scrum Roles and Responsibilities,Mastering Scrum Roles and Responsibilities: focusing on roles and responsibilities within the Scrum framework and how Hundred ...,,,0,"['Education', 'maths']",27,
spUUz2xrtig,"Scrum Framework (Roles, Events, Artifacts) PSM I","Scrum defines four events that occur inside each Sprint: Sprint Planning, Daily Scrum, Sprint Review, and Sprint Retrospective.",,,0,"['Education', 'maths']",27,
VseEPQ_LJQE,Scrum Roles and Responsibility,Basics of Scrum Roles and Responsibility Facebook Page https://www.facebook.com/agiledigest/ You tube channel ...,,,0,"['Education', 'maths']",27,
pKnQWD3mw_M,Scrum Roles By Simant Shrestha,,,,0,"['Education', 'maths']",27,
36lAOeOwwQU,Anything But Waterfall - Scrum Roles,This video gives a brief introduction of scrum roles and how to identify those roles to your project.,,,0,"['Education', 'maths']",27,
QX7Taz8IKFs,"Video Response to Atlassian Agile Coach Scrum series video ""Scrum Roles Explained""",Next up in Atlassian's series is a brief introduction to the three roles in the Scrum framework. Most of this is in line with the Scrum ...,,,0,"['Education', 'maths']",27,
gNgkKN_F__M,BERTEIG Real Agility Series - Introduction to Scrum - 03 - The Scrum Roles,"Mishkin Berteig, CST, describes the members of a Scrum team and their roles. Transform your business. https://www.berteig.com.",,,0,"['Education', 'maths']",27,
3-Dh9suZtw0,Scrum Roles and Responsibilities #ScrumRolesExplained #AgileLeadership #ScrumTeamRoles,"In this insightful video, we'll explore the crucial roles in Scrum and the concept of empirical process control that underpins the ...",,,0,"['Education', 'maths']",27,
AGDyFjLgWkw,Summary of Responsibilities #Scrum #Roles #responsibilities,Summarize the key responsibilities of Scrum roles and understand how they fit into the Scrum framework to ensure project ...,,,0,"['Education', 'maths']",27,
Em2lwTRAQxM,Scrum Roles in the Real World | Humanizing Work Show | Mailbag,"In this episode, Richard and Peter answer the question: “I get the basic definitions of the Scrum roles. In the real world, though, ...",,,0,"['Education', 'maths']",27,
wrv_wGVmjDg,Scrum Roles Core Role Scrum Team A v1,,,,0,"['Education', 'maths']",27,
Bgly2rthUbo,"Scrum Framework Part 02 : What is Scrum ? (Roles, Values, Artifacts)","What You'll Learn: In this video series, we'll cover all you need to know about the Scrum Framework. Part 01 : Why we need ...",,,0,"['Education', 'maths']",27,
k4mQuWYgkIA,Scrum Roles - Scrum On My Fridge,"Final piece of the puzzle - the Scrum Roles. Here we take a look at the Development Team, the Scrum Master and the Product ...",,,0,"['Education', 'maths']",27,
xsieNxc5vxY,"Scrum Roles, Events & Artifacts - JAN 2019 ADG",In this initial episode of PMINJs Agile Discussion Group - learn more about the basics of SCRUM with hosts Nitin Khanna & Bob ...,,,0,"['Education', 'maths']",27,
gn7BNW9ERHo,Why Scrum Roles are Required??? By JP (Jayaprakash Prabhakar) - Leanwisdom,Get in touch with us Facebook - https://www.facebook.com/leanwisdom LinkedIn - https://www.linkedin.com/company/leanwisdom/,,,0,"['Education', 'maths']",27,
wSVq6v-nCL8,"Understanding the Roles in Projects, Programs and Portfolios in Scrum","Within this video we discuss Understanding the Roles in Projects, Programs and Portfolios in Scrum. Covering the Scrum roles ...",,,0,"['Education', 'maths']",27,
D9Uf4TS40Gg,How do you know which Scrum role is right for you?,"Are you looking to get started in Scrum but need help determining which role is right for you? In this video, Karim Harbott explains ...",,,0,"['Education', 'maths']",27,
IIsNVlq-iv0,"Scrum Roles-Teams and Tuckman's Model, Scrum Artifacts","Hello, welcome to scrum and Agile Digest. This video series will analyze all the scrum concepts along with the following; ...",,,0,"['Education', 'maths']",27,
_AJ7itwQTRw,Scrum Roles - Who Does What?,"Scrum, a popular framework within Agile project management, emphasizes collaboration, flexibility, and iterative progress. Central ...",,,0,"['Education', 'maths']",27,
nX6xrnmpPYc,Commitment and the Scrum Project Roles,Within this video we discuss the Scrum project roles and the Scrum Team commitment. Covering the chicken and pig story?,,,0,"['Education', 'maths']",27,
YUezQoc82LE,ZenTao roles - Scrum Master,What is the Scrum Master in a Scrum team? How could the Scrum Master use a Scrum tool? Check out this video.,,,0,"['Education', 'maths']",27,
eo1PW7Wi2pg,Perfect Scrum Roles in No Time,"Unleash the Strength of Specialization with Scrum! In this video, we delve into how well-defined roles and right-sized teams are ...",,,0,"['Education', 'maths']",27,
XL3GveyWOOk,Scrum Roles Non Core Role A v1,,,,0,"['Education', 'maths']",27,
af-MAhOnerY,"Scrum advanced deep dive - Scrum Roles (Product Owner, Scrum Master and Development Team) - 2024","This is a deep dive into Scrum team roles We'll discuss in greater detail each team member's responsibilities, how to get started ...",,,0,"['Education', 'maths']",27,
KNRcnPl6DgY,Scrum Roles Core Role Product Owner A v1,,,,0,"['Education', 'maths']",27,
ODv1r7fYZSA,"Introduction to Scrum Framework, Scrum roles & responsibilities","To join Training/Internship Program, contact WhatsApp number +91-9739403914 Subscribe our YouTube Channel: ...",,,0,"['Education', 'maths']",27,
BSsKJ844ZNM,Scrum Framework| Scrum Roles| Team Roles| Types of Scrum Meeting| Professional Scrum Certifications,Scrum Framework| Scrum Roles| Team Roles| Types of Scrum Meeting| Professional Scrum Certifications for Scrum Master and ...,,,0,"['Education', 'maths']",27,
GhSB1Kf1ruk,TrinityTG Lunch & Learn - Agile Interactive Activity: Scrum Roles,This activity will help understand various roles and responsibilities on an Agile project. This activity builds on a previous Agile ...,,,0,"['Education', 'maths']",27,
RHvURnweM0w,Tutorial #6 | Scrum Roles | Agile Tutorials | Testing in Nutshell | Neeraj Kumar Singh,"This video is about ""Scrum Roles"". In this video we have covered What are Scrum Roles, Who is Scrum Master, Who is ...",,,0,"['Education', 'maths']",27,
Uc56ZI2op64,Scrum Roles vs. Travis Hunter: Can a Scrum Team Member Play Two Positions?,"In the world of Agile and Scrum, we explore the extraordinary versatility of Travis Hunter on the football field. Join us at ...",,,0,"['Education', 'maths']",27,
He5Pgrzrruo,Gabi Oliveira - 3 Roles in Scrum Team: Who's who in Scrum? - Agile Transformation,"Hi everybody! I'm Gabi Oliveira and on this video I explain Who's who in the Scrum Team. If you have any question, count on me ...",,,0,"['Education', 'maths']",27,
oCY_xuMEYYE,Scrum Roles: Product Owner. Agile project management,Scrum: in general Express Scrum course + Tips on how to get started quickly Link to the full course: ...,,,0,"['Education', 'maths']",27,
_Wn0JgkD71w,Webinar: Dysfunctions and Anti-patterns in Scrum Roles,"Webinar with agile42 coaches Ebru Yalçınkaya and Ayşe Turunç, recorded on February 18, 2020. In this session, we will be ...",,,0,"['Education', 'maths']",27,
6yEfXDnmaZM,Mixing Scrum Roles: Why It’s a Double-Edged Sword,"Should you combine the roles of Product Owner, Scrum Master, and Developers? In this video, we dive into the pitfalls of mixing ...",,,0,"['Education', 'maths']",27,
uk-yhBVYOqc,Scrum Roles,Agile Scrum Roles.,,,0,"['Education', 'maths']",27,
6rcwQF95_XM,"THE SUNIL SHOW : Agile Insights: Demystifying Scrum, Roles & More!","THE SUNIL SHOW : Agile Insights: Demystifying Scrum, Roles & More!",,,0,"['Education', 'maths']",27,
8hHdeJmEY8Y,"Scrum Roles, Scrum Coaching, Agile coach",Scrum Roles overview from Agile coach Trush Volodymyr.,,,0,"['Education', 'maths']",27,
R4H381wMdcw,Scrum Roles - Agile for remote teams - Part 7,Scrum Roles - Agile for remote teams - Part 7.,,,0,"['Education', 'maths']",27,
WIjYtaIb7SU,Scrum! Role of the Product Owner vs. Scrum Master (Agile Basics),What is the role of the Product Owner vs. Scrum Master. Here is a simple model for thinking about each role - sequentially!,,,0,"['Education', 'maths']",27,
VWN7Hf9Xspo,SCRUM Roles and Responsibilities,"As part of this session, we will learn ""SCRUM Roles and Responsibilities""",,,0,"['Education', 'maths']",27,
IxphpmX0SnU,Avoid Mistakes and the Scrum Project Roles,Within this video we discuss the Scrum project roles and how the the Scrum Team avoid mistakes. Covering stakeholder ...,,,0,"['Education', 'maths']",27,
RLj_rwiMs6M,The Scrum Roles | Learning Agile and Scrum | Scrum Master Certification,"All you need to know to ace the Professional Scrum Master™ Certification (PSM I). Scrum is an agile development, delivery, and ...",,,0,"['Education', 'maths']",27,
RTy1dH0s-N0,Scrum Roles,,,,0,"['Education', 'maths']",27,
G9CMAV6bpvo,Roles of Scrum Master,"Thank you, VScrum Team.",,,0,"['Education', 'maths']",27,
nB9oxROuCzs,Scrum Role - Development Team - Roles and Responsibilities | PMP | KalpaTharu Consulting,Scrum Role Roles & Responsibilities of Development Team 1. Generalized specialist 2. Self Organising Team 3. Diverse Team 4.,,,0,"['Education', 'maths']",27,
WZJBxNoZUQc,Scrum Roles - Developers... CONSIST OF...,The Developers (previously known as Developement Team) are the people in the Scrum Team that are committed to creating any ...,,,0,"['Education', 'maths']",27,
8C8ls1Q1PbE,The 3 Roles in the Scrum Guide!,"Our second part (2/4) of The Scrum Guide. Here we delve into the Three Roles that Scrum defines. Namely the Product Owner, ...",,,0,"['Education', 'maths']",27,
OXSkAzNWi9s,Understand Scrum roles in Agile Projects,+91-836765 7365 For more details and career counselling call or WhatsApp us #scrummaster #scrummasterjob #scrum ...,,,0,"['Education', 'maths']",27,
a2QxxTC0w0Y,Agile Scrum Teams: Roles & Responsibilities,Agile Scrum Team and the roles on the team are explained in this video. #agilescrum #scrumteam #agileprojectmanagement.,,,0,"['Education', 'maths']",27,
f0Sa7Izkwrw,Webinar on Scrum Roles: The Agile Certified Practitioner (PMI-ACP)®,This scrum roles webinar discusses the key role and expectations of a scrummaster. The responsibility to team and process and ...,,,0,"['Education', 'maths']",27,
5g03CYhfq1Q,3 Scrum Java Development Scrum Roles,Scrum Java Development Video Tutorials Scrum Master.,,,0,"['Education', 'maths']",27,
27LijOs8bts,"Agile Sprint Planning explained with different Scrum roles - FREE IT Training, Interview, & Support",BusinessAnalysis #ProjectManagement #SAFe #Agile #ProductOwner #Consulting #Staffing #Job #Placement #Employment A ...,,,0,"['Education', 'maths']",27,
UU1EolF8t44,Scrum Framework For Beginners Roles& Responsibilities,00:00 Introduction: Unlocking the Power of Scrum Roles 00:43 Overview of Scrum Roles 01:05 Responsibilities of the Product ...,,,0,"['Education', 'maths']",27,
UHFk0Vc-gac,The Scrum Team Role,In this session we will discuss about The Scrum Team Role. Get full access to Agile Development Software Practices Scrum Roles ...,,,0,"['Education', 'maths']",27,
Fm8Rfh_0epc,scrum 05 roles,,,,0,"['Education', 'maths']",27,
GWGZNO7BMic,Overview of Scrum Roles,Created with Movavi Screen Capture Studio https://www.movavi.com/screen-capture/?c=scs950.,,,0,"['Education', 'maths']",27,
XbM-uBkGPbg,"Module 3 Scrum Roles and Responsibilities - Microsoft Project SCRUM, KANBAN and HYBRID","Enjoy the third module of ""Microsoft Project for SCRUM, KANBAN and HYBRID Projects"" for free! For more free content and to ...",,,0,"['Education', 'maths']",27,
5GCzerIHogg,Scrum Roles,Presentation on Scrum Roles for Virginia Tech Software Engineering Project 3.,,,0,"['Education', 'maths']",27,
ZsioD9S4IS4,In conversation with Experts Episode 2 - Scrum Roles,"In this episode, Taghi Pakshima share his answers on scrum roles questions that every ScrumMaster and coach ask. With over 20 ...",,,0,"['Education', 'maths']",27,
9zkvX5r153o,"Agile Scrum Roles - Product Owner, Scrum Master & Developers: #podcast #new #motivation #scrum","Ever wondered who's the captain, the problem-solver, and the progress tracker in your Scrum team? In this podcast-style video, ...",,,0,"['Education', 'maths']",27,
iMimtKaPC-E,"Monday Guest Speaker Series | Intro to Scrum Roles, Responsibilities, and Ceremonies with Gyan Gupta","Agile Coach, Release Train Engineer, and Senior Scrum Master Gyan Gupta gives us a rundown of the roles and responsibilities ...",,,0,"['Education', 'maths']",27,
Yo4-2vBA7to,Agile Scrum for dummies 2021 - The Roles,"Hey Folks, My name is David from Ablestate. In today's video, we shall look at Scrum roles. #1. Product owner #2. Scrum master ...",,,0,"['Education', 'maths']",27,
oiXmcqVd3ic,Can AI Replace Scrum Roles? | Humans & Bots in the Scrum Team,Can AI Replace Scrum Roles? | Humans & Bots in the Scrum Team Please post comments and questions in the comments ...,,,0,"['Education', 'maths']",27,
uLYygfbKREI,What are all the different roles in your scrum team.,explanation about the 3 scrum roles.,,,0,"['Education', 'maths']",27,
XBj4z1MngJU,APMG Agile and Scrum Roles 6th April 2020,"There are two method:, Agile Project Management and Scrum Master, We believe the two are very complimentary, although there ...",,,0,"['Education', 'maths']",27,
JhNuOIORIaM,"Who is a Product Owner? Roles, Responsibilities & the Path to CSPO Success! 🚀 | Scrum Essentials",Master the Product Owner Role with CSPO® Training! Certified Scrum Product Owner Training (CSPO®): ...,,,0,"['Education', 'maths']",27,
jlP0zBTDYbk,Scrum Roles Presentation,Scrum roles presentation for CS5704 project 3.,,,0,"['Education', 'maths']",27,
cVmaW1Cwq7s,Scrum Roles & Responsibilities explained: Scrum tutorial: Scrum training: Part3,"This is a 'Scrum team and roles' related training video. In this tutorial video, you will learn about what is Scrum by definition, what ...",,,0,"['Education', 'maths']",27,
bieP0VFVgVs,"Agile Training | Scrum Roles. Learn Now, Use Today! #agile","In this agile methodology training video, you'll learn about the three scrum roles in scrum. These scrum tips will help you ...",,,0,"['Education', 'maths']",27,
dL89VR4zzQw,Scrum Role - Development Team - Roles and Responsibilities #shorts #youtubeshorts,Scrum Role - Development Team - Roles and Responsibilities!! Roles & Responsibilities of Development Team 1. Generalized ...,,,0,"['Education', 'maths']",27,
pYZjAiwllK8,Video 2 17 Scrum Roles and Artifacts,,,,0,"['Education', 'maths']",27,
itsktC44AOA,Scrum Roles and Responsibilities | Product Owner | Development team | Scrum Master |CT Academy,"This video explains the different Roles in a scrum Team, as well as their responsibilities. Subscribe to our channel to get latest ...",,,0,"['Education', 'maths']",27,
J7rDDUcSnE0,05 Scrum Roles and Responsibilities,Chapman IT program. Lesson 05. Scrum Roles.,,,0,"['Education', 'maths']",27,
FJyjRcfsdRs,Roles & Responsibilities of a Scrum Master ( CSM ) | #KnowledgeHutMentoring,The video elaborates on the roles and responsibilities of a Scrum Master. From removing impediments to preparing an ...,,,0,"['Education', 'maths']",27,
St6OJMrF0qM,"Understanding Agile Roles: Scrum Master, Product Owner, and Development Team","In this chapter (4), we break down the essential roles in Agile ceremonies. Understand the responsibilities of the Scrum Master, ...",,,0,"['Education', 'maths']",27,
UFRgmpcwrog,Roles and responsibilities in Scrum Team | Product Owner | Scrum Master | Scope creep | eSeekho,"Hello friends! In this video, we covered a detailed description of the roles and responsibilities of the scrum team. such as the ...",,,0,"['Education', 'maths']",27,
mDwMam79HXo,Episide 7 - Scrum Roles,We go over the different roles in the Agile Scrum framework and see how these come together to make Agile Scrum tick! Scrum ...,,,0,"['Education', 'maths']",27,
2uzrg7GlrpU,"PMI ACP Domain1 Scrum, Steps in the Scrum Project, Scrum Roles, Artifacts and Ceremonies","PMI ACP Domain1 Scrum Steps in the Scrum Project, Scrum Roles Scrum Artifacts Scrum Ceremonies.",,,0,"['Education', 'maths']",27,
N6oioIAL75Q,Core Role in Scrum,"Core Roles are those roles which are mandatorily required for producing the product of the project, are committed to the project, ...",,,0,"['Education', 'maths']",27,
PbLgr-GIonY,Scrum Roles and Ceremonies,Created with Movavi Screen Capture Studio https://www.movavi.com/screen-capture/?c=scs950.,,,0,"['Education', 'maths']",27,
l3a-yiE7jr4,Product Owner - Scrum Role | PMP | KalpaTharu Consulting,What is the role of the Product Owner? Scrum is a popular Agile project management methodology. 3 key roles in Scrum are ...,,,0,"['Education', 'maths']",27,
qyUjA1U6Fuc,Agile Stories: Scrum Framework and Roles,"Episode 3: Scrum Framework and Roles In this fantastic episode, we'll get closer insights about Scrum Framework and Scrum ...",,,0,"['Education', 'maths']",27,
oXiVeb-q4I8,Scrum Roles | Mindbowser,What Are Scrum Roles? The scrum roles are the ones that take the most responsibility in the scrum team and are responsible for ...,,,0,"['Education', 'maths']",27,
xwWyks4mFXU,Scrum Roles - Scrum Master... IS WHO...,"A servant-leader... an impediments remover... a joker!?! The Four Stances of a Scrum Master: Teacher, Coach, Advisor, Mentor ...",,,0,"['Education', 'maths']",27,
W5lY4QAaEdU,Scrum Roles (in Short),Created using Powtoon -- Free sign up at http://www.powtoon.com/youtube/ -- Create animated videos and animated ...,,,0,"['Education', 'maths']",27,
zxGsQdRe1x0,Scrum Master - Roles & Responsibilities | PMP | KalpaTharu Consulting,"One of the role in Scrum is Scrum Master. He has responsibility towards the Product Owner, Development team and Organization ...",,,0,"['Education', 'maths']",27,
fXmBNcYumV0,SCRUM Roles and Responsibilities (Topic #06): PMI ACP Course Topics #productmanagement,"This topic, SCRUM Roles and Responsibilities is a part of our agile tutorial series ""PMI ACP Course Topics"". #scrum ...",,,0,"['Education', 'maths']",27,
_Q3xLY1Hnsc,Chapter 4 | What are different roles in Agile Scrum? | Roles in Scrum Framework #scrum #scrumrole,Chapter 4 | What are different roles in Agile Scrum? | Roles in Scrum Framework #scrum #scrumrole Explore the key roles in ...,,,0,"['Education', 'maths']",27,
6kje8ivtXvc,"Unit1 - Phase 2 - Scrum roles, concepts and artefacts, and the OVA - AgileMethodologies",,,,0,"['Education', 'maths']",27,
EVc-V-FwJNs,Agile Team – Scrum Roles - 21st May 2021 | Agile Knowledge Sharing Session | ShriLearning,Topic of Agile Knowledge Sharing Session: Agile Team – Scrum Roles Date: 21st May 2021 Time: 8:30 pm to 9:30 pm IST ...,,,0,"['Education', 'maths']",27,
lVqP3cM_9WM,Scrum Framework For Beginners Roles& Responsibilities | Konshuhs Agility,00:00 Introduction: Unlocking the Power of Scrum Roles 00:43 Overview of Scrum Roles 01:05 Responsibilities of the Product ...,,,0,"['Education', 'maths']",27,
Dp_ZxIRgqPE,Agile Tutorial #8 - Who is Product Owner in SCRUM | Roles in SCRUM,"Help me in spreading the knowledge, please hit LIKE, SHARE and SUBSCRIBE for latest tutorials. More tutorial playlists below: ...",,,0,"['Education', 'maths']",27,
_X8GQj61QBg,"Scrum Roles product owner, scrum master and development team","SchoolHouse Agile: In the world of Scrum, each role is like a unique piece of a well-crafted puzzle, designed to foster agility and ...",,,0,"['Education', 'maths']",27,
xaYGg1dlQcM,Dan Tousignant teaching Scrum Roles in Product Owner Training,"Reviewing the Scrum Master, Product Owner and Development team roles for Product Owner training. The participant guide to ...",,,0,"['Education', 'maths']",27,
ZbLtDNyL6R4,Scrum Framework | Roles in Scrum | Scrum Rules | Scrum Event & Scrum Artifacts | Sprint |Daily Scrum,Scrum Framework: Scrum is not just a process which provides a series of sequences that will help you to produce a high-quality ...,,,0,"['Education', 'maths']",27,
QChZKHQT0PA,The Scrum Master Role,,,,0,"['Education', 'maths']",27,
F2gtAGM0Tso,Scrum roles CSM Exam Questions,"Vivid Colors providing a Scrum roles certification provided online form industry expert trainers with real time project experience, ...",,,0,"['Education', 'maths']",27,
7GY8t9joawI,Types of Scrum Roles,"Greetings! Welcome to our deep dive into the fascinating world of scum roles in social deduction games! In this video, we explore ...",,,0,"['Education', 'maths']",27,
iXdB-C1Qc60,PMdistilled talks - The key Scrum roles,pmricampus Speaker - Abrachan Pudusserry (Aby) https;//abrachan.in @pmricampus.,,,0,"['Education', 'maths']",27,
gLd4NZLVrFw,What is Scrum? Agile Scrum in detail...,"In this video, Scrum framework is explained in detail. You'll understand the fundamental concepts of scrum, various scrum roles ...",,,0,"['Education', 'maths']",27,
uCWuz8f0M2s,Nuggets Agility: Mixing the Scrum Roles - Good or Bad?!,"Nuggets Agility is a series of short, useful, and hands-on videos. Can we mix the Scrum Roles? Can I be the Scrum Master and ...",,,0,"['Education', 'maths']",27,
tmxJdMFyU4E,Scrum Roles 2018-08-14,Created with Movavi Screen Capture Studio https://www.movavi.com/screen-capture/?c=scs950.,,,0,"['Education', 'maths']",27,
CNM1yJYK98Q,Episode 5 Scrum roles from improving agility,"In order to be Flexible yet Stable, businesses have to be Agile. Which is, it should be able to respond Quickly and Easily to ...",,,0,"['Education', 'maths']",27,
rgRY8WmT6BU,[Infosys] scrum master interview questions and answers ⭐ scrum master interview questions,"... scrum master simplilearn, professional scrum master, scrum master certification, certified scrum master exam, scrum roles, ...",,,0,"['Education', 'maths']",27,
uLXURwAER6g,AGILE Process - SCRUM Roles,AGILE Process User Stories QA Tasks Dev Tasks SCRUM Roles Scrum Master Product Owner Scrum Team.,,,0,"['Education', 'maths']",27,
mmqncOW6YUo,The 3 Roles On The Scrum Team,Join us on this educational journey as we unlock the secrets to creating meeting notes that truly make a difference. Discover ...,,,0,"['Education', 'maths']",27,
LV8YDbMqwz4,SDLC and Scrum Roles,+91-836765 7365 For more details and career counseling call or WhatsApp us #scrummaster #scrummasterjob #scrum ...,,,0,"['Education', 'maths']",27,
n6q62DsxYXQ,"What is Scrum? Agile Scrum Methodology Explained - Roles, Artifacts & Events | Invensis Learning",#WhatIsScrum #ScrumMethodology #InvensisLearning Subscribe to our channel: https://bit.ly/3dmqNQS Click here to check ...,,,0,"['Education', 'maths']",27,
#NAME?,Video 7- Scrum Roles with the Avengers,Dive into the Agile World of Scrum with Your Favorite Avengers! ‍♂️ About This Video: Ever wondered how Scrum would work ...,,,0,"['Education', 'maths']",27,
Tcnq2SgVzGw,What are the Scrum Roles on Scrum team? - Scrum Master / Leading SAFe Interview Questions,Scrum team roles are explained in this video.,,,0,"['Education', 'maths']",27,
inZ6jLa34II,Scrum Roles - Scrum Master ... WHO is NOT...,The Scrum Master is accountable for establishing Scrum as defined in the Scrum Guide. They do this by helping everyone ...,,,0,"['Education', 'maths']",27,
ASAZ6u-Dlrk,Can one person fill multiple roles on a Scrum Team?,"A Scrum Team needs a Scrum Master, Product Owner, and Developers. But what if we don't have enough people? Can one ...",,,0,"['Education', 'maths']",27,
GoSnSl5nMg8,What is Scrum? | Scrum Framework | Scrum Roles | Scrum Events | Scrum Artifacts | Scrum Overview,"Overview of Scrum framework, Scrum roles, Events or Ceremonies, artifacts and the recommended process are explained in this ...",,,0,"['Education', 'maths']",27,
KyXBpqU12m4,Agile Roles Explained: Scrum Master vs. Product Owner | Key Responsibilities and Differences,"In the world of Agile methodology, the roles of Scrum Master and Product Owner are pivotal, yet often misunderstood. Join us in ...",,,0,"['Education', 'maths']",27,
qJCa3hw7dhs,Scrum Roles,+91-836765 7365 For more details and career counselling call or WhatsApp us #scrummaster #scrummasterjob #scrum ...,,,0,"['Education', 'maths']",27,
1rQYKyFNpAA,Scrum Explained Simply! PSPO Training - Episode 1: Framework & Roles,"Starting your PSPO exam prep journey? Confused about Scrum? Don't worry, you're in the right place! Episode 1 of our PSPO ...",,,0,"['Education', 'maths']",27,
zgmkdHMGKPg,Top 15 Advance scrum master interview questions and answers ⭐ scrum master interview questions,"... scrum master simplilearn, professional scrum master, scrum master certification, certified scrum master exam, scrum roles, ...",,,0,"['Education', 'maths']",27,
XQjEziW-r2g,Visualizing Scrum: The Role of the Scrum Master #pmp #pmpexam,New 2021 Exam? Sign up: http://projectmanagementmasterclass.com Other courses: http://praizion.com Podcast: ...,,,0,"['Education', 'maths']",27,
XYLhZ7Gyf8g,"🔎 Hunt for ""non-traditional"" Scrum Roles and Finding Employment (us)",Scrum's influence in today's dynamic job market stretches far beyond its traditional IT and software development roots. The shift ...,,,0,"['Education', 'maths']",27,
TC1UJKxbjOg,¿Cuales son los roles en SCRUM? -Metodologia Agil,En este video te mostrare los roles y responsabilidades que tiene cada rol de la metodologia SCRUM . SIGUEME Instagram ...,,,0,"['Education', 'maths']",27,
b0_BuPd1F-k,What are the three roles of scrum?|| Scrum Team,What are the three roles of scrum?|| Scrum Team.,,,0,"['Education', 'maths']",27,
VAE6KS5EqqI,"What are Scrum Roles, Events and Artifacts? | #pmi","Scrum is described as ""a lightweight framework that helps people, teams, and organizations generate value through adaptive ...",,,0,"['Education', 'maths']",27,
qxjsp7JMIgA,What is Sprint Planning Meeting in Agile? | How to Run a Sprint Planning Meeting ? | Scrum Roles,"What is Sprint Planning Meeting in Agile? Learn about Sprint Planning Meetings, how to run them effectively, and understand key ...",,,0,"['Education', 'maths']",27,
jffzx7So8N8,Product Owner Roles and Responsibilities | Who is a Product Owner? | Edureka,Who is a Product Owner? Product Owner vs Project Manager Role and Responsibilities of a Product Owner Qualities of a Good ...,,,0,"['Education', 'maths']",27,
5ICmjL0fOzs,Agile#Scrum#Roles of SM and ST,"Description about SM,ST,PO.",,,0,"['Education', 'maths']",27,
tiJm6o4yw2c,Part 6: Scrum Master Roles and Responsibilities,Scrum Master is responsible for promoting and supporting Scrum. Scrum Masters do this by helping everyone understand Scrum ...,,,0,"['Education', 'maths']",27,
17IwbT9Dd54,"Mastering Scrum - A Complete Guide to Role ,Value & Events 2025","Unlock the secrets of agile project management with ""Mastering Scrum: A Complete Guide to Roles, Values, and Events."" In this ...",,,0,"['Education', 'maths']",27,
TYPp9C72gHM,Scrum Master Course 3 - Scrum Theory & Scrum Roles,Scrum theory and scrum roles.,,,0,"['Education', 'maths']",27,
aWSlMkbYSrk,"Scrum Roles - Scrum Master, Product Owner and Development Team Live on line class (Recording)","In this video important roles in Scrum Framework such as Scrum Master, Product Owner and Development Team are discussed.",,,0,"['Education', 'maths']",27,
pRxpKntapOw,The Key Players in Agile Scrum: Defining their Roles,"In this video, we'll discuss the key players in agile scrum and their roles. Agile scrum is a popular process improvement ...",,,0,"['Education', 'maths']",27,
BwSxoKRh6TY,Episode 5: Scrum roles from improving agility,"Episode 5 from agile tool pool series (Ep: 5/9) Disclaimer: The views, thoughts, information and opinions expressed in the videos ...",,,0,"['Education', 'maths']",27,
Ldz8HMj5C1o,Daily SCRUM and Role from a non-certified SCRUM Master - SCRUM Course,Build Your Own Platform & Launch Your Products! Join the Out of DevOps community lab.outofdevops.com and get the ...,,,0,"['Education', 'maths']",27,
h2KtBW1VSQg,Mapping Traditional Roles to Scrum,"Discover how traditional roles like project managers, development managers, and stakeholders fit into the Scrum framework.",,,0,"['Education', 'maths']",27,
IgsiThW-M1U,3 Jobs or Roles in Scrum (Over) Simplified,"This shorts introduces you to an (over) simplified version of Scrum's roles. Want to know more about this, join one of my upcoming ...",,,0,"['Education', 'maths']",27,
JGKXHdtenMI,16 Manual Testing Scrum Roles Diagram,manualtesting #agile #agilescrum #rolesinagile.,,,0,"['Education', 'maths']",27,
502ILHjX9EE,Agile Product Ownership in a Nutshell,This is basically a 1 day product ownership course compressed into 15 minute animated presentation. There's obviously more to ...,,,0,"['Education', 'maths']",27,
vwxE7ucA2qc,Scrum Master And Product Owner Roles and Responsibilities? | Scrum Master Tutorial | @techagent2.0,Scrum Master And Product Owner Roles and Responsibilities? | Scrum Master Tutorial | @techagent2.0 #scrum #ScrumMaster ...,,,0,"['Education', 'maths']",27,
meA0PIwik-w,[Role Play] How To identify Inexperienced Scrum Master ❌❌ scrum master interview questions Part 1/4,"In This Video, #careerstalk Team done Role play How To identify Inexperienced Scrum Master ❌❌ scrum master interview ...",,,0,"['Education', 'maths']",27,
1rWIyMwGVec,What is a Scrum Master | Scrum Guide Simplified | Scrum Master role,Video describes Scrum Master Role as per Scrum Guide. Scrum Master service to PO Scrum Master service to Dev Team Scrum ...,,,0,"['Education', 'maths']",27,
wCnWwJNTu9U,Top 50 Scrum Master Interview Question and Answers | Scrum Master Certification | Edureka,"- - - - - - - - - - - - - - - - - Join Edureka's Meetup community and never miss any event – YouTube Live, Webinars, Workshops, etc.",,,0,"['Education', 'maths']",27,
N9KaLqn_SVs,SCRUM MASTER | AGILE | SCRUM ROLES | ROLES AND RESPONSIBILITIES | HIGH LEVEL EXPLANATION,This video is all about SCRUM MASTER | AGILE | SCRUM ROLES | ROLES AND RESPONSIBILITIES | HIGH LEVEL ...,,,0,"['Education', 'maths']",27,
B8zOVOkkh3Q,[3 Jobs Offers ] scrum master interview questions and answers ⭐ scrum master interview questions,"In This Video, Arun shared REAL scrum master interview questions and answers ⭐ scrum master interview questions⭐ asked ...",,,0,"['Education', 'maths']",27,
QqhBcS9NDiQ,Role of Scrum master,Just for fun.,,,0,"['Education', 'maths']",27,
rOChQRckjf0,[English + Tagalog] Scrum Framework and Scrum Roles,Scrum Framework and Scrum Roles by Code Working (Lucman Abdulrachman) #scrum #agile #pinoy Presentation: ...,,,0,"['Education', 'maths']",27,
W3bAwD7Hanw,The SCRUM GUIDE 2020 FULL AUDIO PODCAST | SCRUM MASTER | PRODUCT OWNER ROLE,The SCRUM GUIDE 2020 FULL AUDIO PODCAST | SCRUM MASTER | PRODUCT OWNER ROLE This is the most engaging ...,,,0,"['Education', 'maths']",27,
xk0IQ7BvnKg,Scrum Roles in 6 minutes - LISS #3,Lets Learn It Short and Simple( LISS) series on Agile scrum by Venkat For training and consultation visit www.bizards.in.,,,0,"['Education', 'maths']",27,
yz-rVywFfAc,Scrum Master Role - It’s a Spectrum,,,,0,"['Education', 'maths']",27,
oCVTjmkuCH4,Mastering Scrum Fundamentals: A Guide to Understanding Scrum Roles and Process,Scrum is popularly adopted and is the most common framework used by most organizations for Agile project management.,,,0,"['Education', 'maths']",27,
Y3Yrr4-3oAA,agile roles and responsibilities explained | product owner | scrum master development/test team,agile roles and responsibilities explained | product owner | scrum master development/test team #agileroles ...,,,0,"['Education', 'maths']",27,
iN-59Yrbm_w,Roles and Responsibilities of a Scrum Master | Scrum Master #agile #scrummaster #scrum #development,"Welcome to DIGITAL DUNIYA! In today's enlightening video, we're diving deep into the world of Agile with a focus on the Scrum ...",,,0,"['Education', 'maths']",27,
eQcRP7bBK-Y,Agile Methodology & scrum - Roles i.e Product owner scrum Team Scrum Master,This is a session video on Agile Methodology - Roles i.e Product owner scrum Team Scrum Master For More details Please reach ...,,,0,"['Education', 'maths']",27,
7vFPXzRrZnY,Lecture-3 Scrum | Scrum Roles | Scrum artifacts | Events of Scrum | User stories | Agile,"Welcome to the Ultimate Guide to Scrum & Agile! In this video, we dive deep into the world of Agile development and explore: ...",,,0,"['Education', 'maths']",27,
cSrFbWxkKJ8,Week 6: Roles and Responsibilities,Agile Project Management 05:53 - Historical Context of Scrum Roles 07:57 - Complexity & Continuous Improvement 09:00 ...,,,0,"['Education', 'maths']",27,
E21Pb2wXLkQ,Scrum Master Roles And Responsibilities | Scrum Master | Invensis Learning,"A Scrum Master facilitates the effective implementation of scrum framework in an agile environment for developing, maintaining, ...",,,0,"['Education', 'maths']",27,
f-rsUA2VLn8,The scrum master role explained,Follow InfoWorld to satisfy your tech business needs! ---------------------------------- SUBSCRIBE: ...,,,0,"['Education', 'maths']",27,
in0ipuiG_aE,What is Scrum? Role of a Scrum Master Explained in Simple Terms! #agile #scrummaster #kanban,"Want to understand Scrum and the role of a Scrum Master in just a few minutes? In this video, we break down: ✓ What is Scrum?",,,0,"['Education', 'maths']",27,
#NAME?,[HCL] scrum master interview questions and answers ⭐ scrum master interview questions,"... scrum master simplilearn, professional scrum master, scrum master certification, certified scrum master exam, scrum roles, ...",,,0,"['Education', 'maths']",27,
b02ZkndLk1Y,What Is Scrum? Agile Coach (2018),"By the end of this video, you will understand the basic definition of scrum, key benefits, and how sprints and milestones fit into the ...",,,0,"['Education', 'maths']",27,
VPZeBcLVF3o,7 reasons why scrum master is NOT a good career I scrum master career path I new scrum master tips,"... professional scrum master, scrum master certification, certified scrum master exam, scrum roles, certified scrum master trainer, ...",,,0,"['Education', 'maths']",27,
K2kuAuZS_Fs,Scrum Values and Roles | Agile and Scrum in Action | | Starweaver,"The agile way of thinking is best known in the field of software development, but the principles are increasingly being applied in ...",,,0,"['Education', 'maths']",27,
gUU0_Z3dub8,Scrum Myths 10 - Non-Scrum Roles by Mishkin Berteig Scrum Expert,Many organizations continue to maintain traditional IT / technology roles when they switch to using the Scrum process... but this ...,,,0,"['Education', 'maths']",27,
9TycLR0TqFA,Introduction to Scrum - 7 Minutes,What is Agile Scrum? This video will get you started with the details to you need to start working with Scrum. Visit http:--Uzility.com ...,,,0,"['Education', 'maths']",27,
oTZd2vo3FQU,What is Scrum? | Agile,Check out our courses: Complete Java Developer Course Batch-4: https://go.telusko.com/Complete4 Coupon: TELUSKO10 (10% ...,,,0,"['Education', 'maths']",27,
iJ_sl6J8PRg,What is Scrum? | Scrum under 3 minutes,Master Scrum in Under 3 Minutes! Explore our Scrum and Agile training courses: https://www.knowledgehut.com/ Welcome to ...,,,0,"['Education', 'maths']",27,
DbCvs-60ytM,What is Scrum? | Scrum in 20 Minutes | Scrum Master Training | Edureka,1:15 - Agile Methodology 3:44 - What is Scrum 5:50 - History of Scrum 6:40 - Scrum Roles 8:49 - Scrum Artifacts 12:13 - How ...,,,0,"['Education', 'maths']",27,
SWDhGSZNF9M,Scrum in 20 mins... (with examples),This Scrum tutorial will explain how to use this agile like software development method to apply for your next project. Scrum ...,,,0,"['Education', 'maths']",27,
8dGdIcyDk1w,Scrum Methodology | Agile Scrum Framework | Scrum Master Tutorial | Edureka,01:17 What is Scrum? 12:15 Scrum Framework 17:24 What is a Sprint? 25:00 Scrum Ceremonies 32:14 Conclusion ...,,,0,"['Education', 'maths']",27,
SyIN_YMfoQs,Scrum Master Full Course | Scrum Master Certifications Training | Scrum Master Tutorial |Simplilearn,"In this scrum master full course, join as we take you through some of the most important concepts of the Scrum Methodology.",,,0,"['Education', 'maths']",27,
VFQtSqChlsk,Agile Scrum Full Course In 4 Hours | Agile Scrum Master Training | Agile Training Video |Simplilearn,"In this Scrum Full Course video, we'll teach you everything you need to know about Agile and Scrum. We'll be covering topics like ...",,,0,"['Education', 'maths']",27,
NZ4JP7GEsf4,[2025] scrum master interview questions and answers ⭐ scrum master interview questions 6/6,Free Downloads - https://topmate.io/sunand_sharrma 1o1 Connect - https://topmate.io/sunand_sharrma PART-1/6 ...,,,0,"['Education', 'maths']",27,
4Lf84aQdRwo,[2025] scrum master interview questions and answers ⭐ scrum master interview questions,Free Downloads - https://topmate.io/sunand_sharrma 1o1 Connect - https://topmate.io/sunand_sharrma Please Hit and ...,,,0,"['Education', 'maths']",27,
06S7y2ldH4c,Scrum vs Kanban - A Simple Guide That Will Make You an Expert!⭐ scrum master interview questions,Scrum vs Kanban - A Simple Guide That Will Make You an Expert!⭐ scrum master interview questions Join this channel to get ...,,,0,"['Education', 'maths']",27,
u8RGvL6uVd0,Scrum Accountabilities | Scrum Master Accountabilities| Responsibilities #scrum #scrummaster,"Hello Friends, Welcome back to our channel. This video is the 8th session of our ""Agile and Scrum Series"". It discusses the ...",,,0,"['Education', 'maths']",27,
rIaz-l1Kf8w,Scrum vs Kanban - What's the Difference?,Scrum and Kanban have much in common - and some striking differences. Watch the video... and grab your FREE CHEAT SHEET ...,,,0,"['Education', 'maths']",27,
xef_bCjoRCk,SCRUM Model in Software Engineering | Agile Technology,Subscribe to our new channel:https://www.youtube.com/@varunainashots ▻ Agile in Software Engineering: ...,,,0,"['Education', 'maths']",27,
TRcReyRYIMg,What is Scrum?,"WHAT IS SCRUM? Scrum Alliance presents ""What is Scrum?"" in less than 2 minutes. Learn about the Scrum framework and how ...",,,0,"['Education', 'maths']",27,
kxk3Kg7LofY,Agile vs Scrum and Flaccid Scrum - Uncle Bob,scrum #agiledevelopment #agilemanifesto #robertmartin #unclebob #martinfowler #cleancode #softwaredevelopmenttips In this ...,,,0,"['Education', 'maths']",27,
l5QRkI752cs,scrum master interview questions and answers ⭐ scrum master interview questions,Free Downloads - https://topmate.io/sunand_sharrma Please Hit and SUBSCRIBE : https://bit.ly/3bkYgxB Join this channel to ...,,,0,"['Education', 'maths']",27,
6q67cTlXWAw,situational scrum master interview questions and answers ⭐ scrum master interview questions,"In This Video, Saheli scrum master interview questions and answers ⭐ scrum master interview questions Please Hit and ...",,,0,"['Education', 'maths']",27,
m5u0P1WPfvs,What Is Scrum? (An Agile Cartoon),What is Scrum? This brief video will introduce you to the general concepts of Scrum and how Agile teams use Scrum to deliver ...,,,0,"['Education', 'maths']",27,
RtQ3tpq-RuE,Scrum Essentials in Under 10 Minutes,"Scrum is a lightweight framework that helps people, teams and organizations deliver value. It's a simple and purposefully ...",,,0,"['Education', 'maths']",27,
tKFs2xQRRIE,What's the difference between Agile and Scrum?,My Scrum Master Certification Guide is now available on Amazon! Check it out here: https://amzn.to/3QmUQ0j Wondering about ...,,,0,"['Education', 'maths']",27,
SG_iHptXcKQ,What is Scrum? | Google Project Management Certificate,"The theory behind Scrum has three pillars and five values. Explore the roles within a Scrum team: the product owner, Scrum ...",,,0,"['Education', 'maths']",27,
HURvJDldVGA,Why Does Scrum Make Programmers HATE Coding?,Every programmer seems to want to vomit the second the hear the word scrum. What is it about scrum that's made programmers ...,,,0,"['Education', 'maths']",27,
wCnWwJNTu9U,Top 50 Scrum Master Interview Question and Answers | Scrum Master Certification | Edureka,"- - - - - - - - - - - - - - - - - Join Edureka's Meetup community and never miss any event – YouTube Live, Webinars, Workshops, etc.",,,0,"['Education', 'maths']",27,
K-jJ3UyhvOo,Scrum Master Full Course | Scrum Master Certifications Training | Scrum Master Tutorial,"FREE Scrum master Full Course | Scrum Master Certifications Training | Scrum Master Tutorial | High Paying IT Jobs in 2022, ...",,,0,"['Education', 'maths']",27,
xVi3lgyD080,Scrum Explained in Hindi l Software Engineering and Project Management Course,GOOD NEWS FOR COMPUTER ENGINEERS INTRODUCING 5 MINUTES ENGINEERING SUBJECT ...,,,0,"['Education', 'maths']",27,
1_hbvWEucl8,The Most Dominant Scrum Of All Time - The Springboks,The South African scrum is known to be the most dominant scrum in the history of the sport! T-Shirts for real men: ...,,,0,"['Education', 'maths']",27,
jUz1ytcnn3c,Pumas scrum dominates New Zealand,"Argentina rediscover their scrummaging form like ""the Pumas of old"" and dominate the All Blacks during the Rugby Championship ...",,,0,"['Education', 'maths']",27,
w8nmd0jWnDk,SCRUM MASTERS ARE QUITTING,I'm giving FREE access to my EXCLUSIVE PRIVATE Agile Community to a lucky few. Visit this link to get access: ...,,,0,"['Education', 'maths']",27,
3OnvEBOhmnU,SAFe SM to RTE : Scrum Master to Release Train Engineer Path,Are you a SM aspiring to become RTE ? Here is what you need to be aware of Can contact me at ...,,,0,"['Education', 'maths']",27,
mXh9NiLw-Tw,Agile Product Management with Scrum #agile #scrummaster,Are you ready to take your Product Ownership skills to the next level? The Professional Scrum Product Owner™ (PSPO) ...,,,0,"['Education', 'maths']",27,
XLzVih0gvb0,THE SCRUM STRIKES BACK!!! | A TREAT FOR PROPER RUGBY FANS,We have been constantly told for the last few years about how we need to up ball in play time. How scrums are dull. How they are ...,,,0,"['Education', 'maths']",27,
xDNALboYx9k,"Scrum Master Beginner Quiz #1 | Servant Leadership, Coaching & Scrum Events | LEADUP",Think you have what it takes to be a great Scrum Master? Test your knowledge with this Beginner-Level Scrum Master Quiz ...,,,0,"['Education', 'maths']",27,
lBLi0v-fFek,Agile Game Development with Scrum (Addison-Wesley Signature Series (Cohn)),"Get the Full Audiobook for Free: https://amzn.to/4gD5U4v Visit our website: http://www.essensbooksummaries.com ""Agile Game ...",,,0,"['Education', 'maths']",27,
y_fM1dAnpc8,"Scrum Master Beginners Quiz #3 | Collaboration & Communication, Supporting the Product Owner LEADUP","Scrum Master Quiz for Beginners | Test Your Agile & Scrum Knowledge! Are you preparing for a Scrum Master role, studying for ...",,,0,"['Education', 'maths']",27,
GUo9jJx1PEI,What is Scrum? | Scrum Explained under 3 mins? | Introduction to Scrum,"In this video on ""What is Scrum under 3 mins? | Introduction to Scrum | The Knowledge Academy,"" we'll explain the fundamentals ...",,,0,"['Education', 'maths']",27,
skL-E9-OWxU,"When Nobody Expects the Scrum Master, Overcoming a Rocky Start in a Team New to Agile | Marina...","Marina Lazovic: When Nobody Expects the Scrum Master, Overcoming a Rocky Start in a Team New to Agile Read the full Show ...",,,0,"['Education', 'maths']",27,
iP3_MWZEmWY,"Scrum Masters Beginners Quiz #4 | External Disruptions, Measuring & Optimizing Flow | LEADUP",Are you ready to test your Scrum Master knowledge? This beginner-friendly Scrum Master quiz covers essential topics like ...,,,0,"['Education', 'maths']",27,
vxLDm-13Ny4,Garrick West on 'Building' Great Developers with XP & Agile plus the Best Debugging,Chris Lucian and Austin Chadwick discuss all things #agile and product development from a #MobProgramming perspective.,,,0,"['Education', 'maths']",27,
Zyu4wURhN1w,"Scrum Master Beginners Quiz #2 | Removing Impediments, Promoting Agile Values | LEADUP","Scrum Master Quiz for Beginners | Test Your Agile & Scrum Knowledge! Are you preparing for a Scrum Master role, studying for ...",,,0,"['Education', 'maths']",27,
kEMfMv2a0cg,Scrum Master Certification Question 202 #agile #scrum #scrumcertification #scrummaster #psm,"Please like, follow, subscribe & Share.. Youtube Channel ...",,,0,"['Education', 'maths']",27,
hM3kaDXEUck,PMP MASTERY | Agile Deep Dive | S1E1: Agile Project Charters Necessity or Overhead?,Imagine you're at a spirited project kickoff where everything moves at lightning speed. The product owner passionately discusses ...,,,0,"['Education', 'maths']",27,
ihbNULOq1TU,Scrum Master Full Course 2025 | Scrum Master Tutorial | Scrum Master Training | Simplilearn,Professional Scrum Master Psm Certification Training Course ...,,,0,"['Education', 'maths']",27,
fTaOdbUbFmI,SCRUM: An Honest Ad,Have fun and let me know what other tech honest ad you would like to see! I do a TON of educational stuff on stream! Join the null ...,,,0,"['Education', 'maths']",27,
HA5f54QNQWM,Scrum Tutorial for Beginners | Scrum Methodology | Scrum Training | Invensis Learning,"This Invensis Learning video on ""Scrum Tutorial for Beginners"" will introduce you to Agile and will give you a brief and crisp ...",,,0,"['Education', 'maths']",27,
Q25lwSfVwF8,Scrum IS AWESOME,"Recorded live on twitch, GET IN ### Reviewed Video https://www.youtube.com/watch?v=fTaOdbUbFmI By: ...",,,0,"['Education', 'maths']",27,
s4thQcgLCqk,Scrum: How to do twice as much in half the time | Jeff Sutherland | TEDxAix,"This talk was given at a local TEDx event, produced independently of the TED Conferences. Co-writer of the Agile Manifesto, Jeff ...",,,0,"['Education', 'maths']",27,
-4G-HAmCjeQ,What is Scrum?,"What is Scrum? How Scrum is different from Agile Methodology? In this video, I have explained all the above questions.",,,0,"['Education', 'maths']",27,
K7YMEFjh724,Scrum vs Agile: Key Differences Simplified! 🚀 | KnowledgeHut,Master Agile and Scrum Methodologies! Become Agile and Scrum Certified: ...,,,0,"['Education', 'maths']",27,
#NAME?,What is Scrum: An Introduction to the Scrum Framework,"In this session, Eric Naiburg, VP of Marketing and Operations, Scrum.org, provides an overview of the Scrum framework, ...",,,0,"['Education', 'maths']",27,
hLkDdAl8OYg,The Scrum Guide (In under 15 minutes!),The video follows the Scrum Guide format and flow closely so can be an ideal companion for you if reading through the guide.,,,0,"['Education', 'maths']",27,
XwbEZeo31wA,🔥 Agile Scrum Master Full Course 2023 | Agile Training for Beginners | Simplilearn,"Agile Scrum is a framework for project management and software development that emphasizes collaboration, flexibility, and ...",,,0,"['Education', 'maths']",27,
tKFs2xQRRIE,What's the difference between Agile and Scrum?,My Scrum Master Certification Guide is now available on Amazon! Check it out here: https://amzn.to/3QmUQ0j Wondering about ...,,,0,"['Education', 'maths']",27,
eYLf0z3Xhok,Scrum Master Tutorial | Google Project Management Certificate,Dive deep into the setup and day-to-day execution of a Scrum team. We will go beyond what is provided in the official Scrum ...,,,0,"['Education', 'maths']",27,
ZbLMidXiQQY,How to scrum? Joe Marler masterclass,England prop Joe Marler gives some insight into the scrum and what it takes to operate at the top level Follow World Rugby on ...,,,0,"['Education', 'maths']",27,
Adz-kdNB3DE,What do Scrum Masters do all day? | ScrumMastered,❗ DISCLAIMER If you are using my affiliate links I will make a small commission on the sales made. This has no additional cost to ...,,,0,"['Education', 'maths']",27,
zgmkdHMGKPg,Top 15 Advance scrum master interview questions and answers ⭐ scrum master interview questions,"Join this channel to get access to perks: https://www.youtube.com/channel/UCfao-LwRY1gf61_PdJ_RWQg/join In This Video, ...",,,0,"['Education', 'maths']",27,
XfvQWnRgxG0,Scrum - Aprenda Scrum em 9 minutos,Entenda como funciona o Scrum em uma abordagem bem simples e didática... e em apenas 9 minutos! 0:57 Pilares ...,,,0,"['Education', 'maths']",27,
kxk3Kg7LofY,Agile vs Scrum and Flaccid Scrum - Uncle Bob,scrum #agiledevelopment #agilemanifesto #robertmartin #unclebob #martinfowler #cleancode #softwaredevelopmenttips In this ...,,,0,"['Education', 'maths']",27,
h2Xzq2fbafM,Agile Model | Agile Methodology | Scrum Process | Step By Step Practical Approach,Topics : ----------- 1) Agile Model 2) Agile Methodology 3) Scrum Process ######################### Udemy Courses: ...,,,0,"['Education', 'maths']",27,
FI38PHH3Mhk,Scrum Vs SAFe® | Difference Between Scrum And Scaled Agile Framework | Agilemania,Difference Between Scrum Vs SAFe | Difference Between Scrum & SAFe What are the significant differences between scrum vs ...,,,0,"['Education', 'maths']",27,
pxxmSLJj8FQ,Scrum vs Kanban | Differences & Similarities Between Scrum & Kanban | Invensis Learning,"This video on ""Scrum vs Kanban"" explains what is Scrum & Kanban. Then you will understand the differences and similarities ...",,,0,"['Education', 'maths']",27,
HCLIWJULAWM,Scrum Master Roles and Responsibilities | Scrum Master Tutorial | Simplilearn,The Scrum Master role is a special role for an Agile Team member who spends much of her time helping other team members ...,,,0,"['Education', 'maths']",27,
rgRY8WmT6BU,[Infosys] scrum master interview questions and answers ⭐ scrum master interview questions,Join this channel to get access to perks: https://www.youtube.com/channel/UCfao-LwRY1gf61_PdJ_RWQg/join Topmate ...,,,0,"['Education', 'maths']",27,
J19AsOwcYDA,So what goes on at the Scrum? with England scrum coach Tom Harrison,"For generations, backs, spectators, commentators, the lot have considered it rugby's great mystery: What actually goes on at the ...",,,0,"['Education', 'maths']",27,
aZHGTb7F5MI,How to Become a Scrum Master - Complete Roadmap,"Are you interested in becoming a Scrum Master, but you're not sure where to start? This video is your comprehensive guide to ...",,,0,"['Education', 'maths']",27,
3aCww_1RnL0,Scrum // Dicionário do Programador,"Que tal aprender os fundamentos do Scrum em apenas 17 minutos? Neste vídeo, nossos CDFs mostram de forma bem didática ...",,,0,"['Education', 'maths']",27,
#NAME?,What is Scrum: An Introduction to the Scrum Framework,"In this session, Eric Naiburg, VP of Marketing and Operations, Scrum.org, provides an overview of the Scrum framework, ...",,,0,"['Education', 'maths']",27,
vuBFzAdaHDY,Scrum in 16 minutes,What is Agile Scrum? Learn in 16 minutes in this introduction to scrum video. Scrum is a framework for managing work with an ...,,,0,"['Education', 'maths']",27,
5EB09tzWAaQ,daily scrum meeting simulation I stand up meeting demo I scrum events using jira,The purpose of this session is to provide Step by Step complete Daily Scrum meeting simulation/Demo along with NEW 3 ...,,,0,"['Education', 'maths']",27,
NZ4JP7GEsf4,[2025] scrum master interview questions and answers ⭐ scrum master interview questions 6/6,Free Downloads - https://topmate.io/sunand_sharrma 1o1 Connect - https://topmate.io/sunand_sharrma PART-1/6 ...,,,0,"['Education', 'maths']",27,
ZWpzKLo59xQ,[EY] Senior scrum master interview questions and answers ⭐ scrum master interview questions,1o1 Connect - https://topmate.io/sunand_sharrma Professional Scrum Trainers™ (PSTs) ...,,,0,"['Education', 'maths']",27,
rXANXh7HBOE,"80 Scrum Master Exam Questions - Prepare for CSM, PSM, ACP Exams!",--- My Tech Stack: 14 Day Free Trial to GoHighLevel: https://www.gohighlevel.com/?fp_ref=product-camps73 Synthflow: ...,,,0,"['Education', 'maths']",27,
QL2GzaZW40o,Scrum vs Agile | Agile vs Scrum | Differences Between Scrum and Agile | Intellipaat,"If you've enjoyed this Scrum vs Agile which is better video, Like us and Subscribe to our channel for more similar informative ...",,,0,"['Education', 'maths']",27,
vwT3Aq5tl2Y,A week in a life of a Scrum Master (ALL secrets unveiled),Can you describe your work day? What do you do from 9 am to 5pm? Everybody wants to know! Watch the video to find out what a ...,,,0,"['Education', 'maths']",27,
MWxDm091vvA,Rugby scrum coaching,3D animation of a whole Rugby scrum engaging and explanations.,,,0,"['Education', 'maths']",27,
WjwEh15M5Rw,"What is Agile? | Agile Methodology | Agile Frameworks - Scrum, Kanban, Lean, XP, Crystal | Edureka",#Edureka #DevOpsEdureka #AgileMethodlogy #DevOps #DevOpsCertificationTraining ...,,,0,"['Education', 'maths']",27,
QiDowCYNZaQ,Scrum (feat. Connect-R),Provided to YouTube by DistroKid Scrum (feat. Connect-R) · Killa Fonic · Connect-R Scrum (feat. Connect-R) ℗ Seek Music ...,,,0,"['Education', 'maths']",27,
fQjUMgLFWGU,[6R] 밝고 희망찬 메시지💌를 담은 Scrum 팀의 〈Scrum〉♬ | R U Next? 9회 | JTBC 230825 방송,[6R] 밝고 희망찬 메시지 를 담은 Scrum 팀의 〈Scrum〉♬ #RUNext #알유넥스트 #6R미션 #Scrum 공홈에서 리플레이 ...,,,0,"['Education', 'maths']",27,
o5V8-s7_M-Q,What do Scrum Masters do all day? I How to be a Great Scrum Master,For consultancy work please contact me at Stephen.Angood@SPA-Agile-Consulting.co.uk Join my channel through memberships ...,,,0,"['Education', 'maths']",27,
_pyc8YtEr8Q,How Northampton Saints set up to dominate the scrum | Rugby Tonight On Tour,Hit 'Subscribe' above to ensure you never miss a video from the BT Sport YouTube channel. Visit and subscribe to our 'BT Sport ...,,,0,"['Education', 'maths']",27,
MIk32HVi_C0,[9회] 정은·원희·지우·이로하·민주·모카 - ♬Scrum,HYBE Next Girl Group Debut Project [R U Next?] 매주 (금) 저녁 8시 50분 JTBC #RUNext #알유넥스트 #RUN #런 Connect with R U ...,,,0,"['Education', 'maths']",27,
WSflPE_oIRI,"""I Hate Agile!"" | Allen Holub On Why He Thinks Agile And Scrum Are Broken",Allen Holub gives strong opinions on agile and scrum and how their adoption can cause problems within software engineering ...,,,0,"['Education', 'maths']",27,
06S7y2ldH4c,Scrum vs Kanban - A Simple Guide That Will Make You an Expert!⭐ scrum master interview questions,Scrum vs Kanban - A Simple Guide That Will Make You an Expert!⭐ scrum master interview questions Join this channel to get ...,,,0,"['Education', 'maths']",27,
3plK0jWHJcU,"Scrum Essentials: Transparency, Inspection, and Adaptation","Scrum is one of the world's most popular Agile frameworks, but what makes it so appealing? For one thing, it's rooted in ...",,,0,"['Education', 'maths']",27,
Zjox4h-vbPA,"Scrum Guide 2023 Complete, Audio-Visual Version",An Audio-Visual version of the Scrum Guide - a unique and immersive learning experience that sets itself apart from the rest.,,,0,"['Education', 'maths']",27,
5p9najKrtPw,What is scrum of scrums?,"In this video, we break down the Scrum of Scrums—a key method for scaling Agile practices across multiple teams. Learn what ...",,,0,"['Education', 'maths']",27,
BjIewxNTCMU,UX in Scrum,"UX professionals should engage in all Scrum ceremonies. Here are tips for what UX should contribute to stand-ups, backlog ...",,,0,"['Education', 'maths']",27,
j7T1m2Amc40,"Agile Scrum Roles Demystified: PO, Scrum Master, Dev Team","This video Explains the different Roles in a scrum Team, as well as their responsibilities. Scrum is a framework within which ...",,,0,"['Education', 'maths']",27,
4Vf4x0RQd74,Scrum vs Kanban | Difference Between Scrum And Kanban | Agile Methodology | Simplilearn,"Whether you're new to software development or have some experience in the field, you're likely familiar with the terms Scrum and ...",,,0,"['Education', 'maths']",27,
9MTadNiYk1w,Scrum Master vs Project Manager: Key Differences and Surprising Similarities!,"Scrum Master vs Project Manager: Understand the Differences! In this video, we break down everything you need to know about ...",,,0,"['Education', 'maths']",27,
JT79VeUqLfQ,Agile Scrum Master Full Course 2025 #Agile#AgileMethodology #ScrumMasterCertification#scrummaster,Hey there! Welcome to our Complete Agile Scrum Master Course! Whether you're just starting out and curious about Agile or ...,,,0,"['Education', 'maths']",27,
ZRMwR5NnHXY,A Guide to Scrum Ceremonies: What You Need to Know!,"Scrum ceremonies are the foundation for any well-functioning Scrum team. In this video, we're going to break down the four key ...",,,0,"['Education', 'maths']",27,
g1Roidj0238,"7 Mistakes Every Scrum Master Makes, And What to Do About Them","When an agile or Scrum team isn't working well together, the problem might be mistakes you, as the team's Scrum Master, are ...",,,0,"['Education', 'maths']",27,
HhC75IonpOU,✋ #3. SCRUM en 👉 6 minutos 👈 | Metodologías Ágiles,"SCRUM es más qué una metodología, es un Framework o Marco de trabajo para la gestión de proyectos y en este video ...",,,0,"['Education', 'maths']",27,
HlmiVz0SqNQ,SCRUM O QUE É (de um Jeito BEM Prático),SCRUM O QUE É (de um Jeito BEM Prático) Seja Membro do nosso canal São diversos benefícios de acordo com o que ...,,,0,"['Education', 'maths']",27,
U_M34gex6q4,What's the Difference Between Scrum and Agile?,Scrum and Agile: How do these terms relate? Is Scrum Agile? Is Agile Scrum? Best-selling Scrum and agile author Mike Cohn ...,,,0,"['Education', 'maths']",27,
oheekef7oJk,a funny Scrum Master movie with Jeff Sutherland,"http://www.hatsiekiedee.tv a funny Scrum Master training movie for everbody that works with scrum, with Jeff Sutherland, Rini van ...",,,0,"['Education', 'maths']",27,
O7cA1q0XwhE,Scrum: Jeff Sutherland Breaks Down the Structure of Scrum,"Jeff Sutherland, CEO of Scrum, Inc. and Senior Advisor to OpenView Venture Partners, discusses the structure of the Scrum ...",,,0,"['Education', 'maths']",27,
4Lf84aQdRwo,[2025] scrum master interview questions and answers ⭐ scrum master interview questions,Free Downloads - https://topmate.io/sunand_sharrma 1o1 Connect - https://topmate.io/sunand_sharrma Please Hit and ...,,,0,"['Education', 'maths']",27,
WDAQq5vCMME,Key Foundations of Agile & Scrum Project Management | Google Career Certificates,"Agile project management is a modern approach that emphasizes flexibility, collaboration, and iterative development.",,,0,"['Education', 'maths']",27,
anZcEIQlpoY,SCRUM La méthode agile en 10 minutes (Projet agile),#scrum #projet #agile ↡↡↡ Voir aussi ↡↡↡ ▷ Comment créer une appli : https://www.youtube.com/watch?v=qBVgvgF8SGc Et ...,,,0,"['Education', 'maths']",27,
ToOuCAFDoGk,The Scrum Master in a Nutshell,"Despite being around since the late 1990's the Scrum Master is still a misunderstood role. Yet, it's proven to be really valuable to ...",,,0,"['Education', 'maths']",27,
sLexw-z13Fo,¿Qué es Scrum? - La mejor explicación en español,Scrum es un framework de desarrollo agil adaptable a cada proyecto y circunstancia que permite entregar valor rápidamente.,,,0,"['Education', 'maths']",27,
wclTtJP3PU4,Real-life scenarios questions from Scrum Master interviews,Scenario questions are an essential part of any well-done Scrum Master interview. Do you know how to answer? What separates ...,,,0,"['Education', 'maths']",27,
GGbsgs611MM,"""Shit Bad Scrum Masters Say""",Don't be a bad ScrumMaster! Grab a hilarious (free) new activity for your team's next Retrospective: ...,,,0,"['Education', 'maths']",27,
jlFtHghpMhk,Что такое Scrum за 8 минут,В этой статье мы узнаем: - Что такое Scrum - Суть работы по Scrum - Роли Scrum - Что делает Product Owner - Что делает ...,,,0,"['Education', 'maths']",27,
L_sAo93ASTU,Scrum In A Nutshell,Scrum in a nutshell is a brief introduction to Scrum in under 5 minutes. This video has been updated. Check out the latest updated ...,,,0,"['Education', 'maths']",27,
j1Jl7EBFp8U,What are Scrum Artifacts? | Scrum Artifacts Explained | Scrum | Agilemania,"What are Scrum Artifacts? | Scrum Artifacts Explained | scrum artifacts In this video, we explain what Scrum artifacts are and how ...",,,0,"['Education', 'maths']",27,
Wgb1xJg3yuM,Scrum Masters in Dev Teams Be Like,Movie Name: Saw Disclaimer: This video is a parody created for entertainment purposes only. The visual content is owned by its ...,,,0,"['Education', 'maths']",27,
QVdKrKTqvSs,[Top 40+] scrum master interview questions and answers ⭐ scrum master interview questions 𝑷𝑨𝑹𝑻-4/6,"In This Video, Apoorva shared REAL [Top 40+] scrum master interview questions and answers ⭐ scrum master interview ...",,,0,"['Education', 'maths']",27,
#NAME?,SCRUM Master Full Course 2025 | SCRUM Master Tutorial For Beginners | SCRUM Master | Simplilearn,"In this video on the Scrum Master Full Course 2025, we will cover all the key topics you need to become a successful Scrum ...",,,0,"['Education', 'maths']",27,
WZ8U_NHVdhI,¿Qué es Scrum? - WEBINAR COMPLETO en ESPAÑOL | Metodologías Ágiles,SCRUM se ha convertido en una metodología estándar que se utiliza dentro del ambiente del desarrollo de software. En ...,,,0,"['Education', 'maths']",27,
l5QRkI752cs,scrum master interview questions and answers ⭐ scrum master interview questions,Free Downloads - https://topmate.io/sunand_sharrma Please Hit and SUBSCRIBE : https://bit.ly/3bkYgxB Join this channel to ...,,,0,"['Education', 'maths']",27,
eEyYTmdzxzw,Master Scrum in 10 Easy Steps!,"Welcome to our YouTube channel! Today, we're diving into Scrum, a powerful framework used by teams worldwide to manage ...",,,0,"['Education', 'maths']",27,
fZ_JYj_LaS4,Scrum meetings: The complete guide [2024],"Scrum meetings help teams, stakeholders, and management to stay aligned throughout a project. There are various types of ...",,,0,"['Education', 'maths']",27,
QcvNeu0kO4Q,Killa Fonic feat. Connect-R - Scrum (Official Video),Killa Fonic feat. Connect-R - Scrum (Official Video) Concert Lansare Killa Fonic: ...,,,0,"['Education', 'maths']",27,
AYIsqKSk4dc,What is Scrum in Hindi | Scrum Kya hai | Agile Scrum Master,In this Video we will learn about Scrum in Hindi What is Scrum? Mindmap on Scrum? What does Scrum follow? What are the ...,,,0,"['Education', 'maths']",27,
TeVN9t4p68I,[Studio Ver.] R U Next? - Scrum,This song is like made specially for them Buy me a Coffee if you like this video. https://ko-fi.com/fhckr.,,,0,"['Education', 'maths']",27,
prPNgvgDuG4,[REAL STRESS] scrum master interview questions and answers ⭐ scrum master interview questions,"https://topmate.io/sunand_sharrma/316147 Please Hit and SUBSCRIBE : https://bit.ly/3bkYgxB In This Video, We shared ...",,,0,"['Education', 'maths']",27,
#NAME?,Scrum Master Full Course | Scrum Master Certification Training | Scrum Master Tutorial | Simplilearn,"Dive into the world of agile project management with our comprehensive """"Scrum Master Full Course"""" on YouTube!",,,0,"['Education', 'maths']",27,
8eVXTyIZ1Hs,What Is Agile Methodology? | Introduction to Agile Methodology in Six Minutes | Simplilearn,This video on What is Agile Methodology by Simplilearn will give an introduction to Agile methodology in Six minutes. This video ...,,,0,"['Education', 'maths']",27,
5qjBpdKVZf8,Can I Break 60 with Finn Russell! Gleneagles,Finn Russell Takes on Gleneagles! | Scrum to Scratch Scotland Rugby star Finn Russell swaps the rugby pitch for the iconic ...,,,0,"['Education', 'maths']",27,
Ht_nsD5VLno,Project Manager vs. Scrum Master: Key Differences Explained!,=== PROJECT MANAGEMENT BLACK ENCYCLOPEDIA 2025 Edition - The Ultimate Guide to Project Management Chapter 1 1.,,,0,"['Education', 'maths']",27,
BjC_aGk0NuI,Agile Scrum Basics | Live with Mohammed Rowther,Support by becoming a Member : https://www.youtube.com/channel/UC59K-uG2A5ogwIrHw4bmlEg/join.,,,0,"['Education', 'maths']",27,
8Nqayo6aV7E,Scrum P*rn | Rugby's Most Dominant Scrums!,Thank you for watching my video! My Instagram - https://instagram.com/andrewforderugby Tweet me video requests ...,,,0,"['Education', 'maths']",27,
1Ibr_zStmfU,SCRUM ES UN C*NCER... 😵,un usuario de twitter nos comparte en base a su experiencia porque SCRUM es un C*ncer y por que deberías de parar de usarlo ...,,,0,"['Education', 'maths']",27,
UzeSGWAICYw,Что такое Agile? Scrum VS Kanban ДЛЯ НОВИЧКОВ / Про IT / Geekbrains,"Разбираем ещё один термин из мира IT. На этот раз - Agile. Погрузимся в историю, как он создавался. И расскажем про ...",,,0,"['Education', 'maths']",27,
1_hbvWEucl8,The Most Dominant Scrum Of All Time - The Springboks,The South African scrum is known to be the most dominant scrum in the history of the sport! T-Shirts for real men: ...,,,0,"['Education', 'maths']",27,
htw_ycrl2gg,Scrum - Fields of Athenry,"From the DVD "" A night at the Pub"". Dutch powerfolk band Scrum performs the ballad The Fields of Athenry, track taken from the ...",,,0,"['Education', 'maths']",27,
RaaBrPCo_Mw,"SCRUM: Twice the Work, Half the Time",Actionable insights from the book 'SCRUM: The Art of Doing Twice the Work in Half the Time' (ideas I gathered and reflected on ...,,,0,"['Education', 'maths']",27,
Ibz9STVjtzI,Scrum einfach erklärt,Scrum ist ein agiles Framework - das wohl bekannteste! Schaue dir meine Einführung an und lerne schnell die Übersicht kennen!,,,0,"['Education', 'maths']",27,
2lZhoNBcyGs,scrum methodology | kanban methodology | difference between scrum and kanban methodologies | devops,PLEASE SUBSCRIBE TO MY CHANNEL NS LECTURES channel is online subject learning platform for engineering CSE/IT ...,,,0,"['Education', 'maths']",27,
T34QmoYbhNA,Scrum ft. Leon Moorman - Miss Me (But Let Me Go) Official Video,Scrum ft. Leon Moorman - Miss Me (But Let Me Go),,,0,"['Education', 'maths']",27,
aOP-2Pmu80g,Become a SUCCESSFUL Scrum Master with These 10 Essential Skills | Agilemania,Top 10 skills need to become Successful scrum master Join Upcoming Scrum Master Training - https://bit.ly/3UiPgj9 Join ...,,,0,"['Education', 'maths']",27,
Ibz9STVjtzI,Scrum einfach erklärt,Scrum ist ein agiles Framework - das wohl bekannteste! Schaue dir meine Einführung an und lerne schnell die Übersicht kennen!,,,0,"['Education', 'maths']",27,
Rk-r3AHgpkk,SCRUM Projektmanagement einfach erklärt (Tutorial) 💡,Worum handelt es sich beim SCRUM Projektmanagement? Dieser Frage werde ich im heutigen Beitrag nachgehen. So kannst du ...,,,0,"['Education', 'maths']",27,
1_hbvWEucl8,The Most Dominant Scrum Of All Time - The Springboks,The South African scrum is known to be the most dominant scrum in the history of the sport! T-Shirts for real men: ...,,,0,"['Education', 'maths']",27,
2lZhoNBcyGs,scrum methodology | kanban methodology | difference between scrum and kanban methodologies | devops,PLEASE SUBSCRIBE TO MY CHANNEL NS LECTURES channel is online subject learning platform for engineering CSE/IT ...,,,0,"['Education', 'maths']",27,
VIfD0nuocVo,Rugby's GREATEST Dominant Scrums!,Thank you for watching my video! My Instagram - https://instagram.com/andrewforderugby Tweet me video requests ...,,,0,"['Education', 'maths']",27,
cDvZaXzQezs,Agile и Scrum на пальцах / О ГИБКИХ методологиях разработки ПО понятным языком,В этом я постарался простыми словами рассказать вам о гибких (проворных) методологиях разработки программного ...,,,0,"['Education', 'maths']",27,
RYdTPwMOorY,2. SCRUM – Ein typischer Durchlauf,SCRUM ist die am weitesten verbreitete agile Methode im Projektmanagement. Weitere Informationen erhältst du unter: ...,,,0,"['Education', 'maths']",27,
PyMU2C0lQ7s,Understanding Scrum Ceremonies,Understanding Scrum Ceremonies: A Guide to Agile Success! Scrum ceremonies are essential for maintaining an efficient ...,,,0,"['Education', 'maths']",27,
6n4SrIHeUxg,Will Scrum Masters lose their job in the age of AI?!,There are claims in the market that Scrum Masters may be replaced by AI. But at what level is it correct?! Watch this video to get ...,,,0,"['Education', 'maths']",27,
MsvSo6VP2x8,Scrum - Drunk Again,"From the DVD "" A night at the Pub"". Dutch powerfolk band Scrum performs Fuck Ups, track taken from the DVD 'A Night At The ...",,,0,"['Education', 'maths']",27,
4bnf2sSVZQw,A day in a life of a scrum master ⭐ A Week in the life of a Scrum Master 🔥 new scrum master tips,"17:00 scrum master interview questions and answers, 25:00 scrum master interview, 26:00 advanced level scrum master ...",,,0,"['Education', 'maths']",27,
502ILHjX9EE,Agile Product Ownership in a Nutshell,This is basically a 1 day product ownership course compressed into 15 minute animated presentation. There's obviously more to ...,,,0,"['Education', 'maths']",27,
2vAMGUSmN78,[Top 10+ Technical ] scrum master interview questions and answers ⭐ scrum master interview questions,"In This Video, Kirti shared REAL [Top 10+ Technical ] scrum master interview questions and answers ⭐ scrum master interview ...",,,0,"['Education', 'maths']",27,
XDOayQIuC78,¿Qué es SCRUM? - Aprende SCRUM en 10 Minutos | Metodologías Ágiles,SCRUM se ha convertido en un estándar dentro de las metodologías ágiles y por muy buenas razones. En este video te explico ...,,,0,"['Education', 'maths']",27,
_BG5TDosnz4,#4 AGILE: Co to jest SCRUM?,"Jeżeli chcesz, żeby Twój zespół pracował projektowo – napisz do mnie maila: Mariusz.Kapusta@leadership-center.pl Szkolenie ...",,,0,"['Education', 'maths']",27,
kZx_vrMZxGk,SCRUM pour les nuls,#Scrum #Formation #Introduction.,,,0,"['Education', 'maths']",27,
HhC75IonpOU,✋ #3. SCRUM en 👉 6 minutos 👈 | Metodologías Ágiles,"SCRUM es más qué una metodología, es un Framework o Marco de trabajo para la gestión de proyectos y en este video ...",,,0,"['Education', 'maths']",27,
6OtZ_-cy6t4,Which Scrum Master Certification Is The Best?,Which Scrum Master Certification Is The Best?... Lets Discuss... FREE Scrum Master Masterclass: https://www.suhaybm.com/WBB ...,,,0,"['Education', 'maths']",27,
svyebFy4a6M,SCRUM in Hindi | Software Engineering Tutorials,Softwareengineering #LMT #lastmomenttuitions Software Engineering Full Course - https://bit.ly/2lRb9bb Engineering ...,,,0,"['Education', 'maths']",27,
dcqqrIR__8k,[USA Technical ] scrum master interview questions and answers ⭐ scrum master interview questions,"In This Video, Jay Pawar shared [USA Technical ] scrum master interview questions and answers ⭐ scrum master interview ...",,,0,"['Education', 'maths']",27,
MsvSo6VP2x8,Scrum - Drunk Again,"From the DVD "" A night at the Pub"". Dutch powerfolk band Scrum performs Fuck Ups, track taken from the DVD 'A Night At The ...",,,0,"['Education', 'maths']",27,
4bnf2sSVZQw,A day in a life of a scrum master ⭐ A Week in the life of a Scrum Master 🔥 new scrum master tips,"17:00 scrum master interview questions and answers, 25:00 scrum master interview, 26:00 advanced level scrum master ...",,,0,"['Education', 'maths']",27,
xVQ42ecMCEQ,Scrum - The Hills In The Highlands,A great song from the band Scrum! Buy their album or t-shirts at http://www.scrummusic.nl/,,,0,"['Education', 'maths']",27,
#NAME?,[HCL] scrum master interview questions and answers ⭐ scrum master interview questions,"Join this channel to get access to perks: https://www.youtube.com/channel/UCfao-LwRY1gf61_PdJ_RWQg/join In This Video, ...",,,0,"['Education', 'maths']",27,
QtTH3m8GfN0,Scrum - Von A bis Z [Mit Profi-Tipps],Scrum ist eines der beliebtesten Frameworks für agiles Projektmanagement und so zählt Scrum im Bereich Softwareentwicklung ...,,,0,"['Education', 'maths']",27,
#NAME?,I Found the HOLY GRAIL of SCRUM!,What You'll Discover in This Video: The Hidden White Paper: Unearthing Ken Schwaber's groundbreaking insights on Scrum ...,,,0,"['Education', 'maths']",27,
dydazik2gsg,Was Windows XP as Good as we Remember?,"Windows XP holds a special place in many nerdy hearts, but is it really worthy of GOAT status? We challenged some Windows XP ...",,,0,"['Education', 'maths']",27,
lcbPm8d4wwc,*NEW NO TIMER* CRAZY XP MAP How To LEVEL UP FAST in Fortnite CHAPTER 6 SEASON 2! (EARN + FARM XP!),NEW NO TIMER* XP MAP How To LEVEL UP FAST in Fortnite CHAPTER 6 SEASON 2! (EARN + FARM XP!) ▷ 9387-1595-9374 ...,,,0,"['Education', 'maths']",27,
YLFUl9MW_Ks,Windows XP 2024,"The Reborn of the Legend. This is a new Windows XP 2024 Edition. Designed by AR 4789. Enjoy the concept that I made? like, ...",,,0,"['Education', 'maths']",27,
fxeNj1KWSNg,*NEW NO TIMER* CRAZY XP MAP How To LEVEL UP FAST in Fortnite CHAPTER 6 SEASON 2! (EARN + FARM XP!),NEW NO TIMER* XP MAP How To LEVEL UP FAST in Fortnite CHAPTER 6 SEASON 2! (EARN + FARM XP!) ▷ 9530-6687-6856 ...,,,0,"['Education', 'maths']",27,
6uSVVCmOH5w,What happens if you connect Windows XP to the Internet in 2024?,Disclaimer: The content in this video is for education and entertainment purposes to showcase the dangers of malware ...,,,0,"['Education', 'maths']",27,
#NAME?,Minecraft but Everything I Touch turns to XP...,"Thumb Inspo: @Craftee How many levels of EXP did I gain in todays Minecraft, But? Buy my Cloak: ...",,,0,"['Education', 'maths']",27,
c-DfmTfAuDk,GSX ಇಷ್ಟು Powerful ಅಂತಾ ಗೊತ್ತಿರಲಿಲ್ಲ😮|| Bengaluru || ಕನ್ನಡ 💛❤️,kannada #automobile #vlog #bikergirl #motovlog #girlbiker #rider #kannadavlogs #bengaluru#yamaha #suzuki #superbike.,,,0,"['Education', 'maths']",27,
5MxaC2fKaAU,NEW Fortnite XP GLITCH MAP to LEVEL UP FAST in Fortnite Chapter 6 Season 2! (BEST XP Map),"IGNORE TAGS (For SEO Purposes Only *NOT A GLITCH!!*) fortnite, how to level up fast in fortnite, Fortnite chapter 6 xp maps, ...",,,0,"['Education', 'maths']",27,
tMbd6wqrgww,Minecraft But I Destroy XP CIVILIZATION [THE MOVIE],"Minecraft But I Have To Survive In Xp Civilizations Dangerous Challenges, Full Minecraft Movie. Join My Discord :D ...",,,0,"['Education', 'maths']",27,
EDYnCV500ls,XP Pen Magic Note Pad Review,"At first when I heard about this tablet I thought it was an E-Ink display, but it's not, it's a standard LCD android tablet that has some ...",,,0,"['Education', 'maths']",27,
p5XjBvFNGtg,Why I'm Stealing Everyone's XP in this Minecraft SMP...,"Why I'm Stealing Everyone's XP in this Minecraft SMP... Thumbnail credit - @QuiffYT In this video, I secretly a joined a Minecraft ...",,,0,"['Education', 'maths']",27,
8znC54nOpAM,"NEW LEGIT *NO TIMER* FORTNITE XP MAP to FARM & LEVEL UP FAST in CHAPTER 6 SEASON 2! (450,000!)","NEW LEGIT *NO TIMER* FORTNITE XP MAP to FARM & LEVEL UP FAST in CHAPTER 6 SEASON 2! (450000!) fortnite,how to ...",,,0,"['Education', 'maths']",27,
XZmRFAXBNRE,*NEW LEGIT* XP MAP How To LEVEL UP FAST in Fortnite CHAPTER 6 SEASON 2! (EARN + FARM XP!),NEW *LEGIT* XP MAP How To LEVEL UP FAST in Fortnite CHAPTER 6 SEASON 2! (Earn + FARM XP!) ▷ 9530-6687-6856 ...,,,0,"['Education', 'maths']",27,
hUDKLjDWcbw,*NEW NO TIMER* XP MAP How To LEVEL UP FAST in Fortnite CHAPTER 6 SEASON 2! (EARN + FARM XP!),NEW NO TIMER* XP MAP How To LEVEL UP FAST in Fortnite CHAPTER 6 SEASON 2! (EARN + FARM XP!) ▷ 1699-1565-1812 ...,,,0,"['Education', 'maths']",27,
8pgl_1IBvH8,*NEW NO TIMER* CRAZY XP MAP How To LEVEL UP FAST in Fortnite CHAPTER 6 SEASON 2! (EARN + FARM XP!),NEW NO TIMER* XP MAP How To LEVEL UP FAST in Fortnite CHAPTER 6 SEASON 2! (EARN + FARM XP!) ▷ 1699-1565-1812 ...,,,0,"['Education', 'maths']",27,
sqzsiD4eHC8,Minecraft But I Have 1 BILLION XP!,Minecraft But I Have 1 BILLION XP! #Minecraft #MinecraftBut #MinecraftChallenge #mcflame #flameplayz.,,,0,"['Education', 'maths']",27,
27lD1_3JtFM,Story of Instant + XP India Better Tomorrow!,Trucking मतलब Instant. Instant to become Most Valued and Trusted Premium Trucking & Logistics Solutions Provider. XP India- ...,,,0,"['Education', 'maths']",27,
#NAME?,*NEW NO TIMER* CRAZY XP MAP How To LEVEL UP FAST in Fortnite CHAPTER 6 SEASON 2! (EARN + FARM XP!),NEW NO TIMER* XP MAP How To LEVEL UP FAST in Fortnite CHAPTER 6 SEASON 2! (EARN + FARM XP!) ▷ 4560-3288-1727 ...,,,0,"['Education', 'maths']",27,
PH2-vKXhkTc,Everything I Touch Turns to XP,------------------------------ Additional music provided by Epidemic Sound Click here for a free trial!,,,0,"['Education', 'maths']",27,
yRPVaIgj1_Y,How I Stole Everyone’s XP in Minecraft Hardcore,"Minecraft, But I REACHED 1000 Levels with an INFINITE Farm in Hardcore! What would you do with Max XP?! Play Minecraft with ...",,,0,"['Education', 'maths']",27,
9TuD0LyT39k,Minecraft But Your XP = Your Money,"Yo Guys, in this episode I can buy OP items with my XP because XP is Money~! Bohat maza ayega.⚡ Thumbnail Inspired by ...",,,0,"['Education', 'maths']",27,
w3AsKyinH3g,XP ft Babynna - HARANHUID (Official MV),Beat by : BigBadbeats Connect with; XP https://www.instagram.com/xp_solo Connect with; Babynna ...,,,0,"['Education', 'maths']",27,
pbRS7i4cQJI,Minecraft NEW XP Farm in Bedrock edition 1.21!,silverfish xp farm bedrock/silverfish xp farm 1.21 bedrock/xp farm minecraft 1.21 bedrock/xp farm minecraft bedrock/ xp farm ...,,,0,"['Education', 'maths']",27,
jJUmYuBxF_4,I MADE AN XP FARM AND EXPLORED AROUND!!!! | #minecraft #gaming #hindi #hindigaming @Kartuuu_XD,I made an xp farm!!! and found a village... Watch till the end! #minecraft #hindi #gaming #minecrafthindi #javaedition ...,,,0,"['Education', 'maths']",27,
DtfDA_pdvVQ,I HAVE 3 HOURS TO HIT XP CAP,Grinding my dailies Channel Membership: https://www.youtube.com/channel/UC3S6nIDGJ5OtpC-mbvFA8Ew/join.,,,0,"['Education', 'maths']",27,
EuDRbyrdc64,INSANE *EASY* Fortnite *AFK* XP GLITCH! (950k a Min!) Not Patched! 🤩😱,INSANE *EASY* Fortnite *AFK* XP GLITCH! (950k a Min!) Not Patched! THIS IS NOT AN XP GLITCH Portions of the ...,,,0,"['Education', 'maths']",27,
GzwBD9YEMEU,Our create xp frame for xp 100 days series day 30,games gameing video gameing video of Minecraft 100 days series.,,,0,"['Education', 'maths']",27,
PW9Pvsvm_OI,Complete 200 Xp Level In Minecraft Hardcore World In Live,Complete 200 Xp Level In Minecraft Hardcore World In Live #gaming #minecraftlivestream #shortslive #minecraftbuilding ...,,,0,"['Education', 'maths']",27,
BT0gtFuaNv0,BEST and EASIEST XP farm in 7 days to die 1.3.,BEST and EASIEST XP farm in 7 days to die 1.3.,,,0,"['Education', 'maths']",27,
uXULnL_OMpM,NEW INSANE AFK XP GLITCH in Fortnite CHAPTER 6 SEASON 2! (950k a Min!) Not Patched! 🤩😱,NEW INSANE AFK XP GLITCH in Fortnite CHAPTER 6 SEASON 2! (950k a Min!) Not Patched! THIS IS NOT AN XP GLITCH ...,,,0,"['Education', 'maths']",27,
aS3OrNrICB4,Complete 200 Xp Level In Minecraft Hardcore World In Live,Complete 200 Xp Level In Minecraft Hardcore World In Live #gaming #minecraftlivestream #shortslive #minecraftbuilding ...,,,0,"['Education', 'maths']",27,
UzxTFbA2MQU,*NO TIMER* Game Breaking FORTNITE XP GLITCH MAP to LEVEL UP FAST!,NO TIMER* Game Breaking FORTNITE XP GLITCH MAP to LEVEL UP FAST! #fortnite #xp #fortnitexpglitch #fortniteglitch #xp ...,,,0,"['Education', 'maths']",27,
yoUjrnwOtFc,💥 *New Best* Fortnite XP MAP To Level Up FAST in Chapter 6 Season 2!,Use Code wolfi Subscribe to My Shorts Channel - https://www.youtube.com/@wolfigonnadab NO TIMER Fortnite XP MAP How ...,,,0,"['Education', 'maths']",27,
PH2-vKXhkTc,Everything I Touch Turns to XP,------------------------------ Additional music provided by Epidemic Sound Click here for a free trial!,,,0,"['Education', 'maths']",27,
ruqKVy3Xr0k,$999 Lectric XP 3.0 FIRST RIDE: Why you need this E-Bike!,The Lectric XP 3.0 ($999 https://bit.ly/Lectric-XP-3-0) e-bike is the new best bang-for-your-buck ride on the block. To learn more ...,,,0,"['Education', 'maths']",27,
#NAME?,The $6 Windows XP Mac...,Hello everyone and welcome to another Budget Builds Episode where today we're trying to salvage an apple Mac Mini that we ...,,,0,"['Education', 'maths']",27,
tGePfkouxvI,TVS NTORQ Race XP Black: Race the Darkness,Introducing the all-new NTORQ Race XP Black – where NTORQ's power meets a bold new shade. Discover how its performance ...,,,0,"['Education', 'maths']",27,
jneWsiF9ViQ,XP - TENGERLUU CHI HARDAA (Official M/V),#nomad #nostress #tengerluu #xp #hardaa.,,,0,"['Education', 'maths']",27,
9TuD0LyT39k,Minecraft But Your XP = Your Money,"Yo Guys, in this episode I can buy OP items with my XP because XP is Money~! Bohat maza ayega.⚡ Thumbnail Inspired by ...",,,0,"['Education', 'maths']",27,
FXHQBe0rixU,HP Mini 1000: The Windows XP Netbook 16 Years Later,"LGR retrospective on the HP Mini 1000, one of the more popular PCs from the short-lived era of the netbook! If you could even call ...",,,0,"['Education', 'maths']",27,
71hT4IB0BkE,"Minecraft, But Your XP = Your Money","Minecraft, But Your XP = Your Money In this video, I secretly visited a dangerous Minecraft server where the xp is equal to money ...",,,0,"['Education', 'maths']",27,
gMPQIgrQGXg,XP - SOLO [Official MV Subtitled],#nomad #nostress #solo #xp.,,,0,"['Education', 'maths']",27,
Z04si6iSKns,New Easy Silverfish/Allay XP farm 1.21 Quick Build,"New Easy Silverfish/Allay XP farm 1.21 Quick Build . The New Update features A new potion, Potion of Infestation. using which ...",,,0,"['Education', 'maths']",27,
41yf0rv5QFA,The Cheapest Windows XP Gaming Laptop!,Hello everyone and welcome to another Budget Builds Video where today we're taking a look at the cheapest Windows XP ...,,,0,"['Education', 'maths']",27,
4d8iPIk9T3M,O QUE NÃO TE CONTARAM SOBRE A POLÊMICA DA XP | Market Makers #195,"A polêmica que tomou conta do mercado! Nos últimos dias, um relatório da Grizzly Research viralizou no mercado financeiro, ...",,,0,"['Education', 'maths']",27,
_B_vFRfcuoI,Zolboo x XP - Sansar sawalt (Official M/V),Executive Producer : XP Mixing & mastering by : XP Connect with; XP ( / @xpsolo ) https://www.instagram.com/xp_solo Prod by ...,,,0,"['Education', 'maths']",27,
T8isltDkxZo,NEW *NO TIMER* Fortnite XP MAP to LEVEL UP FAST in Fortnite Chapter 6 Season 2! (BEST AFK XP Map),"Fortnite Chapter 6 Season 2 is HERE! Use this *NEW* BEST Fortnite NO TIMER AFK XP Glitch Map to Level Up Fast, Get XP Fast ...",,,0,"['Education', 'maths']",27,
yoLYXBhuy7o,XP Pro Thermal: A Rugged Phone With a Built-In Thermal Camera,"At MWC 2025, we put Sonim's XP Pro Thermal and XP Pro to the test—slamming them onto the ground repeatedly. With IP69K ...",,,0,"['Education', 'maths']",27,
M_M1ztJ1EkA,Startup of a 20 Year old Windows XP computer,"Specs: CPU: Intel Pentium 4 Northwood 2,8Ghz GPU: Nvidia FX5600 128MB RAM: 2GB DDR1 HDD: 160GB WD Caviar OS: ...",,,0,"['Education', 'maths']",27,
N5rED9HULYs,"Playing Minecraft with 5,918,381 XP!","Today, Cash is cursed with an ability to turn BLOCKS into XP! Cash must use this new ability to figure out who turned off the power ...",,,0,"['Education', 'maths']",27,
wpGt-uPR8Vg,which mob will give more xp?,minecraft #meme #memes.,,,0,"['Education', 'maths']",27,
7pKgsBRdQcE,"Minecraft but I have 1,000,000 XP",▭▭▭▭▭▭▭▭▭▭▭▭▭ Welcome to Craftee where we take on different challenges and play Minecraft but strange things ...,,,0,"['Education', 'maths']",27,
yRPVaIgj1_Y,How I Stole Everyone’s XP in Minecraft Hardcore,"Minecraft, But I REACHED 1000 Levels with an INFINITE Farm in Hardcore! What would you do with Max XP?! Play Minecraft with ...",,,0,"['Education', 'maths']",27,
oNXzMBA9VU4,Windows XP Installation Music,"The music that you hear when you install Windows XP, welcoming you to the once new version of windows. Made in 2001 Enjoy ...",,,0,"['Education', 'maths']",27,
BQUp-HQDLBs,NEW SIMPLE 1.21 KELP XP FARM TUTORIAL in Minecraft Bedrock (MCPE/Xbox/PS/Switch/PC),NEW SIMPLE 1.21 KELP XP FARM TUTORIAL in Minecraft Bedrock (MCPE/Xbox/PS/Switch/PC) This Minecraft Bedrock kelp xp ...,,,0,"['Education', 'maths']",27,
rUOu-p0FpYM,How to Level Up FAST in MO.CO! (10 best tips),How to Level Up fast in MO.CO to get to Elite Hunter Level 30 Quick! We will share the 10 best moco leveling tips I've learned!,,,0,"['Education', 'maths']",27,
OXF3G8DMemQ,herobrine + xp = ???,minecraft #meme #memes.,,,0,"['Education', 'maths']",27,
SI9OxXzrRf8,*NEW* UNLIMITED ALL GLITCH BO6! *USE ASAP* XP/SOLO/CAMO/GOBBLEGUMS! BO6 GLITCHES! BO6 ZOMBIES GLITCH,NEW* UNLIMITED ALL GLITCH BO6! *USE ASAP* XP/SOLO/CAMO/GOBBLEGUMS! BO6 GLITCHES! BO6 ZOMBIES GLITCH ...,,,0,"['Education', 'maths']",27,
mZTHarDTRmk,O que você precisa saber sobre o relatório que acusa a XP Investimentos de pirâmide,"A pedido de vocês, destrinchei o relatório da Grizzly Research, que acusa a XP Investimentos de esquema de pirâmide.",,,0,"['Education', 'maths']",27,
IhLLQb0iUc8,Massive XP & Best Legendaries Early - Assassin's Creed Shadows,Looking for a Massive Experience Boost while collecting some of the best Legendary Equipment Pieces early? No Problem come ...,,,0,"['Education', 'maths']",27,
Mi1p34nbQQc,how to get to level 100 in season 2 insanely fast,The NEW Fortnite Chapter 6 Season 2 Battle Pass is here so here is How To Level Up Fast and Reach Level 100 / 200.,,,0,"['Education', 'maths']",27,
eHlbHQSvRe4,DEEP HOUSE MIX 2024 Mixed by XP | XPMusic EP18 | SOUTH AFRICA | #soulfulhouse #deephouse,XPMusicHub Download here: https://hearthis.at/xpmusichub/xpmusic-ep18/ 00:00 KingTouch & Andy Keys ft. Brandon Dhludhlu ...,,,0,"['Education', 'maths']",27,
C3IEIA5S-Ys,NO TIMER Fortnite XP Map to LEVEL UP in Chapter 6 Season 2! (OUTDATED),NEW *CHAPTER 6 Season 2* FORTNITE XP MAP in Chapter 6! NO TIMER XP MAP CODE 2588-0520-9151 THIS IS NOT AN XP ...,,,0,"['Education', 'maths']",27,
5M3RlpozAyU,Modern Gaming on Windows XP - Is It Possible?,I spent a week of my life doing this so you don't have to. Today we're gonna try and use the OneCore API to run modern games on ...,,,0,"['Education', 'maths']",27,
rxbf59DYYeU,NEW *NO TIMER* Fortnite XP MAP to LEVEL UP FAST in Fortnite Chapter 6 Season 2! (BEST XP Map),"Fortnite Chapter 6 Season 2 is HERE! Use this *NEW* BEST Fortnite NO TIMER AFK XP Glitch Map to Level Up Fast, Get XP Fast ...",,,0,"['Education', 'maths']",27,
DEpZe_E3y6Q,"Minecraft, But Your XP = More Realistic",EVERYTIME I GET XP MINECRAFT GET MORE REALISTIC! My Socials! Twitch: https://www.twitch.tv/omziscool Twitter: ...,,,0,"['Education', 'maths']",27,
YASAk8QMXzY,How to Turn a Mob Spawner Into an XP Farm in Minecraft,How to Turn a Mob Spawner Into an XP Farm in Minecraft - AFKable Design Twitch: https://www.twitch.tv/eyecraftmc Twitter: ...,,,0,"['Education', 'maths']",27,
1eAOAgb_ng4,"[CODE] New Best Gem, XP & Prestige Farm in Spongebob Tower Defense!",Best farm in spongebob tower defense! get OP FAST! #spongebobtowerdefense #spongebobtd #spongebob Join our new ...,,,0,"['Education', 'maths']",27,
J5Ufmy12D4Y,EASY XP for RENEGADE RAIDER! Fortnite XP Map to LEVEL UP in OG Chapter 6 Season 1 (OUTDATED),NEW BEST *CHAPTER 6 season 1* AFK FORTNITE XP MAP in Chapter 6! NO TIMER RENEGADE RAIDER AERIAL ASSAULT ...,,,0,"['Education', 'maths']",27,
qNepgAQiI34,The NEW INFINITE DOUBLE XP METHOD In FISCH Roblox!,The NEW INFINITE DOUBLE XP METHOD In FISCH Roblox! Join this channel to get access to perks: ...,,,0,"['Education', 'maths']",27,
pvzd8naXjpc,"NEW LEGIT *NO TIMER* FORTNITE XP MAP to FARM & LEVEL UP FAST in CHAPTER 6 SEASON 2! (600,000!)","NEW LEGIT *NO TIMER* FORTNITE XP MAP to FARM & LEVEL UP FAST in CHAPTER 6 SEASON 2! (600000!) fortnite,how to ...",,,0,"['Education', 'maths']",27,
AP0uoja6I3Q,How To *LEVEL UP FAST* With SUPER XP in Fortnite!,Fortnite How to SUPER LEVEL UP Chapter 5 Season 1 gameplay with Typical Gamer! #Shorts #Fortnite #TypicalGamer #clips ...,,,0,"['Education', 'maths']",27,
RdWx4_E_LLI,XPIRÂMIDE? O que está acontecendo com a XP INVESTIMENTOS?,"Vocês viram a polêmica que a xp investimentos está envolvida? A xp está sendo acusada de fraude, mas será que essa ...",,,0,"['Education', 'maths']",27,
7nQ2oiVqKHw,Microsoft Windows XP Startup Sound,That's something that I'm still hearing today. Download link below. Download MP3 (free): http://ballyweg.net/windows.html ...,,,0,"['Education', 'maths']",27,
Id5IcEH-VSM,TOP 5 BEST XP FARMS! Minecraft Bedrock 1.21+!,"I can't believe some of these farms exist! This video only get crazier as it goes on… These designs will work on Windows 11, ...",,,0,"['Education', 'maths']",27,
UzoZDR_hJfw,Fastest Ways To Get XP & Enchants in Minecraft,Fastest Ways To Get XP & Enchants in Minecraft Twitch: https://www.twitch.tv/eyecraftmc Twitter: ...,,,0,"['Education', 'maths']",27,
fWHPk0R5VHg,"NEW LEGIT *NO TIMER* FORTNITE XP MAP to FARM & LEVEL UP FAST in CHAPTER 6 SEASON 2! (900,000!)","NEW LEGIT *NO TIMER* FORTNITE XP MAP to FARM & LEVEL UP FAST in CHAPTER 6 SEASON 2! (900000!) fortnite,how to ...",,,0,"['Education', 'maths']",27,
hdp1VLaTz0U,*NEW CRAZY* XP MAP How To LEVEL UP FAST in Fortnite CHAPTER 6 SEASON 2! (EARN + FARM XP!),NEW CRAZY* XP MAP How To LEVEL UP FAST in Fortnite CHAPTER 6 SEASON 2! (EARN + FARM XP!) ▷ 9530-6687-6856 ...,,,0,"['Education', 'maths']",27,
8P_O1T1BMNI,XP INVESTIMENTOS É UMA PIRÂMIDE? O ESCÂNDALO EXPLICADO!,A XP Investimentos é uma pirâmide financeira? Essa polêmica surgiu após um relatório de uma empresa de short selling nos ...,,,0,"['Education', 'maths']",27,
Y8IaT-qRuF8,How To *ACTUALLY* Level Up FAST in Fortnite SEASON 2 CHAPTER 6! (FULL XP GUIDE!),Here's The FULL CHAPTER 6 SEASON 2 XP GUIDE! How To *ACTUALLY* Level Up FAST in Fortnite SEASON 2 CHAPTER 6!,,,0,"['Education', 'maths']",27,
5xqXLgGWYHY,🔊 Gary’s Expert Guide to XP DEUS II Tones – Why SOUND is Everything in Metal Detecting! 🎧⚡,"In this video, Gary, one of the most respected detectorists in the community, breaks down why audio perception is the key to ...",,,0,"['Education', 'maths']",27,
eDrCYy_VZTw,HOW TO LEVEL UP FAST & UNLOCK GODZILLA IN FORTNITE! (XP MAP),HOW TO GET GODZILLA SKIN IN FORTNITE XP GLITCH - Fortnite Chapter 6 is here so this is How To Level Up Fast in Fortnite ...,,,0,"['Education', 'maths']",27,
gTdhXol51Tc,"BEST LEGIT *NO TIMER* FORTNITE XP MAP to FARM & LEVEL UP FAST in CHAPTER 6 SEASON 2! (800,000!)","BEST LEGIT *NO TIMER* FORTNITE XP MAP to FARM & LEVEL UP FAST in CHAPTER 6 SEASON 2! (800000!) fortnite,how to ...",,,0,"['Education', 'maths']",27,
Scp0VvvTx-Y,NO TIMER Fortnite XP Map to LEVEL UP in Chapter 6 Season 2!,NO TIMER Fortnite XP Map to LEVEL UP in Chapter 6 Season 2! First map 3400-7711-1108 Second map 4279-4533-4105 ...,,,0,"['Education', 'maths']",27,
QTMCOEgkjv4,JO x ZAMBULIN x Boorchi x Babynna x XP - Cypher #2 [Official MV Subtitled],#nomad #nostress #cypher Bidnii clipnii zurag avaltand hureltsen irj tusalj demjsen buh naiz nohod ah duu egch nartaa bugded n ...,,,0,"['Education', 'maths']",27,
9KSJu0zDU44,"Minecraft, But Your XP = Your Money","Minecraft, But Your XP = Your Money SUBSCRIBE to join the Cyborg Army BANGER MERCH https://www.bionic.shop ...",,,0,"['Education', 'maths']",27,
4WSNT-Rkg4A,EGY ÉTTEREMBEN TROLLKODTAM A HAVEROMAT A MINECRAFT-BAN! 😱,------------------Támogatások------------------ Légy a csatorna SZPONZORA: ...,,,0,"['Education', 'maths']",27,
BFaI5C1qJE4,😱 NEW BEST *No Timer* Fortnite XP MAP To Level Up FAST in Chapter 6 Season 2!,Use Code wolfi Subscribe to My Shorts Channel - https://www.youtube.com/@wolfigonnadab NO TIMER Fortnite XP MAP How ...,,,0,"['Education', 'maths']",27,
tG5EGfb7MO0,DEEP HOUSE MIX 2024 Mixed by XP | XPMusic EP20 | SOUTH AFRICA | #soulfulhouse #deephouse,XPMusicHub Download here: https://hearthis.at/xpmusichub/xpmusic-ep20/ 00:00 Dustinho - Thank You (Healthy Mix) 06:08 ...,,,0,"['Education', 'maths']",27,
WoOLpKQd3ns,XP INVESTIMENTOS: UM ESQUEMA DE PIRÂMIDE? O QUE ESTÁ ACONTECENDO?,"Exploramos as graves acusações feitas contra a XP Investimentos, incluindo a alegação de que a empresa seria uma pirâmide ...",,,0,"['Education', 'maths']",27,
xygOPOTqfYs,*NEW* How To LEVEL UP XP FAST in Fortnite CHAPTER 6 SEASON 1! (LEGIT MAP),NEW *LEGIT* XP MAP How To LEVEL UP FAST in Fortnite CHAPTER 6! (Earn + FARM XP!) ▷ 4507-6684-9050 ▷ USE CODE ...,,,0,"['Education', 'maths']",27,
4x1DNZ63r5U,"NEW LEGIT *NO TIMER* FORTNITE XP MAP to FARM & LEVEL UP FAST in CHAPTER 6 SEASON 2! (500,000!)","NEW LEGIT *NO TIMER* FORTNITE XP MAP to FARM & LEVEL UP FAST in CHAPTER 6 SEASON 2! (500000!) fortnite,how to ...",,,0,"['Education', 'maths']",27,
ZAoFFfHViHA,BEST NO TIMER Fortnite XP GLITCH Map to LEVEL UP in Chapter 6 Season 2!,NEW *CHAPTER 6 Season 2* FORTNITE XP MAP in Chapter 6! NO TIMER XP MAP CODE 2588-0520-9151 THIS IS NOT AN XP ...,,,0,"['Education', 'maths']",27,
J3q2E1oFyA8,Minecraft But XP = Realism,Minecraft But XP = Realism with PrestonPlayz MERCH - http://www.firemerch.com NEW Fire Merch App ...,,,0,"['Education', 'maths']",27,
aR2MJmsvk28,Windows XP error,this is the first video on my new channel. I got locked out of my old one so I can't access it. here is the link to my old channel: ...,,,0,"['Education', 'maths']",27,
GmVCKuw0D60,INSANE MONEY AND XP SPOTS IN FISCH NOW,LIKE AND SUBSCRIBE! :D FEEL FREE TO ASK QUESTIONS !,,,0,"['Education', 'maths']",27,
CyhJ5Pchv-Y,"NEW LEGIT *NO TIMER* FORTNITE XP MAP to FARM & LEVEL UP FAST in CHAPTER 6 SEASON 2! (400,000!)","NEW LEGIT *NO TIMER* FORTNITE XP MAP to FARM & LEVEL UP FAST in CHAPTER 6 SEASON 2! (400000!) fortnite,how to ...",,,0,"['Education', 'maths']",27,
6GyldKoDIgs,*NEW LEGIT* XP MAP How To LEVEL UP FAST in Fortnite CHAPTER 6 SEASON 1! (EARN + FARM XP!),NEW *LEGIT* XP MAP How To LEVEL UP FAST in Fortnite CHAPTER 6! (Earn + FARM XP!) ▷ 1699-1565-1812 ▷ USE CODE ...,,,0,"['Education', 'maths']",27,
hs0JJeu_VCA,NEW *NO TIMER* Fortnite XP MAP to LEVEL UP FAST in Fortnite Chapter 6 Season 2! (BEST AFK XP Map),"Fortnite Chapter 6 Season 2 is HERE! Use this *NEW* BEST Fortnite NO TIMER AFK XP Glitch Map to Level Up Fast, Get XP Fast ...",,,0,"['Education', 'maths']",27,
z6zuIdqIqpU,*NEW NO TIMER* CRAZY XP MAP How To LEVEL UP FAST in Fortnite CHAPTER 6 SEASON 2! (EARN + FARM XP!),NEW NO TIMER* XP MAP How To LEVEL UP FAST in Fortnite CHAPTER 6 SEASON 2! (EARN + FARM XP!) ▷ 9169-5166-7073 ...,,,0,"['Education', 'maths']",27,
xdHMzLzJxBU,*NEW NO TIMER* CRAZY XP MAP How To LEVEL UP FAST in Fortnite CHAPTER 6 SEASON 2! (EARN + FARM XP!),NEW NO TIMER* XP MAP How To LEVEL UP FAST in Fortnite CHAPTER 6 SEASON 2! (EARN + FARM XP!) ▷ 1699-1565-1812 ...,,,0,"['Education', 'maths']",27,
vJD882cEJb4,"NEW LEGIT *NO TIMER* FORTNITE XP MAP to FARM & LEVEL UP FAST in CHAPTER 6 SEASON 2! (850,000!)","NEW LEGIT *NO TIMER* FORTNITE XP MAP to FARM & LEVEL UP FAST in CHAPTER 6 SEASON 2! (850000!) fortnite,how to ...",,,0,"['Education', 'maths']",27,
z0rOzacullA,NEW *NO TIMER* Fortnite XP MAP to LEVEL UP FAST in Fortnite Chapter 6 Season 2! (BEST AFK XP Map),"Fortnite Chapter 6 Season 2 is HERE! Use this *NEW* BEST Fortnite NO TIMER AFK XP Glitch Map to Level Up Fast, Get XP Fast ...",,,0,"['Education', 'maths']",27,
rekSYSHBqlk,*NEW NO TIMER* CRAZY XP MAP How To LEVEL UP FAST in Fortnite CHAPTER 6 SEASON 2! (EARN + FARM XP!),NEW NO TIMER* XP MAP How To LEVEL UP FAST in Fortnite CHAPTER 6 SEASON 2! (EARN + FARM XP!) ▷ 1699-1565-1812 ...,,,0,"['Education', 'maths']",27,
e2WJ98FuDoI,"BEST LEGIT *NO TIMER* FORTNITE XP MAP to FARM & LEVEL UP FAST in CHAPTER 6 SEASON 2! (600,000!)","BEST LEGIT *NO TIMER* FORTNITE XP MAP to FARM & LEVEL UP FAST in CHAPTER 6 SEASON 2! (600000!) fortnite,how to ...",,,0,"['Education', 'maths']",27,
jbBt1kTszHs,QUICK & EASY Fortnite XP MAP to LEVEL UP in Chapter 6 Season 2!,QUICK & EASY Fortnite XP MAP to LEVEL UP in Chapter 6 Season 2! #fortnite #chapter6 #battleroyale #howtolevelupfast ...,,,0,"['Education', 'maths']",27,
7fmXXTbeOFA,"BEST LEGIT *NO TIMER* FORTNITE XP MAP to FARM & LEVEL UP FAST in CHAPTER 6 SEASON 2! (400,000!)","BEST LEGIT *NO TIMER* FORTNITE XP MAP to FARM & LEVEL UP FAST in CHAPTER 6 SEASON 2! (400000!) fortnite,how to ...",,,0,"['Education', 'maths']",27,
fkxEcI7B8Q0,Wampi - XP (Official Video),© 2022. ViticoPromo | Distributed by ONErpm. All Rights Reserved.,,,0,"['Education', 'maths']",27,
jnqk7ryxsGI,*NO TIMER* Game Breaking FORTNITE XP GLITCH MAP to LEVEL UP FAST!,NO TIMER* Game Breaking FORTNITE XP GLITCH MAP to LEVEL UP FAST! #fortnite #xp #fortnitexpglitch #fortniteglitch #xp ...,,,0,"['Education', 'maths']",27,
7kbO9tSqexw,INSANE *EASY* Fortnite *AFK* XP MAP! (950k a Min!) Not Patched! 🤩😱,INSANE *EASY* Fortnite *AFK* XP MAP! (950k a Min!) Not Patched! THIS IS NOT AN XP GLITCH Portions of the materials ...,,,0,"['Education', 'maths']",27,
aA55RTZZD_U,NEW *NO TIMER* Fortnite XP MAP to LEVEL UP FAST in Fortnite Chapter 6 Season 2! (BEST AFK XP Map),"Fortnite Chapter 6 Season 2 is HERE! Use this *NEW* BEST Fortnite NO TIMER AFK XP Glitch Map to Level Up Fast, Get XP Fast ...",,,0,"['Education', 'maths']",27,
YjjK4YpWoHM,"Minecraft, But Your XP = Your Enchants...","Minecraft, But Your XP = Your Enchants... MY NEW MERCH! - https://bionicware.net WATCH ME LIVE!",,,0,"['Education', 'maths']",27,
RlenncrcyBk,NEW INSANE AFK XP GLITCH in Fortnite CHAPTER 6 SEASON 2! (750k a Min!) Not Patched! 🤩😱,NEW INSANE AFK XP GLITCH in Fortnite CHAPTER 6 SEASON 2! (750k a Min!) Not Patched! THIS IS NOT AN XP GLITCH ...,,,0,"['Education', 'maths']",27,
458D9XoIQbg,*QUICK* NEW SEASON 2 XP MAP!!!!,The NEW Fortnite Season is here so this is How To Level Up Fast in Fortnite Chapter 6 Season 2. NEW BEST Fortnite *NO ...,,,0,"['Education', 'maths']",27,
1AuMGvbnlOE,I Reached 1000 LEVELS In Minecraft Hardcore,I Built Every XP Farm In Minecraft Hardcore Your next adventure awaits on Honkai Impact 3rd V6.5 update —check it out here and ...,,,0,"['Education', 'maths']",27,
sC3C_u9xVhE,XP ft. JO - Чиний Нэртэй (Official MV) CC,#xp #nomad #nostress #chinii #nertei.,,,0,"['Education', 'maths']",27,
2ZORfDbSB_M,"BEST LEGIT *NO TIMER* FORTNITE XP MAP to FARM & LEVEL UP FAST in CHAPTER 6 SEASON 2! (750,000!)","BEST LEGIT *NO TIMER* FORTNITE XP MAP to FARM & LEVEL UP FAST in CHAPTER 6 SEASON 2! (750000!) fortnite,how to ...",,,0,"['Education', 'maths']",27,
_jyUYm_HL8Y,NO TIMER Fortnite XP Map to LEVEL UP in Chapter 6 Season 2! (OUTDATED),NEW *CHAPTER 6 season 2* FORTNITE XP MAP in Chapter 6! NO TIMER Discord https://discord.gg/V9HbcPV6VH XP MAP ...,,,0,"['Education', 'maths']",27,
o_I-Cs1wkzM,Minecraft: XP Equals Brain Power,"In Minecraft, my XP equals my IQ. I grow smarter by gaining XP, using mobs as tools, and exploring new powers. BRAND NEW ...",,,0,"['Education', 'maths']",27,
QXYMkQmRa7Y,NEW *NO TIMER* Fortnite XP GLITCH MAP to LEVEL UP FAST in Fortnite Chapter 6 Season 2! (BEST XP Map),NEW *NO TIMER* Fortnite XP GLITCH MAP to LEVEL UP FAST in Fortnite Chapter 6 Season 2! (BEST XP Map) First map ...,,,0,"['Education', 'maths']",27,
0d62C0AzFXc,"BEST LEGIT *NO TIMER* FORTNITE XP MAP to FARM & LEVEL UP FAST in CHAPTER 6 SEASON 2! (800,000!)","BEST LEGIT *NO TIMER* FORTNITE XP MAP to FARM & LEVEL UP FAST in CHAPTER 6 SEASON 2! (800000!) fortnite,how to ...",,,0,"['Education', 'maths']",27,
7gD1f-wifzo,Minecraft but My XP = World Size,▭▭▭▭▭▭▭▭▭▭▭▭▭ Welcome to Craftee where we take on different challenges and play Minecraft but strange things ...,,,0,"['Education', 'maths']",27,
1W5-4rrXM74,*NEW LEGIT* XP MAP How To LEVEL UP FAST in Fortnite CHAPTER 6 SEASON 1! (EARN + FARM XP!),NEW *LEGIT* XP MAP How To LEVEL UP FAST in Fortnite CHAPTER 6! (Earn + FARM XP!) ▷ 9530-6687-6856 ▷ USE CODE ...,,,0,"['Education', 'maths']",27,
4g1Ls56eXQ8,*NEW NO TIMER* CRAZY XP MAP How To LEVEL UP FAST in Fortnite CHAPTER 6 SEASON 2! (EARN + FARM XP!),NEW NO TIMER* XP MAP How To LEVEL UP FAST in Fortnite CHAPTER 6 SEASON 2! (EARN + FARM XP!) ▷ 4560-3288-1727 ...,,,0,"['Education', 'maths']",27,
BsXGNrELoOE,Minecraft But Your XP = SUPERHERO,------------------------------ Additional music provided by Epidemic Sound Click here for a free trial!,,,0,"['Education', 'maths']",27,
#NAME?,GTA Online | OSCAR GUZMAN *REPLAY GLITCH* (Event Bonus Update) Double XP!,"In today's video, we showcase a Grand Theft Auto V money glitch that allows you to make $1000000 - 1500000 every 30 minutes!",,,0,"['Education', 'maths']",27,
LJZEM5bJtbY,XP x Hawar x JO - Haalganii tsaana (Official music video/with CC),#nomad #nostress #haalganiitsaana #hawar #xp #jo.,,,0,"['Education', 'maths']",27,
3l-Zy1Bw0w0,fortnite season 2 xp map (NO TIMER),The NEW Fortnite Season is here so this is How To Level Up Fast in Fortnite Chapter 6 Season 2. NEW BEST Fortnite *NO ...,,,0,"['Education', 'maths']",27,
dqrLkricjKU,BEST NO TIMER Fortnite XP GLITCH Map to LEVEL UP in Chapter 6 Season 2!,NEW *CHAPTER 6 Season 2* FORTNITE XP MAP in Chapter 6! NO TIMER XP MAP CODE 2588-0520-9151 THIS IS NOT AN XP ...,,,0,"['Education', 'maths']",27,
PsjjPpfTGTk,*NEW LEGIT* XP MAP How To LEVEL UP FAST in Fortnite CHAPTER 6 SEASON 1! (EARN + FARM XP!),NEW *LEGIT* XP MAP How To LEVEL UP FAST in Fortnite CHAPTER 6! (Earn + FARM XP!) ▷ 4507-6684-9050 ▷ USE CODE ...,,,0,"['Education', 'maths']",27,
goT6L-sfEQU,XP - 80 МЯНГАН БЭЭР(Official M/V),#nomad #nostress#XP#80myangan.,,,0,"['Education', 'maths']",27,
TNbOmOmMTqI,"Minecraft, but Your XP = FUTURE",------------------------------ Additional music provided by Epidemic Sound Click here for a free trial!,,,0,"['Education', 'maths']",27,
kXALRuscHss,Windows XP Startup Sound Effects,WARNING : Decrease your volume to 1:00 (if you want to have your ears again) Made on Camtasia 2018 and Ableton Live 10 ...,,,0,"['Education', 'maths']",27,
ke1gYBGd9_E,*NEW NO TIMER* CRAZY XP MAP How To LEVEL UP FAST in Fortnite CHAPTER 6 SEASON 2! (EARN + FARM XP!),NEW NO TIMER* XP MAP How To LEVEL UP FAST in Fortnite CHAPTER 6 SEASON 2! (EARN + FARM XP!) ▷ 9169-5166-7073 ...,,,0,"['Education', 'maths']",27,
#NAME?,Minecraft but Your XP = Money...,THANK YOU FOR WATCHING! 2nd Channel: ⁠ ⁠⁠⁠@Nestor2 Join my Discord: https://discord.gg/xnestorio Idea ...,,,0,"['Education', 'maths']",27,
BNqW9eLIvFU,OVERPOWERED Fortnite XP MAP to LEVEL UP in Chapter 6 Season 2!,OVERPOWERED Fortnite XP MAP to LEVEL UP in Chapter 6 Season 2! #fortnite #chapter6 #battleroyale #howtolevelupfast ...,,,0,"['Education', 'maths']",27,
tQHeHsDtfn0,"NEW LEGIT *NO TIMER* FORTNITE XP MAP to FARM & LEVEL UP FAST in CHAPTER 6 SEASON 2! (650,000!)","NEW LEGIT *NO TIMER* FORTNITE XP MAP to FARM & LEVEL UP FAST in CHAPTER 6 SEASON 2! (650000!) fortnite,how to ...",,,0,"['Education', 'maths']",27,
LDiOPCXWvmE,*DO ASAP* EASY AFK UNLIMITED XP GLITCH BO6! UNLOCK EVERYTHING NOW LAST CHANCE BO6 ZOMBIES GLITCH,DO ASAP* EASY AFK UNLIMITED XP GLITCH BO6! UNLOCK EVERYTHING NOW LAST CHANCE BO6 ZOMBIES GLITCH ...,,,0,"['Education', 'maths']",27,
vvviQZY-TYM,"""🔥 UNBELIEVABLE Fortnite XP MAP: Level Up FAST in Chapter 6 Season 2!""",Use Code wolfi Subscribe to My Shorts Channel - https://www.youtube.com/@wolfigonnadab NO TIMER Fortnite XP MAP How ...,,,0,"['Education', 'maths']",27,
K5GGUMJgoxM,"NEW LEGIT *NO TIMER* FORTNITE XP MAP to FARM & LEVEL UP FAST in CHAPTER 6 SEASON 2! (500,000!)","NEW LEGIT *NO TIMER* FORTNITE XP MAP to FARM & LEVEL UP FAST in CHAPTER 6 SEASON 2! (500000!) fortnite,how to ...",,,0,"['Education', 'maths']",27,
8Kb-zmFj6p0,NEW *NO TIMER* Fortnite XP MAP to LEVEL UP FAST in Fortnite Chapter 6 Season 2! (BEST XP Map),"Fortnite Chapter 6 Season 2 is HERE! Use this *NEW* BEST Fortnite NO TIMER AFK XP Glitch Map to Level Up Fast, Get XP Fast ...",,,0,"['Education', 'maths']",27,
vTiq6jmAn5o,NEW NO TIMER Fortnite XP Map to LEVEL UP in Chapter 6 Season 2! (OUTDATED),NEW *CHAPTER 6 Season 2* FORTNITE XP MAP in Chapter 6! NO TIMER XP MAP CODE 2588-0520-9151 THIS IS NOT AN XP ...,,,0,"['Education', 'maths']",27,
C0740z8JjE4,BEST NO TIMER Fortnite XP GLITCH Map to LEVEL UP in Chapter 6 Season 2!,NEW *CHAPTER 6 Season 2* FORTNITE XP MAP in Chapter 6! NO TIMER XP MAP CODE 2588-0520-9151 THIS IS NOT AN XP ...,,,0,"['Education', 'maths']",27,
W9DST-6jIBU,[Vinesauce] Joel - Windows XP Destruction,"A terrible corruption of a Windows XP computer. A barrage of viruses, Malware, Bonzi Buddy, Toolbars and terrible nu metal.",,,0,"['Education', 'maths']",27,
FP1zsPzclpo,NEW *NO TIMER* Fortnite XP MAP - How To LEVEL UP FAST in Fortnite Chapter 6! (BEST AFK XP Map Code),"Fortnite Chapter 6 Season 1 is HERE! Use this *NEW* BEST Fortnite NO TIMER AFK XP Glitch Map to Level Up Fast, Get XP Fast ...",,,0,"['Education', 'maths']",27,
g1dFI2_nP2s,*NEW LEGIT* XP MAP How To LEVEL UP FAST in Fortnite CHAPTER 6 SEASON 1! (EARN + FARM XP!),NEW *LEGIT* XP MAP How To LEVEL UP FAST in Fortnite CHAPTER 6! (Earn + FARM XP!) ▷ USE CODE LOOTYT ...,,,0,"['Education', 'maths']",27,
MdHdNrnikC8,*NEW LEGIT* XP MAP How To LEVEL UP FAST in Fortnite CHAPTER 6 SEASON 1! (EARN + FARM XP!),NEW *LEGIT* XP MAP How To LEVEL UP FAST in Fortnite CHAPTER 6! (Earn + FARM XP!) ▷ USE CODE LOOTYT ...,,,0,"['Education', 'maths']",27,
fUSS6VyKeAY,"BEST LEGIT *NO TIMER* FORTNITE XP MAP to FARM & LEVEL UP FAST in CHAPTER 6 SEASON 2! (400,000!)","BEST LEGIT *NO TIMER* FORTNITE XP MAP to FARM & LEVEL UP FAST in CHAPTER 6 SEASON 2! (400000!) fortnite,how to ...",,,0,"['Education', 'maths']",27,
hGSNGQDbFbw,I Built The PERFECT XP Farm In Minecraft Hardcore!,"Today we build The PERFECT XP Farm In Minecraft hardcore, finally getting rid of the annoying times where our tools just break ...",,,0,"['Education', 'maths']",27,
hTrcG2YhaZI,RELATÓRIO de CONSULTORIA AMERICANA ACUSA XP de FRAUDE tipo ESQUEMA PONZI: NÃO é o MESMO que PIRÂMIDE,Ajude o canal: 16vmNcrA4Mvf7CaRLirAmpnjz1ZH3bWNkQ (Bitcoin),,,0,"['Education', 'maths']",27,
7goEhaGzbyg,*NO TIMER* Game Breaking FORTNITE XP GLITCH MAP to LEVEL UP FAST!,NO TIMER* Game Breaking FORTNITE XP GLITCH MAP to LEVEL UP FAST! #fortnite #xp #fortnitexpglitch #fortniteglitch #xp ...,,,0,"['Education', 'maths']",27,
yaR-hnlnkzs,Minecraft But Your XP = Your Age,Minecraft But Your XP = Your Age with PrestonPlayz MERCH - http://www.firemerch.com FOLLOW ME HERE! TikTok ...,,,0,"['Education', 'maths']",27,
_faADrfFYK4,How to LEVEL UP FAST in Chapter 2 OG Fortnite! (XP FARM),"You are not required to subscribe, turn notifications on or drop a like to win the Fortnite V BUCKS given away in the video.",,,0,"['Education', 'maths']",27,
Zdi-h_pYJ0w,"BEST LEGIT *NO TIMER* FORTNITE XP MAP to FARM & LEVEL UP FAST in CHAPTER 6 SEASON 2! (800,000!)","BEST LEGIT *NO TIMER* FORTNITE XP MAP to FARM & LEVEL UP FAST in CHAPTER 6 SEASON 2! (800000!) fortnite,how to ...",,,0,"['Education', 'maths']",27,
X0bKkXYx4aM,Running Modern Apps on Windows XP! - OneCore API Demo,OneCore is an incredible project for Windows XP that lets you run modern software on this decades-old operating system.,,,0,"['Education', 'maths']",27,
MokbWbffuWw,"NEW LEGIT *NO TIMER* FORTNITE XP MAP to FARM & LEVEL UP FAST in CHAPTER 6 SEASON 2! (700,000!)","NEW LEGIT *NO TIMER* FORTNITE XP MAP to FARM & LEVEL UP FAST in CHAPTER 6 SEASON 2! (700000!) fortnite,how to ...",,,0,"['Education', 'maths']",27,
Cj9WwF8nWXI,Minecraft but Your XP = SCARY,❤️ FRIENDS @BriannaPlayz FOLLOW ME HERE! ☛ TikTok - https://www.tiktok.com/@preston ☛ Instagram ...,,,0,"['Education', 'maths']",27,
RhFsCI8nuLc,*No Timer* GAME BREAKING FORTNITE XP Map to LEVEL UP FAST!,No Timer* GAME BREAKING FORTNITE XP Map to LEVEL UP FAST! #fortnite #chapter6 #battleroyale #howtolevelupfast ...,,,0,"['Education', 'maths']",27,
zgFMPbPcOQ0,Effortless Enderman XP Farm 1.20,Today I'll show you how to build the cheapest enderman xp farm possible with a block by block tutorial. This enderman farm will ...,,,0,"['Education', 'maths']",27,
O_hAGJ6Xpqw,*No Timer* GAME BREAKING FORTNITE XP Map to LEVEL UP FAST!,No Timer* GAME BREAKING FORTNITE XP Map to LEVEL UP FAST! #fortnite #chapter6 #battleroyale #howtolevelupfast ...,,,0,"['Education', 'maths']",27,
f12rbHABDNs,"PALWORLD NEW DUPE GLITCH - Unlimited IV FRUIT, PAL SOULS, XP & APPLIED TECHNIQUE BOOKS","In todays video we look at a new duplication glitch for palworld - get unlmited applied technique manuals, unlmited pal sould and ...",,,0,"['Education', 'maths']",27,
In1gMeYgJI0,How to ACTUALLY Level Up XP FAST in Season 2 Chapter 6! | XP Explained!,"How to ACTUALLY Level Up XP FAST in Season 2 Chapter 6! | XP Explained! USE CODE ""Post"" in the ITEM SHOP to show ...",,,0,"['Education', 'maths']",27,
ndoc58g8WmU,*NO TIMER* CRAZY XP MAP How To LEVEL UP FAST in Fortnite CHAPTER 6 SEASON 2! (EARN + FARM XP!),NEW NO TIMER* XP MAP How To LEVEL UP FAST in Fortnite CHAPTER 6 SEASON 2! (EARN + FARM XP!) ▷ 9530-6687-6856 ...,,,0,"['Education', 'maths']",27,
OfpHBUyK3b0,*NEW* CRAZY Fortnite XP MAP How To LEVEL UP FAST in CHAPTER 6 SEASON 2! (EARN + FARM XP!),NEW NO TIMER* XP MAP How To LEVEL UP FAST in Fortnite CHAPTER 6 SEASON 2! (EARN + FARM XP!) ▷ 4560-3288-1727 ...,,,0,"['Education', 'maths']",27,
XZmRFAXBNRE,*NEW LEGIT* XP MAP How To LEVEL UP FAST in Fortnite CHAPTER 6 SEASON 2! (EARN + FARM XP!),NEW *LEGIT* XP MAP How To LEVEL UP FAST in Fortnite CHAPTER 6 SEASON 2! (Earn + FARM XP!) ▷ 9530-6687-6856 ...,,,0,"['Education', 'maths']",27,
e0y-8ICVyK8,Mojang have replaced the XP Bar. With something very different.,-------------------------------------------------------------------- This channel is powered by Shockbyte server hosting -- Receive a 25% ...,,,0,"['Education', 'maths']",27,
9dTsXDlBeBA,"BEST LEGIT *NO TIMER* FORTNITE XP MAP to FARM & LEVEL UP FAST in CHAPTER 6 SEASON 2! (700,000!)","BEST LEGIT *NO TIMER* FORTNITE XP MAP to FARM & LEVEL UP FAST in CHAPTER 6 SEASON 2! (700000!) fortnite,how to ...",,,0,"['Education', 'maths']",27,
sVmk1GkUxZU,1.3M XP MAP IN CHAPTER 6,MAP CODE: 3630-5083-9196 Instagram: https://instagram.com/legendkingtobi TikTok: https://tiktok.com/@legendkingtobi X: ...,,,0,"['Education', 'maths']",27,
O5um5ZTHYbY,Minecraft but XP = Your IQ,▭▭▭▭▭▭▭▭▭▭▭▭▭ Welcome to Craftee where we take on different challenges and play Minecraft but strange things ...,,,0,"['Education', 'maths']",27,
FR7yHtwEvQw,HOW TO GET XP FAST & UNLOCK RENEGADE RAIDER IN FORTNITE!,HOW TO GET XP FAST IN FORTNITE - Fortnite Chapter 6 is here so this is How To Level Up Fast in Fortnite Chapter 6 Season 1.,,,0,"['Education', 'maths']",27,
8XMnWxLwUeE,INSANE *EASY* Fortnite *AFK* XP MAP! (950k a Min!) Not Patched! 🤩😱,INSANE *EASY* Fortnite *AFK* XP MAP! (950k a Min!) Not Patched! THIS IS NOT AN XP GLITCH Portions of the materials ...,,,0,"['Education', 'maths']",27,
pvR1oqeBBeo,"NEW LEGIT *NO TIMER* FORTNITE XP MAP to FARM & LEVEL UP FAST in CHAPTER 6 SEASON 2! (900,000!)","NEW LEGIT *NO TIMER* FORTNITE XP MAP to FARM & LEVEL UP FAST in CHAPTER 6 SEASON 2! (900000!) fortnite,how to ...",,,0,"['Education', 'maths']",27,
uZe_3bKrEGc,Minecraft But XP = Realism,Playing Minecraft while XP = Realism brings a whole new challenge to the game! ✓ Get my FIRST EVER GAME: Craftee Crafting!,,,0,"['Education', 'maths']",27,
hfUt2PBeB_o,*OVERPOWERED* Fortnite XP MAP to LEVEL UP in Chapter 6 Season 2! (I GOT +400K XP!),OVERPOWERED* Fortnite XP MAP to LEVEL UP in Chapter 6 Season 2! (I GOT +400K XP!) #fortnite #chapter6 #battleroyale ...,,,0,"['Education', 'maths']",27,
ngjiVNsS744,New NO TIMER Fortnite XP GLITCH Map to LEVEL UP in Chapter 6 Season 2!,NEW CHAPTER 6 Season 2 FORTNITE XP MAP in Chapter 6! NO TIMER #fortnite #xp #fortnitexpglitch #fortniteglitch #xp #glitch ...,,,0,"['Education', 'maths']",27,
2wZ7sD8-8zQ,*No Timer* Game Breaking FORTNITE XP GLITCH MAP to LEVEL UP FAST in Chapter 6 Season 2,No Timer* Game Breaking FORTNITE XP GLITCH MAP to LEVEL UP FAST in Chapter 6 Season 2 #fortnite #xp #fortnitexpglitch ...,,,0,"['Education', 'maths']",27,
VjGXYT6cTGo,*NEW NO TIMER* CRAZY XP MAP How To LEVEL UP FAST in Fortnite CHAPTER 6 SEASON 2! (EARN + FARM XP!),NEW NO TIMER* XP MAP How To LEVEL UP FAST in Fortnite CHAPTER 6 SEASON 2! (EARN + FARM XP!) ▷ 4666-3779-4638 ...,,,0,"['Education', 'maths']",27,
bOmlJgyaaUg,The MOST EFFICIENT Spider Spawner XP Farm in Minecraft Java 1.21 (Tutorial),"Shulker craft design, changed a few blocks and made it way shorter :) **BoA for 1 Hit Kill** - BoA 2 On Diamond And Netherite ...",,,0,"['Education', 'maths']",27,
DxLmrvIt0HE,Eu sou XP. Vem ser XP.,Agora você já sabe. Rodrigo Santoro é um Cliente XP e conta com a assessoria eleita 6x a melhor para cuidar dos seus ...,,,0,"['Education', 'maths']",27,
Kvv3_wrXRQA,"NEW LEGIT *NO TIMER* FORTNITE XP MAP to FARM & LEVEL UP FAST in CHAPTER 6 SEASON 2! (300,000!)","NEW LEGIT *NO TIMER* FORTNITE XP MAP to FARM & LEVEL UP FAST in CHAPTER 6 SEASON 2! (300000!) fortnite,how to ...",,,0,"['Education', 'maths']",27,
NiBRwMklNsM,"BEST LEGIT *NO TIMER* FORTNITE XP MAP to FARM & LEVEL UP FAST in CHAPTER 6 SEASON 2 OG! (450,000!)",BEST LEGIT *NO TIMER* FORTNITE XP MAP to FARM & LEVEL UP FAST in CHAPTER 6 SEASON 2 OG! (450000!) Instagram ...,,,0,"['Education', 'maths']",27,
1IAVIWC3tc8,BEST NO TIMER Fortnite XP Map to LEVEL UP in Chapter 6 Season 2! (OUTDATED),NEW *CHAPTER 6 Season 2* FORTNITE XP MAP in Chapter 6! NO TIMER XP MAP CODE 9166-9734-3994 THIS IS NOT AN XP ...,,,0,"['Education', 'maths']",27,
8znC54nOpAM,"NEW LEGIT *NO TIMER* FORTNITE XP MAP to FARM & LEVEL UP FAST in CHAPTER 6 SEASON 2! (450,000!)","NEW LEGIT *NO TIMER* FORTNITE XP MAP to FARM & LEVEL UP FAST in CHAPTER 6 SEASON 2! (450000!) fortnite,how to ...",,,0,"['Education', 'maths']",27,
v2XXKUtCfnE,500K XP IN 1 MINUTE,MAP CODE: 1799-5693-0760 Instagram: https://instagram.com/legendkingtobi TikTok: https://tiktok.com/@legendkingtobi X: ...,,,0,"['Education', 'maths']",27,
8I09If7zgYU,Simple Armadillo XP Farm in Minecraft Bedrock 1.21!,Minecraft Bedrock: Easy and Simple Silvfish XP Farm Tutorial! (MCPE/PC/X-BOX/PS5/Nintendo Switch) In this video I'll show you ...,,,0,"['Education', 'maths']",27,
oJ3sxpwC5E8,*2025* OG CHAPTER 6 Fortnite XP Map to LEVEL UP FAST AFK in Chapter 6 Season 1!,how to level up fast in fortnite: how to get level 100 in new season. New season fortnite? XP glitch fortnite! XP glitch? XP glitch ...,,,0,"['Education', 'maths']",27,
ufvfkkj6v7E,TODAY'S *BEST* Fortnite XP MAP! How You Can LEVEL UP FAST in Fortnite SEASON 2!,TODAY'S *BEST* Fortnite XP MAP! How You Can LEVEL UP FAST in Fortnite CHAPTER 6 SEASON 2! NEW Fortnite XP MAP to ...,,,0,"['Education', 'maths']",27,
j9HPjbaEfNU,Sekiro Best XP Farm 2025,"Best Farming for late game XP in Sekiro in 2023. Recorded in NG+2, but it works in any NG as XP scales up.",,,0,"['Education', 'maths']",27,
6ONvf7ZuIu8,*NO TIMER* Game Breaking FORTNITE XP GLITCH MAP to LEVEL UP FAST!,NO TIMER* Game Breaking FORTNITE XP GLITCH MAP to LEVEL UP FAST! #fortnite #xp #fortnitexpglitch #fortniteglitch #xp ...,,,0,"['Education', 'maths']",27,
nh8voJScSbw,Minecraft Enderman 1 Hit Farm - Super Fast XP,Business email: shulkercraftyt(at)gmail.com Items needed: 1414 - Building blocks 123 - Carpet 64 - Ladder 9 - Hopper 128 ...,,,0,"['Education', 'maths']",27,
AmM3nYv4Pv8,*NEW NO TIMER* XP MAP How To LEVEL UP FAST in Fortnite CHAPTER 6 SEASON 2! (EARN + FARM XP!),NEW NO TIMER* XP MAP How To LEVEL UP FAST in Fortnite CHAPTER 6 SEASON 2! (EARN + FARM XP!) ▷ 4560-3288-1727 ...,,,0,"['Education', 'maths']",27,
S6E5P2llm7s,NEW *NO TIMER* Fortnite XP MAP to LEVEL UP FAST in Fortnite Chapter 6 Season 2! (BEST XP Map),"Fortnite Chapter 6 Season 2 is HERE! Use this *NEW* BEST Fortnite NO TIMER AFK XP Glitch Map to Level Up Fast, Get XP Fast ...",,,0,"['Education', 'maths']",27,
1za-VyuWc-U,Can we use Windows XP for Modern Computing in 2025?,Disclaimer: The content in this video is for education and entertainment purposes to showcase the dangers of malware ...,,,0,"['Education', 'maths']",27,
T-BPmA5widc,*NEW* CRAZY XP MAP How To LEVEL UP FAST in Fortnite CHAPTER 6 SEASON 2! (EARN + FARM XP!),NEW NO TIMER* XP MAP How To LEVEL UP FAST in Fortnite CHAPTER 6 SEASON 2! (EARN + FARM XP!) ▷ 9169-5166-7073 ...,,,0,"['Education', 'maths']",27,
e7uCprNV61o,These FORTNITE Maps Give INSANE Battle Pass XP! (My Results Will Shock You!),"Are these Fortnite XP maps really giving you INSANE XP… or is it all just hype? In this video, I put three of the most popular XP ...",,,0,"['Education', 'maths']",27,
uw83h3NM5So,*NEW NO TIMER* CRAZY XP MAP How To LEVEL UP FAST in Fortnite CHAPTER 6 SEASON 2! (EARN + FARM XP!),NEW NO TIMER* XP MAP How To LEVEL UP FAST in Fortnite CHAPTER 6 SEASON 2! (EARN + FARM XP!) ▷ 4560-3288-1727 ...,,,0,"['Education', 'maths']",27,
fC6Ui2uFhPY,NEW *BESTT* Fortnite XP MAP to LEVEL UP in Chapter 6 Season 2!,NEW *BESTT* Fortnite XP MAP to LEVEL UP in Chapter 6 Season 2! #fortnite #chapter6 #battleroyale #howtolevelupfast ...,,,0,"['Education', 'maths']",27,
MTJTV1uwy24,NEW NO TIMER *LEGIT* Fortnite XP MAP How To LEVEL UP XP FAST in Fortnite CHAPTER 6!,NEW NO TIMER *LEGIT* Fortnite XP MAP How To LEVEL UP XP FAST in Fortnite CHAPTER 6! ➡CODE: 4666-3779-4638 ...,,,0,"['Education', 'maths']",27,
pVKzq10L_tM,*NEW NO TIMER* CRAZY XP MAP How To LEVEL UP FAST in Fortnite CHAPTER 6 SEASON 2! (EARN + FARM XP!),NEW NO TIMER* XP MAP How To LEVEL UP FAST in Fortnite CHAPTER 6 SEASON 2! (EARN + FARM XP!) ▷ 4666-3779-4638 ...,,,0,"['Education', 'maths']",27,
KljgzaQNJfc,OVERPOWERED Fortnite XP MAP to LEVEL UP in Chapter 6 Season 2!,OVERPOWERED Fortnite XP MAP to LEVEL UP in Chapter 6 Season 2! #fortnite #chapter6 #battleroyale #howtolevelupfast ...,,,0,"['Education', 'maths']",27,
Qt1JgmSLccc,"THE BEST *CHAPTER 6 SEASON 2* FORTNITE XP GLITCH to FARM & LEVEL UP FAST in Season 2! (600,000 XP!)",THE BEST *CHAPTER 6 SEASON 2* FORTNITE XP GLITCH to FARM & LEVEL UP FAST in Season 2! (600000 XP!) Instagram ...,,,0,"['Education', 'maths']",27,
C9h-OJ2GJZg,I Built the World's Fastest XP Farm in Minecraft Hardcore,"In this Minecraft video I survive over 8218 days in a Minecraft Hardcore world. Here are all the things I accomplished, and all the ...",,,0,"['Education', 'maths']",27,
8p0k1QmJGb4,INSANE *EASY* Fortnite *AFK* XP MAP! (950k a Min!) Not Patched! 🤩😱,INSANE *EASY* Fortnite *AFK* XP MAP! (950k a Min!) Not Patched! THIS IS NOT AN XP GLITCH Portions of the materials ...,,,0,"['Education', 'maths']",27,
CC65ZHjDqQo,Elemental Weakness = Amazing XP | Farmers V3 Ep. 6,"Merch Link: https://mr-mammal-shop.fourthwall.com The Farmers Group Hardcore Iron Man consists of Faux, Mmorpg, Roidie, ...",,,0,"['Education', 'maths']",27,
E1XQVcQG5z0,IBOVESPA lidera MERCADOS GLOBAIS; JBSS3 sobe mais de 25% na semana,"De segunda a sexta, às 8h20, temos um encontro marcado no YouTube da XP. Ao vivo, aberto ao público e diretamente dos ...",,,0,"['Education', 'maths']",27,
NKCwuJh6cyY,I Built The PERFECT XP FARM In Minecraft Hardcore,"I Built The PERFECT XP FARM In Minecraft Hardcore Last episode we built a wizard tower starter base, and as much as I'd like to ...",,,0,"['Education', 'maths']",27,
uuKJMcYFzQw,Easiest XP Farm Minecraft Bedrock 1.21 (2025),"Welcome to my channel, 1upMC! In this video, we're taking a look at an XP Farm for Minecraft Bedrock! Stay in the loop ...",,,0,"['Education', 'maths']",27,
cK4fr29Y2cM,FIRST 1M XP GLITCH IN CHAPTER 6 SEASON 2,MAP CODE: 5784-6239-7161 Instagram: https://instagram.com/legendkingtobi TikTok: https://tiktok.com/@legendkingtobi X: ...,,,0,"['Education', 'maths']",27,
YqjnGICStY4,"Minecraft Enderman XP Farm In 10 SECONDS, 1 Minute & 10 Minutes","How To Build an Enderman XP Farm in Just 10 Seconds, 1 Minute, or 10 Minutes? Here are 3 Easy Enderman XP Farms you can ...",,,0,"['Education', 'maths']",27,
JRx1KtXFEYc,*NEW NO TIMER* CRAZY XP MAP How To LEVEL UP FAST in Fortnite CHAPTER 6 SEASON 2! (EARN + FARM XP!),NEW NO TIMER* XP MAP How To LEVEL UP FAST in Fortnite CHAPTER 6 SEASON 2! (EARN + FARM XP!) ▷ 4560-3288-1727 ...,,,0,"['Education', 'maths']",27,
Fe8Q2Lrh7Wk,"BEST LEGIT *NO TIMER* FORTNITE XP MAP to FARM & LEVEL UP FAST in CHAPTER 6 SEASON 2! (750,000!)","BEST LEGIT *NO TIMER* FORTNITE XP MAP to FARM & LEVEL UP FAST in CHAPTER 6 SEASON 2! (750000!) fortnite,how to ...",,,0,"['Education', 'maths']",27,
TgqbQ30BCT4,*NO TIMER* Game Breaking FORTNITE XP GLITCH MAP to LEVEL UP FAST!,NO TIMER* Game Breaking FORTNITE XP GLITCH MAP to LEVEL UP FAST! #fortnite #xp #fortnitexpglitch #fortniteglitch #xp ...,,,0,"['Education', 'maths']",27,
Gw-1SA_JuDg,*NEW* How To Level Up XP FAST in Fortnite CHAPTER 6 (No Timer Map),NEW* How To Level Up XP FAST in Fortnite CHAPTER 6 (No Timer Map) ➡CODE: 3339-1782-7975 ▷ USE CODE LOOTYT ...,,,0,"['Education', 'maths']",27,
M484UlUEUWA,*No Timer* Game Breaking FORTNITE XP GLITCH MAP to LEVEL UP FAST in Chapter 6 Season 2,No Timer* Game Breaking FORTNITE XP GLITCH MAP to LEVEL UP FAST in Chapter 6 Season 2 #fortnite #xp #fortnitexpglitch ...,,,0,"['Education', 'maths']",27,
JvTfOGJP7Ow,"THE BEST *CHAPTER 6 SEASON 2* FORTNITE XP GLITCH to FARM & LEVEL UP FAST in Season 2! (700,000 XP!)",THE BEST *CHAPTER 6 SEASON 2* FORTNITE XP GLITCH to FARM & LEVEL UP FAST in Season 2! (700000 XP!) Instagram ...,,,0,"['Education', 'maths']",27,
JJvwPulvTZI,STOP WASTING STAMINA! The Best XP Farm in Dislyte (Sonic Rift 20 vs. 16) | DISLYTE,00:00 Breakdown 02:14 Lazy ? #dislyte #dislytetv #artiar #シンネオ #眾神派對 #dislyteguide #众神派对.,,,0,"['Education', 'maths']",27,
c8UGAd8w4S0,X-P - Sleepless Night (Visualizer) ft. Ruff An Tuff,X-P - Sleepless Night (visual) Produce by Ruff An Tuff Records Connect with X-P ...,,,0,"['Education', 'maths']",27,
TwfYtZoMLlk,Minecraft but XP = Your Age,Playing Minecraft while XP = Your Age brings a whole new challenge to the game! ✓ New Mob Weapons game out now!,,,0,"['Education', 'maths']",27,
sh1WGp1e8Kw,How i Reached 1 BILLION XP Levels in This Minecraft SMP!,"Minecraft, But Your XP = Your Money Minecraft But i Have Reached 1 Billion XP Levels How i Reached 1 Billion XP Levels in ...",,,0,"['Education', 'maths']",27,
l8LZwCqmhDk,*UNLIMITED XP* Fortnite Creative MAP to LEVEL UP in Minutes!,"IGNORE TAGS (For SEO Purposes Only *NOT A GLITCH!!*) fortnite, how to level up fast in fortnite, Fortnite chapter 6 xp maps, ...",,,0,"['Education', 'maths']",27,
jTczvZYtDBQ,FASTEST METHOD To Get 1.5 Million XP To Get RENEGADE RAIDER NOW In Fortnite! (FASTEST WAY),FASTEST METHOD To Get 1.5 Million XP To Get RENEGADE RAIDER NOW In Fortnite! (FASTEST WAY) #Renegaderaider ...,,,0,"['Education', 'maths']",27,
WjwEh15M5Rw,"What is Agile? | Agile Methodology | Agile Frameworks - Scrum, Kanban, Lean, XP, Crystal | Edureka",#Edureka #DevOpsEdureka #AgileMethodlogy #DevOps #DevOpsCertificationTraining ...,,,0,"['Education', 'maths']",27,
NpCEjtKAa20,What is Agile?,Check out our courses: Complete Java Developer Course Batch-4: https://go.telusko.com/Complete4 Coupon: TELUSKO10 (10% ...,,,0,"['Education', 'maths']",27,
8eVXTyIZ1Hs,What Is Agile Methodology? | Introduction to Agile Methodology in Six Minutes | Simplilearn,This video on What is Agile Methodology by Simplilearn will give an introduction to Agile methodology in Six minutes. This video ...,,,0,"['Education', 'maths']",27,
oTZd2vo3FQU,What is Scrum? | Agile,Check out our courses: Complete Java Developer Course Batch-4: https://go.telusko.com/Complete4 Coupon: TELUSKO10 (10% ...,,,0,"['Education', 'maths']",27,
VFQtSqChlsk,Agile Scrum Full Course In 4 Hours | Agile Scrum Master Training | Agile Training Video |Simplilearn,"In this Scrum Full Course video, we'll teach you everything you need to know about Agile and Scrum. We'll be covering topics like ...",,,0,"['Education', 'maths']",27,
1iccpf2eN1Q,How the agile methodology really works,Follow InfoWorld to satisfy your tech business needs! ---------------------------------- SUBSCRIBE: ...,,,0,"['Education', 'maths']",27,
5OQV_g0Wlkk,Top 10 agile project manager interview questions and answers I project manager Interview questions,#agile #projectmanagement #pmp #projectmanagement #projectmanager #SituationalInterview #servicedeliverymanager ...,,,0,"['Education', 'maths']",27,
ieQzH4HqgQE,PMP Exam 2025 : 100 Agile PMP Questions | The Best Way to Master Agile for PMP Exam Success,"This is one of the best videos we have created so far. With lot of research, talking to the students we have compiled 100 Agile ...",,,0,"['Education', 'maths']",27,
GY2YrKohR0A,Top 10 agile project manager interview questions and answers I project manager Interview questions,#agile #projectmanagement #pmp #projectmanagement #projectmanager #SituationalInterview #servicedeliverymanager ...,,,0,"['Education', 'maths']",27,
Xs6E-MAJbfE,Agile in Software Engineering,Subscribe to our new channel:https://www.youtube.com/@varunainashots ▻Software Engineering (Complete Playlist): ...,,,0,"['Education', 'maths']",27,
8T6b2NhCeUo,Agile Infomix | Redefining Ridhi Sidhi Group’s Real Estate Presence,"At Agile Infomix, we showcase real estate that truly stands out! Ridhi Sidhi Residency offers seamless connectivity and a prime ...",,,0,"['Education', 'maths']",27,
hGY4CE7Ecfw,Agile Methodology In Software Development | How To Explain Agile During An Interview | What Is Agile,Agile Methodology In Software Development | How To Explain Agile During An Interview | What Is Agile #agile #agilemethodology ...,,,0,"['Education', 'maths']",27,
6fKn4rgk4jM,What is Agile Methodology | What is Agile | Intellipaat,"If you've enjoyed this agile video, Like us and Subscribe to our channel for more similar informative videos and free tutorials.",,,0,"['Education', 'maths']",27,
kxk3Kg7LofY,Agile vs Scrum and Flaccid Scrum - Uncle Bob,scrum #agiledevelopment #agilemanifesto #robertmartin #unclebob #martinfowler #cleancode #softwaredevelopmenttips In this ...,,,0,"['Education', 'maths']",27,
4Ugsu2n2cLE,What is Agile? | Atlassian Answered,Agile is a way of working that allows teams to respond and adjust to change... but what does that mean? 0:00 Intro 0:37 What is ...,,,0,"['Education', 'maths']",27,
0wsZS6A2FLk,Waterfall vs Agile Methodology | Backend Software Developer,softwareengineer #softwaredeveloper #java #systemdesign.,,,0,"['Education', 'maths']",27,
Z9QbYZh1YXY,What is Agile?,"This short cartoon answers the question ""What Is Agile?"" and will give you the background to understand the Agile principles and ...",,,0,"['Education', 'maths']",27,
h2Xzq2fbafM,Agile Model | Agile Methodology | Scrum Process | Step By Step Practical Approach,Topics : ----------- 1) Agile Model 2) Agile Methodology 3) Scrum Process ######################### Udemy Courses: ...,,,0,"['Education', 'maths']",27,
8dGdIcyDk1w,Scrum Methodology | Agile Scrum Framework | Scrum Master Tutorial | Edureka,01:17 What is Scrum? 12:15 Scrum Framework 17:24 What is a Sprint? 25:00 Scrum Ceremonies 32:14 Conclusion ...,,,0,"['Education', 'maths']",27,
thsFsPnUHRA,Agile Project Management Tutorial | What Is Agile Project Management? | Simplilearn,This video on Agile Project Management will help us understand the basics of what is Agile Project Management covering all the ...,,,0,"['Education', 'maths']",27,
km7n3DI5IWk,Agile Management | Google Project Management Certificate,This video will prepare you for a career in Agile project management and introduce you to a specific Agile delivery framework ...,,,0,"['Education', 'maths']",27,
9K20e7jlQPA,You're doing agile wrong,Today we're going to talk about a key part of software development that doesn't involve writing software. ❤️ If you would like to ...,,,0,"['Education', 'maths']",27,
NqmRcxpYamA,What is Agile Model? | SDLC Model | Software Development/ Software Testing | Agile Principles,"Also, make sure you know the below answers 1. What is STLC? 3 What exactly do we do in smoke testing? 4 What exactly is ...",,,0,"['Education', 'maths']",27,
5RocT_OdQcA,Agile vs Waterfall: Choosing Your Methodology,"This short video explains the differences between Agile and Waterfall, and gives an example for both of them. Several years ago ...",,,0,"['Education', 'maths']",27,
zi7uGg6FVM4,Agile project management methodology explained (with burgers?!),"Agile ways of working have been proven to help deliver better, more high-quality products to customers, with generally faster ...",,,0,"['Education', 'maths']",27,
vYI7-UD9tEQ,What is Agile? - An Overview,"What is Agile? Why is it still relevant today? In this video, Product Designer and Workshop Facilitator Spencer Ayres shares the ...",,,0,"['Education', 'maths']",27,
WDAQq5vCMME,Key Foundations of Agile & Scrum Project Management | Google Career Certificates,"Agile project management is a modern approach that emphasizes flexibility, collaboration, and iterative development.",,,0,"['Education', 'maths']",27,
iVaFVa7HYj4,What is Kanban? - Agile Coach (2019),"In this video, we'll give you background on how the kanban methodology was developed, what its core principles are, and how it ...",,,0,"['Education', 'maths']",27,
zx2S51M82Ww,Agile Infomix Showcases the Journey of Ridhi Sidhi’s Latest Development!,"At Agile Infomix, we take pride in showcasing the strength and innovation behind Ridhi Sidhi Residency. Built with advanced ...",,,0,"['Education', 'maths']",27,
1tq3tKU6VQQ,"2026.Yamaha MT-15 Review: A Powerful and Agile Motorcycle for Thrilling Rides""","Join us as we take an in-depth look at the Yamaha MT-15, a powerful and agile motorcycle that's perfect for those seeking a ...",,,0,"['Education', 'maths']",27,
1FBra78GBP8,Toyota GR-86 | The Agile Little Sport Car!! @jimpway,"The Toyota GR86 is a lightweight, rear-wheel-drive sports car co-developed with Subaru. It features a 2.4L flat-four engine ...",,,0,"['Education', 'maths']",27,
d4PsNEQ73XI,Agile Meets Green Revolutionizing Egypt 2025,"Discover the Future of Sustainable Construction!** In this thought-provoking video, we dive deep into the groundbreaking ...",,,0,"['Education', 'maths']",27,
lNHGOvFHx_Y,Agile Software Update 6.36,We are excited to announce our most recent update is about to be released. This update provides significant benefits to the Agile ...,,,0,"['Education', 'maths']",27,
9XRgplheEgw,Agile Experts REVEAL the Secret to Effective Storytelling,How Job seekers can use storytelling to demonstrate their Agile experience by sharing impactful challenges and successes.,,,0,"['Education', 'maths']",27,
rbO3dq_GT-Y,Agile Business Analyst Bootcamp / Training - Session 2 - Analysis Framework / Stakeholder Map,Agile Business Analyst Bootcamp / Training - Session 2 - Analysis Framework / Stakeholder Map.,,,0,"['Education', 'maths']",27,
4xwpjzpI2-I,"Master AI, PMP, Agile & Job Assistance with Dr. Sam | Latest Webinar | Strategism | 📺 Webinar Replay","Missed the live session? Watch the full replay of Dr. Sam's exclusive webinar where he dives into AI, PMP, Agile, and job ...",,,0,"['Education', 'maths']",27,
yt2-1NpzfwA,Agile ideas leveraged on Assembly Lines to improve throughput and quality,Video 8 of 99 in an Agile fundamentals series. This particular video addresses the Agile ideas that were leveraged on Assembly ...,,,0,"['Education', 'maths']",27,
mXh9NiLw-Tw,Agile Product Management with Scrum #agile #scrummaster,Are you ready to take your Product Ownership skills to the next level? The Professional Scrum Product Owner™ (PSPO) ...,,,0,"['Education', 'maths']",27,
f2WjxHPygs8,The Future of Agile: How AI Will Revolutionize Project Management,The Future of Agile: How AI Will Revolutionize Project Management Artificial Intelligence is transforming industries—and Agile ...,,,0,"['Education', 'maths']",27,
tdAh8NXLyaI,Agile Excellence in Healthcare - Hesham Sabry - Business Agility Bulgaria 2024,Can Agile methodologies drive innovation in healthcare while navigating strict regulations and high-stakes environments?,,,0,"['Education', 'maths']",27,
vxLDm-13Ny4,Garrick West on 'Building' Great Developers with XP & Agile plus the Best Debugging,Chris Lucian and Austin Chadwick discuss all things #agile and product development from a #MobProgramming perspective.,,,0,"['Education', 'maths']",27,
9TycLR0TqFA,Introduction to Scrum - 7 Minutes,What is Agile Scrum? This video will get you started with the details to you need to start working with Scrum. Visit http:--Uzility.com ...,,,0,"['Education', 'maths']",27,
K7YMEFjh724,Scrum vs Agile: Key Differences Simplified! 🚀 | KnowledgeHut,Master Agile and Scrum Methodologies! Become Agile and Scrum Certified: ...,,,0,"['Education', 'maths']",27,
bB340S0tGf8,Interview with an Agile Coach - Sprint1,Interview with an Agile Coach with Josh Doe - aired on © The Agile. Programmer humor Agile humor Agile jokes Agile memes ...,,,0,"['Education', 'maths']",27,
KNBHQ0pyaG8,Agile Methodology Tutorial for Beginners | Jira Tutorial | Agile Methodology Explained,"This video on ""Agile Methodology Tutorial for Beginners"" explains the fundamentals of Agile methodology & its process.",,,0,"['Education', 'maths']",27,
rf8Gi2RLKWQ,The Agile Manifesto - 4 Agile Values Explained,"See the Agile Manifesto's 4 bold value statements that changed software development forever, and defined agile scrum as we ...",,,0,"['Education', 'maths']",27,
QLvBK9stdoM,An Overview of Agile Development,Agile Development refers to a group of software development methodologies based on iterative development. As a Software ...,,,0,"['Education', 'maths']",27,
tKFs2xQRRIE,What's the difference between Agile and Scrum?,My Scrum Master Certification Guide is now available on Amazon! Check it out here: https://amzn.to/3QmUQ0j Wondering about ...,,,0,"['Education', 'maths']",27,
SHU9dViaFoM,Creator Of Agile Manifesto Doesn't Like Agile???,"Recorded live on twitch, GET IN ### Article https://www.theregister.com/2024/07/16/jon_kern/ By: Richard Speed ### My Stream ...",,,0,"['Education', 'maths']",27,
1VZcOpXyS8A,"""Agile Signaling"" is Gaslighting The Tech Industry",Today most tech companies engage in agile signaling - without even knowing it. They do nothing to make it easy to adapt to ...,,,0,"['Education', 'maths']",27,
xh4EGRKH4rk,SE 11 : Agile Model | Complete Explanation with Examples | Waterfall VS Agile Model,Keep Watching..! Keep Learning..! Thank You..! #csandittutorialsbyvrushali #agilemodel #softwareengineering ...,,,0,"['Education', 'maths']",27,
w5Wr3j4h_1I,268% Higher Failure Rates For Agile,"Recorded live on twitch, GET IN ### Article https://www.theregister.com/2024/06/05/agile_failure_rates/ By: Richard Speed ...",,,0,"['Education', 'maths']",27,
kxk3Kg7LofY,Agile vs Scrum and Flaccid Scrum - Uncle Bob,scrum #agiledevelopment #agilemanifesto #robertmartin #unclebob #martinfowler #cleancode #softwaredevelopmenttips In this ...,,,0,"['Education', 'maths']",27,
CD0y-aU1sXo,Agile Project Management with Kanban | Eric Brechner | Talks at Google,"There's a way to organize your work, stay focused, avoid mistakes, and be hyper-productive that you can learn in five minutes ...",,,0,"['Education', 'maths']",27,
tlB-WAR0j-U,Agile Project Management Full Course | Agile Course | Agile Training | Intellipaat,#AgileProjectManagementFullCourse #AgileCourse #AgileTraining #AgileTutorial #AgileCompleteCourse ...,,,0,"['Education', 'maths']",27,
uZP7pNkNylA,Agile Methodology Work Process (Telugu),Want to know what exactly Agile and scrum methodology work process then this video is perfect for you. Now a days all software ...,,,0,"['Education', 'maths']",27,
FI38PHH3Mhk,Scrum Vs SAFe® | Difference Between Scrum And Scaled Agile Framework | Agilemania,Difference Between Scrum Vs SAFe | Difference Between Scrum & SAFe What are the significant differences between scrum vs ...,,,0,"['Education', 'maths']",27,
BqIOPa-kbLE,Introduction To Agile Software Development Explained in Hindi,Myself Shridhar Mankar an Engineer l YouTuber l Educational Blogger l Educator l Podcaster. My Aim- To Make Engineering ...,,,0,"['Education', 'maths']",27,
PnwhBP_Lmow,What happened to the agile movement? Uncle Bob,agile #agileframework #agilemanifiesto #unclebob #kentbeck #softwareengineering #softwaredevelopement #cleancode In this ...,,,0,"['Education', 'maths']",27,
rE_V_xhiajc,Agile Testing Interview Questions and Answers - 21+ Questions For Freshers & Experienced Candidates,"In this video, we are going to learn about the Top 21+ Agile Testing Interview Questions and Answers. Agile Testing Interview ...",,,0,"['Education', 'maths']",27,
ZZ_vnqvW4DQ,What is Agile Methodology?,"Agile is a collection of values and principles. So what is this ""Agile Methodology"" you keep hearing people talk about? If you'd like ...",,,0,"['Education', 'maths']",27,
XwbEZeo31wA,🔥 Agile Scrum Master Full Course 2023 | Agile Training for Beginners | Simplilearn,"Agile Scrum is a framework for project management and software development that emphasizes collaboration, flexibility, and ...",,,0,"['Education', 'maths']",27,
x2LE3FKGEkA,Agile vs. Waterfall Project Management - Wrike,Agile vs. Waterfall project management — What are the differences and how can each benefit your project? Does Waterfall ...,,,0,"['Education', 'maths']",27,
1evfn3qTYGM,Agile and Scrum in the Real World | Google Project Management Certificate,Learn how to use Scrum and Agile in your daily life. Prepare you to apply Agile thinking and methods to both job interviews and ...,,,0,"['Education', 'maths']",27,
WSflPE_oIRI,"""I Hate Agile!"" | Allen Holub On Why He Thinks Agile And Scrum Are Broken",Allen Holub gives strong opinions on agile and scrum and how their adoption can cause problems within software engineering ...,,,0,"['Education', 'maths']",27,
3KgjfqiN2fE,AGILE versus WATERFALL Project Plans,"********************** What do you put in your Agile Project Plan, versus your Waterfall Project Plan? Despite what people think, ...",,,0,"['Education', 'maths']",27,
gSVBWvoNJ-s,It’s time to move on from Agile Software Development (It's not working),I came across a study which found that software engineering projects have a 268% HIGHER failure rate when agile methods are ...,,,0,"['Education', 'maths']",27,
Q7qip9d7VYM,Agile Has Destroyed Programming - Here's How To Fix It,"In this video, I'm going to talk about how agile has destroyed programming and how to fix it. Agile is a great method for managing ...",,,0,"['Education', 'maths']",27,
vvr-Fd1xYCI,Mastering Agile Estimation: How to Perfect Story Points Estimation,"There is different ways when talking about estimating, we either use relative estimation or Absolute estimation. Relative ...",,,0,"['Education', 'maths']",27,
m5u0P1WPfvs,What Is Scrum? (An Agile Cartoon),What is Scrum? This brief video will introduce you to the general concepts of Scrum and how Agile teams use Scrum to deliver ...,,,0,"['Education', 'maths']",27,
UQWyG3xSr5k,What is Agile Testing? | Agile Scrum Testing Methodologies | Software Testing Tutorial | Edureka,1:11 What is Agile Testing? 1:51 Principles of Agile Testing 3:30 Advantages 4:39 Agile Testing Methods 7:22 Life Cycle 8:43 Test ...,,,0,"['Education', 'maths']",27,
PD_qJmTMjag,Agile principles and values in five minutes,Agile principles and values in five minutes Original Medium post about Agile principles and values: ...,,,0,"['Education', 'maths']",27,
yUOC-Y0f5ZQ,What do product managers do? - Agile Coach,The product manager role continues to be a topic of debate. This is because as teams and organizations grow the responsibilites ...,,,0,"['Education', 'maths']",27,
Oo7gdvJ6FaU,When to Use Agile (and when not to use Agile),When to Use Agile (and when not to use Agile),,,0,"['Education', 'maths']",27,
SWDhGSZNF9M,Scrum in 20 mins... (with examples),This Scrum tutorial will explain how to use this agile like software development method to apply for your next project. Scrum ...,,,0,"['Education', 'maths']",27,
GzzkpAOxHXs,What is Agile?,How do you turn an idea for a coding project into reality? The Agile software development method is one popular approach. In this ...,,,0,"['Education', 'maths']",27,
D5FoRXGa8ic,What is Agile Project Management? Project Management in Under 5,"Everyones is talking about it. And lots of project managers are doing it. So, Agile is clearly important. But what is Agile Project ...",,,0,"['Education', 'maths']",27,
Cg6EYGkZl7k,Agile Methodology 🔥🔥,Agile Methodology in Software Engineering in Hindi is taught in this video tutorial in hindi. This topic is from the subject Software ...,,,0,"['Education', 'maths']",27,
a-BOSpxYJ9M,Agile is Dead • Pragmatic Dave Thomas • GOTO 2015,Pragmatic Dave Thomas - Pragmatic Programmer Turned Publisher @pragdave ABSTRACT Dave Thomas was one of the ...,,,0,"['Education', 'maths']",27,
KeukwUyLZdg,Kanban – simpleshow explains agile methods,Kanban is an agile method for production control using the pull principle. The procedure is based exclusively on the actual ...,,,0,"['Education', 'maths']",27,
qr0eaVUbduM,"Agile, Explained: DevOps","This video explores DevOps, a way to extend Agile principles to encourage collaboration between developers and operations ...",,,0,"['Education', 'maths']",27,
GWxMTvRGIpc,HOW TO USE JIRA | Free Agile Project Management Software (Jira tutorial for Beginners),"IMPORTANT: This Jira link is an affiliate link, which means we will get a commission if you upgrade to a paid plan (with no extra ...",,,0,"['Education', 'maths']",27,
#NAME?,What is Agile Development (Part 1): What is Agile Development?,What is agile development?” It's always been surprisingly hard to get a simple answer to this question. There are esoteric and ...,,,0,"['Education', 'maths']",27,
x-nX23hCwRE,What Is Agile Project Management? - Wrike,Agile is a project management methodology based on four core values and 12 principles outlined in the Agile Manifesto.,,,0,"['Education', 'maths']",27,
qRMglZkKgEQ,Origin and Evolution of Agile | Agilemania,Discover the fascinating origins and evolution of Agile in this video! From its revolutionary beginnings to its widespread impact on ...,,,0,"['Education', 'maths']",27,
Bez7wmAsxjE,The Agile Paradoxon,"Agile software development was to become simpler, faster, and more flexible than previous methods. The agile manifesto ...",,,0,"['Education', 'maths']",27,
KJ5u_Kui1sU,How Agile failed software developers and why SCRUM is a bad idea,"20 years ago Agile has transformed the world of software development, but today's Agile practices and tools fail to catch up and ...",,,0,"['Education', 'maths']",27,
xdak981_v3g,How Testing is Different in an Agile Project,"In this short Scrum Tapas video, Professional Scrum Trainer Peter Gfader talks about how testing can different in an agile ...",,,0,"['Education', 'maths']",27,
mavjI6mhsWE,What Is Scaled Agile Framework? | SAFe Agile Framework Tutorial | SAFe Explained | Simplilearn,"In this video on the Scaled Agile Framework or SAFe, we'll tell you everything you need to know about it. We'll be covering the ...",,,0,"['Education', 'maths']",27,
EDxLpNlc_nM,Agile Is Mid,"Recorded live on twitch, GET IN https://twitch.tv/ThePrimeagen MY MAIN YT CHANNEL: Has well edited engineering videos ...",,,0,"['Education', 'maths']",27,
cWQrJ7DGgXA,Agile Methodology,"Agile Methodology Watch More Videos at https://www.tutorialspoint.com/videotutorials/index.htm Lecture By: Mr. Mahesh, ...",,,0,"['Education', 'maths']",27,
opvLK-1TBr8,Being Agile Values and Principles,"Grow your agile skills to make a difference for yourself, your organisation and beyond with these engaging, inclusive and fun ...",,,0,"['Education', 'maths']",27,
m0Q0tSqn4uk,Agile Interview Questions And Answers | Agile Methodology Interview Questions & Answers |Simplilearn,"In this video on Agile Interview Questions, we'll tell you everything you need to know to ace your Agile interview! With topics ...",,,0,"['Education', 'maths']",27,
gf7pBZxOCtY,The 4 Values of Agile Manifesto Explained!,Get Agile and Scrum Certified Today! Explore our Agile and Scrum Training: ...,,,0,"['Education', 'maths']",27,
QL2GzaZW40o,Scrum vs Agile | Agile vs Scrum | Differences Between Scrum and Agile | Intellipaat,"If you've enjoyed this Scrum vs Agile which is better video, Like us and Subscribe to our channel for more similar informative ...",,,0,"['Education', 'maths']",27,
XLwHeMY0S3I,What is Scaled Agile Framework,Fundamental of Scaled Agile Framework. The Intended audience of this video is new members want to know what is SAFe or ...,,,0,"['Education', 'maths']",27,
6PqmHhJFXp4,Agile 101: How to do a Basic Agile Project,"For all you traditional, predictive project managers out there, who are wondering: how to do an agile project, I am going to answer ...",,,0,"['Education', 'maths']",27,
emevA6uG19o,Course Promo: Agile Project Management,Instructor Shannon Pettiford highlights what students can expect to learn in his Agile Project Management class with Harvard ...,,,0,"['Education', 'maths']",27,
#NAME?,"Complexity, Cynefin, and Agile",Thanks to David Snowden at cognitive-edge.com for the Cynefin framework.,,,0,"['Education', 'maths']",27,
dJNCHvqKljU,Agile Retrospectives Done Right - Agile Coach (2019),Retrospectives are a time for your team to reflect on how things went during the last sprint and talk about ways you could improve ...,,,0,"['Education', 'maths']",27,
Pk2o_Hp1Rsc,What Is Disciplined Agile?,"The Disciplined Agile (DA™) tool kit supplies straightforward guidance to help you, your team, and your enterprise increase ...",,,0,"['Education', 'maths']",27,
VjKYO6DP3fo,"""Agile Architecture"" - Molly Dishman & Martin Fowler Keynote",There is a common misconception that architecture is thrown out the window when a team or organization is developing software ...,,,0,"['Education', 'maths']",27,
5wc8fQn1Y_g,What are Story Points in Agile?,"StoryPoints, #Agile Story Points are a relative unit of measure used for estimating and planning work. If you want to learn more ...",,,0,"['Education', 'maths']",27,
mANyczXTqOY,"Agile, Explained: Daily Standup Meetings","This video takes a closer look at daily standup meetings, a key teambuilding technique in which teams meet daily, often with ...",,,0,"['Education', 'maths']",27,
2Gcz2DPbI3Y,Agile Terminology Explained for PMP and PMI ACP Exam | Agile Methodology,Agile terminology explained for PMP Exam and PMI ACP Exam. Agile methodology terms you need to know for your PMP ...,,,0,"['Education', 'maths']",27,
MesYt7PhLFQ,"Lean, Agile, & Design Thinking by Jeff Gothelf at Mind the Product Singapore 2019","Good product development practices are supposed to be built upon alignment and shared understanding, Jeff Gothelf, Author of ...",,,0,"['Education', 'maths']",27,
jSayJF0epJs,Master Agile with These Proven Techniques,Master the 12 Principles of the Agile Manifesto! Explore our Agile Project Management courses: ...,,,0,"['Education', 'maths']",27,
eVDZJ7_c60c,ماهي منهجية الاجايل المرنة ؟ What is Agile Methodology? (بالعربي),هذا الفيديو يلخص منهجية الاجايل المرنة و العقلية التي تؤسس لها About Mona Shokrof Mona is an experienced Agile Coach who ...,,,0,"['Education', 'maths']",27,
J6oMG7u9HGE,Bruce Feiler: Agile programming -- for your family,"Bruce Feiler has a radical idea: To deal with the stress of modern family life, go agile. Inspired by agile software programming, ...",,,0,"['Education', 'maths']",27,
5uYj4MPBJ24,Mastering Agile Concepts for PMP® and PMI-ACP® Exam Success: 100 Essential Terms Explained,Ready to ace your PMP® exam? Dive into our comprehensive guide to 100 Agile concepts designed to boost your confidence ...,,,0,"['Education', 'maths']",27,
rT1wQS3aCtI,The Difference Between Lean and Agile,Subscribe to our YouTube channel to stay up to date on all of our world-class products and exciting updates: https://goo.gl/YhZF9h ...,,,0,"['Education', 'maths']",27,
mavjI6mhsWE,What Is Scaled Agile Framework? | SAFe Agile Framework Tutorial | SAFe Explained | Simplilearn,"In this video on the Scaled Agile Framework or SAFe, we'll tell you everything you need to know about it. We'll be covering the ...",,,0,"['Education', 'maths']",27,
kzMBIyzq9Ag,What is product management? - Agile Coach,https://www.atlassian.com/agile/product-management The craft of product management is all about creating a shared ...,,,0,"['Education', 'maths']",27,
D3iu2kfZ3w4,Agile Way Of Working,ING Netherlands has implemented an agile way of working to deal with customer demands more quickly. This new way of working ...,,,0,"['Education', 'maths']",27,
8jWKwiIcWPI,Ultimate Jira Tutorial for Beginners (2025) | Free Agile Project Management Tool,"In this updated Jira tutorial for beginners, I share how you can use Jira for agile project management activities (in particular using ...",,,0,"['Education', 'maths']",27,
dHNnYtCj5oc,Disciplined Agile Overview,The Disciplined Agile (DA) tool kit provides straightforward guidance to help organizations streamline their processes in a ...,,,0,"['Education', 'maths']",27,
UxMpn92vGXs,5. Agile Software Development,"In this lecture, the professors discuss Agile software development, and how it relates to project management. License: Creative ...",,,0,"['Education', 'maths']",27,
OUXQvP5mPic,Agile for Hardware Explained The MAHD Way,Hardware-based teams can get the same benefits from agile over traditional processes that SW teams have discovered.,,,0,"['Education', 'maths']",27,
SRRQCDZQ6G4,Agile User Stories | How To Write User Stories | Epic And User Story Examples | Simplilearn,"In this video on agile user stories, we'll help you understand a the major concepts of user stories. We'll cover topics like what exact ...",,,0,"['Education', 'maths']",27,
Et-ND1IOPTw,What is Spike in Agile? | Agile Framework - Techcanvass,"Curious about what is a spike in Agile? Look no further! In this informative video, we break down the concept of Spike, providing ...",,,0,"['Education', 'maths']",27,
axXl3cb0X0k,Agile for Non Software Teams - A Principles based approach,"In this video, we'll explore how non-software teams can benefit from the Agile way of working. Many corporate functions are ...",,,0,"['Education', 'maths']",27,
U_M34gex6q4,What's the Difference Between Scrum and Agile?,Scrum and Agile: How do these terms relate? Is Scrum Agile? Is Agile Scrum? Best-selling Scrum and agile author Mike Cohn ...,,,0,"['Education', 'maths']",27,
XhFVtuNDAoM,Quality Assurance in Agile Software,What is the role of QA in high-quality software development? Is this about quality assurance or quality control? QA is one of the ...,,,0,"['Education', 'maths']",27,
anZcEIQlpoY,SCRUM La méthode agile en 10 minutes (Projet agile),#scrum #projet #agile ↡↡↡ Voir aussi ↡↡↡ ▷ Comment créer une appli : https://www.youtube.com/watch?v=qBVgvgF8SGc Et ...,,,0,"['Education', 'maths']",27,
39WSA1Olbrs,Agile vs Waterfall: Which is Better? | Deliver Projects Using Agile or Waterfall with Examples,"I asked the question below in the PM community and on social media. ""What Project Management Methodology is the best?",,,0,"['Education', 'maths']",27,
hnrsP3FkWFo,Introduction to SAFe | Scaled Agile Framework | KnowledgeHut,"Watch as Priyal Karekar, a Senior IT Professional, SAFe® 5 Program Consultant, and Accredited Kanban Trainer with more than ...",,,0,"['Education', 'maths']",27,
J4ihLROXzPk,Waterfall Over Agile In 2023???,"Kent Beck talks to Dave Farley about the two popular software engineering methodologies, agile and waterfall. Is Waterfall really ...",,,0,"['Education', 'maths']",27,
5P8H4Yh-VhE,Top 10 Agile Project Management Tools for Success,Are you looking for agile tools that will help you successfully run an agile project? In our 10 Best Agile Project Management Tools ...,,,0,"['Education', 'maths']",27,
uGTYKHUHey4,Is Agile Dead? Straight Talk about Scrum and Agile Fatigue,Is Agile dead? What is the future of agile: that movement to incremental and iterative development that started way back in the 80s ...,,,0,"['Education', 'maths']",27,
AIpHxWcB4qo,What Is Agile Project Management?,What Is Agile Project Management? Find out all you need to know here today. . HOW I CAN HELP YOU ...,,,0,"['Education', 'maths']",27,
KLARQSoNAlc,What is Agile Development Methodology? (hint Agile isn't a methodology),"Agile is often called a methodology, but it is really a collection of values and principles. If you forget what Agile is in following a ...",,,0,"['Education', 'maths']",27,
muq1DNyom7o,Agile Manifesto Explained | 4 Agile values | Agile Values Explained | Agilemania,"Understanding of Agile Manifesto - 4 Core Values of Agile In this video, we dive deep into the four fundamental values that form ...",,,0,"['Education', 'maths']",27,
xef_bCjoRCk,SCRUM Model in Software Engineering | Agile Technology,Subscribe to our new channel:https://www.youtube.com/@varunainashots ▻ Agile in Software Engineering: ...,,,0,"['Education', 'maths']",27,
rn4Q8dOuuAk,How To Set Up Agile Team? | 8 Steps Guide | Agile Team Set Up | Agilemania,"How To Set Up Agile Team? How to form an Agile Team? How to Build an Agile Team In this video, discover the essential steps to ...",,,0,"['Education', 'maths']",27,
Pk468MnDUvI,Agile Project Management vs Traditional Project Management | Top Differences Explained | Agilemania,Top difference between agile project management vs traditional project management | agile vs traditional project management ...,,,0,"['Education', 'maths']",27,
tlk8HRqWCZk,What is Agile | Agile Methodology in Software Engineering | Dr. Kapil Govil,"Video Title: What is Agile | Agile Methodology in Software Engineering | Dr. Kapil Govil प्यारे बच्चों, मैं 'डॉ.",,,0,"['Education', 'maths']",27,
YGmP_OEjfoc,Agile Transformation – How does it work?,KPMG ondersteunt organisaties bij dit ingrijpende maar noodzakelijke veranderingsproces naar een Agile & Digitaal operating ...,,,0,"['Education', 'maths']",27,
iMnhzjhkdXM,What Is Sprint Planning in Agile ? | Sprint Planning Meeting in Agile Explained | Simplilearn,"This video, What is Sprint Planning in Agileby Simplilearn, will take you through the detailed concept of Sprint planning in Agile.",,,0,"['Education', 'maths']",27,
S5zrZMyKm9s,the TRUTH about the Agile Coach role...,****** ✨ MY FAVORITE TOOLS ✨ Use my referral links to get some sweet bonuses ⚪ My digital notepad --- Get $40 off ...,,,0,"['Education', 'maths']",27,
nibXkPITQy4,Top 10 agile project manager interview questions and answers I project manager Interview questions,#agile #projectmanagement #pmp #projectmanagement #projectmanager #SituationalInterview #servicedeliverymanager ...,,,0,"['Education', 'maths']",27,
5OQV_g0Wlkk,Top 10 agile project manager interview questions and answers I project manager Interview questions,#agile #projectmanagement #pmp #projectmanagement #projectmanager #SituationalInterview #servicedeliverymanager ...,,,0,"['Education', 'maths']",27,
pd6xjybdEXI,Agile Process Flow For PMP Exam 2025 With 2 Free Giveaways!,Dive into the world of Agile with our lead trainer Gautham Sudakar! Are you struggling to grasp the intricacies of the Agile ...,,,0,"['Education', 'maths']",27,
er9gntPjTJU,Daily Standups: How to Run Them - Agile Coach (2019),"This video covers what stand-ups are, when they happen, who attends, and how to run them. Stand-ups keep everyone on the ...",,,0,"['Education', 'maths']",27,
Q3usaBe1TEY,"Agile Practice Guide 15 Minute Summary (2023 PMP, CAPM & PMI-ACP)","In this video, I will rapidly cover the entire Agile Practice Guide in under 20 minutes for the PMP/CAPM/ACP exam. #pmp #agile ...",,,0,"['Education', 'maths']",27,
53MEdMPzAyQ,POWERFUL AGILE METRICS THAT CHANGE THE GAME,Check out the best Agile metrics to improve productivity and product quality. ▷ Contact Jelvix: hello@jelvix.com | jelvix.com We ...,,,0,"['Education', 'maths']",27,
PJAvVIRFpDg,simpleshow explains: Agile frameworks and methodologies,"Dive into the different types of agile frameworks like Scrum, Kanban, Extreme Programming, Lean, and the Scaled Agile ...",,,0,"['Education', 'maths']",27,
yC_xnw6Qm1g,What Are the Differences Between PRINCE2 vs. Agile in Project Management?,PRINCE2 and Agile are two popular project management frameworks. While PRINCE2 relies heavily on structure and ...,,,0,"['Education', 'maths']",27,
CvGSe9NlaoA,Agile Estimation Techniques | Estimation In Agile | Agile Scrum Tutorial for Beginners | Simplilearn,"In this video on Agile Estimation Techniques, explore Agile Estimation Techniques for effective project planning. We will dive into ...",,,0,"['Education', 'maths']",27,
4JihsBOBbdI,"Uncle Bob C. Martin: Clean Agile, Back to Basics","SparkDevOps (Re)watch Robert C. Martin's talk on Clean Agile set during our Spark DevOps virtual conference, held on June 25.",,,0,"['Education', 'maths']",27,
4OC_j8LwIMw,What is an Agile Coach? Lyssa Adkins & Simon Powers,"Full sound kicks in after Dan's intro (we didn't have an extra mic for him!) In this session, Lyssa and Simon explore the role and ...",,,0,"['Education', 'maths']",27,
GtCoUTlFAis,Agile Model in Telugu & Agile Process | Software Testing | | Agile Model | #Tech agent 2.0 #testing,Agile Model in Telugu & Agile Process | Software Testing | | Agile Model | #Tech agent 2.0 #testing #softwaretesting #software ...,,,0,"['Education', 'maths']",27,
Kh8QpbmprTs,Agile Methodology and Role of Business Analyst in Agile | Live Webinar | Techcanvass,Purpose: You will be able to understand the Agile Methodology in depth. You will be able to understand the difference between ...,,,0,"['Education', 'maths']",27,
qAMEK36w2as,Agile Forecasting... WITHOUT estimates?,"It's almost a given that we take Estimates, mix them up in a certain way, and produce a Forecast. But what if we could Forecast ...",,,0,"['Education', 'maths']",27,
GY2YrKohR0A,Top 10 agile project manager interview questions and answers I project manager Interview questions,#agile #projectmanagement #pmp #projectmanagement #projectmanager #SituationalInterview #servicedeliverymanager ...,,,0,"['Education', 'maths']",27,
we27MNk9AuY,Scrum Master vs Agile Coach - What's the difference?,"In this video, I compare the role of a Scrum Master vs an Agile Coach. Agile transformations are tough and demand a significant ...",,,0,"['Education', 'maths']",27,
Is18sgHy9PA,What Are the 4 Levels of SAFe (Scaled Agile Framework)? | A Step-by-Step Guide | Agilemania,Understanding the 4 Levels of the Scaled Agile Framework | 4 Levels of SAFe Explained | four levels of SAFe explained Join ...,,,0,"['Education', 'maths']",27,
OCL6RkUOShI,Lean vs Agile vs Design Thinking vs... YOU,"In this video, I'll talk about processes and methods when it comes to product and service delivery. The book I feature is by Jeff ...",,,0,"['Education', 'maths']",27,
sV1qOTcZCgk,What Are Agile Frameworks | Agile Team | Agilemania,What is an agile framework? Agile frameworks are designed to lead your team toward continuous delivery while developing ...,,,0,"['Education', 'maths']",27,
Ipjxv5uU1R8,O que é Gestão Ágil de Projetos? #Scrum #Kanban #Agile #Sprint,"Muitas pessoas confundem gestão ágil com determinados frameworks como Scrum, o mais conhecido entre as metodologias ...",,,0,"['Education', 'maths']",27,
SRQ9-7bajmg,Agile and scrum project management in tamil,"In this beginner-friendly video, we explore the fundamentals of Agile and Scrum project management, designed specifically for our ...",,,0,"['Education', 'maths']",27,
UzeSGWAICYw,Что такое Agile? Scrum VS Kanban ДЛЯ НОВИЧКОВ / Про IT / Geekbrains,"Разбираем ещё один термин из мира IT. На этот раз - Agile. Погрузимся в историю, как он создавался. И расскажем про ...",,,0,"['Education', 'maths']",27,
J9i-fBkHzkU,SAFe Agile Interview Questions | SAFe Agile Interview Questions Beginner Level | SAFe Agile,"We are accredited by key leading authorities including AXELOS, APMG, BCS, ICASA, PMI and more. The Knowledge Academy ...",,,0,"['Education', 'maths']",27,
HDLvwcdF7yY,DevOps vs Agile | Difference between DevOps and Agile | Intellipaat,"If you've enjoyed this DevOps vs Agile which is better video, Like us and Subscribe to our channel for more similar informative ...",,,0,"['Education', 'maths']",27,
wpVSbrD3NVA,What is Agile Project Management | Agile Project Management Frameworks | Intellipaat,"This video “What is Agile Project Management?”, will help you understand the basics of Agile Project Management and will guide ...",,,0,"['Education', 'maths']",27,
vhABqaxsIxs,Agile vs Waterfall | Which Software Development Approach Would You Choose,ServiceNow Administrator Developer Real interview || #servicenow #interview This interview is for up to 3 years experience ...,,,0,"['Education', 'maths']",27,
S_6jJ2YyJZU,EXPLAINER VIDEO - EASY AGILE : THE AGILE MIND/MINDSET,In our Easy Agile explainer videos we take you through the core concepts of Agile Methodology. In this video we explain about ...,,,0,"['Education', 'maths']",27,
gE7srp2BzoM,Agile Estimating and Planning: Planning Poker ®,00:00 Agile Estimating and Planning: Planning Poker 00:11 What is Planning Poker? 00:21 Step 1: Deal the Cards 00:35 Step 2: ...,,,0,"['Education', 'maths']",27,
Bcid33tgq8A,What is a Kanban Board? - Agile Coach (2019),"Kanban boards contain five key elements: Visual signals(cards), columns, WIP limits, a commitment point, and a delivery point.",,,0,"['Education', 'maths']",27,
Wgyirv9juFI,Jira Tool | Agile Project Management,Create Stories: 44:29 Create Sprint: 57:29 Sprint Started: 1:00:00 Adding subtask to user story: 1:06:00 Test Management ...,,,0,"['Education', 'maths']",27,
NhbNMEQu7wI,Scrum vs Agile | Difference between Scrum and Agile | Agilemania,Confused about Scrum vs Agile? What is difference between Scrum & Agile? Agile and scrum seem to be confused by most ...,,,0,"['Education', 'maths']",27,
HdE8S2ALvWI,Agile // Dicionário do Programador,"O Dicionário do Programador é o quadro semanal onde você aprende mais sobre termos, tecnologias ou palavras do nosso ...",,,0,"['Education', 'maths']",27,
weP6BLvfzG8,L' Agile qu'est ce que c'est et pourquoi choisir ce mode pour conduire un projet ?,Description d'un projet informatique en mode Agile. Cette vidéo de communication interne présente aux collaborateurs le mode ...,,,0,"['Education', 'maths']",27,
xlmEwPHeO4k,¿Qué es Agile? Metodologías ágiles y agilidad - Agiles 2019,"Con este video (""¿Qué es Agile? Metodologías ágiles y agilidad - Agiles 2019) intento contar qué es Agile (o Ágil) y cómo surgió, ...",,,0,"['Education', 'maths']",27,
gdV0LOrf1EI,Agile Methodology Explained in Tamil | Agile for Developers,"Welcome to our channel, where we delve into the world of Agile methodology and equip you with the knowledge and tools to ...",,,0,"['Education', 'maths']",27,
v6GoKHMa2rI,كيفية ادارة المشاريع عن طريق ال Agile,=== أنا يحيى العربي مهندس برمجيات شغال بقالي أكتر من 10 سنين في المجال. هدفي في الفيديوهات اللي بنزلها اني انشر الوعي البرمجي ...,,,0,"['Education', 'maths']",27,
VkZw9ZfmkE8,Change Management Strategies for Agile Digital Transformations,Agile is a big trend in the digital transformation deployment space. The approach has distinct pros and cons and change ...,,,0,"['Education', 'maths']",27,
ieQzH4HqgQE,PMP Exam 2025 : 100 Agile PMP Questions | The Best Way to Master Agile for PMP Exam Success,"This is one of the best videos we have created so far. With lot of research, talking to the students we have compiled 100 Agile ...",,,0,"['Education', 'maths']",27,
SqvB493oDVc,The Agile Mindset,"Vyond's Kevin Doherty hopped on the phone with his mentor, Ahmed Sidky, to talk about agile software development and what it ...",,,0,"['Education', 'maths']",27,
cDvZaXzQezs,Agile и Scrum на пальцах / О ГИБКИХ методологиях разработки ПО понятным языком,В этом я постарался простыми словами рассказать вам о гибких (проворных) методологиях разработки программного ...,,,0,"['Education', 'maths']",27,
RPPIJSRkLuE,T-Shirt Sizing Agile Estimation Technique Explained | Agilemania,T-Shirt Sizing Agile Estimation is a simple and effective technique used by Agile teams to estimate the effort required for tasks.,,,0,"['Education', 'maths']",27,
ZEJwZVmM_Mg,How Do I Become An Agile Coach | THE BEST Agile Coach Learning Path for Beginners | Agilemania,"How Do I Become An Agile Coach | the best Agile Coach Learning Path for Beginners | In this video, we'll explore the best Agile ...",,,0,"['Education', 'maths']",27,
tNIHysh2ZW4,200 AGILE PMP Questions and Answers - the BEST Preparation for the Exam!,"Here are all 200 PMP Agile Questions with Answers, ideal for preparing for your PMP (Project Management Professional), CAPM ...",,,0,"['Education', 'maths']",27,
KjK3DXt2D4s,All you need to know about Agile practices for PMP® & PMI-ACP® exam,"In this video, we talk about the complete Agile practices overview to give PMP and PMI-ACP aspirants an overview of what ...",,,0,"['Education', 'maths']",27,
pGkXYDEzARY,"The Boss Asked for an ""Agile Project Management Plan"" (SmartSheet Agile Basics)","How do you give an ""Agile Project Management Plan"" to management? Especially when you know how Agile works? There is no ...",,,0,"['Education', 'maths']",27,
XhMF5WjVlGw,Agile Release Train (ART) Role in SAFe Agile Explained | Roles & Responsibilities | Agilemania,"What is agile release train (ART) | Agile release train explained | Agile release train role in SAFe In this video, we dive into the ...",,,0,"['Education', 'maths']",27,
YAGnhQ_XYpQ,Agile in Salesforce | Agile salesforce implementation,When Salesforce Met Agile – Agile vs Waterfall – Introduction to Scrum – Scrum Roles – Scrum Ceremonies – Q&A.,,,0,"['Education', 'maths']",27,
k4iix6ISyUs,Roles and Responsibilities of an Agile Delivery Manager | Agile Delivery Manager | Invensis Learning,"This Invensis Learning video on ""Roles and Responsibilities of an Agile Delivery Manager"" will firstly explain what is agile project ...",,,0,"['Education', 'maths']",27,
Fzr8N-ra4ko,What is Agile Methodology? | Agile Methodology Explained Under 4 Minutes | The Knowledge Academy,"In this video on ""What is Agile? | Agile Methodology Explained Under 4 Minutes | The Knowledge Academy,"" we explain the core ...",,,0,"['Education', 'maths']",27,
Y92DoljtYTk,Agile working: an innovation in the way we work | Anne Cantelo | TEDxWoking,Is going into the office everyday a productive way to work? Anne thinks not and the need that the agile revolution is underway ...,,,0,"['Education', 'maths']",27,
2idGYIY13rQ,Where Agile Gets It Wrong,Agile software development is widely misinterpreted. The values expressed in the Agile Manifesto are just as true and important to ...,,,0,"['Education', 'maths']",27,
kQdD2WmRozE,"Agile, Scrum and JIRA Tutorial - End to End Project Setup and Dashboard in JIRA","In this video, I have explained how to setup JIRA, project and Dashboard. I have covered what is SCRUM framework as well along ...",,,0,"['Education', 'maths']",27,
TaV-d7eKWFc,Agile way of working at ING Belgium,ING Belgium is about to implement an agile way of working to deal with customer demands more quickly. This new way of working ...,,,0,"['Education', 'maths']",27,
BaH04m_fS1c,Introduction to Agile Methodologies | Google Project Management Certificate,"Learn some specific methodologies under the Agile umbrella. They include including Scrum, Kanban, XP, and Lean. Take the ...",,,0,"['Education', 'maths']",27,
Ghf2eEfTrfs,Apply Agile Practices in Your Life and Be Happier | Cynthia Kahn | TEDxBartonSpringsWomen,"Making life decisions based solely on the current media definition of success can cause you to deny your creative side, miss ...",,,0,"['Education', 'maths']",27,
mVP0dQAYdmw,How Do Agile And DevOps Interrelate | DevOps | Agile | How Are The Both Interrelated? | Agilemania,How Agile and DevOps Interrelate? This video demystifies the connection between these two game-changing methodologies in ...,,,0,"['Education', 'maths']",27,
bBArAd0SyWY,Agile Project Management for Business Analysts,"Agile Project Management for Business Analysts // Agile projects are really popular in the software development space, but there ...",,,0,"['Education', 'maths']",27,
jppqK9UVWas,Wat is agile werken?,We leggen je uit hoe agile werkt en hoe het je organisatie helpt. Agile is een manier van organiseren die draait om flexibiliteit.,,,0,"['Education', 'maths']",27,
n397Pv46Ouk,Design Thinking & Agile,The design thinking project life-cycle has 6 well-defined stages. Mapping these stages onto a typical Agile development project ...,,,0,"['Education', 'maths']",27,
GrwZQ4Gthw0,Key skills for driving success as an Agile Coach in IBM Federal Consulting,"What's the secret recipe for Agile success? ‍ In this video, Jed, Senior Strategy Consultant for IBM's US Federal team, reveals ...",,,0,"['Education', 'maths']",27,
1Ezejbv130w,The Fundamental Guide To Agile Coaches |Agile coaching |Their Roles and Responsibilities |Agilemania,Fundamental Guide To Agile Coaches. Roles and Responsibilities of agile coaches. Who is an agile coach? What are their roles ...,,,0,"['Education', 'maths']",27,
UG421_fIL_I,Jira tutorial in Hindi #6 | What is Agile Methodology in Hindi,"inst id: @code.steps this is complete tutorial series for the Jira tool in Hindi. in this video, we learn what is Agile Methodology of jira ...",,,0,"['Education', 'maths']",27,
E5cQ8ZVQI4g,Top 10 Agile Software Tools 2025 | #shorts #agileteams #softwaretools #agile #agilemania,About Agilemania: Agilemania is a small group of passionate Lean-Agile-DevOps consultants and trainers focused on delivering ...,,,0,"['Education', 'maths']",27,
MCwJfETgiVo,Agile Rhapsody - Bohemian Rhapsody Parody - Scrum Team Building - Agile Manifesto in a fun song,Agile Rhapsody Parody Cover - Halftime Show - The ABCs of Agile Product Management. Based on original song “Bohemian ...,,,0,"['Education', 'maths']",27,
4Ugsu2n2cLE,What is Agile? | Atlassian Answered,Agile is a way of working that allows teams to respond and adjust to change... but what does that mean? 0:00 Intro 0:37 What is ...,,,0,"['Education', 'maths']",27,
Tj-lavaMkxU,Brief explanation of agile - This is Agile,A brief explanation of what agile is all about. How does the agile iterative adaptive approach compare with the plan driven ...,,,0,"['Education', 'maths']",27,
JeZ97tYOs5o,Agile estimation techniques,"Want to improve your Agile estimation skills? In this video, we break down the most effective estimation techniques used in Agile ...",,,0,"['Education', 'maths']",27,
VGT-owzF8Eo,What is Agile? | Agile kya hai?,In this video i am going to explain what is Agile methodology with simple examples of realtime and why to use it. Simple example ...,,,0,"['Education', 'maths']",27,
GjLxI1yTWoY,How do I plan out my software development projects (talks about agile development),"agile good, for the most part Discord https://discord.gg/4kGbBaa Newsletter http://eepurl.com/hnderP . GitHub ...",,,0,"['Education', 'maths']",27,
6fnuuGQItCU,Agile Backlog and Sprint Planning,The Agile Backlog and Sprint Planning template set provides an easy way to track sprints and development backlogs using agile ...,,,0,"['Education', 'maths']",27,
7UA5rz3qMP8,Understanding Agile Environment | What is it? | Why it Matters? | It's Core Elements | Agilemania,Understanding the Agile Environment: What Is It? Why It Matters? Core Elements Explained Join our upcoming Trainings ...,,,0,"['Education', 'maths']",27,
2war2oNU8Rw,"Вся менеджерская дичь для программиста в одном видосе Agile, kanban, процессы, покер планирование...","Видео для совсем новичков о том, как проходит рабочий день программиста. Кто проверяет вашу работу? Как пройдет ...",,,0,"['Education', 'maths']",27,
1XMAh8ai1M8,"Agile Marketing, agile marketing in hindi, agile marketing examples, agile methodology,agile meaning","In this video we have quickly revised (Revision फटाफट ) the following topic of Marketing Management Subject : agile, agile ...",,,0,"['Education', 'maths']",27,
UQNg8JfQ3HE,Agile Software Development kya hota hai? Agile Software Development in Hindi,"Doston Software ya web development industry mein Agile word ye bahut baar sunne mein aata hai, lekin kya aapko iska matlab ...",,,0,"['Education', 'maths']",27,
Hm6DvMwJHiU,10 Dakikada Agile | Scrum | Kanban,"Merhaba, Bu videoda Agile nedir? sorusunu açıkladıktan sonra Scrum ve Kanban metodolojilerini anlatıyorum. Ben izlemek değil ...",,,0,"['Education', 'maths']",27,
Xu0nxyebc6g,"IBM’s Agile Transformation, presented by Scrum Alliance",Learn about IBM's transition to Agile.,,,0,"['Education', 'maths']",27,
WBjQ4VDOhfc,Agile project management tutorial for beginners: The 3 SCRUM roles,"simpleshow explains the 3 SCRUM roles and responsibilities: Product Owner, Scrum Master, and Development Team.",,,0,"['Education', 'maths']",27,
mZeVYf83TvA,5 Popular Agile Estimation Techniques | AgileBox,Are you tired of the endless debates and disagreements when it comes to estimating tasks in your Agile projects? Look no further!,,,0,"['Education', 'maths']",27,
gln_wQYwNDY,"Devops, Agile, Testing, Planning for Microservices | SKP's Tech Speak","Sumith Puri is a Highly Experienced Software Architect an Engineering Leader. As of 2024, He Has 19 Years of Progressive Work ...",,,0,"['Education', 'maths']",27,
two-EW6iGms,Awaken the Agile Leader! | Shalini Thirunilathil | TEDxHultLondon,"As one of the leading forces of today's tech industry, Shalini will disclose the secret of becoming successful with the art of agile ...",,,0,"['Education', 'maths']",27,
VbTFW9A__p0,Agile Business Analysis Explained in 3 Min | What is Agile Business Analysis?,"In this video on ""Agile Business Analysis Explained in 3 Min | What is Agile Business Analysis?"", we'll break down the role of ...",,,0,"['Education', 'maths']",27,
8to-dhab6yo,Czym jest Agile?,"Agile w ostatnich latach bardzo zyskało na popularności, niemal przebojem wdzierając się w kulturę zarządzania wielu firm.",,,0,"['Education', 'maths']",27,
iQK620MY_48,"Scrum, Extreme Programming (XP) & Co.: Die agile Lüge // deutsch","Ist der Hype um Agile Methoden vorbei? Im August stellte die dotnetpro provokant die Frage: ""Ist Agilität tot?"" Eine Studie im Juni ...",,,0,"['Education', 'maths']",27,
V8zPS6gZW2k,"David Barros, PMI-ACP, Sydney Chapter: Agile Certified Practitioner Testimonial","Productivity. Collaboration. Communication. These are the three key skills David Barros, a Senior Project Manager and Board ...",,,0,"['Education', 'maths']",27,
NfjTX1TgifY,Doing Estimation in Story Points : Agile Estimation (3 of 4) #PMP #Agile,In this video we are exploring doing agile estimation using planning poker technique Four Videos on Agile Estimation : 1.,,,0,"['Education', 'maths']",27,
Lo0frdMbEUM,Agile Development Explained: How Teams Build Software Smarter!,"Agile Development is a popular approach among teams for building software. This short video explains how Agile' s flexible, ...",,,0,"['Education', 'maths']",27,
3ksVqQoZiSE,APA ITU AGILE? | Agile in 5 Minutes with Coach Athar Januar,"Apakah agile itu? Apa yang membedakan dengan yang bukan agile? Sebelum berbicara teknis kerja secara agile, kita perlu ...",,,0,"['Education', 'maths']",27,
80PevHArDu8,Agile Là Gì? | Cách Áp Dụng Agile Để Nâng Cao Hiệu Suất Làm Việc,"Agile đang nổi lên như là một mô hình quản lý tối ưu dành cho các doanh nghiệp, đặc biệt là các Công ty công nghệ bởi sự linh ...",,,0,"['Education', 'maths']",27,
VFm3WfZm8iI,#1 AGILE: Co to jest Agile?,"Jeżeli chcesz, żeby Twój zespół pracował projektowo – napisz do mnie maila: Mariusz.Kapusta@leadership-center.pl 0:00 Co ...",,,0,"['Education', 'maths']",27,
_rS3KhZ2sSg,Agile Principles And Values In 12 Minutes | Agile Principles Explained | Agile & Scrum | Simplilearn,"Dive into the world of Agile with our concise video, ""Agile Principles And Values"". This video is your ultimate guide to ...",,,0,"['Education', 'maths']",27,
ZZlg42OMc40,"Your Project Is FAKE Agile, What Now?",It's finally sinking in. Your software project is FAKE agile. Is there anything you can really do about it? The sad reality is that more ...,,,0,"['Education', 'maths']",27,
LEPLaYcdgeg,Crafting Effective Agile User Stories: A Guide,Crafting Effective Agile User Stories: A Guide Embark on a journey to master the art of crafting Agile user stories with our ...,,,0,"['Education', 'maths']",27,
vtU4cdfVixQ,What is Agile And Scrum In SDLC | Imp Terminology | Telugu,"SDLC, Agile, and Scrum are some of the most important concepts in software development. This video explains all three of these ...",,,0,"['Education', 'maths']",27,
adFWiIFcYuE,10 Agile Questions with Answers (for PMP or ACP Exam Practice),Here are 10 Agile questions and answers ideal for preparing for your Project Management Professional exam (PMP) or Agile ...,,,0,"['Education', 'maths']",27,
cYsqFHi4fdI,Manage an agile project with Sprints,Learn how to prioritize tasks into time-boxed periods with the Sprints feature in Project. Learn more about Microsoft Project: • Try ...,,,0,"['Education', 'maths']",27,
Ey0Cl7phFY8,Agile CRM Honest Review - Watch Before Using,This video is about: ▷ Agile CRM Honest Review - Watch Before Using Useful links: • Shopify for 1$ ▷ bit.ly/3AvawKr • SurfShark ...,,,0,"['Education', 'maths']",27,
iVaFVa7HYj4,What is Kanban? - Agile Coach (2019),"In this video, we'll give you background on how the kanban methodology was developed, what its core principles are, and how it ...",,,0,"['Education', 'maths']",27,
KeukwUyLZdg,Kanban – simpleshow explains agile methods,Kanban is an agile method for production control using the pull principle. The procedure is based exclusively on the actual ...,,,0,"['Education', 'maths']",27,
mH48_b9G4t4,What is Kanban? | Principles & Benefits of Kanban.,"In this video, you are going to learn the 'KANBAN' methodology. Topics that I have covered are - 1. What is a kanban? Meaning ...",,,0,"['Education', 'maths']",27,
rIaz-l1Kf8w,Scrum vs Kanban - What's the Difference?,Scrum and Kanban have much in common - and some striking differences. Watch the video... and grab your FREE CHEAT SHEET ...,,,0,"['Education', 'maths']",27,
CD0y-aU1sXo,Agile Project Management with Kanban | Eric Brechner | Talks at Google,"There's a way to organize your work, stay focused, avoid mistakes, and be hyper-productive that you can learn in five minutes ...",,,0,"['Education', 'maths']",27,
zG0wBJQJaK8,What is Kanban? Kanban Visual Systems Explained in 4 stages Easily.,"Topics Discussed: Understanding Kanban, and Kanban Visual Systems Explained in 4 stages. Production Planning and Control ...",,,0,"['Education', 'maths']",27,
vU1Qp3dwnQs,What is Kanban? | Explained for Beginners in 6 Minutes,"In this video, you will learn the essentials of the Kanban method as we cover the following topics: 00:00 The history of kanban ...",,,0,"['Education', 'maths']",27,
R8dYLbJiTUE,"Intro to Kanban in Under 5 Minutes (What is Kanban, Learn Kanban)",What is Kanban? This video will help you learn the essentials of Kanban and how it relates to the Scrum software development ...,,,0,"['Education', 'maths']",27,
JCeQYXEwhac,Scrumban The Agile Hybrid That Brings the Best of Scrum and Kanban,Tired of the rigidity of Scrum but overwhelmed by the openness of Kanban? Discover how Scrumban strikes the perfect balance to ...,,,0,"['Education', 'maths']",27,
uKqpIqFOA70,What Is Kanban? | Introduction To Kanban | Kanban Tutorial | Agile Training | Simplilearn,"In this video, we'll explore Kanban, a dynamic project management methodology originating from Japanese manufacturing.",,,0,"['Education', 'maths']",27,
Eq0306zMUXs,Kanban Methodology In Agile | Kanban Tutorial | Agile Training For Beginners | Simplilearn,Kanban is a visual project management and workflow management methodology that originated from lean and agile principles.,,,0,"['Education', 'maths']",27,
0wOxPzwjSYU,Kanban vs Scrum | A quick guide,"Kanban and Scrum are two distinct methodologies used in project management, particularly in software development, but they ...",,,0,"['Education', 'maths']",27,
_GPq2t2hHlo,The Kanban View | monday.com tutorials,"In this video, Hannah shows you how to use The Kanban View on monday.com to organize and manage your workflow like a pro.",,,0,"['Education', 'maths']",27,
hIq-7itaUQo,Kanban Board Mastery with EdrawMind | From Chaos to Clarity,kanban #wondershare #edrawmindv12 #gurrutechsolutions #kanbanboard Download link：https://bit.ly/4g2q8Vc Black Friday ...,,,0,"['Education', 'maths']",27,
pxxmSLJj8FQ,Scrum vs Kanban | Differences & Similarities Between Scrum & Kanban | Invensis Learning,"This video on ""Scrum vs Kanban"" explains what is Scrum & Kanban. Then you will understand the differences and similarities ...",,,0,"['Education', 'maths']",27,
3IFQ3jkpMUE,Beginner's Guide to Kanban for IT Project Managers,Every IT Project Manager must know Kanban. But Kanban is simple only on the surface. There are lots of critical concepts under ...,,,0,"['Education', 'maths']",27,
Bcid33tgq8A,What is a Kanban Board? - Agile Coach (2019),"Kanban boards contain five key elements: Visual signals(cards), columns, WIP limits, a commitment point, and a delivery point.",,,0,"['Education', 'maths']",27,
Oux-frfCLCo,What is Kanban? - An Introduction to Visual Kanban System,Kanban is a visual system for managing work as it moves through a process. Kanban visualizes both the process (the workflow) ...,,,0,"['Education', 'maths']",27,
Lib1vFmfCng,What is Kanban? Kanban Explained with a Coffee Cup,There's a lot to be learned from what goes on in a Coffee Shop. You'll never look at that cup of Joe in the same way again.,,,0,"['Education', 'maths']",27,
7MDWfAsrrtw,Kanban Tutorial: How to Setup a Kanban Board | Project Management | Productivity Tools | Ed Tchoi,Kanban is a simple and effective project management tool that everyone can use. All you need to build a Kanban Board are: ...,,,0,"['Education', 'maths']",27,
cBraNRu-v4k,You are doing Kanban wrong,Should your team use Kanban? Is it better than Scrum? Find out what you absolutely need to do Kanban the right way. You can't ...,,,0,"['Education', 'maths']",27,
u74cpU8qo3E,Kanban System Explained with a Real Life Example,"Kanban System is explained in this video with a parallel with a restaurant. ✓ Lean Training: Easier, Better, Faster, and Cheaper ...",,,0,"['Education', 'maths']",27,
zEJn6eQO6FE,Kanban WIP limits - Agile Coach (2019),WIP limits work by setting a maximum number of kanban cards that can be in any one stage of kanban board concurrently. A WIP ...,,,0,"['Education', 'maths']",27,
HkBzSCpIR5I,Master Project Management with This Simple Framework | Weekly Task Breakdown Strategy | Sahil Khanna,"Tired of project delays, chaos, and last-minute stress? This video is your complete guide to planning a project from scratch to ...",,,0,"['Education', 'maths']",27,
#NAME?,MCP + Notion: The Ultimate PM Workflow Tutorial (Kanban & Gantt),"Upgrade your Notion experience with this powerful MCP integration - perfect for product managers, project managers, ...",,,0,"['Education', 'maths']",27,
VMHfRp5ZoJ4,How I Organize My ITBs from Gmail into Ganarpro with a Kanban Board,This video is a complete walkthrough on managing ITBs from Gmail to Ganarpro using the Kanban workflow. You'll learn how to ...,,,0,"['Education', 'maths']",27,
#NAME?,Creating and tracking bid invitations through the Ganarpro Kanban system,The Ganarpro Kanban Board offers a streamlined and efficient way to manage and organize Invitations to Bid (ITBs). Users can ...,,,0,"['Education', 'maths']",27,
kRTgoBiL1nQ,What Is Kanban Flow? - The Personal Growth Path,What Is Kanban Flow? Have you ever wondered how teams can effectively manage their tasks and workflows in a busy ...,,,0,"['Education', 'maths']",27,
BeQyNuQGO-E,MD-Premium Ticketmanagement - Kanban Prinzip & Setup (7/9),Weitere Videos: https://www.multidata.at/Product/Videos Unser Blog: https://www.multidata.at/Blog/Home Unsere Homepage: ...,,,0,"['Education', 'maths']",27,
khBsaBnWY5s,How Does Kanban Help With Workflow Management? - BusinessGuide360.com,"How Does Kanban Help With Workflow Management? In this informative video, we will discuss how Kanban can enhance ...",,,0,"['Education', 'maths']",27,
W5NWf83GTCc,How ADD BACKLOG VIEW In Kanban Board In Jira (2025),"In this Jira tutorial, I'll show you how to add backlog view in Kanban board in Jira The method is very simple and clearly described ...",,,0,"['Education', 'maths']",27,
swE6OpjaHuY,Is Kanban An Agile Methodology? - The Personal Growth Path,"Is Kanban An Agile Methodology? In this video, we'll dive into the fascinating world of Kanban and its connection to Agile ...",,,0,"['Education', 'maths']",27,
l0vjETWXhhc,S2 E33 Kanban does (not) work for teams with unstable workflow,"Many believe Kanban only works for teams with a stable workflow, but is that true? In this episode, Soma and Orod break down ...",,,0,"['Education', 'maths']",27,
TAAgzEli95g,How To MAKE A KANBAN BOARD In Trello For Beginners (Full Guide),"In this Trello tutorial, I'll show you how to make a Kanban board in Trello for beginners The method is very simple and clearly ...",,,0,"['Education', 'maths']",27,
jf0tlbt9lx0,Kanban 101 - What is Kanban?,A brief introduction to Kanban in it's most basic form. This simple tutorial explains how such a board can be used to improve ...,,,0,"['Education', 'maths']",27,
zT0Gg63rNec,When to use Kanban over Scrum?,If you're using Scrum but constantly fail to see any benefit then it's likely that Scrum isn't the right framework for you and you ...,,,0,"['Education', 'maths']",27,
IYt_IjLFGCY,An Introduction to Kanban,"In this video, I provide a basic introduction to Kanban. Is it an Agile framework or a Lean framework? I also talk about 4 kanban ...",,,0,"['Education', 'maths']",27,
XpK1vXM5Dd0,Basics of Kanban Boards for Project Management with Ricardo Vargas,Basics of Kanban Boards for Project Management with Ricardo Vargas Learn one of the most simple and applicable tools to help ...,,,0,"['Education', 'maths']",27,
ngeEVPG5ZHo,Lean Manufacturing - Kanban,"Did you know the word ""Kanban"" is of Japanese origin and translates to ""billboard"" or ""signboard""? It is one of the Lean ...",,,0,"['Education', 'maths']",27,
qp7Wc6ba_fc,What is a Kanban Board? | The Ultimate Guide for Beginners,Chapters: 00:00 What is a Kanban board? 00:18 Key elements of a Kanban board 00:39 Kanban columns 00:39 Kanban cards ...,,,0,"['Education', 'maths']",27,
7MDWfAsrrtw,Kanban Tutorial: How to Setup a Kanban Board | Project Management | Productivity Tools | Ed Tchoi,Kanban is a simple and effective project management tool that everyone can use. All you need to build a Kanban Board are: ...,,,0,"['Education', 'maths']",27,
19dMPv0pOGE,The difference between Kanban and Scrum,My Scrum Master Certification Guide is now available on Amazon! Check it out here: https://amzn.to/3QmUQ0j ************ What's ...,,,0,"['Education', 'maths']",27,
cBraNRu-v4k,You are doing Kanban wrong,Should your team use Kanban? Is it better than Scrum? Find out what you absolutely need to do Kanban the right way. You can't ...,,,0,"['Education', 'maths']",27,
GCP48FWfTps,YDS: How Do You Know When to Use Scrum or Kanban?,How Do You Know When to Use Scrum or Kanban? Let's explore the options this situation presents. All of this and more are ...,,,0,"['Education', 'maths']",27,
iszXOIq2MTg,Kanban Metrics to Improve your Performance,"Kanban metrics are the health indicators of an organization's processes and workflow. With their help, you can identify and tackle ...",,,0,"['Education', 'maths']",27,
xhxncRy-_Rk,What is Kanban? How It Works and Boosts Team Productivity,What is Kanban? How It Works and Boosts Team Productivity Kanban is a widely-used framework that helps professional ...,,,0,"['Education', 'maths']",27,
vOMybGPl-Yg,Kanban Power Explained in Less Than 5 minutes | Agilemania,"Kanban, a powerful Lean methodology, has emerged as a game-changer for teams seeking to streamline their workflows, ...",,,0,"['Education', 'maths']",27,
CKWvmiY7f_g,Agile Project Management with Kanban: Eric Brechner Presentation,"There's a way to organize your work, stay focused, avoid mistakes, and be hyper-productive that you can learn in five minutes ...",,,0,"['Education', 'maths']",27,
NReARxzkxPY,What Is Kanban Planning?,"Unlike traditional project estimation, Kanban planning uses probabilities rather than exact dates for planning. Kanban planning is ...",,,0,"['Education', 'maths']",27,
FmZ-tAV-Gb0,The Kanban Method | David J Anderson | Kanban Experts Series,Kanban University presents the first video in our Kanban experts series. David J Anderson provides a quick review of The Kanban ...,,,0,"['Education', 'maths']",27,
D3GSL8ahmBM,Control your inventory with Kanban cards,Lean manufacturing tools and techniques to simplify processes.,,,0,"['Education', 'maths']",27,
og-rQ8BYEHY,Create Project Boards with Kanban Layout | Glide Pages Tutorial for No Code App Development,"In this tutorial video, we will guide you on how to create project boards with the Kanban layout using Glide Pages. If you're looking ...",,,0,"['Education', 'maths']",27,
xjcvHJZDlNY,What Is Kanban in Project Management?,"Kanban is a popular project management framework used by teams across the globe. It is part of the Agile family, which means it ...",,,0,"['Education', 'maths']",27,
pGgfpWI4Lxg,What is Kanban in Project Management? Introduction to Kanban,"In this project management tutorial video (What is Kanban), we will discuss an essential technique used in project management, ...",,,0,"['Education', 'maths']",27,
4Vf4x0RQd74,Scrum vs Kanban | Difference Between Scrum And Kanban | Agile Methodology | Simplilearn,"Whether you're new to software development or have some experience in the field, you're likely familiar with the terms Scrum and ...",,,0,"['Education', 'maths']",27,
f5hJdbxl66Y,How to make a Kanban Board in Excel,"How to make a Kanban board in Excel, with movable dynamic Kanban cards you can move across your Kanban board. Great for ...",,,0,"['Education', 'maths']",27,
W8dKoRjFvTY,What is Kanban? Project Management in Under 5,"Kanban originated in the manufacturing sector. But, recently, it has become a popular approach to managing projects. This is ...",,,0,"['Education', 'maths']",27,
qm7ejJsOvKc,Kanban Project Management - How to execute a project with Kanban,Kanban Project Management - How to execute a project with Kanban Let's say you did the basics of setting up your Kanban ...,,,0,"['Education', 'maths']",27,
VtFJhHEieHM,Kanban Project Management Explained in 3 Mins! | Everything You Need To Know,"In this video, we'll delve into the world of Kanban project management, a methodology that has its roots in the Toyota production ...",,,0,"['Education', 'maths']",27,
0g0wyOrpVwU,"STEP by STEP Excel Kanban, Task or Activity Board | Agile Scrum Project Tasks",This video shows you how to create a Kanban / Task board in Excel for Project Management or any other Task/Activity.,,,0,"['Education', 'maths']",27,
bTqlZTrd14M,The Top 4 Benefits of Using Kanban for Project Management,Are you a Project Manager looking for a new workflow that could potentially reduce wasted time and improve concentration for ...,,,0,"['Education', 'maths']",27,
L6SIbMP39Lc,Kanban - a Core Agile and Lean Framework | Agile Practice Guide,"Let's look at Kanban, or the ""Kanban Board"" you may have heard about as part of Lean or Agile project management. Yes ...",,,0,"['Education', 'maths']",27,
BXStQwrn2N4,Learn Kanban in Less than 10 min,"Kanban is a change management method designed to help you visualize your work, maximize efficiency and be agile. Kanban is ...",,,0,"['Education', 'maths']",27,
zSVB8kh9rqs,"Kanban VS Scrum // Definitions, Pros & Cons || Crema","Technology #BusinessStrategy #Workshops #UXDesign Innovation doesn't happen on its own. We can help you discover, ...",,,0,"['Education', 'maths']",27,
LFYnkFq3ITE,What is Kanban? From Coffee Shop to Kanban Card,"Can we take what we learned in the coffee shop and apply it to our Agile/Kanban boards? Yes, we can!",,,0,"['Education', 'maths']",27,
b2qtCZV1-GU,What Is a Kanban Board? How Does It Help You Visualize Tasks Better,"In this video, we'll share a closer view of Kanban boards, and how you can use them to visualize tasks better. Let's begin with ...",,,0,"['Education', 'maths']",27,
81I4Dsh6H-w,Kanban Tutorial: How to Setup a Kanban Board I What is Kanban? The Essentials of the Kanban Method,"In This Video, Priyanka shared Kanban Tutorial: How to Setup a Kanban Board I What is Kanban? The Essentials of the Kanban ...",,,0,"['Education', 'maths']",27,
UzrpG07shdU,Task Planner KanBan Board Matrix,Experience next-level task organization and efficiency with our Tasks Planner Kanban Board Excel Template. This dynamic tool ...,,,0,"['Education', 'maths']",27,
Jhxy-t-yXGs,"KANBAN meaning, Kanban examples in manufacturing, kanban system, kanban in operations management","kanban, kanban examples in manufacturing, kanban system, kanban board, kanban meaning, kanban in operations management ...",,,0,"['Education', 'maths']",27,
r7ZIt5aicvc,Scrum vs Kanban Boards for Scrum Masters in Jira | Atlassian Jira,"Scrum vs #Kanban boards, everything you need to know! Do not miss out on these amazing tips and tricks. While the two ...",,,0,"['Education', 'maths']",27,
K9b4JC5CsQs,KANBAN O QUE É? (05 Passos Práticos para Produzir Mais e Ganhar Mais),KANBAN O QUE É? (05 Passos Práticos para Produzir Mais e Ganhar Mais) KANBAN O que é? Sabia que esse método ou ...,,,0,"['Education', 'maths']",27,
Tw1DcKeayac,Kanban in Jira Software (team-managed projects),"Kanban, along with its sister framework scrum, are the most popular agile methodologies today. By visualizing work, limiting work ...",,,0,"['Education', 'maths']",27,
y2w4nduCop0,How to make a Kanban board on MS Teams Planner to organise projects- Coffee Project Ep 13,"A quick tutorial on how to make Kanban boards on MS Teams, using Planner. It's a super handy to break projects down into ...",,,0,"['Education', 'maths']",27,
X0HWGFNAeZY,Getting stuff done with Kanban,"This video introduces you to the Japanese task management tool Kanban. It's a simple, ADHD-friendly tool which develops your ...",,,0,"['Education', 'maths']",27,
UfREh6VH6C4,How to Create a Kanban Board in Jira: A Step by Step Guide | Jira Tutorial,"Are you looking to set up a Kanban board in Jira? In this video, we'll show you step-by-step on how to create a Kanban board in ...",,,0,"['Education', 'maths']",27,
1JOSm5tUQmE,Kanban // deutsch,"Kanban ist eine agile Methode, die aus einem von Toyota entwickelten System zur Lean-Production entstanden ist. Wie Scrum ...",,,0,"['Education', 'maths']",27,
DRKwskZzZII,When To Use Kanban Over Scrum?,"In this video, I discuss when to use Kanban over Scrum and when Scrum is unnecessary. ************************** Link to ""Agile ...",,,0,"['Education', 'maths']",27,
4IhfzA1fJVw,Manage your workflow with Kanban,"When it comes to managing workflows and staying on top of tasks and projects, Kanban is one of the best tools to have in your ...",,,0,"['Education', 'maths']",27,
nhOPH0NltRw,Kanban Methodology to Revolutionize Your Workflow | Boost Your Productivity with Kanban Boards!,"Discover the power of Kanban in this comprehensive video tutorial, designed to enhance efficiency within Agile teams. Learn the ...",,,0,"['Education', 'maths']",27,
l0ClZVTr0yU,Kanban Boards Tutorial in Anytype,"Learn how to create a Kanban board, or convert an existing set of objects into a Kanban board.",,,0,"['Education', 'maths']",27,
4LyHPTsLMa4,WHAT IS THE KANBAN TECHNIQUE? | OMG Planners with Laurel Denise,Hey friends! Do you ever feel like you're constantly losing track of tasks and deadlines? Would a visual approach help you stay ...,,,0,"['Education', 'maths']",27,
jCrXzgjxcEA,Kanban with Azure DevOps,Unlocking Kanban's Full Potential with Azure DevOps: A Deep Dive - Discover how Azure DevOps transforms Kanban for hybrid ...,,,0,"['Education', 'maths']",27,
QI90LBuFiL4,Kanban OU Scrum? QUAL A DIFERENÇA? - Metodologias ágeis,Descubra as as diferenças das duas metodologias ágeis mais populares: Scrum e Kanban! Kanban OU Scrum? QUAL A ...,,,0,"['Education', 'maths']",27,
#NAME?,How to Create a Kanban Board for Personal Life Projects | Project Management System,"Hi friends! I'm excited to show you how to make a simple kanban board for use at home, to track your personal projects. Enjoy!",,,0,"['Education', 'maths']",27,
vMSx5sCb4NY,Kanban - Playthrough & Review,"Subscribe for weekly videos! Welcome to week 3 of our Vital Lacerda series! This is ""Kanban,"" released originally in 2014.",,,0,"['Education', 'maths']",27,
DG_R4q-Nv-8,Kanban Boards In Jira Explained - Tutorial,Check out how you can make a Kanban work for you! In this video we make it look so simple that anyone can do it. If you are ...,,,0,"['Education', 'maths']",27,
K4TmQLVQzFM,How Kanban Works in 6 easy steps #kanban,In this video we will be looking at how Kanban Works in 6 easy steps. Kanban is really one of the simplest Agile ways of ...,,,0,"['Education', 'maths']",27,
3EgvoWKNn64,What is Kanban in Lean Manufacturing ? [ KANBAN ] #Kanban system in manufacturing | Kanban Explained,Kanban Method [ KANBAN ] #Kanban system in manufacturing | Kanban Explained | Kanban Card system. This video talks about ...,,,0,"['Education', 'maths']",27,
U-vdkR1Birw,5 REASONS WHY KANBAN IS BETTER THAN SCRUM 🤯,Here's what we will cover: - What is Kanban? - Did Taiichi Ohno create kanban? - What is the kanban guide and how to download ...,,,0,"['Education', 'maths']",27,
Ux7nHTvbm_A,SETTING UP A KANBAN BOARD :: PLANNER IDEAS FOR PRODUCTIVITY & GOAL SETTING IN A HAPPY PLANNER,It's time to achieve our goals! Join me as I create a FUNctional kanban board to tackle my biggest project-based goal.,,,0,"['Education', 'maths']",27,
mT9wIFztYeA,JIRA Kanban Tutorial,"How do you setup a kanban board in JIRA? We're going to show you step by step how to create the board, set up the columns, ...",,,0,"['Education', 'maths']",27,
GOgWEtkay9I,Introducing Kanban Framework in Zoho Sprints,Welcome to What's new in Zoho Sprints! We're excited to introduce the all-new Kanban framework in Zoho Sprints. In this video ...,,,0,"['Education', 'maths']",27,
WjwEh15M5Rw,"What is Agile? | Agile Methodology | Agile Frameworks - Scrum, Kanban, Lean, XP, Crystal | Edureka",#Edureka #DevOpsEdureka #AgileMethodlogy #DevOps #DevOpsCertificationTraining ...,,,0,"['Education', 'maths']",27,
W_P0rVglv5s,Using Scrum and Kanban Boards in Jira Cloud,"Learn how to create Scrum and Kanban boards in Jira, and learn how each helps your team plan and get work done. For more ...",,,0,"['Education', 'maths']",27,
QZCkB358um0,Kanban Board Excel Template | Streamline your Workflow in Excel!,The Kanban Board Template lets you display the projects depending on the selected board and the filter you choose. You may ...,,,0,"['Education', 'maths']",27,
aeo1JcdHjGU,Kanban: Toyota Corporation to Software Development,Join me as we trace the history of Kanban from supermarket shelf... to Toyota Corporation... to Software Development.,,,0,"['Education', 'maths']",27,
3jQUyMgsnxg,Virto Kanban Board for Microsoft Teams,"Virto Kanban Board seamlessly integrates with Microsoft Teams, allowing users to efficiently manage tasks within the Microsoft ...",,,0,"['Education', 'maths']",27,
6lGQIlnHUww,How to Make a Kanban Board in Trello (beginners example),This is a very basic introduction to the concept of Kanban and how to use Trello to make a kanban board for your work team.,,,0,"['Education', 'maths']",27,
w-st9fGVM3c,Metodología Kanban,Centro Javeriano de Emprendimiento Tablero Kanban Síguenos en: - Twitter https://twitter.com/Emprende_PUJ - Linkedin ...,,,0,"['Education', 'maths']",27,
8wY2hsIosFM,Just-in-time and Kanban,Sven Januszek gives a brief introduction to Just-in-time production and the Kanban method. It is one of the videos of the #POM4all ...,,,0,"['Education', 'maths']",27,
PzMlb9awh4A,Inogic’s Kanban Board Transforms Your Workflow in Dynamics 365 CRM,Are you overwhelmed by a chaotic sea of to-do lists and unorganized projects? You're not alone—nearly 70% of workers struggle ...,,,0,"['Education', 'maths']",27,
VgdL5AnxVp8,Cheat Sheets: Scrum vs Kanban vs Scrumban,"Scrum, Kanban and Scrumban are the dominant Agile frameworks. But are they all FRAMEWORKS? Scrum certainly is. Kanban ...",,,0,"['Education', 'maths']",27,
8ygtITwLuLc,Kanban einfach erklärt 💡 So nutzt du ein Kanban Board im (agilen) Projektmanagement,"Der Begriff Kanban fällt häufig, aber leider wird er selten erklärt. Deshalb ist es wichtig, sich doch einmal anzuschauen, wo es ...",,,0,"['Education', 'maths']",27,
uNZIF3_wzwM,STEP by STEP Easy to do Task Board/Kanban in EXCEL | No VBA or complex Formula | Simple Design,"This video shows you how to create a Kanban / Task board in Excel. Whether you're into Agile, new to Kanban, manage your ...",,,0,"['Education', 'maths']",27,
1ThLgkh8Urw,Create a digital KANBAN BOARD with TRELLO | Productivity Tool,Create a digital KANBAN BOARD with TRELLO // Ready to learn about another of my favorite productivity tools? Not only have a ...,,,0,"['Education', 'maths']",27,
byme5pXAKCo,Kanban Approach,"This lecture talks about SIPOC - Process Map, concept of Kanban System, Kanban Board, characteristics and visual metrics.",,,0,"['Education', 'maths']",27,
JUMrFfWJjNM,Kanban - what it is and how to use it,Kanban is a lean manufacturing technique that is used to decrease inventory and improve the management. It is very simple yet ...,,,0,"['Education', 'maths']",27,
qW8ARSdNbKY,Scrum or Kanban - The Key Differences You Need to Know,"In this video, we break down the essential differences between Scrum and Kanban, two of the most popular Agile methodologies ...",,,0,"['Education', 'maths']",27,
56ECG9mND3k,Kanban Board Setup & Task Planning | August 2024,Set up your monthly tasks with me! Join me as I break down my tasks for this month. Achieve Your Goals Using the HB90 Method ...,,,0,"['Education', 'maths']",27,
YQz7wRDoOaA,Zoho Sprints Kanban Project Overview,This video provides you with a brief introduction to Kanban project management in Zoho Sprints.,,,0,"['Education', 'maths']",27,
6GFuIwapKSM,Personal Kanban and Micromanagement,"At one time or another, we've all lost faith in a process and reacted by wanting to keep track of every detail. We want to make sure ...",,,0,"['Education', 'maths']",27,
hbhOHErOkaI,¿QUÉ ES LA METODOLOGÍA KANBAN? EXPLICADO EN 2 MINUTOS 📋🧐,"A continuación, te presentamos un video breve para que conozcas la metodología Kanban, su definición, origen, objetivo y ...",,,0,"['Education', 'maths']",27,
IHhjxRvtNvI,How we manage inventory - KANBAN all the way.,"Answers to your questions: -We use KAIZENIFY.APP -Yes, it also does SOP and a full lean metrics dashboard -2 bins is not ...",,,0,"['Education', 'maths']",27,
kJo9jLKFw0c,Kanban,Kanban.,,,0,"['Education', 'maths']",27,
FYGSw5JXCFs,Webinar: Discover Upstream Kanban,Guest speaker Radek Orszewski explains how to use upstream Kanban to solve the problem of managing lengthy backlogs.,,,0,"['Education', 'maths']",27,
i2-WWbYJn_w,Méthode Kanban explication avec exemple (méthode agile),On compare aussi scrum avec Kanban dans la vidéo. Pour créer vous aussi ce genre de vidéo : https://bit.ly/36gtQJq #kanban ...,,,0,"['Education', 'maths']",27,
nfJYJTPyKW8,What is a Kanban Backlog?,#PMP #ProjectManagement #PMCLounge.,,,0,"['Education', 'maths']",27,
DlrEecOmAUY,Mastering Kanban #1: The Ultimate Guide To Creating a Kanban Board,"Let's learn about the basic Kanban Practices. Today, we delve into Practice #1: Defining and visualizing a workflow. It means ...",,,0,"['Education', 'maths']",27,
DOUenTw0kvg,Kanban Unveiled: Your Roadmap To Workflow Mastery,"Vabro is a leading provider of cutting-edge Agile product development and project delivery solutions, dedicated to empowering ...",,,0,"['Education', 'maths']",27,
05TQU7zX1bw,Using a Kanban Board to Check BIM Information Requirements,"In this quick tutorial, we'll show you how to use the power of a Kanban board to efficiently manage BIM/Information ...",,,0,"['Education', 'maths']",27,
48LfFNe8oOU,How to apply Kanban in Jira: A Quick Guide,In this video I cover: - The underlying principles of Kanban - How to apply Kanban in Jira - What to consider when defining ...,,,0,"['Education', 'maths']",27,
zMG0_RkRjHc,Customize Your Construction Management Process with Kanban Boards,"Managing all your documents and workflows can take time your team doesn't have, but there's a better way – with Kanban boards ...",,,0,"['Education', 'maths']",27,
Zx_NjbocR2I,Which is better: Scrum or Kanban?,"People often asked me, which is better between Scrum or Kanban? To know which one is better requires measurement. Evidence ...",,,0,"['Education', 'maths']",27,
IyUEfE0wehc,"WHAT IS KANBAN? KANBAN EXPLAINED - Your Easy Roadmap 2024 🗺️ Explore Methods, Principles & Values!","This video explains kanban in simple terminology. Watch to learn about the KANBAN METHODS, kanban principles, and Kanban ...",,,0,"['Education', 'maths']",27,
H2zhJ6eiw_4,Kanban Board Project Management Excel and Google Sheets Template!,Download for free Now compatible with Google Sheets! https://www.simplesheets.co/kanban Want to download this and ...,,,0,"['Education', 'maths']",27,
C0YZ5Rtfnb4,Kanban Board Google Sheets Template | Kanban Agile Board,For an easy agile team management meet our Kanban Board Google Sheets Template. This is a visual project management tool ...,,,0,"['Education', 'maths']",27,
F5QIqFEDv2k,Scrum vs Kanban | Key Differences Uncovered | Which Agile Method Fits Your Team Best?,Kanban vs Scrum: Find the Best Agile Framework for You! Explore Scrum and Kanban training courses: ...,,,0,"['Education', 'maths']",27,
1tcAayUiSJI,How to setup jira kanban board tutorial I What is Kanban I JIRA Kanban Tutorial I kanban board demo,"In This Video, Priyanka shared Kanban Tutorial:How to setup jira kanban board tutorial I What is Kanban I JIRA Kanban Tutorial I ...",,,0,"['Education', 'maths']",27,
JVLJ_Sp8DPE,Kanaban Boards in JIRA| JIRA Kanban Boards Demo | Kanban Boards in 5 minutes,Brief Description on Kanban Boards in JIRA.,,,0,"['Education', 'maths']",27,
HnmdCCN5RDE,Kanban Zone Quick Demo,Explore the power of Kanban Zone in less than three minutes! Get a glimpse of all the value our Productivity Zones provide for ...,,,0,"['Education', 'maths']",27,
icZpKKScLBE,Kanban - Tutorial (Deutsch),"Kanban ist eine Methode aus dem Lean Management, um den Materialfluss zu steuern. Karten steuern das Material. Kanban (jap.",,,0,"['Education', 'maths']",27,
zkQxvkXSiuA,Learn How Kanban Systems are Used in a Lean Manufacturing Environment,Or call ☎️ Toll Free: +1-(888) 439-8880.,,,0,"['Education', 'maths']",27,
X5uW7yU_q7Y,Create Kanban Boards in Excel instantly,00:00 Introduction to Kanban Boards 00:30 Example Kanban Board (sample) 02:20 How to create Kanban board for your projects ...,,,0,"['Education', 'maths']",27,
_ge-W3de6Lw,KANBAN inventory management works at home as good as in the factory,"Lean manufacturing principles are designed to save time and money at your factory, why not use them at home too?",,,0,"['Education', 'maths']",27,
qJRbAXlhJ3c,Kanban: o que é Kanban? Como funciona o Kanban? GUIA COMPLETO,SOBRE ESSE VÍDEO Kanban: o que é Kanban? Como funciona o Kanban? GUIA COMPLETO ( atualizado 2022 ) Pensando ...,,,0,"['Education', 'maths']",27,
ssxxxN8BU6k,O QUE É KANBAN? - GUIA DEFINITIVO,"O que fazer se estiver com produtos sobrando ou faltando no seu estoque? Respondendo essa pergunta, funcionários da Toyota, ...",,,0,"['Education', 'maths']",27,
P30G9ELviyQ,'Kanban View' in ERPNext,ERPNext offers beautiful views that present data with context to users so that they can understand the story behind the data.,,,0,"['Education', 'maths']",27,
Aakqgx0HCS8,How to Create Kanban Board in Trello (Step By Step),how to create kanban board in trello Learn how to set up a Kanban board in Trello for better task management. This tutorial walks ...,,,0,"['Education', 'maths']",27,
kYGUTuuX5Co,Feeling overwhelmed? Try a personal kanban.,"If you're feeling overwhelmed and scattered because you feel like you are never getting through your to-do list, try a personal ...",,,0,"['Education', 'maths']",27,
jigY_OFR3Ks,How to Create Epic in Jira KanBan Board,How to create an epic in Jira Kanban Board! 🗂️ Follow this guide to organize tasks and manage projects effectively using ...,,,0,"['Education', 'maths']",27,
I-H-WXAX_oM,Trabajar sin estrés - Kanban,Para implementar y mejorar un Tablero Kanban: Contáctenos: info@fuerzatres.com o visítenos en http://www.fuerzatres.com Si te ...,,,0,"['Education', 'maths']",27,
T78Qy3ZDMJM,How to Reorder Stages in Zoho CRM Kanban View,In this video you'll learn how to reorder stages in zoho CRM Kanban view ! ✨ #ZohoCRM #BusinessOptimization #Thoughtlogik ...,,,0,"['Education', 'maths']",27,
06S7y2ldH4c,Scrum vs Kanban - A Simple Guide That Will Make You an Expert!⭐ scrum master interview questions,Scrum vs Kanban - A Simple Guide That Will Make You an Expert!⭐ scrum master interview questions Join this channel to get ...,,,0,"['Education', 'maths']",27,
3iWTJ6WeBfI,What is Kanban in Lean Manufacturing || 2 Bin System || Kanban in Hindi || Kanban Kya hota hai ??,Kanban Card and Kanban Boards || Kanban Types Kanban क्या होता है ? Kanban कैसे काम करता है ?,,,0,"['Education', 'maths']",27,
axQEJWsleKo,Kanban | Bureau Tromp,Kanban is de Japanse term voor 'visueel' en 'kaart' en maakt gebruik van de kracht van visuele informatie. Met behulp van ...,,,0,"['Education', 'maths']",27,
B-uwQg7RgH8,What is KANBAN and how to implement it 🏃 step by 🏃 step + practical examples,00:00 - What is Kanban 00:25 - Advantages of Kanban 00:53 - History of Kanban as a framework in manufacturing and for software ...,,,0,"['Education', 'maths']",27,
#NAME?,Manage Your GameDev Projects with Trello/Kanban,"hire me for design work, private coaching etc.: indiegameclinic@gmail.com ✉️ Submit Your Games for Review: ...",,,0,"['Education', 'maths']",27,
R8wbLgmNJbQ,How I Create My 90 Day Plan And Use A Kanban Board to Achieve My Goals,"In today's video, I'm showing you how I create my 90 day plan. I have been setting quarterly goals for over a year now, and this ...",,,0,"['Education', 'maths']",27,
0wOxPzwjSYU,Kanban vs Scrum | A quick guide,"Kanban and Scrum are two distinct methodologies used in project management, particularly in software development, but they ...",,,0,"['Education', 'maths']",27,
jO_8BJir8DM,Kanban in Aboard | Tutorial,Aboard looks and feels like a simple bookmarking tool—but it's actually a powerful data management tool that allows for all kinds ...,,,0,"['Education', 'maths']",27,
_GPq2t2hHlo,The Kanban View | monday.com tutorials,"In this video, Hannah shows you how to use The Kanban View on monday.com to organize and manage your workflow like a pro.",,,0,"['Education', 'maths']",27,
qDTGjNbp4o0,"New in Microsoft Loop. Tasks, Kanban & Planner sync","The Kanban component arrived in Loop and many of you said, ""great, but does it integrate with any of my other Microsoft 365 task ...",,,0,"['Education', 'maths']",27,
Jb-OEKD3Wfg,How to Facilitate Sprint Planning with Kanban for Jira | TUTORIAL #6,"Welcome to our tutorial video #6 for Routemap for Jira In this video, we'll show you how to manage your Project Sprints & Jira ...",,,0,"['Education', 'maths']",27,
13mElDSs0a8,How I use Kanban in Obsidian,"I've been testing the #Kanban #plugin for #Obsidian for a while and would like to show you how I'm using it, some issues I'm ...",,,0,"['Education', 'maths']",27,
Dn3jpsj8py4,KANBAN || Kanban system || scrum|| Kanban in lean manufacturing,Kanban (看板) (literally signboard or billboard in Chinese and Japanese) is a scheduling system for lean manufacturing and ...,,,0,"['Education', 'maths']",27,
1_Zti9v5ugA,Про KANBAN простыми словами / Эффективная работа с беклогом,"Продолжаем разговаривать на тему agile-методологий. Сегодня я расскажу вам о том, что такое kanban, для чего его ...",,,0,"['Education', 'maths']",27,
S5elyRAE8ao,Kanban Coaching Professional - Everything You Need to Know | AgileFever,AgileFever Unlock your business's potential with AgileFever – your trusted partner in navigating today's dynamic market through ...,,,0,"['Education', 'maths']",27,
6RVSM5faiPc,"Kanban, Scrum : lequel choisir ?","---------- SOMMAIRE️ 00:00 Kanban, Scrum : Lequel choisir 00:24 Il n'y a pas de mauvais choix 02:22 Qu'est-ce que Scrum et ...",,,0,"['Education', 'maths']",27,
mP3JaiokrLE,Top 5 Best Kanban Open Source Solutions for 2023,"Streamline Your Kanban Boards with Open Source Solutions. Discover Different Open Source Options and Their Benefits, and ...",,,0,"['Education', 'maths']",27,
peCCDwfRo2w,JIRA kanban Board | Display Story Points on Card on Board | Customize Kanban Board,"Dear Viewers, In this video you ll learn how to display story points or any field data on card on board while you created the ...",,,0,"['Education', 'maths']",27,
gFkdL086qMI,Types of Kanban - Production Kanban vs Withdrawal Kanban,"There are many types of Kanban. In this video, Mike will explain the most common: Production Kanban vs Withdrawal Kanban.",,,0,"['Education', 'maths']",27,
fHzLVtEiabk,Scrum Vs Kanban | Difference Between Scrum & Kanban | Agile Methodology | Intellipaat,"In this video on “Scrum Vs Kanban,” we're gonna talk about Scrum and Kanban to get an understanding of which is better for you.",,,0,"['Education', 'maths']",27,
BoeBUo6p49g,🔵 KANBAN NA PRÁTICA - COMO FUNCIONA O KANBAN,"Entre em contato conosco para alcançar seus objetivos de forma mais rápida! Nosso canal de contato para consultoria, ...",,,0,"['Education', 'maths']",27,
16Vor2nYia4,Czym jest Kanban?,"kanban #agile #scrum Filmik jest fragmentem kursu ""Kanban w pigułce"". Jeżeli interesuje Cię pełna zawartość zajrzyj tutaj: ...",,,0,"['Education', 'maths']",27,
QBrdOB_6UJk,Use a Kanban Board in 5 Minutes,"If you know Jon, you know he loves a Kanban board! But why? Because it's one of the simplest and most effective ways to stay ...",,,0,"['Education', 'maths']",27,
j6mulNMdoHY,Productivity Action Board | Productivity Tips #productivity #productivitytips #kanbanboard #kanban,"Need a boost in productivity? In this quick video, I'll show you how to create a simple Productivity Action Board using the Kanban ...",,,0,"['Education', 'maths']",27,
zZntKE1_n0M,Kanban Board Setup & Task Planning | December 2024,"As soccer season quiets down, I'm hoping to tackle more of my tasks. What's on your list for this month? Achieve Your Goals Using ...",,,0,"['Education', 'maths']",27,
Mo1DqC5tEZE,SOLVE Your Inventory Problems FOREVER,"In this episode, Ryan Tierney and Matthew Thompson dive into KANBAN INVENTORY, where they talk about: - How to be ...",,,0,"['Education', 'maths']",27,
_rhGaMSkeO4,What Is the Difference Between Kanban and Scrum in Project Management?,"Scrum and Kanban are two popular Agile project management frameworks. While Scrum relies heavily on roles and events, ...",,,0,"['Education', 'maths']",27,
hiv-j-dVkC8,Kanban for Change Managers: 6 Essential Insights,Kanban isn't just for software developers! Discover 6 key things change managers need to know about Kanban to drive successful ...,,,0,"['Education', 'maths']",27,
Tf-zcpwM5uQ,Kanban: Was ist Kanban? Kanban erklärt! (Agiles Projektmanagement) 💡,- Kanban - Was ist Kanban? Wie sieht ein Kanban Board aus? Welche Vorteile birgt Kanban und wie funktioniert agiles ...,,,0,"['Education', 'maths']",27,
tum1lLwy6gE,Kanban Explanation,This video explains the Lean Health Care concept of Kanban and how it can be used in Hospital Wards. For more information visit ...,,,0,"['Education', 'maths']",27,
dmrHDQvZ_W0,"Scrum and or Kanban, a pragmatic comparison – Agile with Jimmy",Scrum and Kanban – What's similar and what's different. How to combine and choose mechanisms from both to find a way of ...,,,0,"['Education', 'maths']",27,
XVw4w1Odrfs,EASY Kanban Board for your tasks in Notion | Step-by-Step Guide,We have amazing templates to help you stay productive. Check our to-do list dashboard to get organized with your life or our ...,,,0,"['Education', 'maths']",27,
dX_9Na719HI,Rolling Out 1000+ Kanban Cards in 4 months at Fat American Manufacturing | Kanban Tour,"Fat American Manufacturing has implemented over 1000 Kanban cards in just four months, revolutionizing their production and ...",,,0,"['Education', 'maths']",27,
F7mdE5Pl1f0,"Kanban - Single Card, Dual Card, and Electronic",kanban #kanbanmethod #kanbanconference A Kanban system is a visual management method used to control and optimize ...,,,0,"['Education', 'maths']",27,
oJWcqZS6lfw,Méthodologie KANBAN (qualité),"Présentation de la méthode KANBAN, dans le cadre du Master 2 CIPG (qualité et management), iaelyon.",,,0,"['Education', 'maths']",27,
TqHw5tneci8,Zamanı ve hayatı yönetmenin Japoncası: Kanban Tekniği,Kafanız türlü şeyle dolu. Yapılması gerekenleri yazdığınız ve oraya buraya yapıştırdığınız tüm post-it'ler daha yazılmadan ...,,,0,"['Education', 'maths']",27,
CdoP1DDCBWg,How Kanban Works in Manufacturing,Learn how a Kanban system works in a factory to control material flow and inventory. Kanban systems also have many ...,,,0,"['Education', 'maths']",27,
fUjSKPSgdEI,Scriptcase - Learn how to create Kanban boards in Scriptcase,We will teach you how to create Kanban boards within Scriptcase. Kanban is a visual system that seeks to manage work as it ...,,,0,"['Education', 'maths']",27,
5oy7PUPUBCQ,How to Use Kanban Boards for Effective Task Management,Struggling to keep your tasks organized and your team aligned? Kanban boards are here to save the day! These simple yet ...,,,0,"['Education', 'maths']",27,
i-GotUT8VzQ,Être plus réactif avec Kanban - Introduction à Kanban - Scrum Life 72,---------- SOMMAIRE️ 0:00 Ouverture 0:30 Mise en garde : introduction à Kanban 0:52 Travailler en flux continu 1:41 L'état ...,,,0,"['Education', 'maths']",27,
Oq5U5OYbHTw,The Kanban Guide - Defining a Workflow,This playlist introduces you to the key concepts of The Kanban Guide. The goal is to provide you with a concise foundation from ...,,,0,"['Education', 'maths']",27,
wccrd75Gl_g,Kanban på fem minuter,Anders Sixtensson ger i denna video en kort introduktion till Kanban: - Vilken teori som ligger bakom - Varför Kanban är bra och ...,,,0,"['Education', 'maths']",27,
8X9D_aS_iss,Learnitive Project #agile #kanban #trello #alternative,"Whether you're a solopreneur, freelancer, or academic, Project has the tools to help you always stay on top of your work.",,,0,"['Education', 'maths']",27,
iFz4IfP-F9Y,Kanban Boards 2.0 is Here! Instant Task Status Clarity at a Glance. [Full Walkthrough],Join Lindsey as he takes you on an exclusive tour of Atarim's brand new Kanban Boards 2.0! Get ready to streamline your ...,,,0,"['Education', 'maths']",27,
9dMnC2MTe_0,How to Set Up a Kanban Board in Notion - 2024,Here's a quick 5-minute tutorial on how to set up a personalized kanban board in Notion.,,,0,"['Education', 'maths']",27,
hIq-7itaUQo,Kanban Board Mastery with EdrawMind | From Chaos to Clarity,kanban #wondershare #edrawmindv12 #gurrutechsolutions #kanbanboard Download link：https://bit.ly/4g2q8Vc Black Friday ...,,,0,"['Education', 'maths']",27,
q3YxQmOeYOk,Scrum vs Kanban – Unterschiede und Gemeinsamkeiten,Scrum und Kanban sind die zwei gängigsten agilen Projektvorgehensweisen. Oft stellt sich daher die Frage was ist der ...,,,0,"['Education', 'maths']",27,
eP-gEaRx40A,Was ist die Kanban Methode? | Effiziente Bestandsführung in der Produktion mit L-mobile,Was bedeutet Kanban? Wo wird Kanban verwendet? Und was bringt Kanban? Die Methode zur Identifizierung von Engpässen ...,,,0,"['Education', 'maths']",27,
osuIr-YTfdM,How to Prioritize Your To Do List | Personal Kanban,Personal Kanban is an effective productivity and prioritization technique to manage items on your to do list. Kanban has 2 simple ...,,,0,"['Education', 'maths']",27,
SCzrYKri61c,How to visualize & manage Jira releases on a Kanban board | TUTORIAL #5,"Welcome to our tutorial video #5 for Routemap for Jira In this video, we'll show you how to manage your Product Release with ...",,,0,"['Education', 'maths']",27,
34bMGTM98VA,What is KANBAN | KANBAN kya hai | KANBAN in hindi,Understand with simple examples what is KANBAN. How it is different from SCRUM? Everything in hindi. Understand AGILE ...,,,0,"['Education', 'maths']",27,
#NAME?,Kanban Board View in Power Apps | Gallery Designs & Styles,This video is a step-by-step tutorial on how to create Kanban Board View Styles in Power Apps with multiple Galleries. We will ...,,,0,"['Education', 'maths']",27,
Qe7cn2jGoi0,Kanban on Google Tasks?,"If you are a #Kanban lover, maybe you'll like the board view of Google #Tasks. Ethics Statement https://vladcampos.com/ethics ...",,,0,"['Education', 'maths']",27,
Au9LAmpUhTA,The Replenishment Process with the Electronic Kanban | KanbanBOX,Mark shows the internal process for material replenishing between warehouse and production. #electronickanban #ekanban ...,,,0,"['Education', 'maths']",27,
SG2pNT2J52A,Kanban Nedir? 1dakikada Kanban Tekniği,Kanban sistemi bize nasıl yardımcı oluyor? Makine 1 çıktılarını yalnızca Makine 2 almaya hazır olduğunda çalıştırarak. Makine ...,,,0,"['Education', 'maths']",27,
YjGkNWWgV7c,Kanban's place in Inventory Management tools,"Kanban is often linked to inventory management - and while is can definitely play a big role in that, kanban itself will not provide ...",,,0,"['Education', 'maths']",27,
pq5gEjU-8ZQ,Create a Kanban Board in Notion,"In this video, you'll learn how to create a Kanban board in Notion, a powerful tool for organizing your tasks and projects.",,,0,"['Education', 'maths']",27,
1xRodYttx3E,La decisión que puede cambiar tu equipo: ¿Scrum o Kanban?,"El desarrollo de software es un proceso complejo, así que tener claro el marco de trabajo que va a beneficiar al proyecto y a tu ...",,,0,"['Education', 'maths']",27,
IwGd9AJzIVA,E-kanban l Digital Kanban - Soft Designers,An easy to use E-Kanban will improve the inventory management in one click and it saves time. Transform your industry into ...,,,0,"['Education', 'maths']",27,
WVTy21lq8Tk,Čo je to KANBAN,,,,0,"['Education', 'maths']",27,
RG-3R6Pu_Ik,"React course: Build a drag and drop Kanban Board: Typescript, Tailwind, Dnd-Kit multiple containers","Business Inquiries: work@klitonbare.com How i record my intros: https://dub.sh/screenstd In this video, we'll show you how to ...",,,0,"['Education', 'maths']",27,
sTlAf4_hHyU,A faster and better Kanban for Frappe & ERPNext,The video is a demo of Quick Kanban(beta). It is new Vue-based Kanban view optimised for larger set of data and replaces the ...,,,0,"['Education', 'maths']",27,
k3qZcNEB8JA,How To Use A Kanban Board for Maximum Productivity and Organization with your Projects and Tasks,"Hi friends, in this video I will show you how to use a Kanban Board for Maximum Productivity. This tool is an excellent visual for ...",,,0,"['Education', 'maths']",27,
2lZhoNBcyGs,scrum methodology | kanban methodology | difference between scrum and kanban methodologies | devops,PLEASE SUBSCRIBE TO MY CHANNEL NS LECTURES channel is online subject learning platform for engineering CSE/IT ...,,,0,"['Education', 'maths']",27,
o4sNKMazeas,Kanban Full Course | How to Implement Kanban and Plan a Real Project with Kanban,"Welcome to our comprehensive Kanban Full Course! In this video, you'll learn everything you need to know about ...",,,0,"['Education', 'maths']",27,
NCEqFh5M12M,Scrum или Kanban? Что и когда применять? Практические советы,"В видео Алексей Пименов, основатель компании Neogenda, Канбан-тренер и эксперт в области стратегического ...",,,0,"['Education', 'maths']",27,
nAzB1vzIwsM,Kanban Starter Kit | What is Kanban?,Today I'm presenting my Kanban Starter Kit and explaining what is #Kanban Kanban is about optimizing the #flow of work.,,,0,"['Education', 'maths']",27,
Na78_7BHZnk,Why Kanban is Simpler Than You Think?,"Why Kanban is Simpler Than You Think? Let's simplify Kanban with relatable, everyday examples. Kanban doesn't need to be ...",,,0,"['Education', 'maths']",27,
2Sldbp3Fiqw,9 best Kanban apps to stay on top of your workflow in 2024,"Ever find yourself wondering about the ins and outs of your workflow, and end up leaving with no clear insights? This video delves ...",,,0,"['Education', 'maths']",27,
bL0HZ3gxXFg,KAN'BALUN,"Official Video of ""Kan'balun"" by One Shot Production Vocal: Fathimath Azleema Music - Hussain Thaufeeq Lyrics & Rap Artist: Alin ...",,,0,"['Education', 'maths']",27,
oawdmCWgRm4,Building a Simple Kanban Board (Google Sheets),"In the first 8 minutes, we're going to build the main structure for the Kanban board, and then spend the rest of the video adding ...",,,0,"['Education', 'maths']",27,
O8PSHSPLDag,How to Use Kanban Boards in Microsoft Loop (New Features),"In this video, we'll show you how to use Kanban boards in Microsoft Loop, which makes it easier to manage project tasks.",,,0,"['Education', 'maths']",27,
ijQ6dCughW8,How to Build a Kanban Board with JavaScript (No Frameworks),"In today's video we'll be building a Kanban Board from scratch using HTML, CSS and JavaScript. This doesn't require any ...",,,0,"['Education', 'maths']",27,
251T9yrLmlE,Introduction to Kanban System | How It Works and Why You Need It | Practical Example,Are you looking for a better way to manage your workflow and increase productivity? Look no further than the Kanban system!,,,0,"['Education', 'maths']",27,
62fYkhlB-CA,Mastering Project Management with a KANBAN Board using Power Pivot and VBA,"KANBANBoard, #PowerPivot, #VBA Discover the power of KANBAN Boards in project management in this comprehensive tutorial ...",,,0,"['Education', 'maths']",27,
RL6x-GZDoTI,"ProductBoard Roadmaps Guide: Lists, Timelines & Kanban",If you want to work with me contact me at https://www.insidetheproduct.com ✓ Get your FREE product management guide here: ...,,,0,"['Education', 'maths']",27,
clC0PZHr5YM,How to Make a Simple Kanban Board in Google Sheets,"Create a Simple Kanban Board in Google Sheets In this video, learn how to create a basic Kanban board using Google Sheets.",,,0,"['Education', 'maths']",27,
B4BOF8e-gqE,3 Crazy Kanban Tips for Microsoft Loop Workspaces,Have you tried these tips for getting more from your Microsoft Loop Kanban boards? - View Kanban boards as tables to organise ...,,,0,"['Education', 'maths']",27,
WbG5NoYoqMQ,KANBAN. Коротко про основне (Орест Дмитрасевич),У минулому відео Орест розповів про Scrum. А вже сьогодні наш автор поділиться з вами ще одним популярним Agile ...,,,0,"['Education', 'maths']",27,
ZkR474R3evQ,How To Use The Kanban View In monday.com,Need Help With monday.com? Go here: https://www.crmcrew.com/ Want To Try monday.com? Go here: ...,,,0,"['Education', 'maths']",27,
6ZBIE0XJU1M,SCRUM + KANBAN [metodología ágil] / EJEMPLO /,Te presentaré la que considero la mejor herramienta ágil para mejorar la productividad en el trabajo de equipos indirectos ...,,,0,"['Education', 'maths']",27,
XBj8oCis2Gw,SWIMLANES in a KANBAN board in JIRA,"In this YouTube video, we explore the concept of swimlanes in a Kanban board within JIRA, a popular project management tool.",,,0,"['Education', 'maths']",27,
W01tIRP_Rqs,Supervised vs. Unsupervised Learning,"What's the best type of machine learning model for you - supervised or Unsupervised learning? In this video, Martin Keen explains ...",,,0,"['Education', 'maths']",27,
4qVRBYAdLAo,Supervised Learning: Crash Course AI #2,Today we're going to teach John Green Bot how to tell the difference between donuts and bagels using supervised learning!,,,0,"['Education', 'maths']",27,
1FZ0A1QCMWc,Supervised vs Unsupervised vs Reinforcement Learning | Machine Learning Tutorial | Simplilearn,"In this video, you will learn about Supervised vs Unsupervised vs Reinforcement Learning. You will understand the definition of ...",,,0,"['Education', 'maths']",27,
fM8XdC1EweU,Supervised vs Unsupervised learning with real life example,00:00 – Introduction 00:27 – supervised learning 02:22 – example of supervised learning 03:32 – unsupervised learning 04:52 ...,,,0,"['Education', 'maths']",27,
4dwsSz_fNSQ,"Supervised, Unsupervised and Reinforcement Learning in Artificial Intelligence in Hindi",Subscribe to our new channel:https://www.youtube.com/@varunainashots ▻Artificial Intelligence (Complete Playlist): ...,,,0,"['Education', 'maths']",27,
LKlOH8OLLcw,Lec-2: Supervised Learning Algorithms | Machine Learning,00:00 – Intro 00:19 – Supervised learning 03:05 – Data collection 03:38 – Training 04:48 – Testing 05:32 – algorithms Supervised ...,,,0,"['Education', 'maths']",27,
vbp2mco2c7U,ML 3: Supervised Learning with Examples | Regression VS Classification,Details About: Types of Learning Introduction of Supervised Learning Working of Supervised Learning Algorithm Steps of ...,,,0,"['Education', 'maths']",27,
c1qz87aH9L0,Supervised Learning and Its Types | Regression vs Classification | ML Playlist,"In today's video, I'm diving into Supervised Learning and breaking it down in a way that's easy to grasp. This is a key concept in ...",,,0,"['Education', 'maths']",27,
xtOg44r6dsE,Supervised vs Unsupervised vs Reinforcement Learning | Data Science Certification Training | Edureka,1. Introduction to Machine Learning 2. Types of Machine Learning 3. Supervised vs Unsupervised vs Reinforcement learning 4.,,,0,"['Education', 'maths']",27,
OTAR0kT1swg,Week 1 Lecture 2 - Supervised Learning,"Supervised learning, classification and regression, examples, linear mapping, quadratic mapping, performance, over-fitting, ...",,,0,"['Education', 'maths']",27,
gqKaVgQxEJ0,"Stanford CS229 Machine Learning I Supervised learning setup, LMS I 2022 I Lecture 2","For more information about Stanford's Artificial Intelligence programs visit: https://stanford.io/ai To follow along with the course, ...",,,0,"['Education', 'maths']",27,
C3Lr6Waw66g,What is Semi-Supervised Learning?,How does AI distinguish between cats and dogs? Discover the power of semi-supervised learning! Martin Keen explains AI ...,,,0,"['Education', 'maths']",27,
xQ_LFTPh1uA,🤖 Supervised Learning Algorithms வகைகள் | Types of Supervised Learning | Machine Learning in Tamil,"Contact: +91 9962066262 , +91 7667663035, +91 9840678906 Course Enquiry - Registration Form. Apply for Course: ...",,,0,"['Education', 'maths']",27,
BI7SROuhuQ4,🔥 what is supervised learning in tamil | supervised learning algorithms in tamil #supervisedlearning,"Contact: +91 9962066262 , +91 7667663035, +91 9840678906 Course Enquiry - Registration Form. Apply for Course: ...",,,0,"['Education', 'maths']",27,
wvODQqb3D_8,Supervised & Unsupervised Machine Learning,"[Tier 1, Lecture 4b] This video describes the two main categories of machine learning: supervised and unsupervised learning.",,,0,"['Education', 'maths']",27,
Ps0y6w4cD_U,Supervised Machine Learning explained with Examples | 3 Examples of Supervised Machine Learning💡🌐,"Explore the exciting realm of Supervised Machine Learning! Understand the art of Classification and Regression, dissect the ...",,,0,"['Education', 'maths']",27,
Mu3POlNoLdc,Supervised Machine Learning Explained For Beginners,"In this video we learn about Supervised Machine Learning, which is arguably the most important type of Machine Learning.",,,0,"['Education', 'maths']",27,
g9oESGzcA84,Supervised Learning - AI Basics,"In supervised learning, an algorithm is trained on what's called “labeled data.” The AI uses labeled data to identify patterns, in turn ...",,,0,"['Education', 'maths']",27,
C3Lr6Waw66g,What is Semi-Supervised Learning?,How does AI distinguish between cats and dogs? Discover the power of semi-supervised learning! Martin Keen explains AI ...,,,0,"['Education', 'maths']",27,
RThpeperNHk,Machine Learning Full Course 2025 | Machine Learning Tutorial For Beginners | Simplilearn,... experts Skills Covered ✓ Statistics ✓ Python ✓ Supervised Learning ✓ Unsupervised Learning ✓ Recommendation Systems ...,,,0,"['Education', 'maths']",27,
aue5apGj-AQ,Step into the BdAIO with Hands-on Machine Learning and problem-solving! | Day 2,"In today's data-driven world, Machine Learning (ML) is transforming industries, solving complex challenges, and shaping the ...",,,0,"['Education', 'maths']",27,
XC8T7kV56HE,"Network Analysis: Shortest path, Degree Centrality, Betweenness Centrality",Check all details for the upcoming online training program from our website: ...,,,0,"['Education', 'maths']",27,
YSB1OTpCBjQ,Types of Machine Learning #machinelearning #artificialintelligence #ai,... learning Supervised Learning Unsupervised Learning Reinforcement Learning #machinelearning #artificialintelligence #ai.,,,0,"['Education', 'maths']",27,
SdTZAMDKrNY,MIT 6.S191: Deep Generative Modeling,MIT Introduction to Deep Learning 6.S191: Lecture 4 Deep Generative Modeling Lecturer: Ava Amini ** New 2025 Edition ** For ...,,,0,"['Education', 'maths']",27,
Wzr3GNAkB9Y,Generative AI Crash Course 2025 | What Is Generative AI | GenAI For Everyone | Simplilearn,Purdue - Applied Generative AI Specialization ...,,,0,"['Education', 'maths']",27,
imC8hVuFYRc,Best Machine Learning and Deep Learning videos || Telugu,"... deep learning explained telugu, machine learning basics telugu, ai telugu tutorial, ai vs ml vs dl telugu, supervised learning ...",,,0,"['Education', 'maths']",27,
j0dfwx950Vc,Stabilize and Enhance Reliability in Plastics Production with Anomaly Detection,"... neural networks—are based on supervised learning, which requires extensive labeled datasets to achieve optimal performance ...",,,0,"['Education', 'maths']",27,
ULJPfzjDDEI,Step into the BdAIO with Hands-on Machine Learning and problem-solving! | Day 3,"In today's data-driven world, Machine Learning (ML) is transforming industries, solving complex challenges, and shaping the ...",,,0,"['Education', 'maths']",27,
ZiQIzyw4Kxw,Step into the BdAIO with Hands-on Machine Learning and problem-solving! | Day 1,"In today's data-driven world, Machine Learning (ML) is transforming industries, solving complex challenges, and shaping the ...",,,0,"['Education', 'maths']",27,
wkvFK0DhNlQ,AI & ML Roadmap: Paving the Way for the Next Wave of Intelligence,Uncover the future of technology with our AI & ML Roadmap session. Explore the program details in this link: ...,,,0,"['Education', 'maths']",27,
zeecZXJrzqA,Radial Basis Function Network(RBFN)|Artificial Intelligence And Machine Learning(@ECL365CLASSES,"Training: RBF networks can be trained using supervised learning algorithms. Applications: They are used in pattern identification, ...",,,0,"['Education', 'maths']",27,
nQiu_iB4cUI,Recording: AI Innovation Workshop by Mr. Grant Hutchison,This is a recording of a live session on AI and machine learning that we held last Saturday! The session began with a discussion ...,,,0,"['Education', 'maths']",27,
RiFxh1PXbiE,What is Unsupervised learning? | Learn fast in 10 minutes,... Series: AI vs ML vs DL | Machine Learning Series | Learn Fast https://youtu.be/b3tCdsgUxmM Supervised Learning and ...,,,0,"['Education', 'maths']",27,
UmTpM-TWT5Y,Syllabus Discussion | Machine Learning B-tech RGPV 4th sem 2nd year,Syllabus Discussion | Machine Learning B-tech RGPV 4th sem 2nd year EDUCATION POINT CODING ...,,,0,"['Education', 'maths']",27,
UyuyhN7f1GQ,Ep 10: Self-Supervised Learning | AI for Beginners,What Is Self-Supervised Learning? | AI for Beginners Self-supervised learning is reshaping how we build powerful AI models ...,,,0,"['Education', 'maths']",27,
zvDHieyUpO4,"Lecture 19: Binary Classification in Supervised Machine Learning, Its Quantum Extensions, and more","Binary classification in supervised machine learning is performed by constructing feature maps to higher dimension spaces, ...",,,0,"['Education', 'maths']",27,
lLt0WfSyqRI,What Is Machine Learning? - Consumer Laws For You,"What Is Machine Learning? In this informative video, we'll discuss the fascinating world of machine learning and its impact on ...",,,0,"['Education', 'maths']",27,
kE5QZ8G_78c,Supervised Learning | Unsupervised Learning | Machine Learning Tutorial | 2023 | Simplilearn,Below are the topics explained in this supervised and unsupervised learning in Machine Learning Tutorial- 00:00 - 01:20 What is ...,,,0,"['Education', 'maths']",27,
tXaQRl0eKd8,"L83: Supervised, Unsupervised and Reinforcement Learning in Neural Network | Artificial Intelligence","In this video you can learn about Supervised, Unsupervised and Reinforcement Learning in Artificial Neural Network. The video ...",,,0,"['Education', 'maths']",27,
iGJ1XSkCyU0,What Is Self-Supervised Learning and Why Care?,What is Self-Supervised Learning? “Self-Supervised methods […] are going to be the main method to train neural nets before we ...,,,0,"['Education', 'maths']",27,
tJmVf88l_ys,What Is Supervised Learning In Machine Learning? | Machine Learning For Beginners | Simplilearn,This video on What is Supervised Learning in machine learning will take you through a detailed concept of Supervised Learning.,,,0,"['Education', 'maths']",27,
E0Hmnixke2g,All Machine Learning algorithms explained in 17 min,00:59 - Supervised Learning 01:37 - Unsupervised Learning 02:20 - Linear Regression 04:04 - Logistic Regression 04:53 - K ...,,,0,"['Education', 'maths']",27,
SrZ6vifbmdc,Supervised Learning | Classification and Regression | Machine Learning Tutorial | Tutorialspoint,Timestamps 0:26 Supervised Learning 1:08 Types of Supervised Learning 2:16 Classification 3:16 Regression 3:44 Advantages ...,,,0,"['Education', 'maths']",27,
b-yhKUINb7o,Semi-supervised Learning explained,"In this video, we explain the concept of semi-supervised learning. We also discuss how we can apply semi-supervised learning ...",,,0,"['Education', 'maths']",27,
WpxK__SK2a0,(ML 1.2) What is supervised learning?,A broad overview. A playlist of these Machine Learning videos is available here: ...,,,0,"['Education', 'maths']",27,
WtmL_MRwtMM,Supervised Learning In Artificial Intelligence Explained in Hindi,Myself Shridhar Mankar a Engineer l YouTuber l Educational Blogger l Educator l Podcaster. My Aim- To Make Engineering ...,,,0,"['Education', 'maths']",27,
xZKPJzJt9w4,What is Semi-Supervised Learning | Machine Learning basics explained for beginners 6,"Artificial Intelligence terms explained in less than a minute! This week's term is semi-supervised learning, one of the most popular ...",,,0,"['Education', 'maths']",27,
OIVja_NSJ0w,"What is Supervised Machine Learning? Types, Advantages & Disadvantages of Supervised Learning","WsCube Tech is a leading Web, Mobile App & Digital Marketing company, and institute in India. We help businesses of all sizes to ...",,,0,"['Education', 'maths']",27,
TJveOYsK6MY,Classification and Regression in Machine Learning,"He covers regression and classification, canonical problems in supervised learning. Max gives an intuitive description of the ...",,,0,"['Education', 'maths']",27,
rHeaoaiBM6Y,Supervised vs. Unsupervised Machine Learning: What's the Difference?,"Supervised machine learning requires the data scientists to provide input and output data, with the goal of the algorithm ...",,,0,"['Education', 'maths']",27,
7w0hBmzkTlA,What is Supervised Learning ? | Supervised Learning Algorithms| Machine Learning | Edureka,"In this Edureka video on “What is Supervised Learning”, you will learn about in-depth concepts of Machine learning fundamentals.",,,0,"['Education', 'maths']",27,
3fsy2oheRdg,Machine Learning Basics: Supervised v Unsupervised,AI and machine learning can help transform a massive pile of data into useful insights. Understanding which branch of machine ...,,,0,"['Education', 'maths']",27,
Z-YirvksMak,Machine Learning || Supervised Learning,سأوضح لك كيفية استخدام خوارزمية التعلم الآلي للتعلم الخاضع للإشراف وكيف يعمل التعلم الخاضع للإشراف. الهدف من التعلم الخاضع ...,,,0,"['Education', 'maths']",27,
JxgmHe2NyeY,Complete Machine Learning In 6 Hours| Krish Naik,00:00:00 Introduction 00:01:25 AI Vs ML vs DL vs Data Science 00:07:56 Machine LEarning and Deep Learning 00:09:05 ...,,,0,"['Education', 'maths']",27,
C51tplQ0JH0,What Is Semi-supervised Learning?,"Curious about semi-supervised learning? In short, it shifts the dataset process from manually annotating every image to only ...",,,0,"['Education', 'maths']",27,
aTJqb4-e6pA,Weakly supervised machine learning: What it is and an example application,"From the ""635: The Perils of Manually Labeling Data for Machine Learning Models"" in which @JonKrohnLearns speaks with ...",,,0,"['Education', 'maths']",27,
hsDAxSi-H-s,Supervised Learning | Data Science | Edureka,Supervised learning is the machine learning task of inferring a function from labeled training data. The training data consist of a ...,,,0,"['Education', 'maths']",27,
x3KOCphRltk,Supervised Learning vs Unsupervised Learning vs Reinforcement Learning | ML Fundamentals 1,Don't forget to subscribe if you enjoyed the video :D.,,,0,"['Education', 'maths']",27,
z_mS8yik8Zs,SEMI-SUPERVISED LEARNING (COMBINING SUPERVISED & UNSUPERVISED LEARNING ) || MACHINE LEARNING,semisupervised #supervisedlearning #supervised #machinelearning #datascience #analytics #regression #statistics In this video ...,,,0,"['Education', 'maths']",27,
sJzuNAisXHA,What is Self Supervised Learning?,"By giving a simple example, this video attempts to explain what is self supervised learning. Machine learning tutorials python: ...",,,0,"['Education', 'maths']",27,
b0KVJzLcU5g,Machine Learning - What is Semi-Supervised Learning?,machinelearning #ai #advancedtech #technology #supervisedlearning #unsupervisedlearning #semisupervisedlearning ...,,,0,"['Education', 'maths']",27,
svR-TcBYleg,Supervised Learning with Real world examples | MACHINE LEARNING ARTIFICIAL INTELLIGENCE,#DataScience #WhatIsDataScience #DataScienceForBeginners #combinecs #DataScientist #DataScienceTutorial ...,,,0,"['Education', 'maths']",27,
UdIVzpXA3hI,Exploring the power of weak supervised learning,"Embark on an adventure as we delve into the unexplored realm of weak supervised learning! In this captivating video, we unlock ...",,,0,"['Education', 'maths']",27,
Lf2bCQIktTo,Machine Learning - Supervised Learning Classification,Machine Learning can be an incredibly beneficial tool to uncover hidden insights and predict future trends. This free Machine ...,,,0,"['Education', 'maths']",27,
Ki2iHgKxRBo,Supervised Learning - Georgia Tech - Machine Learning,Watch on Udacity: https://www.udacity.com/course/viewer#!/c-ud262/l-3625438937/m-640579190 Check out the full Advanced ...,,,0,"['Education', 'maths']",27,
cfj6yaYE86U,Machine Learning - Supervised VS Unsupervised Learning,Machine Learning can be an incredibly beneficial tool to uncover hidden insights and predict future trends. This free Machine ...,,,0,"['Education', 'maths']",27,
krm1WE16As8,025 Self-Supervised Learning | LLM concepts under 60 seconds | Training and Learning Methods,Hashtags: #LLM #NLP #AIRevolutionAIefficiency #scalableAI #futureofAI #neuralnetworks #AIinnovation #machinelearning ...,,,0,"['Education', 'maths']",27,
Bo5dJT1QlHc,Supervised Learning Example | Explaining Supervised Learning with Example,"In this video, we will study Supervised Learning with Examples. We will also look at types of Supervised Learning and its ...",,,0,"['Education', 'maths']",27,
3bsAV80zisc,"Dimensions of Supervised Learning: Classification and Regression |Continuous, Categorical, Text data","In this video, we will be focusing on the two main categories of supervised machine learning: classification and regression. We will ...",,,0,"['Education', 'maths']",27,
yN7ypxC7838,All Machine Learning Models Explained in 5 Minutes | Types of ML Models Basics,... machine learning models are there - Some common machine learning models explained - What is supervised learning - What is ...,,,0,"['Education', 'maths']",27,
i_LwzRVP7bg,Machine Learning for Everybody – Full Course,... her channel: https://www.youtube.com/c/YCubed ⭐️ Code and Resources ⭐️ Supervised learning (classification/MAGIC): ...,,,0,"['Education', 'maths']",27,
bfCs3wqRSQY,What is Self-Supervised Learning? [Quick Introduction],"In this video, we give a quick five-minute introduction to one of the hottest topics in Deep Learning: Self-Supervised Learning.",,,0,"['Education', 'maths']",27,
d6HZ_kaeGYA,Supervised Learning vs. Unsupervised Learning,"Brett Wujek, Senior Data Scientist at SAS, discusses the differences between the two main categories of machine learning.",,,0,"['Education', 'maths']",27,
NFBrfmphBOs,"What is the difference between Supervised learning, Unsupervised learning and Reinforcement learning","Supervised Learning, Unsupervised Learning, and Reinforcement Learning are three main paradigms in machine learning, each ...",,,0,"['Education', 'maths']",27,
teWYOMn9Lso,Supervised And Unsupervised Machine Learning Full Course - Algorithms With Examples | Simplilearn,This video on Supervised and Unsupervised Machine Learning Full Course will help you learn the basics and advanced concepts ...,,,0,"['Education', 'maths']",27,
4fa2lo3ML1U,What is supervised learning? (a quick intro for kids),Easy explanation of supervised learning for kids.,,,0,"['Education', 'maths']",27,
Mb9Rn0mo5sM,Applications of Supervised Learning Algorithms in real life | #machinelearningfullcourse,Welcome to CS Encephalon Visit our channel with a happy heart. May all who visit as a guest leave as friend. Kick-start your Data ...,,,0,"['Education', 'maths']",27,
P0-gwXNftaQ,Lesson 5: Supervised Learning vs Time Series,"Supervised Learning vs Time Series: What's the difference? In this video, we're going to explain the differences between ...",,,0,"['Education', 'maths']",27,
t_y3f1V6--E,Supervised Learning Explained: Regression vs Classification with Examples,"Dive into the world of Supervised Learning in this in-depth yet easy-to-follow guide. Learn the key concepts, differences, and ...",,,0,"['Education', 'maths']",27,
UPbc3W4MYJI,"Difference between Reinforcement Learning, Supervised Learning & Unsupervised Learning Mahesh Huddar","Difference between Reinforcement Learning, Supervised Learning and Unsupervised Learning by MaheshHuddar Introduction to ...",,,0,"['Education', 'maths']",27,
X70Al3RHC5I,Self-Supervised Learning & Foundation Models? MIT Short Answer,Get ready to revolutionize your AI knowledge with MIT's introductory course (https://www.futureofai.mit.edu/) on Self-Supervised ...,,,0,"['Education', 'maths']",27,
arlQ-Zbn3Uc,Introduction to Semi-Supervised Learning,,,,0,"['Education', 'maths']",27,
PYvZDK3kulc,2024 Brain Tumour Segmentation and Edge Detection Using Self Supervised Learning,"Brain tumour segmentation is a critical task in medical image analysis, facilitating diagnosis and treatment planning in ...",,,0,"['Education', 'maths']",27,
3fsy2oheRdg,Machine Learning Basics: Supervised v Unsupervised,AI and machine learning can help transform a massive pile of data into useful insights. Understanding which branch of machine ...,,,0,"['Education', 'maths']",27,
ihkylUbqFMI,ADL4CV:DV - Semi-Supervised Learning,"Advanced Deep Learning for Computer Vision: Dynamic Vision Prof. Laura Leal-Taixé, Dr. Ismail Elezi Dynamic Vision and ...",,,0,"['Education', 'maths']",27,
QoQoRsn17Qo,What do you mean by semi supervised learning? | Interview Question,"In this video, we talk about semi supervised machine learning. We also discuss how to tackle the interview questions around this ...",,,0,"['Education', 'maths']",27,
zxizTskX1cw,Semi-Supervised Learning Explained | Understanding Semi-Supervised Learning: A Comprehensive Guide,"machinelearning #python #datascience In this video, we explore the fascinating world of Semi-Supervised Learning, a powerful ...",,,0,"['Education', 'maths']",27,
vJbLlVd_UqE,05. What is Supervised Learning ? | Machine Learning,What is Supervised Learning? | Comprehensive Guide for Beginners Supervised learning is one of the most widely used and ...,,,0,"['Education', 'maths']",27,
1wOupJHNapM,Dimensions of a Supervised Machine Learning Algorithm-Supervised Learning-Machine Learning-Unit-1,"Subscribe this channel, comment and share with your friends. For Syllabus, Text Books, Materials and Previous University ...",,,0,"['Education', 'maths']",27,
F2OWE2pLRWE,Machine Learning | Semi-Supervised Learning,Semi-supervised learning is an approach to machine learning that combines a small amount of labeled data with a large amount ...,,,0,"['Education', 'maths']",27,
lW0ZIOyhRic,Part-1 Introduction to Self-Supervised Learning,This video introduces the self-supervised representation learning and why we need it. It also discusses the entire pipeline of ...,,,0,"['Education', 'maths']",27,
fCYZ5uG0CVg,What is supervised learning?,Machine learning has two main areas called supervised learning and unsupervised learning. Supervised leaning can be divided ...,,,0,"['Education', 'maths']",27,
h0e2HAPTGF4,11. Introduction to Machine Learning,"In this lecture, Prof. Grimson introduces machine learning and shows examples of supervised learning using feature vectors.",,,0,"['Education', 'maths']",27,
h-peTw8ba6I,Semi-Supervised and Self-Supervised Learning,Short tutorial on semi-supervised and self-supervised learning. About the channel: The Neuro Symbolic Channel provides the ...,,,0,"['Education', 'maths']",27,
-oxgZ-8gKM0,Semi-Supervised Learning for classification with codes,This tutorial explains how to use Semi-Supervised learning for a multi classification problem. #artificialintelligence ...,,,0,"['Education', 'maths']",27,
mwjSbsrsAb0,machine learning with scikit learn supervised learning,,,,0,"['Education', 'maths']",27,
4Pu0vDGi7WE,What is Supervised Learning? | Supervised Learning Algorithms | #machinelearning #ai #supervised,Supervised Learning: An Overview of a Powerful Machine Learning Technique Supervised learning is a type of machine learning ...,,,0,"['Education', 'maths']",27,
IVFtCZoHIp4,DL0.2 - Supervised learning,Supervised learning - Deep Learning.,,,0,"['Education', 'maths']",27,
lgVwtTof1ew,What is Self-Supervised Learning ? | Will machines be able to learn like humans ? 29,Artificial Intelligence terms explained in a minute for everyone! This week's term is self-supervised learning. Recently popularized ...,,,0,"['Education', 'maths']",27,
EcvLqmeD7SE,MedAI Session 3: Weakly Supervised Learning in Medicine | Jason Fries,Title: Weakly Supervised Learning in Medicine (Better Living through Programmatic Supervision) Speaker: Jason Fries Abstract: ...,,,0,"['Education', 'maths']",27,
BI7SROuhuQ4,🔥 what is supervised learning in tamil | supervised learning algorithms in tamil #supervisedlearning,"Contact: +91 9962066262 , +91 7667663035, +91 9840678906 Course Enquiry - Registration Form. Apply for Course: ...",,,0,"['Education', 'maths']",27,
lQsQ1mc5tSQ,Supervised Learning Projects Tutorial | Machine Learning Tutorial | Great Learning,"As the name indicates, supervised learning has the presence of a supervisor as a teacher. Supervised learning is when we teach ...",,,0,"['Education', 'maths']",27,
HZQOvm0fkLA,MLSS 2012: Z. Ghahramani - Lecture 3: Graph based semi-supervised learning (Part 1),Machine Learning Summer School 2012: Lecture 3: Graph based semi-supervised learning (Part 1) - Zoubin Ghahramani ...,,,0,"['Education', 'maths']",27,
B7mR87o_IBQ,Supervised Learning: Predictive Modeling with Labeled Data,Analytics tutorial about supervised machine learning Machine Learning Tutorial Series: 1. Supervised Machine Learning: ...,,,0,"['Education', 'maths']",27,
C4UQWJcp7w4,"[CVPR 2020 Tutorial] Talk #5 Self-supervised Learning by Licheng Yu, Yen-Chun Chen and Linjie Li",[CVPR 2020 Tutorial] Recent Advances in Vision-and-Language Research Talk #5 Self-supervised Learning for Vision and ...,,,0,"['Education', 'maths']",27,
UgnDm9ib3Yc,Semi-Supervised Learning for Delayed Partially Labelled Data Streams - Heitor Murilo Gomes,A presentation from the 2022 Artificial Intelligence Researchers Association Conference. For more information visit www.ainz.ai.,,,0,"['Education', 'maths']",27,
mvTQwA7Q9L4,Self-Supervised Learning Explained | Ishan Misra and Lex Fridman,GUEST BIO: Ishan Misra is a research scientist at FAIR working on self-supervised visual learning. PODCAST INFO: Podcast ...,,,0,"['Education', 'maths']",27,
RKF_zktPffE,"4. #Learning /#Training in Artificial Neural Networks - #supervised learning,#unsupervised learning","Types of Learning /Training in Artificial Neural Networks 1. Supervised learning, 2. Unsupervised learning 3. Reinforcement ...",,,0,"['Education', 'maths']",27,
xqa4hEdoMzU,Semi Supervised Learning,,,,0,"['Education', 'maths']",27,
k4O_Jk7ZIa8,semi supervised learning I basic introduction of semi supervised learning I AI JRVAE,semi supervised learning Imagine you want to train a model to classify text documents but you want to give your algorithm a hint ...,,,0,"['Education', 'maths']",27,
gTT-auzn5xM,Suhas Kotha at SpaceML: Self-Supervised Learning for Satellite Imagery,Presentation by SpaceML Researcher Suhas Kotha to the NASA Impact Team on the vision of training convolutional neural ...,,,0,"['Education', 'maths']",27,
vNH6-mEHjRg,What is Self Supervised Learning? | in Hindi,"By giving a simple example, this video attempts to explain what is self supervised learning. Machine learning tutorials python: ...",,,0,"['Education', 'maths']",27,
m7F6-5Bbz4c,Supervised Learning Technique In Mahout | Edureka,Supervised learning is the machine learning task of deducing a function from labeled training data. This videos explains the ...,,,0,"['Education', 'maths']",27,
aW9rCWVJcig,Self-Supervised Learning - Contrastive Representation Learning,,,,0,"['Education', 'maths']",27,
DPJpfb9_hEc,Self-Supervised Learning Advances Medical Image Classification,,,,0,"['Education', 'maths']",27,
88wYmP0p2eg,What is Supervised Learning?,"Supervised learning is a type of machine learning where a model is trained on labeled data, meaning each input has a ...",,,0,"['Education', 'maths']",27,
sjbNG0wxvoQ,Supervised Learning in Machine Learning | Video #2,Supervised Learning in Machine Learning | Data Science and A.I. Lecture Series Welcome to PostNetwork Academy! In this video ...,,,0,"['Education', 'maths']",27,
GI7RWIl-LNI,Supervised Learning VS Unsupervised Learning in telugu |CSE & IT Tutorial4u,Supervised Machine Learning: Supervised learning is a machine learning method in which models are trained using labeled data ...,,,0,"['Education', 'maths']",27,
KUgaA0MUryY,Self-Supervised Learning - Pretext tasks,,,,0,"['Education', 'maths']",27,
xxHHHGPvOo0,What is Semi-supervised Learning? Explanation with Examples,SemisupervisedLearning #Supervised #unsupervised This lecture explains What is Semi-supervised Learning? Explanation with ...,,,0,"['Education', 'maths']",27,
MXHAKnL3Zdo,Supervised Learning of Word Sentiment,Twitter: @NatalieParde.,,,0,"['Education', 'maths']",27,
0dp3Digvfcw,SFU CMPT 413: HMM6 Supervised Learning of Hidden Markov Models,,,,0,"['Education', 'maths']",27,
jPVfz6zCdi8,"(Lec-56) Supervised,Unsupervised & Reinforcement Learning|আর্টিফিশিয়াল ইন্টেলিজেন্স বাংলা টিউটোরিয়াল",supervisedlearning #unsupervisedlearning #reinforcementlearning There are three main groups of algorithms in ML: Supervised ...,,,0,"['Education', 'maths']",27,
Ql6aRur3Fto,Supervised Learning Explained: A Beginner's Guide to Machine Learning,"Welcome to our comprehensive introduction to Supervised Learning in Machine Learning! In this video, we break down the key ...",,,0,"['Education', 'maths']",27,
R8DduzhT3-w,Mark Zuckerberg: AI Learns More Efficiently With Self-Supervised Learning,"During Meta's Inside the Lab event, CEO Mark Zuckerberg explains how the company teaches its AI to learn about images and ...",,,0,"['Education', 'maths']",27,
#NAME?,Introduction to supervised learning events,Introduction to supervised learning events in the foundation pharmacist training year Connect with us: Facebook ...,,,0,"['Education', 'maths']",27,
SGSOCuByo24,"Yann LeCun: Deep Learning, ConvNets, and Self-Supervised Learning | Lex Fridman Podcast #36",,,,0,"['Education', 'maths']",27,
1Hy-Fl9qVdY,Supervised Vs Unsupervised Vs Reinforcement Learning l Machine Learning Interview Series l In Hindi,"In case of any query/doubt/difficulty regarding these batches, directly message me on Whatsapp 8329917036 Or mail me at ...",,,0,"['Education', 'maths']",27,
Ag1bw8MfHGQ,Yann LeCun - Self-Supervised Learning: The Dark Matter of Intelligence (FAIR Blog Post Explained),"selfsupervisedlearning #yannlecun #facebookai Deep Learning systems can achieve remarkable, even super-human ...",,,0,"['Education', 'maths']",27,
Q6BnBWKRALc,2 - Training a Machine Learning model - Supervised Learning framework #machinelearning,,,,0,"['Education', 'maths']",27,
JccCiVXVe_w,[Hindi] Unsupervised & Self-supervised Learning,"Hi friends! In this video, we will discuss two new settings that work with unlabeled data -- unsupervised learning and ...",,,0,"['Education', 'maths']",27,
UnsHUTE-SHE,Spring 2023 Lecture 26: Weakly-Supervised and Self-Supervised Learning,This lecture is part of the Fundamentals of Machine Learning (FunML) course offered at the Georgia Institute of Technology.,,,0,"['Education', 'maths']",27,
6jEnM-N7uMs,Supervised Learning | MindLearnCast,"In this video, we will be introducing the concept of supervised learning. Supervised learning is a type of machine learning where ...",,,0,"['Education', 'maths']",27,
zQWLXkIARr8,Self-Supervised Learning: SimCLR,Self-Supervised Learning: SimCLR.,,,0,"['Education', 'maths']",27,
gC2rgECJMZY,The Ultimate Guide To Supervised Learning | Explained On Binary Classification Example | Part 1,"The first part of ""The Ultimate Guide To Supervised Learning"" explains the concept of supervised learning on an example of ...",,,0,"['Education', 'maths']",27,
U_bQK_3sz4A,Duckietown - Supervised learning demo,Lane following with supervised learning DB17.,,,0,"['Education', 'maths']",27,
6ZepfBhzYUM,Structure-Aware Protein Self-Supervised Learning | Can (Sam) Chen,Title: Structure-Aware Protein Self-Supervised Learning Abstract: Protein representation learning methods have shown great ...,,,0,"['Education', 'maths']",27,
8CY7fDCh7-s,Supervised Learning Simplified with Real-Life Examples | Deep Learning Series,Discover the magic of Supervised Learning in this exciting episode of my Deep Learning series! Supervised learning is the ...,,,0,"['Education', 'maths']",27,
utTEo3mEUII,L-5 | Working Of Supervised Learning | How Supervised Learning Works | Machine Learning Tutorial,L-5 | Working Of Supervised Learning | How Supervised Learning Works | Machine Learning Tutorial Machine learning full ...,,,0,"['Education', 'maths']",27,
aYuUwyZl_WY,[NeurIPS'21] FlexMatch: Boosting Semi-Supervised Learning with Curriculum Pseudo Labeling,FlexMatch: Boosting Semi-Supervised Learning with Curriculum Pseudo Labeling Paper: https://arxiv.org/abs/2110.08263 Code: ...,,,0,"['Education', 'maths']",27,
W81fUnn2m0Q,Supervised Learning for Beginners: Complete Guide With Examples,Supervised Learning for Beginners: Complete Guide With Example ⭐ Want to become Top 1% Certified Data Science ...,,,0,"['Education', 'maths']",27,
PG6Lxp6OsDA,Learning Based Algorithms (Supervised & Unsupervised) | AI Class 10 Unit 2.4 (2022-23),"✓ In this video, ✔️ Class: 10th ✔️ Subject: Artificial Intelligence ✔️ Chapter: AI Project Cycle (Chapter 2) (Unit 2.4) ...",,,0,"['Education', 'maths']",27,
2dvMH5Pmj3Y,"""Semi-Supervised Learning Explained: The Best of Both Worlds 🤖⚖️""","""Step into the fascinating world of Semi-Supervised Learning with this insightful conversation between a curious learner and an AI ...",,,0,"['Education', 'maths']",27,
xQ_LFTPh1uA,🤖 Supervised Learning Algorithms வகைகள் | Types of Supervised Learning | Machine Learning in Tamil,"Contact: +91 9962066262 , +91 7667663035, +91 9840678906 Course Enquiry - Registration Form. Apply for Course: ...",,,0,"['Education', 'maths']",27,
4b4MUYve_U8,Stanford CS229: Machine Learning - Linear Regression and Gradient Descent | Lecture 2 (Autumn 2018),This lecture covers supervised learning and linear regression. Andrew Ng Adjunct Professor of Computer Science ...,,,0,"['Education', 'maths']",27,
gKiVk0HYWJA,Supervised Learning vs Unsupervised Learning: A Beginner's Guide (With Examples),Supervised Learning vs Unsupervised Learning for Beginners: Complete Guide With Example ⭐ Want to become Top 1% ...,,,0,"['Education', 'maths']",27,
y7oko8Q-l8s,Supervised Learning with a Neural Network,"Supervised learning centers around creating a function that correlates input X to output Y, exemplified by predicting housing ...",,,0,"['Education', 'maths']",27,
XwCq0OH1Tcg,AI for Beginners 😎 Supervised Learning Regression (Full Practical Guide),"Welcome to AI for Beginners – your ultimate guide to mastering Supervised Learning Regression with hands-on practice, ...",,,0,"['Education', 'maths']",27,
JUeWDCuHN-U,Types of Machine Learning - Supervised Learning అంటే ఏంటి - AI Telugu,Types of Machine Learning - Supervised Learning అంటే ఏంటి - AI Telugu AI Course Whatsapp - 90145 35981 Contact ...,,,0,"['Education', 'maths']",27,
eYgPJ_7BkEw,FixMatch: Simplifying Semi-Supervised Learning with Consistency and Confidence,"FixMatch is a simple, yet surprisingly effective approach to semi-supervised learning. It combines two previous methods in a ...",,,0,"['Education', 'maths']",27,
0zu4rQwBvfs,Supervised learning-Introduction-3-2-1-Machine Learning-Classification-Unit-3-20A05602T-3 Year-CSE,UNIT III - Supervised Learning: Classification - 3-2-1 Supervised Learning - Introduction Types of Machine Learning Example of ...,,,0,"['Education', 'maths']",27,
ZZgvklkQrss,Teach an AI to play game using Supervised Learning,Can you guess who's playing In this video I am showing how I taught our beloved TRex to play itself. Detailed description: ...,,,0,"['Education', 'maths']",27,
aGe30NTVDOk,AIML Targeting: Supervised Learning for Bots,"AIML Targeting is a system for training a chat bot with new responses. Using Targeting, the botmaster, rather than having to read ...",,,0,"['Education', 'maths']",27,
mivtzPgaul8,Supervised Learning Explained (Regression and Classification),"This video dives into the world of supervised learning, a core machine learning technique. We'll break down two key types: ...",,,0,"['Education', 'maths']",27,
eYfozdnWEH0,What If You Could Master Supervised Learning in Just 4 minutes?,Dive into the world of regression in supervised learning with this comprehensive guide! Perfect for data science beginners and ...,,,0,"['Education', 'maths']",27,
s25OyxtqSQQ,"Applications of machine learning, supervised learning algorithms, unsupervised learning algorithms","Applications of machine learning, supervised learning algorithms, unsupervised learning algorithms, reinforcement learning, ...",,,0,"['Education', 'maths']",27,
li1Y7Rnvarc,SUPERVISED LEARNING# LECTURE# VIDEO,Supervised learning is a category of machine learning that uses labeled datasets to train algorithms to predict outcomes and ...,,,0,"['Education', 'maths']",27,
vQsCt-PD-Hc,Supervised Learning Algorithm #learning #algorithm,Supervised Learning Algorithm #learning #algorithm #education.,,,0,"['Education', 'maths']",27,
2eU_8ExBzDw,Boosting vs. semi-supervised learning,"While gradient boosted algorithms are amazing, they aren't a silver bullet for everything. Especially when you're dealing with a ...",,,0,"['Education', 'maths']",27,
Ck5bShcRFwk,Spatiotemporal Self-supervised Learning for Point Clouds in the Wild,Training a semantic segmentation network for point cloud requires large amounts of annotated data. But annotation is very costly.,,,0,"['Education', 'maths']",27,
gG6Vjvy36VI,Supervised Learning - Regression vs Classification Models - (Part 3/4),"Here we will discuss about the Supervised Learning in detail, including the differences between the Regression Models and the ...",,,0,"['Education', 'maths']",27,
kgn0LAiR2c4,Supervised Learning | Unsupervised Learning | Classification machine learning | Malayalam tutorial,malayalam #tutorial #machinelearning #classification #supervisedlearning #unsupervisedlearning.,,,0,"['Education', 'maths']",27,
rQjTaCg6V8E,Introduction to Supervised Learning,About supervised learning techniques and its process.,,,0,"['Education', 'maths']",27,
2F0Nz3m-h1g,Supervised learning in 3 minutes,this video covers the concept and working of supervised learning simplified.,,,0,"['Education', 'maths']",27,
FncazQA7jQ0,Supervised Learning Classification,wwfc #worldwidefreecourse #machinelearning #ml #bestcourses Mastering Machine Learning: From Basics to Advanced Learn ...,,,0,"['Education', 'maths']",27,
AzblgZNoBWw,Complete ML Machine Learning in One Shot (5 Hours) | Semester Exam | In Hindi,Topics 0:00 Introduction 17:01 ML Basics 1:29:46 Supervised Learning 2:58:48 Unsupervised Learning 3:54:59 Reinforcement ...,,,0,"['Education', 'maths']",27,
pk6Sl52c9x4,Self-Supervised Learning for Inverse Problems (6 out of 6),"VI. ""Future Perspectives"" Tutorial by Julián Tachella (CNRS, ENS Lyon) & Mike Davies (University of Edinburgh) given at the ...",,,0,"['Education', 'maths']",27,
EthRahJIUhE,Supervised Learning & its Techniques । Classification & Regression । Machine Learning । AI,What is an example of supervised learning? What is the difference between supervised and unsupervised learning? What is ...,,,0,"['Education', 'maths']",27,
ItcyB3OVtG4,Supervised Learning: The Chef and the Intelligent Recipe Book,Here is a short story that teaches the concept of supervised learning in a simple way. Supervised learning is a machine learning ...,,,0,"['Education', 'maths']",27,
DvwwI4Rs4Ok,supervised learning vs unsupervised machine learning,Supervised and unsupervised learning systems differ in the nature of the training data that they're given. Supervised learning ...,,,0,"['Education', 'maths']",27,
xFOS5CHB1R8,Supervised Learning | Linear Regression | 360DigiTMG,Supervised Learning | Linear Regression SUBSCRIBE TO 360DigiTMG's YOUTUBE CHANNEL NOW ...,,,0,"['Education', 'maths']",27,
5l-dpBj2YqA,Lecture 07: Semi-Supervised & Self-Supervised Learning - Enhancing ML with Less Labels,"In the ever-evolving landscape of Machine Learning, the challenge of scarce labeled data remains a significant hurdle for many ...",,,0,"['Education', 'maths']",27,
34K3U7iHbps,Supervised Learning - 5 Day Data Science Bootcamp,,,,0,"['Education', 'maths']",27,
etjLLD2yxkM,An Introduction to Supervised Learning webinar,,,,0,"['Education', 'maths']",27,
c0u5TSd8Nx4,Supervised Learning in Machine learning|| Explanation in Malayalam,supervised learning is the most popular paradigm for machine learning. It is the easiest to understand and the simplest to ...,,,0,"['Education', 'maths']",27,
_7dSORIt8Iw,ZTF Summer School 24 - Supervised Learning,Lecture 6: Supervised Learning Speaker: Jie Ding ****************************** The ZTF summer school runs yearly and is hosted ...,,,0,"['Education', 'maths']",27,
5ruitP0dYRE,AI for Beginners 😎 Supervised Learning Classification (Full Practical Guide),"Welcome to AI for Beginners – your ultimate guide to mastering Supervised Learning Regression with hands-on practice, ...",,,0,"['Education', 'maths']",27,
9EApMZvO5ec,Introduction to Supervised Learning - L2,Introduction to Supervised Learning.,,,0,"['Education', 'maths']",27,
7M52ensBFxM,Self-Supervised Learning for Inverse Problems (4 out of 6),"VI. ""Learning with Equivariance"" Tutorial by Julián Tachella (CNRS, ENS Lyon) & Mike Davies (University of Edinburgh) given at ...",,,0,"['Education', 'maths']",27,
#NAME?,Semi Supervised Learning | Machine Learning Complete Course in Hindi | True Engineer,Machine Learning Complete Playlist True Engineer ...,,,0,"['Education', 'maths']",27,
SGzMElJ11Cc,Yann LeCun: Dark Matter of Intelligence and Self-Supervised Learning | Lex Fridman Podcast #258,OUTLINE: 0:00 - Introduction 0:36 - Self-supervised learning 10:55 - Vision vs language 16:46 - Statistics 22:33 - Three ...,,,0,"['Education', 'maths']",27,
AV7T9Gm8Cy0,3D aware Self-Supervised Learning for Molecular graphs,Abstract: Learned methods for molecular property prediction are much more accurate if they have access to the 3D structure of the ...,,,0,"['Education', 'maths']",27,
PLYSR9w-Odo,The Power of Transformers_ Unlocking Self-Supervised Learning in Deep Learning #ai,"Unlock the power of self-supervised learning with the transformative architecture of Transformers! In this short clip, learn how ...",,,0,"['Education', 'maths']",27,
F587JTsVqa8,Types of Supervised Learning Module2,This module discuss types of supervised learning in Machine Learning.,,,0,"['Education', 'maths']",27,
MxJFDYWVr_E,Supervised learning: basic concepts,"Supervised learning is a machine learning paradigm where the algorithm learns from labeled training data, associating input data ...",,,0,"['Education', 'maths']",27,
B68VV8ewsk4,What is Machine learning ? | Basics of Supervised Learning,"Welcome to our latest video where we delve deep into the fascinating world of supervised learning, the fundamental pillar of ...",,,0,"['Education', 'maths']",27,
wgdjIdJLeNk,Supervised Learning,MLInterviewPrep2.,,,0,"['Education', 'maths']",27,
KIZz5J6kYS4,1.2 Main types of machine learning|supervised learning| unsupervised learning | reforcement learn..,machinelearnin what are type types of machine learning in details #youtube #trending.,,,0,"['Education', 'maths']",27,
UGPT64wo7lU,"Yann LeCun - Graph Embedding, Content Understanding, and Self-Supervised Learning",,,,0,"['Education', 'maths']",27,
AzblgZNoBWw,Complete ML Machine Learning in One Shot (5 Hours) | Semester Exam | In Hindi,Topics 0:00 Introduction 17:01 ML Basics 1:29:46 Supervised Learning 2:58:48 Unsupervised Learning 3:54:59 Reinforcement ...,,,0,"['Education', 'maths']",27,
nMisOlbZp8I,Prediction using Supervised Learning,The Spark Foundation Data Science and Business Intern Task #internship #thesparkfoundation #datascience #machinelearning ...,,,0,"['Education', 'maths']",27,
tYQb0fsI8bE,[CVPR 2023] Towards Realistic Long-Tailed Semi-Supervised Learning: Consistency Is All You Need,Paper: http://palm.seu.edu.cn/weit/paper/CVPR2023_ACR.pdf Code: https://github.com/Gank0078/ACR Abstract: While ...,,,0,"['Education', 'maths']",27,
6fiLclsS8So,Supervised Learning Algorithms: Training Models with Labeled Data,"Supervised learning algorithms are fundamental to machine learning, where models are trained on labeled datasets to predict or ...",,,0,"['Education', 'maths']",27,
71KKyAhlwy4,Advantage & Disadvantage of Supervised Learning. #short #artificialintelligence #sp,"hello guys, Here on this channel we all are exploring about futuristic knowledge & information. So guys, please supporting us with ...",,,0,"['Education', 'maths']",27,
WDhSyTG41KE,Supervised Learning with PARAGON: Golang AI Framework Tutorial,"Welcome to our Supervised Learning showcase using the PARAGON AI Framework! In this video, we demonstrate how our ...",,,0,"['Education', 'maths']",27,
soV0_Cy50Z4,Self-Supervised Learning - Supervised vs. Self-Supervised Learning,,,,0,"['Education', 'maths']",27,
YPfUiOMYOEE,BYOL: Bootstrap Your Own Latent: A New Approach to Self-Supervised Learning (Paper Explained),Self-supervised representation learning relies on negative samples to keep the encoder from collapsing to trivial solutions.,,,0,"['Education', 'maths']",27,
4Ort_bdTQlk,Self-Supervised Learning to Reconstruct Dynamic Scenarios at Scale - NVIDIA DRIVE Labs Ep. 33,Autonomousvehicle #simulation is effective only if it can accurately reproduce the real world. The need for fidelity increases—and ...,,,0,"['Education', 'maths']",27,
qJ3GpmDEwM8,| Explain Supervised Learning | | Supervised Learning | | Day 3 of Posting Machine Learning Videos,"supervised learning,machine learning,unsupervised learning,supervised learning algorithms,machine learning tutorial,supervised ...",,,0,"['Education', 'maths']",27,
z57XZZwNwFI,Spring 2024 Lecture 26: Self-Supervised Learning,This lecture is part of the Fundamentals of Machine Learning (FunML) course offered at the Georgia Institute of Technology.,,,0,"['Education', 'maths']",27,
_L0Uc40n0cE,【S2E9】Advancing Semi-Supervised Learning: Methods and Benchmarks,computervision #machinelearning Title: Advancing Semi-Supervised Learning: Methods and Benchmarks Abstract: ...,,,0,"['Education', 'maths']",27,
AzbEGODDwW0,Introduction to Supervised learning,"AI, ML, CNN, Deep learning, Neural Network.",,,0,"['Education', 'maths']",27,
bfbTJAPJ8eI,Supervised learning Algorithms With Real life examples,"Learn machine learning,supervised learning,supervised learning algorithms,machine learning algorithms,unsupervised learning ...",,,0,"['Education', 'maths']",27,
madu00JjJO4,Earth Observation & Climate Research through Self-Supervised Learning,"Earth Observation (EO) satellites generate petabytes of data annually to monitor environmental changes, from land surface ...",,,0,"['Education', 'maths']",27,
tWicqYAp_O0,"Supervised Learning Algorithms Linear Regression, Decision Trees,& SVM Explained!#youtube#viralvideo","Supervised Learning Algorithms Linear Regression, Decision Trees, & SVM Explained! Unlock the power of supervised learning ...",,,0,"['Education', 'maths']",27,
n5PdM5UPw_g,DINOv2 (Meta AI) – The Future of Self-Supervised Learning for Computer Vision | Deep Dive,DINOv2 (Self-Supervised Learning by Meta AI) is transforming computer vision by enabling AI to learn without labeled data.,,,0,"['Education', 'maths']",27,
bT5T6GVf1is,The A-Z of Supervised Learning: From Basics to Real-World Applications | AI crash Course,"Ever wondered how machines learn to identify your cat in photos or predict the weather? The answer lies in supervised learning, ...",,,0,"['Education', 'maths']",27,
RukfMj7ktxw,Supervised Learning,Video Contents: 00:00 Definition of Labeled Dataset 00:53 Supervised Learning Mechanism 03:01 Subcategories of Supervised ...,,,0,"['Education', 'maths']",27,
6N3OAWIsUOU,Stanford CS229 Machine Learning I Self-supervised learning I 2022 I Lecture 16,"For more information about Stanford's Artificial Intelligence programs visit: https://stanford.io/ai To follow along with the course, ...",,,0,"['Education', 'maths']",27,
vuG6fP9SA1c,A Semi-Supervised Learning Approach to Quality-Based Web Service Classification,"Welcome to our video on A Semi-Supervised Learning Approach to Quality-Based Web Service Classification! In this video, we ...",,,0,"['Education', 'maths']",27,
vkqeVWzMDHc,Supervised learning,"Supervised learning is a type of machine learning algorithm in which the computer is trained on labeled data, which means that ...",,,0,"['Education', 'maths']",27,
nk_W_SceKzk,Types Of Machine Learning | Supervised Learning With It's Types | Module 1 of ML (BCS602).,Types Of Machine Learning | Supervised Learning With It's Types | Module 1 of ML (BCS602). Full explanation of all types of ...,,,0,"['Education', 'maths']",27,
bIjEmd0kGN8,Self-Supervised Learning for Inverse Problems (3 out of 6),"III. ""Learning from Incomplete Operators"" Tutorial by Julián Tachella (CNRS, ENS Lyon) & Mike Davies (University of Edinburgh) ...",,,0,"['Education', 'maths']",27,
AeKIG6BOSSg,Salesforce AI Associate Certification : Supervised Learning and unsupervised learning,"Welcome to our comprehensive Salesforce AI Associate Certification Preparation Course! In this video, we'll guide you through all ...",,,0,"['Education', 'maths']",27,
XS9EbvXqOwg,GEDI: GEnerative and DIscriminative Training for Self-Supervised Learning,"In this video, we present GEDI, a new self-supervised learning algorithm which improves the efficiency in terms of data ...",,,0,"['Education', 'maths']",27,
MrLPzBxG95I,"Lecture 1 ""Supervised Learning Setup"" -Cornell CS4780 Machine Learning for Decision Making SP17",Cornell class CS4780. (Online version: https://tinyurl.com/eCornellML ) Official class webpage: ...,,,0,"['Education', 'maths']",27,
hIAIjEAIGyU,"Supervised Learning, Linear Regression, and Gradient Descent Explained | Beginner to Advanced","Welcome to our comprehensive tutorial on Supervised Learning, Linear Regression, and Gradient Descent! In this video, we'll ...",,,0,"['Education', 'maths']",27,
xBrBlkQvvmE,Machine Learning - Supervised learning,"In this video, we dive deep into Supervised Learning. You'll learn how supervised learning works, the difference between ...",,,0,"['Education', 'maths']",27,
vICrdSUS9vg,Vahan Huroyan - Recent Developments in Self-Supervised Learning for Computer Vision,"Vahan Huroyan, a Machine Learning Researcher at the YerevaNN research lab, provides a talk on “Recent Developments in ...",,,0,"['Education', 'maths']",27,
SEXNTWijZ88,10-minute paper (episode 31): Self-Supervised Learning from Images I-JEPA,"In this groundbreaking paper, we unveil a cutting-edge approach to learning highly semantic image representations without the ...",,,0,"['Education', 'maths']",27,
J3Zvrme_tI4,What is Supervised Learning? | Newton Machine Learning Tutorials,"Step into the captivating world of Supervised Learning in machine learning! In this video, we explore the fundamentals of ...",,,0,"['Education', 'maths']",27,
1caj2V7E31w,Supervised vs Unsupervised vs Semi-Supervised vs Reinforcement Learning | ML types | ML வகைகள்|Tamil,0.00 - Introduction 0.35 - Machine Learning 1:21 - Use case Selection 1:50 - Supervised Learning 3:10 - Classification 3.32 ...,,,0,"['Education', 'maths']",27,
U3SfXcPqeTo,[Hindi] Supervised Learning : Classification - Machine Learning Tutorials Using Python In Hindi,Best Hindi Videos For Learning Programming: ▻Learn Python In One Video - https://www.youtube.com/watch?v=qHJjMvHLJdg ...,,,0,"['Education', 'maths']",27,
qOssVBLwQjM,Prediction using Supervised Learning,Predict the percentage of a student based on the no. of study hours. This is a simple linear regression task as involved just 2 ...,,,0,"['Education', 'maths']",27,
jfSuQCs3bSs,Types of Machine Learning Algorithms Supervised Unsupervised Reinforcement Learning by Mahesh Huddar,What is Machine Learning | Types of Machine Learning Algorithms | Supervised Unsupervised Reinforcement Learning by ...,,,0,"['Education', 'maths']",27,
R46XvFLJ5ZM,A Tutorial on Semi Supervised Learning,"In this video tutorial, we discuss 1) What is semi-supervised learning its application cases 2) A simple SVM based strategy for ...",,,0,"['Education', 'maths']",27,
yT03ouRplnY,Lec04: Classification : A type of Supervised Machine Learning Algorithm,supervisedlearning.,,,0,"['Education', 'maths']",27,
TPr3gPb3WuI,Unsupervised vs Supervised Learning,"In machine learning, the line between supervised learning and unsupervised learning is all too often confused and the hype is ...",,,0,"['Education', 'maths']",27,
O5xGrO7Otjc,TYPES OF MACHINE LEARNING-Machine Learning-20A05602T-UNIT I – Introduction to Machine Learning,"UNIT I – Introduction to Machine Learning & Preparing to Model Types of Machine Learning Definition of Supervised, ...",,,0,"['Education', 'maths']",27,
MDdC3TlT-YQ,Machine learning for absolute beginner module 3: Master Supervised Learning in Machine Learning,"Unlock the secrets of Supervised Learning! In this in-depth video, we cover the top 5 machine learning algorithms: Linear ...",,,0,"['Education', 'maths']",27,
1wHN6F3MJOI,Pengenalan Supervised Learning dan masalah labelnya,Mengenal lebih lanjut supervised learning yang sudah disinggung sedikit di video pengenalan Machine Learning. Link buat yang ...,,,0,"['Education', 'maths']",27,
JQt-BlYcEbY,Supervised Learning in 60 Secs 🧠🤖📊 #AI #youtubeshorts #supervisedlearning,"Supervised Learning in 60 Secs #AI #youtubeshorts #supervisedlearning Imagine having a teacher for your data, ...",,,0,"['Education', 'maths']",27,
q115i8E6cr0,[Technion ECE046211 Deep Learning W24] Tutorial 09 - Part 2 - Self-supervised Learning,Hands-on Tutorial in Python and PyTorch Technion ECE 046211 Deep Learning Winter 24 Tutorial 09: Part 2 - Representation ...,,,0,"['Education', 'maths']",27,
r3llG515Ygo,Supervised Learning | Machine Learning | Poornachand Kalyampudi | Datavedha,"In this lesson we are going to understand about What is Supervised Learning?, type of learning involves learning with labeled ...",,,0,"['Education', 'maths']",27,
JU7pT7efEzQ,Supervised Learning,,,,0,"['Education', 'maths']",27,
U-2TWyp5tbs,Introduction to Machine Learning: Supervised learning algorithms,Introduction to machine learning techniques that are not neural network based techniques. Overview includes: - Description of ...,,,0,"['Education', 'maths']",27,
8STUGBIO_Y4,Supervised Learning with Examples.,skip the examples if you understand the topic.,,,0,"['Education', 'maths']",27,
W4ld6Aw0RFc,Decision Trees in Machine Learning Simplified - Part 1 | Machine Learning Tutorial for Beginners,"... Machine Learning Tutorial for Beginners,"" we introduce the basics of Decision Trees, a popular supervised learning algorithm.",,,0,"['Education', 'maths']",27,
_Trz6sLulS8,Semi-Supervised Learning for Object Detection,Discover how semi-supervised learning enhances object detection by reducing reliance on labeled data. This talk explores ...,,,0,"['Education', 'maths']",27,
8-X-i6ffCBs,Linear Regression | Python Code Example | Supervised Learning Algorithms Series |,"Welcome to Module 2 of our Machine Learning: From Basics to Advance course! In this video, we dive into Linear Regression, ...",,,0,"['Education', 'maths']",27,
fNteE4-TM1c,Supervised learning என்றால் என்ன? | What is Supervised learning in Tamil,Supervised learning என்றால் என்ன? | What is Supervised learning in Tamil What is supervised learning - supervised ...,,,0,"['Education', 'maths']",27,
7I0Qt7GALVk,"Yann LeCun @EPFL - ""Self-supervised learning: could machines learn like humans?""","Conference by Yann LeCun, computer scientist working in machine learning, computer vision, mobile robotics and computational ...",,,0,"['Education', 'maths']",27,
Dnx7u6KXSCk,Classification & Regression || Lecture-01 || Machine Learning || Hindi || Supervised Learning,Welcome to our introductory video on two fundamental concepts in machine learning: regression and classification! In this video ...,,,0,"['Education', 'maths']",27,
Q0e6jX8ItGU,Understanding AI/ML and Supervised Learning | ML Series (Ep. 01),"In this video, we take a comprehensive look at Supervised Learning, one of the foundational concepts in Machine Learning (ML).",,,0,"['Education', 'maths']",27,
3EiOelSqWlo,types of supervised learning|| classification and regression,"classification ,classification and regression regression classification vs regression logistic regression,regression vs classification ...",,,0,"['Education', 'maths']",27,
D9-UGlvWbaA,Machine Learning in Telugu | Supervised Unsupervised Reinforced in Telugu | Artificial Intelligence,Download Vamsi Bhavani App https://play.google.com/store/apps/details?id=com.blogspot.vamsibhavani.vamsibhavani Machine ...,,,0,"['Education', 'maths']",27,
fapRpXIBTFw,AI-Powered Image Restoration: Self-Supervised Learning via Autoencoders #ai #deeplearning #python,Welcome to the video on Self-Supervised Learning! Revolutionizing Image Restoration: Self-Supervised Learning via ...,,,0,"['Education', 'maths']",27,
5VjEBHWuYs8,09P – Contrastive joint embedding methods (JEMs) for self-supervised learning (SSL),Course website: http://bit.ly/DLSP21-web Playlist: http://bit.ly/DLSP22-YouTube Speaker: Jiachen Zhu (朱家晨),,,0,"['Education', 'maths']",27,
BVP1EDKb6_g,Lec-6: Linear Regression Vs. Logistic Regression | Supervised Learning | Machine Learning,"00:00 – Intro 00:30 – Linear Regression Vs. Logistic Regression In this video, discussing about the deep difference between the ...",,,0,"['Education', 'maths']",27,
mvveVcbHynE,Lec-9: Introduction to Decision Tree 🌲 with Real life examples,... tree Decision Trees are versatile and powerful supervised learning algorithms used for both classification and regression tasks.,,,0,"['Education', 'maths']",27,
cHT-qLnRm0E,Lec-3: Introduction to Regression with Real Life Examples,00:00 – Introduction 01:41 – what is regression 03:18 – example 04:31 – regression represent is graphical way Regression is a ...,,,0,"['Education', 'maths']",27,
SS9fvo8mR9Y,Weak Supervision Learning Explained,Getting labeled training data is almost always the hardest part of an NLP program. In this video I describe how to use label ...,,,0,"['Education', 'maths']",27,
wJ83TfR5mMg,Supervised Learning Explained | NotesMance,"""Supervised Learning Explained | Machine Learning Tutorial for Beginners "" In this video, we dive into the core concepts of ...",,,0,"['Education', 'maths']",27,
MIQmrBxp2-E,How Support Vector Machine (SVM) Works Types of SVM Linear SVM Non-Linear SVM ML DL by Mahesh Huddar,How Support Vector Machine (SVM) Works Types of SVM Linear SVM Non-Linear SVM Machine Learning Deep Learning by ...,,,0,"['Education', 'maths']",27,
lj5-JOZGeUM,CA-SSLR: Condition-Aware Self-Supervised Learning Representation for Generalized Speech Processing,Title: CA-SSLR: Condition-Aware Self-Supervised Learning Representation for Generalized Speech Processing (NeurIPS 2024) ...,,,0,"['Education', 'maths']",27,
C0wfM2vJHLI,Supervised Learning algorithms | supervised learning with examples | Supervised Learning in hindi,First vedio on our first topic of machine learning that is Supervised learning and its overview What is supervised learning with ...,,,0,"['Education', 'maths']",27,
qs8poJ9OuFo,Semi-supervised learning | Active learning | Self training | Co-training | Paper overview,Chapters: 0:00 Title 0:39 Research question 1:30 Theoretical background 4:10 Results 1 4:48 Results 2.,,,0,"['Education', 'maths']",27,
CO8E5egwIZE,Difference between Supervised and Unsupervised Learning in Tamil | Machine Learning | Karthik's Show,"This video explains in Tamil, the basic difference between Supervised and Unsupervised Learning. Please go through the links ...",,,0,"['Education', 'maths']",27,
zSV-3JFMaTw,Supervised Learning Question in GATE | GATE DA 2024 Q.18 | Machine Learning | RBR | Jay Bansal,"If you're considering studying abroad, don't forget to explore 'Games of Visas,' my dedicated consultancy service and YouTube ...",,,0,"['Education', 'maths']",27,
dT-Gaolql1c,Weakly Supervised Learning for Adaptive LLM Agents,"Date Presented: 11/21/24 Speaker: Da Yin, UCLA Visit links below to subscribe and for details on upcoming seminars: ...",,,0,"['Education', 'maths']",27,
nrQpPCeqIFI,Semantic Segmentation with Active Semi-Supervised Learning,"Authors: Rangnekar, Aneesh*; Kanan, Christopher; Hoffman, Matthew J Description: Using deep learning, we now have the ability ...",,,0,"['Education', 'maths']",27,
dC3NUiJR-dI,Exploring Semi-Supervised Learning: Bridging the Gap Between Supervised and Unsupervised Techniques,"Welcome to indiamoon channel! In this enlightening video, we delve into the intriguing concept of semi-supervised learning, ...",,,0,"['Education', 'maths']",27,
cP2z7MFJScU,Self-Supervised Learning,Video Contents: 00:00 Comparison of Supervised and Unsupervised Learning 01:09 Self-Supervised Learning 01:50 ...,,,0,"['Education', 'maths']",27,
SpbR7h96Ln8,Difference between Supervised and Unsupervised learning #supervisedlearning #unsupervisedlearning,Difference between Supervised and Unsupervised learning #machinelearning #supervisedlearning #unsupervisedlearning ...,,,0,"['Education', 'maths']",27,
O2lRjthGqvs,Soft Computing Lecture 9 : Supervised Learning in ANN |artificial neural network,Lecture Notes on Compiler/DBMS/soft computing are available @Rs 500/- each subject by paying through Google Pay/ PayTM on ...,,,0,"['Education', 'maths']",27,
GBMMtXRiQX0,Lec-8: Naive Bayes Classification Full Explanation with examples | Supervised Learning,00:00 – Naive Bayes classification 01:29 – Bayes' Theorem 04:05 – Formula 07:36 – example Naive Bayes is a family of ...,,,0,"['Education', 'maths']",27,
ZMNXylSDQj8,"""Supervised Learning in AI | College Presentation | Easy Explanation""","Key points covered (e.g., classification, regression, advantages, and challenges). easy-to-understand examples, step-by-step ...",,,0,"['Education', 'maths']",27,
s6xh6oKq1C0,"L7 Self-Supervised Learning (Spring 2024, UC Berkeley) -- Pieter Abbeel & Philipp Wu","Instructors: Pieter Abbeel, Kevin Frans, Philipp Wu, Wilson Yan Lecture Slides: ...",,,0,"['Education', 'maths']",27,
7eh4d6sabA0,Python Machine Learning Tutorial (Data Science),Build your first AI project with Python! This beginner-friendly machine learning tutorial uses real-world data. ❤️ Join this ...,,,0,"['Education', 'maths']",27,
O1nWXTXcCwI,Lec-7: kNN Classification with Real Life Example | Movie Imdb Example | Supervised Learning,"00:00 – introduction 00:56 – classification 02:25 – example 04:39 – calculation K-Nearest Neighbors (KNN) is a simple, ...",,,0,"['Education', 'maths']",27,
LuuGsDLrCNo,Supervised Learning Regression,wwfc #worldwidefreecourse #machinelearning #ml #bestcourses Supervised Learning Regression Chapters: 0:00 Introduction to ...,,,0,"['Education', 'maths']",27,
w1_HEEbUBO4,Supervised Learning Algorithms Linear Regression with Demo | Lecture 13 | AI | ML | @AIRealmms,"Welcome to the AI Realms ""Unlock the power of Supervised Learning with Linear Regression! In this in-depth lecture (Lecture ...",,,0,"['Education', 'maths']",27,
aMEytCvS8gM,Supervised learning in machine learning,Supervised learning in machine learning.,,,0,"['Education', 'maths']",27,
CG_IxmLqQsk,Machine Learning Full Course 2025 | Machine Learning Tutorial For Beginners | Simplilearn,... experts Skills Covered ✓ Statistics ✓ Python ✓ Supervised Learning ✓ Unsupervised Learning ✓ Recommendation Systems ...,,,0,"['Education', 'maths']",27,
8L10w1KoOU8,10L – Self-supervised learning in computer vision,Chapters 00:00 – Welcome to class 01:05 – Self-supervised learning in computer vision 15:20 – Pretext-invariant representation ...,,,0,"['Education', 'maths']",27,
dVj-pH7ksQA,Self Supervised Learning in Medical AI,This review article examines self-supervised learning techniques for medical artificial intelligence. The authors highlight the ...,,,0,"['Education', 'maths']",27,
_Q9ZKUyzzXE,what is supervised learning in tamil | supervised learning algorithms in tamil | labelled dataset,in this video you will learn Supervised learning (SL) is the machine learning task of learning a function that maps an input to an ...,,,0,"['Education', 'maths']",27,
sFLbxmoM0Ws,"Machine Learning, Types of machine learning algorithms, supervised learning, unsupervised learning","Machine Learning, Types of machine learning algorithms, machine learning tutorial, supervised learning, unsupervised learning, ...",,,0,"['Education', 'maths']",27,
dxgvrooTZqQ,Self-Supervised Learning for Inverse Problems (2 out of 6),"II. ""Learning from Noisy Data"" Tutorial by Julián Tachella (CNRS, ENS Lyon) & Mike Davies (University of Edinburgh) given at the ...",,,0,"['Education', 'maths']",27,
PXOhi6m09bA,L9 Semi-Supervised Learning and Unsupervised Distribution Alignment -- CS294-158-SP20 UC Berkeley,"Course homepage: https://sites.google.com/view/berkeley-cs294-158-sp20/home Lecture Instructors: Aravind Srinivas, Peter ...",,,0,"['Education', 'maths']",27,
JnnaDNNb380,Unsupervised Learning: Crash Course AI #6,Thanks to the following patrons for their generous monthly contributions that help keep Crash Course free for everyone forever: ...,,,0,"['Education', 'maths']",27,
W01tIRP_Rqs,Supervised vs. Unsupervised Learning,"What's the best type of machine learning model for you - supervised or Unsupervised learning? In this video, Martin Keen explains ...",,,0,"['Education', 'maths']",27,
D6gtZrsYi6c,Unsupervised Learning | Unsupervised Learning Algorithms | Machine Learning Tutorial | Simplilearn,Unsupervised learning is a machine learning technique to build models from unlabeled data. This video covers all the basics of ...,,,0,"['Education', 'maths']",27,
3TbU9HI8Io4,ML 4 : Unsupervised Learning with Examples | ML Full Course,Details About Types of Learning Introduction of Unsupervised Learning Working of Unsupervised Learning Algorithm Why use ...,,,0,"['Education', 'maths']",27,
fM8XdC1EweU,Supervised vs Unsupervised learning with real life example,00:00 – Introduction 00:27 – supervised learning 02:22 – example of supervised learning 03:32 – unsupervised learning 04:52 ...,,,0,"['Education', 'maths']",27,
1FZ0A1QCMWc,Supervised vs Unsupervised vs Reinforcement Learning | Machine Learning Tutorial | Simplilearn,"In this video, you will learn about Supervised vs Unsupervised vs Reinforcement Learning. You will understand the definition of ...",,,0,"['Education', 'maths']",27,
kE5QZ8G_78c,Supervised Learning | Unsupervised Learning | Machine Learning Tutorial | 2023 | Simplilearn,Below are the topics explained in this supervised and unsupervised learning in Machine Learning Tutorial- 00:00 - 01:20 What is ...,,,0,"['Education', 'maths']",27,
tdzZPbQ1DTE,3/22/2025 Studying for Exam PA: Unsupervised Learning Techniques,"Studying unsupervised learning techniques for Exam PA, focusing on principal component analysis, K-means clustering, and ...",,,0,"['Education', 'maths']",27,
J1cpZOYBi8A,Unsupervised Machine Learning Algorithm | Machine Learning Tutorial | Tutorialspoint,Timestamps 0:27 Unsupervised Learning 1:34 Types of Unsupervised Learning Algorithms 1:41 Clustering 2:29 Association 3:07 ...,,,0,"['Education', 'maths']",27,
wvODQqb3D_8,Supervised & Unsupervised Machine Learning,"[Tier 1, Lecture 4b] This video describes the two main categories of machine learning: supervised and unsupervised learning.",,,0,"['Education', 'maths']",27,
xtOg44r6dsE,Supervised vs Unsupervised vs Reinforcement Learning | Data Science Certification Training | Edureka,1. Introduction to Machine Learning 2. Types of Machine Learning 3. Supervised vs Unsupervised vs Reinforcement learning 4.,,,0,"['Education', 'maths']",27,
rHeaoaiBM6Y,Supervised vs. Unsupervised Machine Learning: What's the Difference?,"Supervised machine learning requires the data scientists to provide input and output data, with the goal of the algorithm ...",,,0,"['Education', 'maths']",27,
yf1j0s7s2DU,Unsupervised Learning Explained | Machine Learning Basics for Beginners,Unsupervised learning is a key technique in machine learning where the model identifies patterns and structures in data without ...,,,0,"['Education', 'maths']",27,
w1k5x-0EDD0,Unsupervised Learning for Gain-Phase Impairment Calibration in ISAC Systems,"Video presentation of the following paper: J. M. Mateos-Ramos, C. Häger, M. F. Keskin, L. Le Magoarou and H. Wymeersch, ...",,,0,"['Education', 'maths']",27,
YSB1OTpCBjQ,Types of Machine Learning #machinelearning #artificialintelligence #ai,... learning Supervised Learning Unsupervised Learning Reinforcement Learning #machinelearning #artificialintelligence #ai.,,,0,"['Education', 'maths']",27,
aue5apGj-AQ,Step into the BdAIO with Hands-on Machine Learning and problem-solving! | Day 2,"In today's data-driven world, Machine Learning (ML) is transforming industries, solving complex challenges, and shaping the ...",,,0,"['Education', 'maths']",27,
hy4bmVNsHL8,K-Means Clustering | Unsupervised Algo | ML Revision | Data Science,Join telegram for notes and other resources: https://t.me/+nrHQIMw7v3o1NGZl Let's learn Machine Learning together from today!,,,0,"['Education', 'maths']",27,
RiFxh1PXbiE,What is Unsupervised learning? | Learn fast in 10 minutes,Unsupervised Learning Explained! | AI & Machine Learning Made Simple Unlock the Hidden Power of AI with Unsupervised ...,,,0,"['Education', 'maths']",27,
SdTZAMDKrNY,MIT 6.S191: Deep Generative Modeling,MIT Introduction to Deep Learning 6.S191: Lecture 4 Deep Generative Modeling Lecturer: Ava Amini ** New 2025 Edition ** For ...,,,0,"['Education', 'maths']",27,
RThpeperNHk,Machine Learning Full Course 2025 | Machine Learning Tutorial For Beginners | Simplilearn,... experts Skills Covered ✓ Statistics ✓ Python ✓ Supervised Learning ✓ Unsupervised Learning ✓ Recommendation Systems ...,,,0,"['Education', 'maths']",27,
WrDOi5LMaTE,"Lecture 20: Machine Learning Framework, Unsupervised Machine Learning and Its Quantum Extension",Support vector structure for identifying the margin in binary classification is explained. Cost functions for primal and dual ...,,,0,"['Education', 'maths']",27,
imC8hVuFYRc,Best Machine Learning and Deep Learning videos || Telugu,"... machine learning basics telugu, ai telugu tutorial, ai vs ml vs dl telugu, supervised learning telugu, unsupervised learning telugu ...",,,0,"['Education', 'maths']",27,
nQiu_iB4cUI,Recording: AI Innovation Workshop by Mr. Grant Hutchison,This is a recording of a live session on AI and machine learning that we held last Saturday! The session began with a discussion ...,,,0,"['Education', 'maths']",27,
wkvFK0DhNlQ,AI & ML Roadmap: Paving the Way for the Next Wave of Intelligence,Uncover the future of technology with our AI & ML Roadmap session. Explore the program details in this link: ...,,,0,"['Education', 'maths']",27,
LwFfZSjnink,"What is Clustering Algorithms, Explained!","Unlock the power of Clustering Algorithms! In this video, we dive into the world of unsupervised machine learning and explore ...",,,0,"['Education', 'maths']",27,
unO8shxFZz0,What is Machine Learning? | ML Explained in 1 Minute!,What is Machine Learning? Find out in just 1 minute! Machine Learning (ML) is a branch of AI that enables computers to learn ...,,,0,"['Education', 'maths']",27,
Wzr3GNAkB9Y,Generative AI Crash Course 2025 | What Is Generative AI | GenAI For Everyone | Simplilearn,... Engineering ✓ Chatbot Development ✓ Supervised and Unsupervised Learning ✓ Model Training and Optimization ✓ Model ...,,,0,"['Education', 'maths']",27,
ZiQIzyw4Kxw,Step into the BdAIO with Hands-on Machine Learning and problem-solving! | Day 1,"In today's data-driven world, Machine Learning (ML) is transforming industries, solving complex challenges, and shaping the ...",,,0,"['Education', 'maths']",27,
ULJPfzjDDEI,Step into the BdAIO with Hands-on Machine Learning and problem-solving! | Day 3,"In today's data-driven world, Machine Learning (ML) is transforming industries, solving complex challenges, and shaping the ...",,,0,"['Education', 'maths']",27,
UmTpM-TWT5Y,Syllabus Discussion | Machine Learning B-tech RGPV 4th sem 2nd year,What You'll Learn: ✓ Introduction to Machine Learning ✓ Supervised & Unsupervised Learning ✓ Regression & Classification ...,,,0,"['Education', 'maths']",27,
8dqdDEyzkFA,Unsupervised Learning,Unsupervised learning is the most exciting subfield of machine learning! Finding structure in unstructured data automatically ...,,,0,"['Education', 'maths']",27,
IUn8k5zSI6g,Unsupervised Machine Learning: Crash Course Statistics #37,Today we're going to discuss how machine learning can be used to group and label information even if those labels don't exist.,,,0,"['Education', 'maths']",27,
#NAME?,Unsupervised Machine Learning Explained,"In the last video in this series, we started on a quest to clear up the misconceptions between artificial intelligence and machine ...",,,0,"['Education', 'maths']",27,
5yeJ03crTrI,Unsupervised Learning - AI Basics,"Unsupervised learning is when a computer explores the data on its own to find hidden patterns and structures, without being told ...",,,0,"['Education', 'maths']",27,
xtOg44r6dsE,Supervised vs Unsupervised vs Reinforcement Learning | Data Science Certification Training | Edureka,1. Introduction to Machine Learning 2. Types of Machine Learning 3. Supervised vs Unsupervised vs Reinforcement learning 4.,,,0,"['Education', 'maths']",27,
JbP9EPPvVXg,Why unsupervised learning... isn't unsupervised,My biggest pet peeve in machine learning: loudmouths saying unsupervised learning is free of humans and human bias.,,,0,"['Education', 'maths']",27,
E0Hmnixke2g,All Machine Learning algorithms explained in 17 min,Going all the way from Linear Regression to Neural Networks / Deep Learning and Unsupervised Learning. Also Watch: How to ...,,,0,"['Education', 'maths']",27,
4dwsSz_fNSQ,"Supervised, Unsupervised and Reinforcement Learning in Artificial Intelligence in Hindi",Subscribe to our new channel:https://www.youtube.com/@varunainashots ▻Artificial Intelligence (Complete Playlist): ...,,,0,"['Education', 'maths']",27,
MMJZ33NK288,Machine Learning | Unsupervised Learning,Unsupervised learning is a type of self-organized Hebbian learning that helps find previously unknown patterns in data set without ...,,,0,"['Education', 'maths']",27,
oQ1gk7aukxg,What is Unsupervised Learning ? | Unsupervised Learning Algorithms| Machine Learning | Edureka,"In this Edureka video on “What is Unsupervised Learning”, you will learn about in-depth concepts of Machine learning ...",,,0,"['Education', 'maths']",27,
Mx9f99bRB3Q,Unsupervised Learning,"This video is part of an online course, Intro to Machine Learning. Check out the course here: ...",,,0,"['Education', 'maths']",27,
g9mK8BofDFY,Supervised vs. Unsupervised Learning,A simple explanation of the differences between supervised and unsupervised learning.,,,0,"['Education', 'maths']",27,
P8_W5Wc4zeg,Deep Unsupervised Learning,Highlights: Unsupervised Learning Dimensionality Reduction Curse of Dimensionality Autoencoders Denoising autoencoders ...,,,0,"['Education', 'maths']",27,
D3tXj96a-_w,Lecture 1.4 | Unsupervised Learning | What is unsupervised learning | Machine learning techniques,Unsupervised learning is a machine algorithm used to identify patterns in data sets containing data points that are not labeled.,,,0,"['Education', 'maths']",27,
aaKUJZqWZ_I,Supervised vs Unsupervised Learning - Machine Learning Explained!,Supervised vs Unsupervised Learning - Machine Learning Explained! We delve into the foundational concepts of supervised and ...,,,0,"['Education', 'maths']",27,
YcOdGAnJlOc,Supervised vs. Unsupervised Learning Explained: What's the difference?,"In this episode of AI Explained, we'll explore what supervised and unsupervised learning is, what the differences are and when ...",,,0,"['Education', 'maths']",27,
aG4rfm4JI2A,3 Unsupervised Learning- -- Machine Learning,1. Clustering 2. Association rule.,,,0,"['Education', 'maths']",27,
edM0_C4j6R0,Deep Learning with Tensorflow - Introduction to Unsupervised Learning,Deep Learning with TensorFlow Introduction The majority of data in the world is unlabeled and unstructured. Shallow neural ...,,,0,"['Education', 'maths']",27,
Nt32lTUeCcM,Supervised versus Unsupervised Learning,WEBSITE: databookuw.com This lecture discusses the two dominant variants for machine learning: supervised learning and ...,,,0,"['Education', 'maths']",27,
x3KOCphRltk,Supervised Learning vs Unsupervised Learning vs Reinforcement Learning | ML Fundamentals 1,Don't forget to subscribe if you enjoyed the video :D.,,,0,"['Education', 'maths']",27,
wL3KyYurkSk,Understanding the Machine Learning Techniques | Supervised and Unsupervised Learning | Tutorial,#MachineLearningTechniques | Learn the two most important machine learning techniques: Supervised Learning and ...,,,0,"['Education', 'maths']",27,
eEcWfKtA9Jk,Machine Learning - Unsupervised Learning - Key Challenges,MachineLearning #machinelearning #AI #unsupervisedlearning #clustering #artificialintelligence #ML #advancedtech ...,,,0,"['Education', 'maths']",27,
aZcxRm4Hvns,Supervised Vs Unsupervised Learning in AI | What is Machine Learning?,"In this video lecture, I explained supervised and unsupervised learning. In supervised learning, the machine is trained by ...",,,0,"['Education', 'maths']",27,
SYPejHY9WV8,Supervised vs Unsupervised Learning | Intellipaat,Following topics are covered in this supervised and unsupervised learning video: Machine Learning Types - 0:58 Supervised ...,,,0,"['Education', 'maths']",27,
rwdtCbDvTDU,👨‍🏫Lesson 8: Examples of Unsupervised Learning,_ _ _ _ _ _ _ _ _ _ _ _ My accounts on social media _ _ _ _ _ _ _ _ _ _ Website: https://the-mis.org/ Free DataScience ...,,,0,"['Education', 'maths']",27,
d6HZ_kaeGYA,Supervised Learning vs. Unsupervised Learning,"Brett Wujek, Senior Data Scientist at SAS, discusses the differences between the two main categories of machine learning.",,,0,"['Education', 'maths']",27,
ReCD3ShdoAc,UnSupervised Learning with Real world examples | MACHINE LEARNING ARTIFICIAL INTELLIGENCE,#DataScience #WhatIsDataScience #DataScienceForBeginners #DataScientist #DataScienceTutorial #DataScienceWithPython ...,,,0,"['Education', 'maths']",27,
CO8E5egwIZE,Difference between Supervised and Unsupervised Learning in Tamil | Machine Learning | Karthik's Show,"This video explains in Tamil, the basic difference between Supervised and Unsupervised Learning. Please go through the links ...",,,0,"['Education', 'maths']",27,
tOhuE3RX_MI,R Tutorial: Unsupervised Learning in R | Intro,"--- Hi! I'm Hank Roark, I'm a long-time data scientist and user of the R language, and I'll be your instructor for this course on ...",,,0,"['Education', 'maths']",27,
HtlLarnT9HU,Unsupervised Learning in Trading | An Introduction | Quantra Course,"Welcome to this course on unsupervised learning in trading. After completing this video, you will: Have an overview of what you ...",,,0,"['Education', 'maths']",27,
0n3_2Ry4EQU,Python Tutorial : Unsupervised Learning in Python,--- Hi! My name is Ben Wilson and I'm a Data Scientist and mathematician. We're here to learn about unsupervised learning in ...,,,0,"['Education', 'maths']",27,
dVGe3HjMSe0,Unsupervised Learning | Types of Machine Learning | Clustering | Dimensionality Reduction | EduQuick,,,,0,"['Education', 'maths']",27,
fRObld9eRW4,Unsupervised Learning,Full Machine Learning Course : https://www.youtube.com/playlist?list=PL5-M_tYf311ZEzRMjgcfpVUz2Uw9TVChL Android ...,,,0,"['Education', 'maths']",27,
SJRojOq5P_4,[Hindi] Supervised And Unsupervised Learning! - Machine Learning Tutorials Using Python In Hindi,This video is a part of my Machine Learning Using Python Playlist ...,,,0,"['Education', 'maths']",27,
DWkDCWFuZ0M,Types of Unsupervised Learning,"Unsupervised Learning is a machine learning technique in which the users do not need to supervise the model. Instead, it allows ...",,,0,"['Education', 'maths']",27,
mvWZdHi7raw,Machine Learning || Unsupervised Learning,في هذا الفيديو ، سنستكشف التعلم غير الخاضع للإشراف في بيئة التعلم الآلي. سأوضح لك كيفية إنشاء مجموعة بيانات وتدريب متعلم ...,,,0,"['Education', 'maths']",27,
NFBrfmphBOs,"What is the difference between Supervised learning, Unsupervised learning and Reinforcement learning","Supervised Learning, Unsupervised Learning, and Reinforcement Learning are three main paradigms in machine learning, each ...",,,0,"['Education', 'maths']",27,
lANt56UOaSk,(ML 1.3) What is unsupervised learning?,A broad overview. A playlist of these Machine Learning videos is available here: ...,,,0,"['Education', 'maths']",27,
EHkZy--dJOs,Unsupervised Learning,,,,0,"['Education', 'maths']",27,
6gpJUpMS7rI,Python Tutorial: Unsupervised learning: basics,"--- Hi everyone! Welcome to the video of this course. In this video, we will focus on unsupervised learning, business problems that ...",,,0,"['Education', 'maths']",27,
qjdj49WytLs,Unsupervised Learning Algorithms: Discovering Hidden Patterns in Unlabeled Data,Unsupervised learning algorithms are a branch of machine learning designed to identify hidden patterns and structures in data ...,,,0,"['Education', 'maths']",27,
EJXYpt6qJ9M,Unsupervised Learning | Clustering & Association in Unsupervised Learning | Machine Learning,"Welcome to this exciting video on unsupervised learning! In this informative and engaging video, we delve into the world of ...",,,0,"['Education', 'maths']",27,
0gy-QLu0oQQ,Unsupervised Learning in 1 minute,Unlock the Power of Unsupervised Learning! Dive into the world of unsupervised learning with our latest video! Discover how ...,,,0,"['Education', 'maths']",27,
461Opp1TShk,"Live Day 6- Discussing KMeans,Hierarchical And DBScan Clustering Algorithms",The Oneneuron Lifetime subscription has been extended. In Oneneuron platform you will be able to get 100+ courses(Monthly ...,,,0,"['Education', 'maths']",27,
67YBoMco58o,Implementing Unsupervised Learning in Python | #AI,Unsupervised Learning explained! AI & ML Implement clustering example in Python #machine learning #artificial intelligence ...,,,0,"['Education', 'maths']",27,
IbjF5VjniVE,RI Seminar: Yann LeCun : The Next Frontier in AI: Unsupervised Learning,"Yann LeCun Director of AI Research at Facebook, Professor of Computer Science, New York University November 18, 2016 ...",,,0,"['Education', 'maths']",27,
B3OimYsCH9w,Stanford EE104: Introduction to Machine Learning | 2020 | Lecture 18 - unsupervised learning,"Professor Sanjay Lall Electrical Engineering To follow along with the course schedule and syllabus, visit: http://ee104.stanford.edu ...",,,0,"['Education', 'maths']",27,
UPbc3W4MYJI,"Difference between Reinforcement Learning, Supervised Learning & Unsupervised Learning Mahesh Huddar","Difference between Reinforcement Learning, Supervised Learning and Unsupervised Learning by MaheshHuddar Introduction to ...",,,0,"['Education', 'maths']",27,
SpbR7h96Ln8,Difference between Supervised and Unsupervised learning #supervisedlearning #unsupervisedlearning,Difference between Supervised and Unsupervised learning #machinelearning #supervisedlearning #unsupervisedlearning ...,,,0,"['Education', 'maths']",27,
jFuTZU0g-A8,Unsupervised Learning for Network Intrusion Detection | Nandi Leslie,"Nandi Leslie, Engineering Fellow at Raytheon Technologies, presents a Technical Vision Talk at the WiDS Worldwide conference ...",,,0,"['Education', 'maths']",27,
7tqiq7TsV1A,Unveiling the Mysteries of Unsupervised Learning: Discovering Hidden Patterns in Data,"In this in-depth video, we delve into the captivating realm of unsupervised learning in Machine Learning. Join us on a journey ...",,,0,"['Education', 'maths']",27,
r6votHUPD0U,Robotics 2 U2 (Vision and AI) S3 (Unsupervised Learning) P1 (Machine Learning Categories),"This video introduces the concept of 'Machine Learning', and presents an example problem that we will use in the next several ...",,,0,"['Education', 'maths']",27,
1DuRkX_FXvY,Python Basics Tutorial Supervised and Unsupervised Learning || Machine Learning Journey,What is the difference between Supervised and Unsupervised Learning Patreon: https://www.patreon.com/Python_basics Github: ...,,,0,"['Education', 'maths']",27,
97HCQqvhK0Y,"Types of Machine Learning | Supervised, Unsupervised, Reinforcement & Semi Supervised Learning 🔥",Types of Machine Learning in Hindi is the topic taught in this lecture. These types are as follows: 0:05 Supervised Learning 3:55 ...,,,0,"['Education', 'maths']",27,
9oCZw-lNXUI,What is Unsupervised Machine Learning? Association & Clustering Algorithms in Machine Learning,"WsCube Tech is a leading Web, Mobile App & Digital Marketing company, and institute in India. We help businesses of all sizes to ...",,,0,"['Education', 'maths']",27,
y1B6tMrPauI,Unsupervised Learning,Video Contents: 00:00 Illustration of Labeled and Unlabeled Datasets 01:27 Unsupervised Learning 03:05 Applications of ...,,,0,"['Education', 'maths']",27,
teWYOMn9Lso,Supervised And Unsupervised Machine Learning Full Course - Algorithms With Examples | Simplilearn,This video on Supervised and Unsupervised Machine Learning Full Course will help you learn the basics and advanced concepts ...,,,0,"['Education', 'maths']",27,
nBTXu_CEKcg,"Master Supervised vs Unsupervised Learning in Python | Hands-on Code Examples & Tutorials"" #python",Learn the fundamental differences between supervised and unsupervised learning through practical Python coding examples in ...,,,0,"['Education', 'maths']",27,
Liff_GA74EI,Unsupervised Learning | Clustering and Association Algorithms in Machine Learning | Great Learning,"Machine Learning is one of the most effectively used technology. Currently, all the companies are using this technology as they ...",,,0,"['Education', 'maths']",27,
8y7jgfJ8vTA,"Unsupervised Learning: Clustering, Dimensionality Reduction, Anomaly Detection",Slides available on GitHub: https://github.com/jmartinezheras/2018-MachineLearning-Lectures-ESA.,,,0,"['Education', 'maths']",27,
IF4fG3lFHXU,AI Practice Question 2: Supervised vs Unsupervised Learning Explained | AWS AI Practitioner Exam,"In this video, we tackle AI Practice Question 2—the difference between supervised and unsupervised learning in machine ...",,,0,"['Education', 'maths']",27,
XLzhbXeK-Os,[2015 ICML] Deep Unsupervised Learning using Nonequilibrium Thermodynamics,This video is an archive of a presentation on 'Deep Unsupervised Learning using Nonequilibrium Thermodynamics' at 2015 ...,,,0,"['Education', 'maths']",27,
uur8DzLbNbY,9 Unsupervised Learning Techniques,For a college-level course in Machine Learning Security More info: https://samsclass.info/ML/ML_F23.shtml.,,,0,"['Education', 'maths']",27,
Mo-iWKVBPEE,Basics of Unsupervised Learning from Hebb's rule,"This video discusses the basics of Hebb's rule, typically considered the simplest of the unsupervised learning rules. The video ...",,,0,"['Education', 'maths']",27,
wJfvtumFanQ,Unsupervised Learning in Telugu | Artificial Intelligence - 7,#artificialintelligence #AI #machinelearning #supervisedlearning #unsupervisedlearning #aiepisodes #ttk.,,,0,"['Education', 'maths']",27,
ukzFI9rgwfU,Machine Learning | What Is Machine Learning? | Introduction To Machine Learning | 2024 | Simplilearn,Types of Machine Learning ( 02:43 ) 2. What is Supervised Learning? ( 02:53 ) 3. What is Unsupervised Learning? ( 03:46 ) 4.,,,0,"['Education', 'maths']",27,
i_LwzRVP7bg,Machine Learning for Everybody – Full Course,... https://colab.research.google.com/drive/1m3oQ9b0oYOT-DXEy0JCdgWPLGllHMb4V?usp=sharing Unsupervised learning ...,,,0,"['Education', 'maths']",27,
SHnghYbk31s,Machine Learning For Complete Beginners | Supervised and UnSupervised Learning?,This video focuses on machine learning. classification of category supervised and unsupervised learning learn through animation ...,,,0,"['Education', 'maths']",27,
GI7RWIl-LNI,Supervised Learning VS Unsupervised Learning in telugu |CSE & IT Tutorial4u,Supervised Machine Learning: Supervised learning is a machine learning method in which models are trained using labeled data ...,,,0,"['Education', 'maths']",27,
eXDhazB7DSM,K-Means Clustering Algorithm | Clustering | Unsupervised Learning,"In this video, the k-means clustering algorithm is explained. K-means is a method for grouping similar data points into clusters.",,,0,"['Education', 'maths']",27,
8Z9o307t_10,Machine Learning: Supervised vs. Unsupervised Learning Explained,Ever wondered how machines learn? Dive into the captivating world of machine learning and discover the two primary ways AI ...,,,0,"['Education', 'maths']",27,
98V7VRAFJGM,Lecture 6 - Unsupervised Learning | Deep Learning on Computational Accelerators,Given by Prof. Alex Bronstein.,,,0,"['Education', 'maths']",27,
c-IO5r18EXk,Supervised and Unsupervised Learning explained,"This Tec2Check video explains the difference between supervised, unsupervised and semi-supervised learning. These machine ...",,,0,"['Education', 'maths']",27,
Y-om06y6GSc,What is Unsupervised Learning|Unsupervised Learning Artificial Intelligence|Unsupervised in HINDI,"supervised learning, unsupervised learning, supervised learning in hindi, supervised learning in artificial intelligence, supervised ...",,,0,"['Education', 'maths']",27,
#NAME?,"Hands-on Unsupervised learning, Anomaly Detection","This video is perfect for beginners who want to get a quick introduction to Anomaly Detection. By the end of this video, you'll have ...",,,0,"['Education', 'maths']",27,
sN8DclJz7SY,Unsupervised Learning: Principal Component Analysis (PCA),"This video is perfect for beginners who want to get a practical introduction to PCA. By the end of this video, you'll have a solid ...",,,0,"['Education', 'maths']",27,
5rPJyrU-WE4,Unsupervised Learning of Probably Symmetric Deformable 3D Objects from Images in the Wild,Unsupervised Learning of Probably Symmetric Deformable 3D Objects from Images in the Wild (CVPR 2020 Oral) Authors: ...,,,0,"['Education', 'maths']",27,
d9v4-i7kEvg,Supervised and Unsupervised Learning with Python –Cluster Data with K-Mean Algorithm|packtpub.com,This playlist/video has been uploaded for Marketing purposes and contains only selective videos. For the entire video course and ...,,,0,"['Education', 'maths']",27,
3fsy2oheRdg,Machine Learning Basics: Supervised v Unsupervised,AI and machine learning can help transform a massive pile of data into useful insights. Understanding which branch of machine ...,,,0,"['Education', 'maths']",27,
HWu39YkGKvI,Unsupervised Learning of Depth and Ego-Motion From Video,"Tinghui Zhou, Matthew Brown, Noah Snavely, David G. Lowe We present an unsupervised learning framework for the task of ...",,,0,"['Education', 'maths']",27,
Fa_V9fP2tpU,All Machine Learning Concepts Explained in 22 Minutes,"... Test Data 04:54 - Supervised Learning 05:24 - Unsupervised Learning 06:01 - Reinforcement Learning 07:05 - Feature (Input, ...",,,0,"['Education', 'maths']",27,
rqmvGmKiCJI,Image understanding: unsupervised learning: tSNE: implementation,Learn Computer Vision: These lectures introduce the theoretical and practical aspects of computer vision from the basics of the ...,,,0,"['Education', 'maths']",27,
rrfXmQqAJzk,Introduction to Machine Learning: Unsupervised learning algorithms,Introduction to machine learning techniques that are not neural network based techniques. Overview includes: - Description of ...,,,0,"['Education', 'maths']",27,
J-hSbSlLt-Y,Unsupervised Learning | MindLearnCast,"In this video, we dive into the world of unsupervised learning, an approach to machine learning where the algorithms are trained ...",,,0,"['Education', 'maths']",27,
m0e-KfuiqSc,Supervised vs. Unsupervised Learning – AI’s Two Big Methods Explained!,"AI learns in two major ways—Supervised Learning and Unsupervised Learning. But what's the difference, and why does it matter?",,,0,"['Education', 'maths']",27,
VA-OlKkrwXA,Supervised vs Unsupervised Learning | ML Types Explained with Examples,"Supervised & Unsupervised Learning – Essential Concepts for AI & ML! In this video, we dive deep into the two major types of ...",,,0,"['Education', 'maths']",27,
yN7ypxC7838,All Machine Learning Models Explained in 5 Minutes | Types of ML Models Basics,... machine learning models explained - What is supervised learning - What is unsupervised learning - What is regression - Types ...,,,0,"['Education', 'maths']",27,
TgtDuxe7_Ew,Unsupervised Learning :Lecture 5,"This talks about clustering, OPTICS, PCA in terms of Unsupervised Learning.",,,0,"['Education', 'maths']",27,
gOxBRgYUXaU,CNN Autoencoders | Unsupervised Learning for Big Data,"Autoencoders are marvelous tools for manipulating the dimension of arbitrary data, for visualization, classification, denoising, ...",,,0,"['Education', 'maths']",27,
5QvG3WmYOi4,Unsupervised Learning AI Basic,"Unsupervised learning is when a computer explores the data on its own to find hidden patterns and structures, without being told ...",,,0,"['Education', 'maths']",27,
cfj6yaYE86U,Machine Learning - Supervised VS Unsupervised Learning,Machine Learning can be an incredibly beneficial tool to uncover hidden insights and predict future trends. This free Machine ...,,,0,"['Education', 'maths']",27,
TdGJNOCgQJU,What is Unsupervised Learning? | Machine Learning Explained,"n this video, we dive deep into the concept of Unsupervised Learning, one of the key types of machine learning. Unlike supervised ...",,,0,"['Education', 'maths']",27,
nKtvulEzrh4,Machine Learning Part 2 | Demystifying Unsupervised Learning,"Welcome to Part 2 of our AI Series on Machine Learning! Dive into the fascinating world of unsupervised learning, where ...",,,0,"['Education', 'maths']",27,
nWzCHg7saIY,Unsupervised Learning in Machine learning|| Explanation in Malayalam,Unsupervised learning refers to the use of artificial intelligence (AI) algorithms to identify patterns in data sets containing data ...,,,0,"['Education', 'maths']",27,
0zN346UO6Os,Unsupervised Learning Algorithm,A brief description of Unsupervised Machine Learning Algorithm.,,,0,"['Education', 'maths']",27,
gPi7JlHVPnQ,Unsupervised Learning | Analysis using Orange,This video is the last in a series that presents a gentle introduction to both machine learning and using orange. This video is on ...,,,0,"['Education', 'maths']",27,
2UiCKICBs6c,Machine Learning with scikit-learn and Tensorflow: Intro to Unsupervised Learning| packtpub.com,This video tutorial has been taken from Machine Learning with scikit-learn and Tensorflow. You can learn more and buy the full ...,,,0,"['Education', 'maths']",27,
s_-GoybUHAg,Supervise vs Unsupervised Learning | Machine Learning interview question | nine7,"Supervised learning and unsupervised learning are two fundamental approaches in machine learning, each serving different ...",,,0,"['Education', 'maths']",27,
9CnrLR7vr9g,Introduction to Machine Learning: Supervised versus unsupervised learning,Introduction to machine learning techniques that are not neural network based techniques. Overview includes: - Description of ...,,,0,"['Education', 'maths']",27,
fwvETgybA6Y,Image understanding: unsupervised learning: clustering: k-means,Learn Computer Vision: These lectures introduce the theoretical and practical aspects of computer vision from the basics of the ...,,,0,"['Education', 'maths']",27,
c1Har00xU8o,Unsupervised Learning in Machine Learning | Clustering in ML,Hey Coders! I am your CodeRella! This tutorial is to teach you the basic concepts of Machine Learning. I will help you understand ...,,,0,"['Education', 'maths']",27,
8J-aSQpc2-I,Types of Machine Learning| Supervised learning |Unsupervised Learning| Reinforcement Learning,Unlocking the Wonders of Machine Learning: A Comprehensive Guide to Types of ML! Embark on an exhilarating journey ...,,,0,"['Education', 'maths']",27,
d5dQe9tm_Co,What is Unsupervised Learning and Why is it Useful for Data Scientists? | How to Get Started,"""Unsupervised Learning is so amazing!"" In this video, Sr. Learning Experience Designer Enrique Ruiz talks to Alice Zhao about ...",,,0,"['Education', 'maths']",27,
bsXaLiDr8Xg,Unsupervised Learning of Compositional Energy Concepts,"Video for NeurIPS 2021 Paper, Unsupervised Learning of Compositional Energy Concepts.",,,0,"['Education', 'maths']",27,
ACXS5A0D21g,Introduction To Machine Learning: Supervised Vs Unsupervised Learning in Artificial Intelligence,"Please watch: What leadership is all about https://youtu.be/yh62sdIItOA --~-- The field of machine learning is growing fast, and it's ...",,,0,"['Education', 'maths']",27,
huasFfC687k,Dicoding Developer Coaching #90 : Machine Learning | Mengenal Unsupervised Learning,Dicoding Developer Coaching kali ini akan membahas materi/maupun pertanyaan seputar Machine Learning Path dengan tema ...,,,0,"['Education', 'maths']",27,
eG6vk6W89Ew,03. Unsupervised learning. | @thecybersecurityclassroom | ✓✓,I. Introduction (500 words)** - Briefly introduce the field of artificial intelligence (AI) and its growing significance. - Define machine ...,,,0,"['Education', 'maths']",27,
hPdTIp383yY,Machine Learning Basics for GeoAI: Supervised vs unsupervised learning #geoai #machinelearning,Machine Learning Basics for GeoAI: Supervised vs unsupervised learning #geoai #machinelearning.,,,0,"['Education', 'maths']",27,
KZju7rh3jpg,Supervised and Unsupervised Learning - Machine Learning 101 (Part 1),This video is an introduction to supervised and unsupervised learning. This video series is a Machine Learning tutorial for ...,,,0,"['Education', 'maths']",27,
NF3x7pJUVzA,What is the Difference between supervised and unsupervised learning - Interview Question 1,"Supervised and unsupervised learning are two fundamental approaches in machine learning, which is widely used in data ...",,,0,"['Education', 'maths']",27,
1lg36bslPpY,AI for Beginners 😎 Unsupervised Learning Clustering (Full Practical Guide),"Welcome to AI for Beginners – your ultimate guide to mastering Supervised Learning Regression with hands-on practice, ...",,,0,"['Education', 'maths']",27,
iaBvAl-nHPw,Information Theory Concepts | Unsupervised Learning for Big Data,"Information theory, originally Shannon's mathematical description of communicating via telegraph, has emerged as one of the ...",,,0,"['Education', 'maths']",27,
3QE_SueBMzc,Unsupervised learning Introduction-Machine Learning-5-1-1-20A05602T-JNTUA-R20-CSE,UNIT V - Unsupervised Learning – 5-1-1 Unsupervised Learning - Introduction Unsupervised Vs Supervised Learning Features ...,,,0,"['Education', 'maths']",27,
GWfUcisPZKE,Supervised vs Unsupervised learning,"""Discover the difference between supervised and unsupervised learning in artificial intelligence! Learn how AI models are trained ...",,,0,"['Education', 'maths']",27,
Dcmb8qQWxBE,ICML 2021: Unsupervised Learning of Visual 3D Keypoints for Control,Abstract: Learning sensorimotor control policies from high-dimensional images crucially relies on the quality of the underlying ...,,,0,"['Education', 'maths']",27,
mRkPm7B2YT0,unsupervised learning algorithm in data science | #@PamitaAiworld18,Unsupervised learning algorithm in data science | Zoom meeting link for 15 September batch starting from 16 pm to 17 pm Indian ...,,,0,"['Education', 'maths']",27,
zWNw2jaAh1E,Lecture-5 Supervised and Unsupervised Learning,"Welcome to Lecture 5 of our comprehensive series on machine learning! In this installment, we delve deep into the fundamental ...",,,0,"['Education', 'maths']",27,
NjZtDrMEcEo,Supervised vs Unsupervised Learning,This is an important concepts to learn. Watch carefully and comment.,,,0,"['Education', 'maths']",27,
stNSaX38EkM,BEYOND SUPERVISION: THE POWER OF UNSUPERVISED LEARNING,"Ever wondered what happens when machines are left to learn on their own? In this video, we're going to explore the fascinating ...",,,0,"['Education', 'maths']",27,
dJ7VWr8zA-s,Hands-On Machine Learning with Python [DAY- 26] || Supervised & Unsupervised Learning with K-Means!,"inzint Welcome to Inzint's comprehensive training session on Python, Supervised and Unsupervised Learning, Clustering, ...",,,0,"['Education', 'maths']",27,
kwlWKKW-5ZE,Unsupervised Learning Explained | Clustering and Dimensionality Reduction,Unsupervised learning is a type of machine learning where the algorithm learns patterns and structures from unlabeled data ...,,,0,"['Education', 'maths']",27,
meVbTteG224,#15 ~ How Unsupervised Learning & Reinforcement Learning works in Open RAN | Course 01 #openran,"Hello and welcome to Session 15 of our Open RAN series! In this session, we'll delve into the exciting realms of unsupervised and ...",,,0,"['Education', 'maths']",27,
wFyShtZPNug,Unsupervised Learning Algorithms Quiz - Machine Learning,✪Tags ✪ - Unsupervised Learning Algorithms - Machine Learning - Artificial Intelligence - Deep Learning ✪ Hashtags ✪ #Quiz ...,,,0,"['Education', 'maths']",27,
rHwAE4qpspg,Unsupervised Learning Explained!! | AI with AI |,"In this video, we will understand what is unsupervised learning with some real-life example #machinelearning ...",,,0,"['Education', 'maths']",27,
jmFKLOgV55Q,"Unsupervised Learning | Clustering Algorithms: K-Means, K-Medoids, Agglomerative, Divisive, DBSCAN","Explore Unsupervised Learning with Clustering Algorithms. Learn how K-Means, K-Medoids, Agglomerative, Divisive, and ...",,,0,"['Education', 'maths']",27,
pOj5Igj1MWA,Unsupervised Learning | Machine Learning in Tamil - Part 37 | #67,"In this video, I discuss Unsupervised learning and its applications in real world. Links http://leadingindia.ai/ http://sridharjs.com/ ...",,,0,"['Education', 'maths']",27,
tXaQRl0eKd8,"L83: Supervised, Unsupervised and Reinforcement Learning in Neural Network | Artificial Intelligence","In this video you can learn about Supervised, Unsupervised and Reinforcement Learning in Artificial Neural Network. The video ...",,,0,"['Education', 'maths']",27,
IGEHHrGnnGk,08. What is Unsupervised Learning? | Machine Learning,What is Unsupervised Learning? | Machine Learning Unsupervised Learning is one of the most intriguing branches of machine ...,,,0,"['Education', 'maths']",27,
V2X0twHBGqE,"Unsupervised Learning: Security, Secrecy, and Obscurity","In this episode of Unsupervised Learning, I explain when secrecy (obscurity) is good and bad for security—using various ...",,,0,"['Education', 'maths']",27,
5Yz0rNtOSRo,Unsupervised Learning of Shape Segment Point Distribution Models with the EM algorithm,"Unsupervised Learning of Shape Segment Point Distribution Models with the EM algorithm Abdullah A. AlShaher, Public Authority ...",,,0,"['Education', 'maths']",27,
WF9YlHdWeTw,4. Difference between Supervised Learning & Unsupervised Learning | Chapter 4,In this video you will be able to learn about Difference between Supervised Learning & Unsupervised Learning | Chapter 4 ...,,,0,"['Education', 'maths']",27,
H4VGSYGvJiA,Deep Learning 8: Unsupervised learning and generative models,"Shakir Mohamed, Research Scientist, discusses unsupervised learning and generative models as part of the Advanced Deep ...",,,0,"['Education', 'maths']",27,
LuzKkEmDWn0,Machine Learning: Supervised and Unsupervised learning - Python Crash Course,In this video we go over the different approaches to learning when working with predictive machine learning. These types are ...,,,0,"['Education', 'maths']",27,
1qtfILYSDJY,Unsupervised Learning - Georgia Tech - Machine Learning,Check out the full Advanced Operating Systems course for free at: https://www.udacity.com/course/ud262 Georgia Tech online ...,,,0,"['Education', 'maths']",27,
nHNYQWOfTwY,what is unsupervised learning #ml #ai #nlp #viral #iitmadras #promp#khatushyam,Video from Great Unveiling Unsupervised Learning: A Deep Dive by RITESH's Wo OUTLINE: 00:00:00 The Mystery ...,,,0,"['Education', 'maths']",27,
pXrmAG7n2o0,Unsupervised Learning in Telugu | Machine Learning | Neural Mastery,"unsupervisedlearning #machinelearning #telugu #neuralmastery ""In this video, we explore the fascinating world of Unsupervised ...",,,0,"['Education', 'maths']",27,
Bg7VkxWcOhQ,[CVPR 2023 Highlight] Non-Contrastive Unsupervised Learning of Physiological Signals from Video,"CVPR 2023 Highlight (10% of accepted papers, 2.5% of submissions) Non-Contrastive Unsupervised Learning of Physiological ...",,,0,"['Education', 'maths']",27,
pqABUJ57G_w,Data Science in Python: Unsupervised Learning (NEW COURSE),"NEW COURSE! Data Science in Python: Unsupervised Learning Alice's new Python course is LIVE! This is a hands-on, ...",,,0,"['Education', 'maths']",27,
5FpsGnkbEpM,K-mean Clustering with Numerical Example | Unsupervised Learning | Machine🖥️ Learning 🙇‍♂️🙇,00:00 – Intro 00:28 – example of cluster K-means clustering is an unsupervised learning algorithm used to partition a dataset into ...,,,0,"['Education', 'maths']",27,
xi8g_OqH8Lw,Image understanding: unsupervised learning: principal component analysis (PCA): eigenfaces,Learn Computer Vision: These lectures introduce the theoretical and practical aspects of computer vision from the basics of the ...,,,0,"['Education', 'maths']",27,
W38qGnyc_Pg,6. Unsupervised Learning Algorithms - AI Course for Beginners | Short Series,"In this lesson, we'll explore some important unsupervised learning algorithms. These algorithms are used when we don't have ...",,,0,"['Education', 'maths']",27,
07H3oSwIq2U,Introduction to Unsupervised Learning - L3,Introduction to Unsupervised Learning.,,,0,"['Education', 'maths']",27,
r6LbTzrE_58,K-Means Clustering: A Beginner's Guide to Unsupervised Learning,"Unlock the power of unsupervised learning with our beginner-friendly guide to K-Means clustering! In this video, we'll break ...",,,0,"['Education', 'maths']",27,
imkZMtnqm7s,Unsupervised Learning with Graph Neural Network by Yasser Djilali,Unsupervised Learning with Graph Neural Network.,,,0,"['Education', 'maths']",27,
JxgmHe2NyeY,Complete Machine Learning In 6 Hours| Krish Naik,00:00:00 Introduction 00:01:25 AI Vs ML vs DL vs Data Science 00:07:56 Machine LEarning and Deep Learning 00:09:05 ...,,,0,"['Education', 'maths']",27,
hH3QsPkayKI,"Unsupervised Learning Algorithms Explained K means, & Clustering, Apriori #youtube #viralvideo#AI","Unsupervised Learning Algorithms Explained K-means, Hierarchical Clustering & Apriori In this video, we dive deep into the world ...",,,0,"['Education', 'maths']",27,
fiCRQwv23cY,Tutorial 9-10 - Transfer Learning and Unsupervised Learning | Deep Learning on Hardware Accelerators,Transfer learning and deep unsupervised learning: - Semi-supervised and transfer learning - Fine-tuning: supervised task ...,,,0,"['Education', 'maths']",27,
BMUp8wHcDco,Machine Learning Magic: Unsupervised Learning Explained! Part 1 #ai #viral #trending #aiinindia,"Machine Learning Magic: Unsupervised Learning Explained! Part 1 #ai #viral #trending #aiinindia Welcome, curious creators and ...",,,0,"['Education', 'maths']",27,
A7UxBOie-Wo,Introduction to SciKit - Unsupervised Learning,Introduction to Unsupervised learning with Scikit* *Materials* ♾️ Colabs: https://colab.research.google.com/ *Creators* ...,,,0,"['Education', 'maths']",27,
KIZz5J6kYS4,1.2 Main types of machine learning|supervised learning| unsupervised learning | reforcement learn..,machinelearnin what are type types of machine learning in details #youtube #trending.,,,0,"['Education', 'maths']",27,
qbCC4B5YsbU,Unsupervised Learning And Reinforcement Learning In Artificial Intelligence Explained In Hindi,Myself Shridhar Mankar a Engineer l YouTuber l Educational Blogger l Educator l Podcaster. My Aim- To Make Engineering ...,,,0,"['Education', 'maths']",27,
vnCtquA8AtU,Unsupervised Learning: The Dark Arts of Machine Learning,Please like and subscribe! @aiappquest This video covers ML unsupervised technical and non-technical job roles.,,,0,"['Education', 'maths']",27,
tXaQRl0eKd8,"L83: Supervised, Unsupervised and Reinforcement Learning in Neural Network | Artificial Intelligence","In this video you can learn about Supervised, Unsupervised and Reinforcement Learning in Artificial Neural Network. The video ...",,,0,"['Education', 'maths']",27,
waCVU98b2vw,Introduction to Clustering Algorithms in Unsupervised Learning,F74115326 - 羅凱文.,,,0,"['Education', 'maths']",27,
uCeRK-eBGmk,SDS 506: Supervised vs Unsupervised Learning — with Jon Krohn,"In this episode, I continue with last week's theme and discuss the differences between supervised and unsupervised learning.",,,0,"['Education', 'maths']",27,
NHK6ElVMnwA,Understanding Supervised and Unsupervised Learning #dataanalytics #machinelearning,"Delve into the core principles of machine learning as we decipher the dynamics between supervised and unsupervised learning, ...",,,0,"['Education', 'maths']",27,
obMXU8mW6uU,Unsupervised Learning AI Basics,"In this video, you'll learn more about this particular topic. Visit https://www.gcflearnfree.org/ to learn even more. We hope you ...",,,0,"['Education', 'maths']",27,
NTDX1HtM_0w,ISLP: Unsupervised Learning (islp01 12),"Lucio Cornejo leads a discussion of Chapter 12 (""Unsupervised Learning"") from An Introduction to Statistical Learning with Python ...",,,0,"['Education', 'maths']",27,
xIdTKG3s7xY,Unsupervised Learning: The Heartbeat of AI,Strongly recommended Concepts of AI.,,,0,"['Education', 'maths']",27,
k7JWAPcQeYA,Machine Learning (ML): #6. Unsupervised Learning,MedhasBridge #Machine Learning #Unsupervised Learning #clustering #Association Rules #Dimentionality Reduction #User ...,,,0,"['Education', 'maths']",27,
81ymPYEtFOw,Types of Machine Learning for Beginners | Types of Machine learning in Hindi | Types of ML in Depth,Supervised Machine Learning 2. Semi-supervised Learning 3. Unsupervised Learning 4. Reinforcement Learning Resources ...,,,0,"['Education', 'maths']",27,
GVCp5yMH8_I,Supervised Learning and Unsupervised Learning,"Supervised learning requires labeled data, while unsupervised learning uses the inputs without pre-existing labels. This video ...",,,0,"['Education', 'maths']",27,
oxA9k_Wzl7M,Types of Machine Learning - Unsupervised Learning - lecture 5/machine learning,Types of Machine Learning Unsupervised Learning.,,,0,"['Education', 'maths']",27,
FMEANo2txMM,Machine Learning Bangla || Supervised Learning vs Unsupervised Learning Explained,"In this video, I have explained Supervised vs Unsupervised Learning: Key Differences. 1. What is Supervised Machine Learning?",,,0,"['Education', 'maths']",27,
dQbEoljJeVg,Unsupervised Learning 2,Welcome to our comprehensive playlist on machine learning! Dive deep into the realm of artificial intelligence as we explore the ...,,,0,"['Education', 'maths']",27,
RftTFBmOrrY,Yann LeCun Lecture 8/8 Unsupervised Learning,Yann LeCun Informatics and Computational Sciences (2015-2016) 15 April 2016 11:00 am 12:00 pm Lecture 8/8 Unsupervised ...,,,0,"['Education', 'maths']",27,
G4OXSMjJ1gY,Machine Learning Magic: Unsupervised Learning Explained! Part 2 #ai #viral #trending #aiinindia,"Machine Learning Magic: Unsupervised Learning Explained! Part 2 #ai #viral #trending #aiinindia Welcome, curious creators and ...",,,0,"['Education', 'maths']",27,
5O0F6oxaoLA,👨‍🏫Lesson 8: Examples of Unsupervised Learning,_ _ _ _ _ _ _ _ _ _ _ _ My accounts on social media _ _ _ _ _ _ _ _ _ _ Website: https://the-mis.org/ https://fahadreda.com ...,,,0,"['Education', 'maths']",27,
SdL-Zi4COpg,Image understanding: unsupervised learning: expectation/maximization: EM implementation,Learn Computer Vision: These lectures introduce the theoretical and practical aspects of computer vision from the basics of the ...,,,0,"['Education', 'maths']",27,
pQ_AquApf7Q,[2024 Spring] Mastering Machine Learning - Unsupervised Learning: Dimensionality Reduction,"In this session of the Mastering Machine Learning series, instructor Brenda covers the Unsupervised machine learning technique ...",,,0,"['Education', 'maths']",27,
TMtYU472KVQ,Decoding Kohonen SOFM: A Deep Dive into Unsupervised Learning,"Decoding Kohonen SOFM: A Deep Dive into Unsupervised Learning by Thileban With neat architecture, explain the training ...",,,0,"['Education', 'maths']",27,
QD9ApqVM3hY,Supervised and Unsupervised Learning,"Welcome to the next installment in our Machine Learning Essentials series! In this video, we'll dive into the two fundamental types ...",,,0,"['Education', 'maths']",27,
ES7GIJwo0hk,Machine Learning - Unsupervised Learning,"In this video, we dive deep into Unsupervised Learning. Whether you're new to machine learning or want to brush up on the ...",,,0,"['Education', 'maths']",27,
J4E9JK2oM7s,Want AI Mastery? Learn Unsupervised Learning,Dive into the fascinating world of unsupervised learning in AI! This video explores how machines can discover patterns and ...,,,0,"['Education', 'maths']",27,
wnw11-wwPXA,Master K-Means Clustering: Unsupervised Learning Explained with Live Demo,"In this video, I break down the K-Means clustering algorithm for unsupervised learning and provide a step-by-step demo of how to ...",,,0,"['Education', 'maths']",27,
LKlOH8OLLcw,Lec-2: Supervised Learning Algorithms | Machine Learning,00:00 – Intro 00:19 – Supervised learning 03:05 – Data collection 03:38 – Training 04:48 – Testing 05:32 – algorithms Supervised ...,,,0,"['Education', 'maths']",27,
l8CX9ExQ5gw,"Unsupervised learning such as clustering , Dimensionality reduction, Collaborative PYTHON PROJECT","Unsupervised learning such as clustering , Dimensionality reduction, Collaborative filtering PYTHON PROJECT Download source ...",,,0,"['Education', 'maths']",27,
XSOi9MKfEHQ,Unüberwachtes Lernen (Unsupervised Learning) einfach erklärt! - Machine Learning Grundlagen,In diesem Video erklären wir: Was Unünberwachtes Lernen (Unsupervised Lernen) im Machine Learning bedeutet und zeigen dir ...,,,0,"['Education', 'maths']",27,
rrOkqCyB-Dk,Evaluation Metrics: Unsupervised Learning,Unveil the secrets of assessing the performance of unsupervised learning models in this comprehensive guide. We'll start by ...,,,0,"['Education', 'maths']",27,
c-ihSzWm0cQ,Paper Club with Nayef - Deep Unsupervised Learning using Nonequilibrium Thermodynamics,,,,0,"['Education', 'maths']",27,
F-aTe8i2Tag,Unsupervised Learning Introduction | Dr.M.Sudha | SNS Instituions,Students are able to understand and analyze about Unsupervised and Supervised Learning in detail. #snsinstitutions ...,,,0,"['Education', 'maths']",27,
WgVXsPV02YQ,Unsupervised Learning | Andrew Ng | Welcome,"Due credits to deep learning.ai, ,i dont claim any of the content to be mine. If you find these video to infringe any rights you could ...",,,0,"['Education', 'maths']",27,
ce6-LhljvGU,Reinforcement Learning vs Supervised and Unsupervised Learning,"This video is about the differences between reinforcement learning and traditional AI learning, which includes supervised and ...",,,0,"['Education', 'maths']",27,
_8Ug8b3WlnY,Unsupervised Learning for Image Segmentation,Unsupervised Learning for Image Segmentation.,,,0,"['Education', 'maths']",27,
ReEKiYAjmBU,Supervised and Unsupervised Learning|Regression and Classification|Clustering |Association| PCA,Linkedin: ttps://www.linkedin.com/in/latha-t-k-b21018128/ Github link: https://github.com/Premalatha-success Welcome to ...,,,0,"['Education', 'maths']",27,
I3a4memJgNo,AI and ML Simplified for CHAT GPT in 2024 : UnSupervised Learning - Part 5/7,Dive Deeper into Unsupervised Machine Learning! Welcome to our latest tutorial where we explore the fascinating world of ...,,,0,"['Education', 'maths']",27,
5hEJXZGIHf8,💥💥 What is Unsupervised Learning🚀 #ai #machinelearning #robotai #unsupervisedlearning,#EmotionDetection #FacialRecognition #AI #MachineLearning #DeepLearning #OpenCV #TensorFlow #Python #Coding ...,,,0,"['Education', 'maths']",27,
vQGtMdxphtE,Unsupervised Learning | CST 413 Machine Learning (KTU),"Dear Viewers, Welcome to Computer Science Notebook This channel is dedicated to discussion of Linear Algebra for the students ...",,,0,"['Education', 'maths']",27,
hDKCxebp88A,Machine Learning with Python and Scikit-Learn – Full Course,... build a state-of-the-art machine learning model for a real-world dataset from scratch. We'll also look at unsupervised learning ...,,,0,"['Education', 'maths']",27,
ZkC1f_eAnWE,Unsupervised Learning,,,,0,"['Education', 'maths']",27,
sJQHz97sCZ0,Machine Learning - Unsupervised Learning - Density Based Clustering,Machine Learning can be an incredibly beneficial tool to uncover hidden insights and predict future trends. This free Machine ...,,,0,"['Education', 'maths']",27,
27Z3GkH8NWM,unsupervised learning in tamil | what is unsupervised learning ? | Unsupervised Learning Algorithms,in thei video you will learn Basic of Machine Learning Labelled dataset UnLabelled dataset unsupervised learning supervised vs ...,,,0,"['Education', 'maths']",27,
EItlUEPCIzM,Machine Learning Tutorial Python - 13: K Means Clustering Algorithm,K Means clustering algorithm is unsupervised machine learning technique used to cluster data points. In this tutorial we will go ...,,,0,"['Education', 'maths']",27,
OF3P64JQgOs,Unsupervised Learning & types. Clustering & Association.,What is unsupervised machine learning? What is an example of unsupervised machine learning? Why is machine learning ...,,,0,"['Education', 'maths']",27,
HGmmiKTy3pk,Supervised Vs Unsupervised - Comparative Study #ai #ml #dl #supervised #unsupervised #learning #tech,"Supervised and unsupervised learning are two major approaches in machine learning used to train models, each suited to ...",,,0,"['Education', 'maths']",27,
1XG1b85zPUk,Machine Learning for Beginners - Supervised vs. Unsupervised Learning,♢♢♢♢♢♢♢♢♢♢ THECODEX is a company focused on empowering and enabling anyone to learn how to code. Established ...,,,0,"['Education', 'maths']",27,
4q3eBT3Luxg,What is Unsupervised Learning in Telugu | Unsupervised machine Learning in Telugu - 1,"Hey guys, Jp Here! Welcome to My channel. Learn Python and related advanced topics In Telugu. What is Unsupervised Learning ...",,,0,"['Education', 'maths']",27,
5shTLzwAdEc,K-Means Clustering Algorithm | Geometric Intuition | Clustering | Unsupervised Learning,"In this video, we are going to learn about the K-means clustering algorithm. k-means clustering is a method of vector quantization, ...",,,0,"['Education', 'maths']",27,
BmXvj6NLyuU,Introduction to Artificial Intelligence: Unsupervised Learning,"In this video, I'll discuss Unsupervised learning, covering how a model learns using only inputs, without additional information.",,,0,"['Education', 'maths']",27,
H5M6fA-7jaY,Supervised & and Unsupervised Learning,Supervised Learning - Unsupervised Learning - Cost function #alexsnowschool #artificialintelligence #machinelearning ...,,,0,"['Education', 'maths']",27,
#NAME?,"(AI Generated Summary) - Unsupervised Learning, the Vector Space Model, and KMeans","(AI Generated Summary) - Unsupervised Learning, the Vector Space Model, and KMeans Instructor: Ricardo A. Calix, Ph.D.",,,0,"['Education', 'maths']",27,
jfSuQCs3bSs,Types of Machine Learning Algorithms Supervised Unsupervised Reinforcement Learning by Mahesh Huddar,What is Machine Learning | Types of Machine Learning Algorithms | Supervised Unsupervised Reinforcement Learning by ...,,,0,"['Education', 'maths']",27,
CMUe26KVhew,Unsupervised Learning: k-means Clustering,WEBSITE: databookuw.com This lecture details one of the most successful algorithms for unsupervised learning: the k-means ...,,,0,"['Education', 'maths']",27,
uZTHYRM2SDc,"Unsupervised learning: A deeper dive into clustering, dimensionality reduction, and autoencoders","An introduction to unsupervised machine learning. In this presentation, I go over the different data representations for ...",,,0,"['Education', 'maths']",27,
1caj2V7E31w,Supervised vs Unsupervised vs Semi-Supervised vs Reinforcement Learning | ML types | ML வகைகள்|Tamil,0.00 - Introduction 0.35 - Machine Learning 1:21 - Use case Selection 1:50 - Supervised Learning 3:10 - Classification 3.32 ...,,,0,"['Education', 'maths']",27,
7712jOYYKJg,Supervised and Unsupervised Learning,Supervised and Unsupervised Learning.,,,0,"['Education', 'maths']",27,
AuJhB2w98os,Supervised VS Unsupervised Learning,Supervised VS Unsupervised learning.,,,0,"['Education', 'maths']",27,
liMk7XCq-n0,Supervised and Unsupervised Learning in Machine Learning in Hindi | Simply Explained For Beginners,Welcome to our simply explained guide on Supervised and Unsupervised learning in machine learning in Hindi. If you're a ...,,,0,"['Education', 'maths']",27,
N9t21kAtMnQ,Technical Support Analysis | K-Means | Unsupervised Learning,"Welcome to our channel! In today's video, we're diving into technical support data analysis using Python. We'll explore how to use ...",,,0,"['Education', 'maths']",27,
7ZgRs1xXcdY,Unsupervised learning | Neural network and deep learning | #jntu,,,,0,"['Education', 'maths']",27,
QS7FEqp-Guo,Unsupervised Learning,"Common unsupervised learning algorithms - Clustering, Anomaly (Outlier and Novelty) detection, Visualization and Association ...",,,0,"['Education', 'maths']",27,
sFLbxmoM0Ws,"Machine Learning, Types of machine learning algorithms, supervised learning, unsupervised learning","Machine Learning, Types of machine learning algorithms, machine learning tutorial, supervised learning, unsupervised learning, ...",,,0,"['Education', 'maths']",27,
P6PfyrxOXQA,"Session 22: Unsupervised Learning, Clustering algorithms, K-means, K-medoids, and Hierarchical","During Sessions 12-21, we discussed an extensive list of supervised learning algorithms. Now, we dive into the realm of ...",,,0,"['Education', 'maths']",27,
pvUG7p6L79w,Supervised vs Unsupervised Learning: Real-World AI Applications Explained | Venkatarangan Thirumalai,"Dive into Video 2 of our Sunday Special Webinar Series on Artificial Intelligence! This week, we're joined by AI expert ...",,,0,"['Education', 'maths']",27,
iAFJUCQNIFI,Introduction to Machine Learning | What is Machine Learning | Supervised and Unsupervised Learning,Following topics are covered in this machine learning for beginners video: 00:09 - what is machine learning 01:47 - supervised ...,,,0,"['Education', 'maths']",27,
NhrXq1H-lAo,Unsupervised Learning Strategies for a CNN: Pytorch Deep Learning Tutorial,TIMESTAMPS: 00:00 - Video Intro 01:05 - Video Overview: What is Unsupervised Learning? 02:47 - Method 1: Classifying Image ...,,,0,"['Education', 'maths']",27,
N4edU59od6A,Torque Clustering: Unsupervised Learning Using Gravity!,This video is about a unique clustering algorithm called Torque Clustering. Torque Clustering is a physics-inspired algorithm ...,,,0,"['Education', 'maths']",27,
uzLkomURads,Types of Unsupervised Learning,unsupervisedlearning #types of Unsupervised Learning #Clustering #Association #Dimensionality Reduction #PCA #bsc ...,,,0,"['Education', 'maths']",27,
RMz8U-4w6QY,Unsupervised Learning through DBSCAN algorithm | Machine Learning Algorithm,"In this video, I briefly explained unsupervised learning, a commonly used machine learning technique. DBSCAN is an algorithm ...",,,0,"['Education', 'maths']",27,
Yw76PnBlx0M,INTRO TO CLUSTERING | DIFFERENCE BETWEEN SUPERVISED AND UNSUPERVISED LEARNING,In this video I have explained what is clustering and how supervised learning is different from unsupervised learning.,,,0,"['Education', 'maths']",27,
YNUek8ioAJk,ML Lecture 17: Unsupervised Learning - Deep Generative Model (Part I),,,,0,"['Education', 'maths']",27,
uKvSLxDDJKY,#vlog Day 4 | Unsupervised Learning and Generative AI Q/A session by Amazon ML Scientists,The Amazon ML Summer School 2023 was a four-week virtual program that provided students with an intensive training on ...,,,0,"['Education', 'maths']",27,
QMBgD1OGFIQ,CBSE Class 11 AI | What is Unsupervised Learning in Machine Learning in Hindi,"CBSE Class 11 AI | What is Unsupervised Learning in Machine Learning in Hindi "" Dive into the world of Machine Learning with ...",,,0,"['Education', 'maths']",27,
dQWpmxjCiUM,Raycast is a Must in 2025 - Action at the Speed of Thought,"In this episode, Daniel Miessler explores how to supercharge your macOS workflow with Raycast, transforming everyday tasks ...",,,0,"['Education', 'maths']",27,
9KA04ayP2P4,Self-Driving Cars: Unsupervised Learning for Vehicles Perception (Lucas Nunes),"Unsupervised Learning for Vehicles Perception lecture for the course ""Techniques for Self-Driving Cars"" taught at the University of ...",,,0,"['Education', 'maths']",27,
iq7_NeIXEyY,UNSUPERVISED LEARNING,Unsupervised Learning is second way to train the neural network for processing huge amount of data. The video clearly explains ...,,,0,"['Education', 'maths']",27,
_S5tvagaQRU,Unsupervised Learning: Introduction to K-mean Clustering,"Correctoin: at 11:53, In cluster 2: ( (8+7+6)/3,(4+5+4)/3 ) instead of ( (8+7+6)/4,(4+5+4)/4 ).",,,0,"['Education', 'maths']",27,
IGgAzpzourk,Unsupervised learning | ಕನ್ನಡ explination | AIML,#NaiveBayes #DataScience #ClassificationAlgorithms #MLBasics #kannadaengineering #engineeringkannada ...,,,0,"['Education', 'maths']",27,
yYWBxDD2MUU,Unsupervised Learning Basics Malayalam (Chapter-6) | Machine Learning in Malayalam,"Discover the fundamentals of Unsupervised Learning in this comprehensive tutorial. Dive into core concepts such as clustering, ...",,,0,"['Education', 'maths']",27,
e_diQUJFVzc,"Unsupervised Learning in artificial intelligence: PCA, Clustering & Hidden Patterns!","Unsupervised Learning – The Hidden Genius of AI! Curious about how AI finds patterns without supervision? In this video, we ...",,,0,"['Education', 'maths']",27,
gVBNEb_3yMw,Supervised vs Unsupervised Learning #machinelearning #supervisedlearning #unsupervisedlearning #ml,machinelearning #machinelearningfullcourse #learningalgorithms #ml #supervisedlearning #unsupervisedlearning ...,,,0,"['Education', 'maths']",27,
#NAME?,Unsupervised Learning with PARAGON: Golang AI Framework Tutorial,"Welcome to our Unsupervised Learning showcase using the PARAGON AI Framework! In this video, we explore how our system ...",,,0,"['Education', 'maths']",27,
ErT4vZwUtms,Supervised & Unsupervised Learning | Understanding Classification & Regression in Machine Learning,"Dive into the core concepts of Machine Learning with this detailed guide on Supervised and Unsupervised Learning, along with ...",,,0,"['Education', 'maths']",27,
Re19vARS4p4,Silhouette Score & DBSCAN Clustering | Unsupervised Learning with Python | Machine Learning in Hindi,Unlock the power of clustering evaluation and density-based clustering with this hands-on tutorial! Learn about Silhouette ...,,,0,"['Education', 'maths']",27,
OoL8K_AFqkw,OpenAI's Noam Brown Unpacks the Full Release of o1 and the Path to AGI,"Noam Brown, renowned AI researcher and key figure at OpenAI, joins us for a deep dive into the o1 release. Recorded just one ...",,,0,"['Education', 'maths']",27,
EDnHKq8hPfs,Week7 part1 Unsupervised learning lecture,Deep Generative models (VAEs and GANs),,,0,"['Education', 'maths']",27,
Ex0nhOPzLIs,Unsupervised Learning with Autoencoders | Christoph Henkelmann,Autoencoders are a neural network architecture that allows a network to learn from data without requiring a label for each data ...,,,0,"['Education', 'maths']",27,
j4uDWRzAGHE,Supervised vs. Unsupervised Learning,"Machine Learning can be divided into two main types: Supervised Learning and Unsupervised Learning. In this tutorial, we want ...",,,0,"['Education', 'maths']",27,
aMpVzUg3Ep0,Unsupervised Learning and Recommendations (6/6) | Machine Learning with Python: Zero to GBMs,"Topics Covered - Overview of unsupervised learning algorithms in Scikit-learn - Clustering algorithms: K Means, DBScan, ...",,,0,"['Education', 'maths']",27,
CtsRRUddV2s,Linear Regression in 2 minutes,Linear Regression in 2 minutes. --------------- Credit: Manim and Python : https://github.com/3b1b/manim Blender3D: ...,,,0,"['Education', 'maths']",27,
zPG4NjIkCjc,An Introduction to Linear Regression Analysis,Tutorial introducing the idea of linear regression analysis and the least square method. Typically used in a statistics class. Playlist ...,,,0,"['Education', 'maths']",27,
7ArmBVF2dCs,"Linear Regression, Clearly Explained!!!","If you'd like to support StatQuest, please consider... Patreon: https://www.patreon.com/statquest ...or... YouTube Membership: ...",,,0,"['Education', 'maths']",27,
GhrxgbQnEEU,How To... Perform Simple Linear Regression by Hand,Learn how to make predictions using Simple Linear Regression. To do this you need to use the Linear Regression Function (y = a ...,,,0,"['Education', 'maths']",27,
9wX1a1J4WOI,How To Perform Simple Linear Regression In Excel,"In this video tutorial, I'm going to show you how you can perform a simple linear regression test by using Microsoft Excel. Not only ...",,,0,"['Education', 'maths']",27,
P8hT5nDai6A,Linear Regression Using Least Squares Method - Line of Best Fit Equation,This statistics video tutorial explains how to find the equation of the line that best fits the observed data using the least squares ...,,,0,"['Education', 'maths']",27,
L_a8Z0BVjyM,How to do a linear regression on excel,,,,0,"['Education', 'maths']",27,
gPfgB4ew3RY,Simple Linear Regression: An Easy and Clear Beginner’s Guide,"In this video, you'll learn the basics of Simple Linear Regression: what it is, how it works, and why it's useful. We'll walk through ...",,,0,"['Education', 'maths']",27,
O8G60sGC0Uk,LPP -Graphical method [#2.2][Minimisation with two constraints]:- by online learning.,In this video we discuss about LPP by graphical method .I hope you will understand all the concepts.i tried my best to clear all the ...,,,0,"['Education', 'maths']",27,
KwQsV77bYDY,Excel Basics - Linear Regression - Finding Slope & Y Intercept,This video tutorial provides a basic introduction into the linear regression of a data set within excel. It explains how to find the ...,,,0,"['Education', 'maths']",27,
18uvIX5SIvg,Simple Linear Regression 🔥,Simple Linear Regression in Machine Learning in Hindi is taught in this lecture. This lecture contains a numerical and a ...,,,0,"['Education', 'maths']",27,
sKfAmFK6u8A,Regression equation || How to find regression equation,"OR, visit playlist to get all the videos on Numerical method: ...",,,0,"['Education', 'maths']",27,
nvucOKmJwLs,Graphical Method (Linear Programming Problem) (Operation Research) by Soniya Chauhan,bscmaths #bsc3rdyearmaths #bsc3year #bsc3rdmaths #mscmathematics #mscmaths #mscmath #btechmathematics #btechmaths ...,,,0,"['Education', 'maths']",27,
8jazNUpO3lQ,Machine Learning Tutorial Python - 2: Linear Regression Single Variable,In this tutorial we will predict home prices using linear regression. We use training data that has home areas in square feet and ...,,,0,"['Education', 'maths']",27,
QcPycBZomac,Linear Regression Algorithm – Solved Numerical Example in Machine Learning by Mahesh Huddar,Linear Regression Algorithm – Solved Numerical Example in Machine Learning by Mahesh Huddar The following concepts are ...,,,0,"['Education', 'maths']",27,
qxo8p8PtFeA,Why Linear regression for Machine Learning?,"In the world of Artificial Intelligence, Large Language Models [LLMs] and chatbots may have the current spotlight and global ...",,,0,"['Education', 'maths']",27,
m88h75F3Rl8,The linear regression model,It is time for the actual introduction of regressions! Let's start with some dry theory. A linear regression is a linear approximation of ...,,,0,"['Education', 'maths']",27,
zUQr6HAAKp4,Lec-4: Linear Regression📈 with Real life examples & Calculations | Easiest Explanation,00:00 – Introduction 00:38 – Linear regression 01:09 – equation 02:33 – Project Linear regression is a fundamental statistical ...,,,0,"['Education', 'maths']",27,
eYTumjgE2IY,Learn Statistical Regression in 40 mins! My best video ever. Legit.,0:00 Introduction 2:46 Objectives of regression 4:43 Population regression equation 9:34 Sample regression line 18:51 ...,,,0,"['Education', 'maths']",27,
owI7zxCqNY0,Video 1: Introduction to Simple Linear Regression,"We review what the main goals of regression models are, see how the linear regression models tie to the concept of linear ...",,,0,"['Education', 'maths']",27,
HyYvH3jSrVQ,Learn Regression Analysis in Excel in Just 12 Minutes,... Chapters: 0:00 - Regression Chart 2:22 - Simple Linear Regression 4:16 - Summary Output 9:05 - Multiple Regression ...,,,0,"['Education', 'maths']",27,
06en5XqdPkI,Linear Regression vs Logistic Regression - What's The Difference?,"Whether it's predicting the stock market, estimating the likelihood of a customer churning, or even guessing the type of fruit based ...",,,0,"['Education', 'maths']",27,
i3IadpjctWg,Multiple Linear Regression: An Easy and Clear Beginner’s Guide,Multiple Linear Regression is a statistical technique used to model the relationship between one dependent variable and two or ...,,,0,"['Education', 'maths']",27,
P8NZB0VQeLA,Excel Multiple Regression,"First, we have the regression statistics that tell you how well the calculated linear regression equation fits your data. The second ...",,,0,"['Education', 'maths']",27,
PaFPbb66DxQ,The Main Ideas of Fitting a Line to Data (The Main Ideas of Least Squares and Linear Regression.),"Fitting a line to data is actually pretty straightforward. For a complete index of all the StatQuest videos, check out: ...",,,0,"['Education', 'maths']",27,
bRl2IXIjuqE,Linear Regression Practical Implementation In Hindi,From my side you can avail additional 10% discount by using coupon code Krish10 Or Sudhanshu10. Don't miss this opportunity ...,,,0,"['Education', 'maths']",27,
sDv4f4s2SB8,"Gradient Descent, Step-by-Step","NOTE: This video assumes you are already familiar with Least Squares and Linear Regression. If not, here's the link to the Quest: ...",,,0,"['Education', 'maths']",27,
4b4MUYve_U8,Stanford CS229: Machine Learning - Linear Regression and Gradient Descent | Lecture 2 (Autumn 2018),This lecture covers supervised learning and linear regression. Andrew Ng Adjunct Professor of Computer Science ...,,,0,"['Education', 'maths']",27,
NUXdtN1W1FE,Linear Regression Analysis | Linear Regression in Python | Machine Learning Algorithms | Simplilearn,This Linear Regression Analysis video will help you understand the basics of linear regression algorithm. You will learn how ...,,,0,"['Education', 'maths']",27,
nk2CQITm_eo,"Linear Regression, Clearly Explained!!!","If you'd like to support StatQuest, please consider... Patreon: https://www.patreon.com/statquest ...or... YouTube Membership: ...",,,0,"['Education', 'maths']",27,
0m-rs2M7K-Y,Regression Analysis | Full Course,"Further you will be able to interpret your results, understand the assumptions for a linear regression and the use of Dummy ...",,,0,"['Education', 'maths']",27,
vKGphOrzze8,How to do Simple Linear Regression in JASP (14-7),"Exploring our data about burnout and job satisfaction, we predict an outcome with a single variable using simple linear regression ...",,,0,"['Education', 'maths']",27,
xTpHD5WLuoA,Correlation and Regression Analysis: Learn Everything With Examples,"Correlation and Regression Analysis With Examples, Correlation Coefficient, Correlation: Hello Friends, Correlation and ...",,,0,"['Education', 'maths']",27,
uWR2IWS0qJ8,How to do simple linear regression in SPSS,,,,0,"['Education', 'maths']",27,
LVnHpmbv7Yg,Pre-Calculus - Find the linear regression line using the TI-83/84 calculator,This video shows how to find the linear regression line using either a TI-83 or 84 calculator. Remember that if you do not see r ...,,,0,"['Education', 'maths']",27,
6xcQYmPDqXs,How to do Simple Linear Regression in SPSS (14-5),"We will be computing a simple linear regression in SPSS using the dataset JobSatisfaction.sav, in which an administrator at a ...",,,0,"['Education', 'maths']",27,
J_LnPL3Qg70,Machine Learning Tutorial Python - 3: Linear Regression Multiple Variables,"In this machine learning tutorial with python, we will write python code to predict home prices using multiple variable linear ...",,,0,"['Education', 'maths']",27,
C5268D9t9Ak,Logistic Regression [Simply explained],"What is a Logistic Regression? How is it calculated? And most importantly, how are the logistic regression results interpreted?",,,0,"['Education', 'maths']",27,
WWqE7YHR4Jc,Regression: Crash Course Statistics #32,Today we're going to introduce one of the most flexible statistical tools - the General Linear Model (or GLM). GLMs allow us to ...,,,0,"['Education', 'maths']",27,
O2Cw82YR5Bo,Linear Regression in Python - Full Project for Beginners,"Welcome to this comprehensive ""Linear Regression with Python Tutorial"" for beginners! In this video, we will cover the basics of ...",,,0,"['Education', 'maths']",27,
ltXSoduiVwY,How to implement Linear Regression from scratch with Python,"In the second lesson of the Machine Learning from Scratch course, we will learn how to implement the Linear Regression ...",,,0,"['Education', 'maths']",27,
q1RD5ECsSB0,Multiple Linear Regression in R | R Tutorial 5.3 | MarinStatsLectures,"◼︎ Table of Content: 0:00:07 Multiple Linear Regression Model 0:00:32 How to fit a linear model in R? using the ""lm"" function ...",,,0,"['Education', 'maths']",27,
EKm0spFxFG4,Logistic Regression in 3 Minutes,"To support more videos like this, please check out my O'Reilly books. Essential Math for Data Science https://amzn.to/3Vihfhw ...",,,0,"['Education', 'maths']",27,
sg_qvRl9gAI,Linear Regression,,,,0,"['Education', 'maths']",27,
iIUq0SqBSH0,Linear Regression Explained Simply,"Simple Linear regression is the most basic machine learning algorithm. When getting started with machine learning, linear ...",,,0,"['Education', 'maths']",27,
EmSNAtcHLm8,What are the main Assumptions of Linear Regression? | Top 5 Assumptions of Linear Regression,"In this video, we will discuss the assumptions of linear regression in detail. We will first discuss all the assumptions in theory, and ...",,,0,"['Education', 'maths']",27,
0as2Jh_eDwg,Linear Regression TI84 (Line of Best Fit),Learn how to find the line of best fit using the linear regression feature on your TI84 or TI83 Graphing Calculator. We go through ...,,,0,"['Education', 'maths']",27,
YxvoByLcFfw,How to do Simple Linear Regression by Hand (14-4),Simple Linear Regression is used to predict the value of an output variable from a predictor variable. Although it is unlikely that ...,,,0,"['Education', 'maths']",27,
MkNubKibM0A,How To... Perform Simple Linear Regression in Excel 2010,Use Excel to generate a Simple Regression Equation and to add a line of best fit to compare two sets of data. Excel also gives you ...,,,0,"['Education', 'maths']",27,
R15LjD8aCzc,Machine Learning in Python: Building a Linear Regression Model,"In this video, I will be showing you how to build a linear regression model in Python using the scikit-learn package. We will be ...",,,0,"['Education', 'maths']",27,
Z6HGJMUakmc,Bayesian Linear Regression : Data Science Concepts,"The crazy link between Bayes Theorem, Linear Regression, LASSO, and Ridge! LASSO Video ...",,,0,"['Education', 'maths']",27,
cA09_IdteV0,Linear Regression in Statistics Explained,Linear regression is a fundamental statistical method used to model the relationship between two variables. This video offers a ...,,,0,"['Education', 'maths']",27,
ajohJFbhSZA,How to perform Linear Regression,"In this tutorial i demonstrate how to fit the line of best-fit and estimate the equation of the line, for data plotted on an XY graph.",,,0,"['Education', 'maths']",27,
_OyKjstWe80,Multiple Linear Regression Solved Numerical Example in Machine Learning Data Mining by Mahesh Huddar,Multiple Linear Regression Solved Numerical Example in Machine Learning Data Mining by Mahesh Huddar #1. Multiple Linear ...,,,0,"['Education', 'maths']",27,
vPde9bYrr80,Regression analysis,This animation provides an explanation for how regression analysis can be used to examine the relationship between two or more ...,,,0,"['Education', 'maths']",27,
NqWkxbykZoo,How to do linear regression on TI-83+ graphing calculator,Just like title says.,,,0,"['Education', 'maths']",27,
KwQsV77bYDY,Excel Basics - Linear Regression - Finding Slope & Y Intercept,This video tutorial provides a basic introduction into the linear regression of a data set within excel. It explains how to find the ...,,,0,"['Education', 'maths']",27,
EMIyRmrPWJQ,"Linear Regression Model Techniques with Python, NumPy, pandas and Seaborn",Python #Regression #NumPy https://alphabench.com/data/python-linear-regression.html ✓ Please SUBSCRIBE: ...,,,0,"['Education', 'maths']",27,
VqKq78PVO9g,"Machine Learning Tutorial Python - 17: L1 and L2 Regularization | Lasso, Ridge Regression",... we use simple linear regression. Then we will use Lasso regression (L1 regularization) and ridge regression (L2 regression) to ...,,,0,"['Education', 'maths']",27,
a7_1-HNNAFw,Types of Regression Models | Simple Linear | Multiple | Polynomial | Logistic Regression Dr. Mahesh,Types of Regression Models | Simple Linear Regression Model | Multiple Regression Model | Polynomial Regression Model ...,,,0,"['Education', 'maths']",27,
GhMjti3DtPA,PREDICT THE FUTURE with LINEAR REGRESSION / How to use LINEST function / Beginners Guide to Power BI,In this video we're going to look at how you can use the LINEST and LINESTX functions to calculate linear regression in Power BI.,,,0,"['Education', 'maths']",27,
Z7m2bA5rLEM,Basic Linear Regression Example on the TI84,This video explains how to find the equation of a linear function that best fits given data. Site: http://mathispower4u.com.,,,0,"['Education', 'maths']",27,
1-OGRohmH2s,Tutorial 26- Linear Regression Indepth Maths Intuition- Data Science,"Please join as a member in my channel to get additional benefits like materials in Data Science, live streaming for Members and ...",,,0,"['Education', 'maths']",27,
66z_MRwtFJM,Simple Linear Regression in R | R Tutorial 5.1 | MarinStatsLectures,"How to fit a Linear Regression Model in R, Produce Summaries and ANOVA table for it. ◼︎ What to Expect in this R video ...",,,0,"['Education', 'maths']",27,
TJveOYsK6MY,Classification and Regression in Machine Learning,"In this short video, Max Margenot gives an overview of supervised and unsupervised machine learning tools. He covers ...",,,0,"['Education', 'maths']",27,
lzGKRSvs5HM,Linear Regression Explained in Hindi ll Machine Learning Course,Myself Shridhar Mankar an Engineer l YouTuber l Educational Blogger l Educator l Podcaster. My Aim- To Make Engineering ...,,,0,"['Education', 'maths']",27,
asWzD7JS_Cs,Regression Analysis in SPSS (Part 1),"In this video, I demonstrated how to perform regression analysis in SPSS in a special way it has never been done. I gave account ...",,,0,"['Education', 'maths']",27,
Ep0z0QTXvXA,How to Perform Linear Regression Analysis in Excel,In this video i will show you how to carried out linear regression analysis using Microsoft Excel software. Linear regression ...,,,0,"['Education', 'maths']",27,
EkAQAi3a4js,"Multiple Regression, Clearly Explained!!!","This StatQuest shows how the exact same principles from ""simple"" linear regression also apply multiple regression. At the end, I ...",,,0,"['Education', 'maths']",27,
cd2_GVI4CoQ,Regression Analysis on Excel,,,,0,"['Education', 'maths']",27,
VfC8uQGm5W8,Learn Desmos: Regressions,Here's a quick video tutorial on using regressions in the Desmos Graphing Calculator (https://www.desmos.com/calculator).,,,0,"['Education', 'maths']",27,
3uxfxV3ERhA,Excel Linear Regression The EASY Way!,"Excel linear regression is easy with its built-in tools. In this tutorial, we'll explore what linear regression is, why it's useful, and the ...",,,0,"['Education', 'maths']",27,
Sg8zME0RFLo,How to do a Linear Regression on Excel,"In this video I will be demonstrating how you can do a Linear Regression in Excel, both through creating a graph and through ...",,,0,"['Education', 'maths']",27,
38d2lxsgznQ,How to do Simple Linear Regression in Power BI | Diana Arciniega,Join Diana Arciniega as she shows a tutorial on how to create a Simple Linear Regression in Power BI. Check out her blog that ...,,,0,"['Education', 'maths']",27,
SG-tokYEgX0,Multiple Linear Regression using Excel Data Analysis Toolpak,LearnAnalytics demonstrates use of Multiple Linear Regression on Excel 2010. (Data Analysis Toolpak). Data set referenced in ...,,,0,"['Education', 'maths']",27,
u9kRsL2iSrM,Basic Excel: single variable linear regression,Column A is GMAT score (Independent variable) Column B is MBA's GPA average (dependent variable). What GPA would you ...,,,0,"['Education', 'maths']",27,
EFI2XKReZyw,Learn Desmos: Regressions,Here's a a quick video tutorial on using regressions in the Desmos Graphing Calculator (https://www.desmos.com/calculator).,,,0,"['Education', 'maths']",27,
9lRv01HDU0s,Tutorial 27- Ridge and Lasso Regression Indepth Intuition- Data Science,Connect with me here: Twitter: https://twitter.com/Krishnaik06 Facebook: https://www.facebook.com/krishnaik06 instagram: ...,,,0,"['Education', 'maths']",27,
WngoqVB6cXw,How to do Multiple Linear Regression in Python| Jupyter Notebook|Sklearn,"If you are new to #python and #machinelearning, in this video you will find some of the important concepts/steps that are followed ...",,,0,"['Education', 'maths']",27,
29rjWClT_3U,Simple and Multiple Linear Regression,Linear Regression in Statistics: The linear regression distinguishes between simple and multiple linear regression analysis.,,,0,"['Education', 'maths']",27,
A1H4j97paI4,Transforming nonlinear data | More on regression | AP Statistics | Khan Academy,Use logarithms to transform nonlinear data into a linear relationship so we can use least-squares regression methods. View more ...,,,0,"['Education', 'maths']",27,
ueNrP5TyZaE,Multiple Linear Regression in SPSS with Assumption Testing,This video demonstrates how to conduct and interpret a multiple linear regression in SPSS including testing for assumptions.,,,0,"['Education', 'maths']",27,
xxfOHdyjIcE,JASP Tutorial #13: Linear Regression with 1 Predictor Variable,,,,0,"['Education', 'maths']",27,
XPxSshuYyao,1. Regression Analysis Introduction & Actual Mean Method from Statistics Subject,Please follow the given Subjects & Chapters related to Commerce & Management Subjects: 1. Financial Accountancy – Part : 1 ...,,,0,"['Education', 'maths']",27,
_kb2X85DkKk,How to Perform Linear Regression in Python in 7 mins using Jupyter Notebook,How to Perform Linear Regression in Python in 7 mins using Jupyter Notebook. Follow Machine Learning 101 here: ...,,,0,"['Education', 'maths']",27,
W58QZJGi8uw,Linear Regression in R,Full MACHINE LEARNING Playlist: https://www.youtube.com/playlist?list=PL5-M_tYf311ZEzRMjgcfpVUz2Uw9TVChL Housing ...,,,0,"['Education', 'maths']",27,
VZkXjh0m1Rg,Ordinary Least Squares regression or Linear regression,"Ordinary Least Squares regression (OLS) is more commonly named linear regression (simple or multiple, depending on the ...",,,0,"['Education', 'maths']",27,
fenkhGg4nOg,Drawing a Regression Line,How to draw a line on a graph when the equation of the line is given.,,,0,"['Education', 'maths']",27,
xj_e7M7YS6w,"Multiple Regression | Coefficients – Interpretation, C.I, Hypothesis Testing",This is a short walkthrough of the coefficient portion of the multiple regression software output. Simple Linear Regression Problem ...,,,0,"['Education', 'maths']",27,
NbSjQ0n-Gss,STATA Tutorials: Multiple Linear Regression,STATA Tutorials: Multiple Linear Regression is part of the Departmental of Methodology Software tutorials sponsored by a grant ...,,,0,"['Education', 'maths']",27,
stRCK4_hhSA,Multivariable Linear Regression in SPSS (SPSS Tutorial Video #26),"In this video, I explain how to conduct a multivariable linear regression in SPSS. I walk through the key assumptions that need to ...",,,0,"['Education', 'maths']",27,
ANMuuq502rE,R programming for beginners – statistic with R (t-test and linear regression) and dplyr and ggplot,This channel focusses on global health and public health - so please consider subscribing if you're someone wanting to make the ...,,,0,"['Education', 'maths']",27,
7WPfuHLCn_k,Linear Regression Summary in R,"Linear Regression Summary in R Linear regression is an essential tool in R, but the output can be a little difficult to interpret.",,,0,"['Education', 'maths']",27,
NGFmRt2V8vo,How to do Linear Regression with Excel Data Analysis Toolpak,"Demonstration of linear regression in Excel using the data analysis toolpak, with a discussion of how to interpret output generated ...",,,0,"['Education', 'maths']",27,
yIYKR4sgzI8,StatQuest: Logistic Regression,... 0:23 Review of linear regression 3:09 Logistic regression overview 6:22 Logistic regression vs Linear regression 8:06 Summary ...,,,0,"['Education', 'maths']",27,
wkkllZqICaQ,Linear Regression in Excel: How to Interpret a Model & Make Predictions,"This video walks step by step through how to create a linear regression model, how to interpret it and how to use the model to ...",,,0,"['Education', 'maths']",27,
GG3sJYuwAKc,Linear Regression using a calculator (Casio fx-991Ms),This video will show you how to calculate a Linear Regression using the Casio fx-911ms. It uses an example to show you step by ...,,,0,"['Education', 'maths']",27,
xlJyKDzru1o,R Programming - Linear Regression,R Programming - Linear Regression Watch More Videos at https://www.tutorialspoint.com/videotutorials/index.htm Lecture By: Mr.,,,0,"['Education', 'maths']",27,
_5AVGuEzCXc,Linear regression — jamovi,Linear regression is the single most useful method in any analyst's toolbox. jamovi makes it easy to conduct both simple and ...,,,0,"['Education', 'maths']",27,
zcZaI-xfiFE,Linear Regression Using Desmos,This video explains how to perform linear regression using the online graphing tool Desmos. http://mathispower4u.com.,,,0,"['Education', 'maths']",27,
JxxrdB_-sc8,Excel Data Analysis Toolpak: How to perform a Simple Linear Regression,"This short video details how to undertake a Simple Linear Regression using Excel's Data Analysis Toolpak. In particular, the case ...",,,0,"['Education', 'maths']",27,
Z3037GwvOZg,Linear Regression in JMP,,,,0,"['Education', 'maths']",27,
yZXNS5AxmIY,📈 Using Google Sheets for Linear Regression,This video shows the steps to enter data and perform a linear regression analysis in Google Sheets. The video also discusses ...,,,0,"['Education', 'maths']",27,
jpnThsrXUkc,Basics of Simple Linear Regression in JASP,This video demonstrates simple linear regression in JASP. It does not discuss theory. You can follow along using this dataset: ...,,,0,"['Education', 'maths']",27,
mno47Jn4gaU,"Multiple Regression in R, Step by Step!!!","If you'd like to support StatQuest, please consider... Patreon: https://www.patreon.com/statquest ...or... YouTube Membership: ...",,,0,"['Education', 'maths']",27,
yMgFHbjbAW8,Introduction to residuals and least squares regression,Introduction to residuals and least squares regression.,,,0,"['Education', 'maths']",27,
0lpfmFnlDHI,Excel Regression Analysis through the Toolpak,Using Data Analysis Toolpak Regression analysis and interpreting the results. Its one of those powerful tools in Excel Data ...,,,0,"['Education', 'maths']",27,
Yhs68uTK6tI,Simple linear regression in STATA,"Dependent, independent, exposure, explanatory, predictor, outcome, response variable, statistics, P value. mean, standard ...",,,0,"['Education', 'maths']",27,
umPQ78xM_5Y,How to perform multiple linear regression analysis in Excel,"This video demonstrates how to perform multiple linear regression analysis in Excel and interprets the results including R-square, ...",,,0,"['Education', 'maths']",27,
Xse7Aqb0fLI,How to Perform Linear Regression with TI nspire,Learn how to find a Least Squares regression equation using TI-Nspire CX series calculators. From entering data to finding the ...,,,0,"['Education', 'maths']",27,
rLkysIyO7-U,Interpreting Linear Regression Results,This video describes how to interpret the major results of a linear regression... ...so I just noticed that this video took off. Thank y'all.,,,0,"['Education', 'maths']",27,
86eJIkIlAvs,Regression and Correlation - Casio FX-991ES Plus Calculator,Step by step: Regression and Correlation using Casio FX-991ES Plus Calculator #casio #regression&correlation ...,,,0,"['Education', 'maths']",27,
Qa_FI92_qo8,Perform Linear Regression Using Matrices,This video explains how to use matrices to perform least squares linear regression. Site: http://mathispower4u.com Blog: ...,,,0,"['Education', 'maths']",27,
iMdtTCX2Q70,Simple Linear Regression: Checking Assumptions with Residual Plots,"An investigation of the normality, constant variance, and linearity assumptions of the simple linear regression model through ...",,,0,"['Education', 'maths']",27,
Hb4mk_WPPeE,Regression and Correlation - Casio | fx 991ms | fx 100ms | fx 82ms | fx 350ms Calculator,Step by step: Casio | fx 991ms | fx 100ms | fx 82ms | fx 350ms Calculator #casio #regression&correlation #clearexplanation.,,,0,"['Education', 'maths']",27,
tXzWkeFIcek,Linear Regression using the calculator Sharp EL-531W,This video will show you how to calculate a linear regression in the form Y= A + Bx as well as how to calculate the r value ...,,,0,"['Education', 'maths']",27,
G1WX5GiFSWQ,Multicollinearity (in Regression Analysis),... Regression https://youtu.be/FLJ0yYetywE Simple and Multiple Linear Regression https://youtu.be/29rjWClT_3U Assumptions of ...,,,0,"['Education', 'maths']",27,
dQQ3NHE7tIk,What is linear regression?,Linear regression (https://en.wikipedia.org/wiki/Linear_regression) is a fundamental machine learning method that combines ...,,,0,"['Education', 'maths']",27,
NzuK4iAfxhU,Matrix Approach to Multiple Linear Regression,Organized by textbook: https://learncheme.com/ The spreadsheet can be found at ...,,,0,"['Education', 'maths']",27,
vnQIW5ts3eM,Simple Linear Regressions,How to conduct simple linear regressions using SPSS/PASW.,,,0,"['Education', 'maths']",27,
b0L47BeklTE,Linear Regression Python Sklearn [FROM SCRATCH],linear regression python sklearn. In this video we will learn how to use SkLearn for linear regression in Python. You can follow ...,,,0,"['Education', 'maths']",27,
MkLBNUMc26Y,Linear Regression Algorithm with Code Examples - ML for Beginners!,"Hi Everyone, today we will learn about one of my favorite Machine Learning algorithms - Linear Regression! We will use it to ...",,,0,"['Education', 'maths']",27,
nkhadlenijo,What is Linear Regression | how to do it in Matlab | How to use functions in matlab,HI this video is about the linear regression. You can send me your queries at Email: satendra.svnit@gmail.com.,,,0,"['Education', 'maths']",27,
XdM6ER7zTLk,How to Do Linear Regression using Gradient Descent,The point of this is to demonstrate the concept of gradient descent. Gradient descent is the most popular optimization strategy in ...,,,0,"['Education', 'maths']",27,
2pohFqtQkMk,Hypothesis Test for Simple Linear Regession,Organized by textbook: https://learncheme.com/ The spreadsheet can be found at ...,,,0,"['Education', 'maths']",27,
uxSWViy8QqY,Linear Regression in JASP,,,,0,"['Education', 'maths']",27,
VaVbknWWZCo,How to do Linear Regression on the TI84 Plus CE,Learn the Steps to do a Linear Regression Problem on the TI 84 Plus CE Graphing Calculator Buy the TI84 Plus CE on Amazon ...,,,0,"['Education', 'maths']",27,
aztcS-3MwH0,Linear Regression and Correlation - Example,Course Web Page: https://sites.google.com/view/slcmathpc/home.,,,0,"['Education', 'maths']",27,
1fZeBafD1nw,Explaining generalized linear models (GLMs) | VNT #15,The end of an era. An explainer for one of the most commonly used models in research: the generalized linear model. OTHER ...,,,0,"['Education', 'maths']",27,
uD88ecvVFdI,Linear Regression in Excel for Time Series Data,This video shows how to get a linear regression output using Excel for time series data.,,,0,"['Education', 'maths']",27,
loyCki0wyK4,How to do Linear Regression in Python,Linear regression is a great model for predicting values and is super simple in python. I walk you through step by step how to do it ...,,,0,"['Education', 'maths']",27,
yt7fzvwfWHs,Linear Regression Cost Function | Machine Learning | Explained Simply,Learn what is Linear Regression Cost Function in Machine Learning and how it is used. Linear Regression Cost function in ...,,,0,"['Education', 'maths']",27,
1dketF_VwR4,Pre-Calculus - Find the linear regression line using the TI-89 calculator,This example shows how to find the linear regression line using the TI-89 graphing calculator. Pay close attention to the correct ...,,,0,"['Education', 'maths']",27,
LTvi3cBuElE,Perform Linear Regression in Azure Databricks with MLLib,Going over how to use MLLib to create and evaluate on a linear regression model.,,,0,"['Education', 'maths']",27,
EmsR8lc7w78,Implementing linear regression in Power BI,How to manage the LINESTX function results in DAX to compute linear regression. Article and download: ...,,,0,"['Education', 'maths']",27,
GZti9C_CP0E,How To Perform A Simple Linear Regression In R,"In this tutorial, I'm going to show you how to perform a simple linear regression test in R. I'll also show you how to interpret the ...",,,0,"['Education', 'maths']",27,
HgfHefwK7VQ,Using Multiple Regression in Excel for Predictive Analysis,,,,0,"['Education', 'maths']",27,
OXij01ywj0I,Conducting a Simple Linear Regression in SPSS with Assumption Testing,This video demonstrates how to conduct and interpret a simple linear regression in SPSS including testing for assumptions.,,,0,"['Education', 'maths']",27,
MLMXX1yLe_Q,How to do Linear Regression Using MS Excel Data Analysis Procedure,"Linear Regression using excel and deep dive into different components of output - like slope, intercept, predicted value, residual ...",,,0,"['Education', 'maths']",27,
hGX3K6fhwp8,JASP - Simple Linear Regression (Basics),JASP - Simple Linear Regression.,,,0,"['Education', 'maths']",27,
OohDOL5M6nw,Linear Regression Models Explained for AP Statistics Topic 2.6,This video corresponded with Unit 2 Topic 2.6 which covers what linear regression models look like and what they do. For more ...,,,0,"['Education', 'maths']",27,
SqN-qlQOM5A,"Understanding Generalized Linear Models (Logistic, Poisson, etc.)",Learning Objectives: #1.Understand when to use GLMS #2. Know the three components of a GLM #3. Difference between ...,,,0,"['Education', 'maths']",27,
AMx_SwQkn34,Ex 1: Create a Scatter Plot and then Perform Linear Regression on the Calculator,This video explains how to create a scatter plot by hand and on the TI84 graphing calculator and then perform linear regression ...,,,0,"['Education', 'maths']",27,
D58TebqqQLc,Multiple Linear Regression in Jamovi,Learn how to perform multiple linear regression in Jamovi.,,,0,"['Education', 'maths']",27,
ewnc1cXJmGA,Deriving the least squares estimators of the slope and intercept (simple linear regression),"I derive the least squares estimators of the slope and intercept in simple linear regression (Using summation notation, and no ...",,,0,"['Education', 'maths']",27,
U2p16pCHW3c,Linear Regression in SPSS,"This video explains how to perform a Linear Regression in SPSS, including how to determine if the assumptions for the regression ...",,,0,"['Education', 'maths']",27,
znRJpMgX8Dc,Linear Regression in Python Tutorial (simple and multivariate),Learn the basics of how to do linear regression with Python. Kaggle Notebook: ...,,,0,"['Education', 'maths']",27,
xLdvMG5qAmo,Linear Regression in Machine Learning | Linear Regression Tutorial [With Project] | Intellipaat,#LinearRegressionInMachineLearning #LinearRegressionMachineLearning #WhatisLinearRegression ...,,,0,"['Education', 'maths']",27,
IWYENu0kCYE,Multiple Regression - SPSS (part 1),I demonstrate how to perform a multiple regression in SPSS. This is the in-depth video series. I cover all of the main elements of a ...,,,0,"['Education', 'maths']",27,
3XUdT7cefJk,Linear Regression,How to do (linear) regression on the TI-83/84 with extra tips on plotting the regression function/equation easily.,,,0,"['Education', 'maths']",27,
_QnsH74zXhA,(Linear) Regression Equation on Excel 2016,,,,0,"['Education', 'maths']",27,
q3-NNQfuA9w,How to Do Simple Linear Regression Analysis by Using SPSS,How to Do Simple Linear Regression Analysis by Using SPSS I demonstrate how to perform a simple linear regression analysis in ...,,,0,"['Education', 'maths']",27,
ScV2FOlx41A,Conducting a Multiple Regression After Dummy Coding Variables in SPSS,This video demonstrates how to dummy code nominal variables in SPSS and use them in a multiple regression. The “Recode into ...,,,0,"['Education', 'maths']",27,
FLJ0yYetywE,Regression Analysis: An introduction to Linear and Logistic Regression,"Regression analysis in statistics makes it possible to estimate relationships between variables. Regressions are calculated if, ...",,,0,"['Education', 'maths']",27,
SUMEPqXs5Cs,How to do a simple linear regression in SPSS and output interpretation - step by step,This tutorial shows you how to conduct a simple linear regression in SPSS and interpret the output /regression results. Simple ...,,,0,"['Education', 'maths']",27,
0AGLdgUtIJg,Linear Regression - SPSS (part 1),I demonstrate how to perform a linear regression analysis in SPSS. The data consist of two variables: (1) independent variable ...,,,0,"['Education', 'maths']",27,
4bGG02Jsjyc,Linear mixed effects models - the basics,Simple linear regression vs LMM (01:17) 2. Interpret a random intercept (04:19) 3. Multiple linear regression vs LMM (06:24) 4.,,,0,"['Education', 'maths']",27,
CtKeHnfK5uA,Linear Regression - Fun and Easy Machine Learning,Linear regression and just how simple it is to set one up to provide valuable information on the relationships between variables.,,,0,"['Education', 'maths']",27,
Nttf5gHI-54,How To Do Linear Regression In Python Machine Learning,How To Do Linear Regression In Python Machine Learning After the Mean model we are now employing a linear regression ...,,,0,"['Education', 'maths']",27,
wLp_p1rzNrM,#How to do #linear #regression with #Excel @nandyacademy,Excel #regressionanalysis #exceltricks @nandyacademy If you like this video please tell your friends to visit and subscribe to ...,,,0,"['Education', 'maths']",27,
Ktks5K95uQM,Do a Linear Regression (with free R Statistics Software),Step-by-step Example of Running a Regression: we learn to do regression using R statistics software. I'll walk through the code ...,,,0,"['Education', 'maths']",27,
cXiZ_t2NK1k,Multiple Regression in Excel,Multiple Regression in Excel in a nutshell. Focusing on Excel functionality more than presentation of regression theory.,,,0,"['Education', 'maths']",27,
biyosVy8it4,Line of Regression Equation (& Reliability) [IB Math AI SL/HL],Revision Village - Voted #1 IB Math Resource! New Curriculum 2021-2027. This video covers the Line of Regression Equation ...,,,0,"['Education', 'maths']",27,
AyrkjZ1L68E,How to do Regression Formula in Excel || Linear Regression Analysis,Link to the Excel file: https://agrimetsoft.com/excel Excel Tutorial YouTube: https://bit.ly/34TTYcp How to do #Regression_Formula ...,,,0,"['Education', 'maths']",27,
HafqFSB9x70,Simple linear regression in Stata®,Learn how to fit a simple linear regression model in Stata using the *regress* command. Note that you can type *db predict* into ...,,,0,"['Education', 'maths']",27,
kANlmckVmww,Simple linear regression in Excel | with interpretation of regression output,"Hi, thanks for watching our video about simple linear regression analysis of one dependent and one independent variable. In this ...",,,0,"['Education', 'maths']",27,
JvS2triCgOY,How to calculate linear regression using least square method,An example of how to calculate linear regression line using least squares. A step by step tutorial showing how to develop a linear ...,,,0,"['Education', 'maths']",27,
6-4KVHI3K8k,Regression Method of Forecasting Using Microsoft Excel,,,,0,"['Education', 'maths']",27,
uioO2DdwDSA,How to do linear regression on the Sharp EL-W535SA,This video shows you how to find a regression line using the Sharp EL-W535SA (you cana follow the same steps on the ...,,,0,"['Education', 'maths']",27,
jZVfu312x44,How To Do Simple Linear Regression In SPSS? - The Friendly Statistician,"How To Do Simple Linear Regression In SPSS? In this informative video, we guide you through the process of conducting simple ...",,,0,"['Education', 'maths']",27,
9ktyhFt4i1M,TI-36X Pro Linear Regression and Linear Interpolation,"In this video we will use the linear regression function on the TI-36X Pro to find the line which best fits the data. Basically, the line ...",,,0,"['Education', 'maths']",27,
bpRlrb-mAUA,Linear Regression on TI-36X Pro,This video demonstrates how to perform linear regression on a TI-36X Pro.,,,0,"['Education', 'maths']",27,
6E6pB5JFLgM,"Inferential Statistics FULL Tutorial: T-Test, ANOVA, Chi-Square, Correlation & Regression Analysis","Learn about inferential statistics and how they differ from descriptive statistics in this plain-language tutorial, packed with practical ...",,,0,"['Education', 'maths']",27,
2atuPaNejig,Simple Linear Regression using Casio fx-991-ES Plus,Here is the question solved in this video: Suppose you want to test if there is a significant linear correlation between the number of ...,,,0,"['Education', 'maths']",27,
feDJkDaNuOk,Simple Linear Regression in Python - sklearn,Dive into the world of data science with our comprehensive guide to simple linear regression using Python's powerful sklearn ...,,,0,"['Education', 'maths']",27,
0AGLdgUtIJg,Linear Regression - SPSS (part 1),I demonstrate how to perform a linear regression analysis in SPSS. The data consist of two variables: (1) independent variable ...,,,0,"['Education', 'maths']",27,
sDrAoR17pNM,Assumptions of Linear Regression,"Assumptions of Linear Regression: In order for the results of the regression analysis to be interpreted meaningfully, certain ...",,,0,"['Education', 'maths']",27,
QptI-vDle8Y,Polynomial regression,"This video is part of a full course on statistics and machine-learning. The full course includes 35 hours of video instruction, tons of ...",,,0,"['Education', 'maths']",27,
GyCvtrrtWZ4,Linear Regression on a TI-84 Plus,,,,0,"['Education', 'maths']",27,
XqGWYRBE-Og,Introductory overview of linear regression using Stata (Jan 2023),"In this video, I provide a very general overview of linear regression using Stata. Included in the discussion is coverage of the ...",,,0,"['Education', 'maths']",27,
5wqU8gy9SxQ,How to Perform Simple Linear Regression Analysis Using MS Excel and Minitab Explained with Examples,Module 7. Fractional Factorial Design 1. 2K The One Half Fraction Introduction 2. 2K The One Half Fraction Design Layout ...,,,0,"['Education', 'maths']",27,
cHT-qLnRm0E,Lec-3: Introduction to Regression with Real Life Examples,00:00 – Introduction 01:41 – what is regression 03:18 – example 04:31 – regression represent is graphical way Regression is a ...,,,0,"['Education', 'maths']",27,
JkU9SPVQbPc,How to Do a Linear Regression Analysis using Jamovi,"This video was made for non-math people who need to analyze data using a linear regression. For example, someone doing a ...",,,0,"['Education', 'maths']",27,
n5CTST285Ic,Ex: Make a Prediction Given the Results of Performing Linear Regression,This video provides and example of how to use the results of performing linear regression to make a prediction.,,,0,"['Education', 'maths']",27,
Rd1g4XbXo84,Using a TI-30XS to calculate Linear Regression equations,The free web version of the TI-30XS is only available to students taking Pearson exams. Consult your mathematics teacher or ...,,,0,"['Education', 'maths']",27,
aOsZdf9tiNQ,Linear Regression with JAX,This video is part of a series of tutorial videos explaining how to build your own Reinforcement Learning agents using coax ...,,,0,"['Education', 'maths']",27,
kHX0jOf-wSA,Multiple Linear Regression Model Introduction,What is a Multiple Linear Regression Model? How do we represent it using Matrices? How do we interpret the model parameters ...,,,0,"['Education', 'maths']",27,
Ut22-WLvEVw,Excel Walkthrough 4 - Reading Regression Output,This video uses Anderson 11e Chapter 15 #4 to walk through regression output and explain how to interpret it.,,,0,"['Education', 'maths']",27,
sNi_-8ODgAI,Minitab - Multiple Linear Regression,Introduction to Quality Science : Minitab Video Tutorials.,,,0,"['Education', 'maths']",27,
iaom_n2ER-Q,How to Perform Linear Regression in Python Using Jupyter Notebook,How to Perform Linear Regression in Python Using Jupyter Notebook Subscribe Kindson The Genius Youtube: ...,,,0,"['Education', 'maths']",27,
wFerATg5V3s,How to Use Linear Regression Channels to Make Better Trading Decisions,"▭ VIDEO #optionstrading #stockmarket DISCLAIMER: The content presented is for informational purposes only and any opinions, ...",,,0,"['Education', 'maths']",27,
UCOm-LFKX9E,1. Logistic Regression | Logistic Regression Solved Numerical Example Machine Learning Mahesh Huddar,... Logistic Regression Algorithm: https://youtu.be/2C8IqOLO1os Logistic Regression Applications Advantages Linear Regression ...,,,0,"['Education', 'maths']",27,
KmazWowgZm8,026 F Statistic and F Test for a Linear Regression,DataScience.,,,0,"['Education', 'maths']",27,
YAJ5XBwlN4o,PyTorch Tutorial 07 - Linear Regression,In this part we implement a logistic regression algorithm and apply all the concepts that we have learned so far: - Training Pipeline ...,,,0,"['Education', 'maths']",27,
M1tVwND8T1o,Simple Linear Regression in Excel 📈: Analyzing Years of Experience and Salary,"Join us at Analytics Voyage as we delve into the world of simple linear regression using Excel. In this tutorial, we'll guide you ...",,,0,"['Education', 'maths']",27,
XZFI_VaPzC8,Using Linear Regression in Excel for Time Series Forecasting,This problem walkthrough video will demonstrate how to use Microsoft Excel to perform simple regression analysis to forecast ...,,,0,"['Education', 'maths']",27,
aV_sRopNTrw,Intro To Linear Regression Models - Pandas For Machine Learning 26,In this video we'll start to discuss Linear Regression Models with SciKit-Learn and Pandas. I'll describe what a linear regression ...,,,0,"['Education', 'maths']",27,
wsi0jg_gH28,"Linear Regression in R, Step by Step","If you'd like to support StatQuest, please consider... Patreon: https://www.patreon.com/statquest ...or... YouTube Membership: ...",,,0,"['Education', 'maths']",27,
YC0bvIxR6t4,How to Calculate a Simple Linear Regression by Hand,"In this video, we'll go over an example of how to calculate a simple linear regression by hand. We'll use the formulas for the slope ...",,,0,"['Education', 'maths']",27,
KYNuzfn5Fx0,How to Implement Multiple Linear Regression in Python From Scratch,Subscribe if you enjoyed the video! Best Courses for Analytics: ...,,,0,"['Education', 'maths']",27,
erfeZg27B7A,"Linear Regression, Cost Function and Gradient Descent Algorithm..Clearly Explained !!",Hi Everyone! I apologies for the high music volume. Unfortunately there is no way for me to edit this video currently on YT studio ...,,,0,"['Education', 'maths']",27,
eTZ4VUZHzxw,Checking Linear Regression Assumptions in R | R Tutorial 5.2 | MarinStatsLectures,"How to test linear regression assumptions in R? In this R tutorial, we will first go over some of the concepts for linear regression ...",,,0,"['Education', 'maths']",27,
HIcqQhn3vSM,Simple Linear Regression: Transformations,A look at transformations in the context of simple linear regression. I look at two examples where taking a transformation (applying ...,,,0,"['Education', 'maths']",27,
R1ucKPEAFOo,Nonlinear regression (SPSS),Currell: Scientific Data Analysis. Analysis for Fig 7.6(b). See also 2.4.3 http://ukcatalogue.oup.com/product/9780198712541.do ...,,,0,"['Education', 'maths']",27,
AP_K7SaKkIE,Multiple linear regression - explained with two simple examples,"In this video, we will see how multiple linear regression is computed. The focus is to understand how to interpret the coefficients in ...",,,0,"['Education', 'maths']",27,
tEp-33IGABQ,Linear regression full course session 101,This video is part 101 of Linear regression tutorials in Statistics. And more focus of this video is put on Linear regression in ...,,,0,"['Education', 'maths']",27,
3JRmyrbF9k0,Performing Logistic Regression in SPSS,This video will demonstrate how to perform a logistic regression using the software SPSS.,,,0,"['Education', 'maths']",27,
fDvm9I2F7Nc,How to do Linear Regression with Tableau?,"linearregression #tableau #descriptivestatistics #tableaubasics In this video, we will be going through how to create simple linear ...",,,0,"['Education', 'maths']",27,
FBOZ8o1AJ6k,How to do Multiple Linear Regression Analysis? | DATA SCIENCE | R Programming Tutorial l,R Tutorial will help you in understanding the fundamentals of functions used in R tool and help you build a strong foundation in R.,,,0,"['Education', 'maths']",27,
Ktks5K95uQM,Do a Linear Regression (with free R Statistics Software),Step-by-step Example of Running a Regression: we learn to do regression using R statistics software. I'll walk through the code ...,,,0,"['Education', 'maths']",27,
dQNpSa-bq4M,"Statistics 101: Multiple Linear Regression, The Very Basics 📈",What if you have more than one independent variable? In this video we review the very basics of Multiple Regression.,,,0,"['Education', 'maths']",27,
Hr06nSA-qww,Build Your First Machine Learning Project [Full Beginner Walkthrough],"In the project, we'll try to predict how many medals each country will win in the olympics using a linear regression model.",,,0,"['Education', 'maths']",27,
zAxuIlCBvOw,Train / Test Split for Linear Regression - Pandas For Machine Learning 27,In this video we'll start to dive into Linear Regression by setting up are Train / Test split. We'll use Scikit-Learn to do the heavy ...,,,0,"['Education', 'maths']",27,
4fKJxpwSqgE,Grouping Likert scale items for correlation and regression tests with interpretation,Likert scale and ordinal data analysis Pearson correlation Spearman correlation Regression Simple linear regression Multiple ...,,,0,"['Education', 'maths']",27,
#NAME?,Using TI-83 Plus to find linear regression equation and predict values,,,,0,"['Education', 'maths']",27,
yJnHmCMb1q4,Multiple linear regression with interaction in R,"Need to include interaction with a categorical variable in your linear model in R? Start here. If this vid helps you, please help me a ...",,,0,"['Education', 'maths']",27,
z-eAkh6Q2go,How To Perform Simple Linear Regression? - The Friendly Statistician,"How To Perform Simple Linear Regression? In this informative video, we will guide you through the process of performing simple ...",,,0,"['Education', 'maths']",27,
yAYGDGOO5bA,Digital SAT Math - Desmos Lesson #9 Regression,Check out this calculator lesson - Digital SAT Math Desmos Lesson #9 Regression - created by an 800 SAT Math scorer.,,,0,"['Education', 'maths']",27,
exxh0Eqg_i0,Linear Regression in SPSS | Regression Analysis Using SPSS | Regression in SPSS with assumptions,This video is tutorial of Simple Linear Regression Analysis in SPSS and how to interpret its output. It also covers the assumptions ...,,,0,"['Education', 'maths']",27,
SP5Ez7xiaKE,Using Excel for Regression Analysis,This video goes through some basic steps necessary for running OLS regressions in Excel ...,,,0,"['Education', 'maths']",27,
pIpjpiENNqE,Linear Regression in JMP,Learn how to fit a simple linear regression model in JMP and graph the results in less than three minutes! Want to learn more ...,,,0,"['Education', 'maths']",27,
8PJ24SrQqy8,Linear Regression,,,,0,"['Education', 'maths']",27,
CLocpSMXO-4,How to perform Linear Regression in Tableau?,Unlock the power of data visualization with our SkillPill tutorial! Dive into regression analysis and create interactive dashboards ...,,,0,"['Education', 'maths']",27,
LRnwhSx9k8g,Linear Regression Models using a Graphing calculator,This video gives step-by-step instructions on how you input data in a graphing calculator and then look at the calculator produced ...,,,0,"['Education', 'maths']",27,
XqGWYRBE-Og,Introductory overview of linear regression using Stata (Jan 2023),"In this video, I provide a very general overview of linear regression using Stata. Included in the discussion is coverage of the ...",,,0,"['Education', 'maths']",27,
P3RWunY1Irg,Linear Regression Using The Sharp EL-531 Series (with a Sharp EL-531x),This video will show you how to do simple linear regression using a Sharp Calculator. This method will work on a number of ...,,,0,"['Education', 'maths']",27,
V_C6luIhvjg,How to Fit a Linear Regression Model in MATLAB,Learn how to solve a linear regression problem with MATLAB®. Follow a typical linear regression workflow and learn how you ...,,,0,"['Education', 'maths']",27,
u1ePV1ntMNs,(Simplified) Linear Mixed Model in R with lme(),Statistical modeling helps to compress the raw data we have into a simple mathematical formula that we can use for ...,,,0,"['Education', 'maths']",27,
8iqzFQ_nZI8,Forecasting in Excel using Linear Regression,"Forecasting #LinearRegression Hello Friends, In this video, you will learn how to do the sales forecasting in Excel. We have ...",,,0,"['Education', 'maths']",27,
p_d-JcPrLOU,"Simple Linear Regression, hypothesis tests",A 12 minute video introducing the default hypothesis tests of the intercept and slope in simple linear regression.,,,0,"['Education', 'maths']",27,
1kp4Xtx-ups,Jamovi 1.2/1.6 Tutorial: Multivariate Linear Regression (Episode 6),"In this Jamovi tutorial, I go through a full example from the data library on the regression module, including a chat on the ...",,,0,"['Education', 'maths']",27,
_g6Td1nJqvs,2-Minute Bayesian Linear Regression in R (brms),Making my viewers Break Bayesian one posterior at a time PACKAGE VERSIONS USED IN VIDEO - brms 2.20.4 - carData 3.0.5 ...,,,0,"['Education', 'maths']",27,
1h3F09k4Lg0,Basic Excel: multi-variable linear regression + categorical variable,"Multi-variable linear regression with categorical variable (we need to convert those to ""dummy"" variable) Dependent variable: ...",,,0,"['Education', 'maths']",27,
vshYGmnWQYg,Linear Regression | Linear Regression in Python | Python Tutorial | Codegnan,In this video you are going to learn What is Linear Regression in Python? How do we relate our statistical term Regression to ...,,,0,"['Education', 'maths']",27,
sPnS1SlpJvE,Regression and Prediction in R Using the lm() Command,"Let's learn about the lm() and predict() functions in R, which let us create and use linear models for data. If this vid helps you, ...",,,0,"['Education', 'maths']",27,
u0qN9GUmqXc,Simple linear regression using Minitab,The adjusted R-squared is a modified version of R-squared that adjusts for predictors that are not significant in a regression model ...,,,0,"['Education', 'maths']",27,
GQP47ijt4LI,"Regression Analysis Using SPSS - Analysis, Interpretation, and Reporting","Learn Regression Analysis Using SPSS - Analysis, Interpretation, and Reporting. The video discusses in detail 00:00 - Channel ...",,,0,"['Education', 'maths']",27,
fQTcSrF_qbQ,Regression Analysis with MS Excel,Learn a simple technique to carry out simple regression analysis in MS Excel and WPS Spreadsheet. An easy method to calculate ...,,,0,"['Education', 'maths']",27,
DOCzyB8zj-8,Nonlinear Regression in Microsoft Excel,"A three parameter (a,b,c) model y = a + b/x + c ln(x) is fit to a set of data with the Excel solver add-in. This tutorial walks through the ...",,,0,"['Education', 'maths']",27,
djQwPAnhsnc,Linear Regression With CASIO fx 991 EX,Demonstrate Linear Regression with CASIO fx 991 EX.,,,0,"['Education', 'maths']",27,
pfmJtWEMEpo,[Hindi] Linear Regression Code In Python Sklearn! - Machine Learning Tutorials In Hindi,Best Hindi Videos For Learning Programming: ▻Learn Python In One Video - https://www.youtube.com/watch?v=qHJjMvHLJdg ...,,,0,"['Education', 'maths']",27,
hVJ7hmq9FRw,Simple Linear Regression with One Binary Categorical Variable in SPSS,,,,0,"['Education', 'maths']",27,
PCQUznDCLxg,Python Linear Regression w/ Google Colab,Python Linear Regression w/ Google Colab Using SKLearn to analyze Ice Cream Sales vs. Temperature GitHub: ...,,,0,"['Education', 'maths']",27,
R2Zb5s_RrDU,Mastering Multiple Linear Regression in Scikit-Learn: A Step-by-Step Guide,"Welcome to our comprehensive guide on Multiple Linear Regression! In this tutorial, we'll dive deep into the world of statistical ...",,,0,"['Education', 'maths']",27,
sz7cZ92xWn0,Linear Regression in Google Sheets,"How to compute a linear regression function for price as a function of demand, as needed for the MAT 120 Regression project.",,,0,"['Education', 'maths']",27,
dT_AFJqlUYc,G*Power - Simple (linear) regression minimum sample size,G*Power - Simple (linear) regression minimum sample size.,,,0,"['Education', 'maths']",27,
bP1ymDxplu4,Quantitative Research | Regression Analysis,"In this video, I will be discussing what is a regression analysis and how to do it. Regression analysis is a conceptually simple ...",,,0,"['Education', 'maths']",27,
UkQYDWssFMQ,Handling Control Variables in Multiple Regression Analysis | Step-by-Step SPSS Tutorial,"Welcome to our comprehensive SPSS tutorial on handling control variables in multiple regression analysis! In this video, we dive ...",,,0,"['Education', 'maths']",27,
9jmsW8nbDrw,Multiple Linear Regression in R Studio R Statistics,"Dependent, independent, exposure, explanatory, predictor, outcome, response variable, statistics, P-value. mean, standard ...",,,0,"['Education', 'maths']",27,
RdR0wv3dbME,Linear Regression in Minitab,,,,0,"['Education', 'maths']",27,
#NAME?,Linear Regression on TI-30X IIS,This video demonstrates how to perform linear regression on a TI-30X IIS.,,,0,"['Education', 'maths']",27,
AR6sLpcVcSU,How To... Make a Prediction using a Multiple Linear Regression Model in R #102,Learn how to use a Multiple Linear Regression Model with to make predictions with @EugeneOLoughlin. The R script ...,,,0,"['Education', 'maths']",27,
0DuvyOKAc1I,How to do regressions in Google Sheets,"Short overview video on how to run three different regressions in Google Sheets. First I run a linear regression, second is an ...",,,0,"['Education', 'maths']",27,
11c9cs6WpJU,Correlation Coefficient,This video explains how to find the correlation coefficient which describes the strength of the linear relationship between two ...,,,0,"['Education', 'maths']",27,
fTHYPGjaMu4,EC226 Econometrics | Mistakes students do | Simple Linear Regression - Part 1,Need One-One Online Econometrics coaching? Schedule a free discussion call with us. Mail: shubham@eduspred.com ...,,,0,"['Education', 'maths']",27,
#NAME?,Excel Weekend 7 - Linear Regression for ANY Professional - Dave Langer,Linear regression is a wildly useful analytics technique for ANY professional - regardless of role/background. The secret to ...,,,0,"['Education', 'maths']",27,
lGg0LNZplVQ,Linear Regression And Residuals - Pandas For Machine Learning 28,In this video we'll finnish creating our Linear Regression Model using the Diabetes Dataset from SciKit-Learn. We'll Create our ...,,,0,"['Education', 'maths']",27,
hsydvqDRfYY,How to perform LINEAR FITTING (regression) in ORIGIN PRO? [TUTORIAL],A detailed tutorial on how to perform a LINEAR FIT on a given data-set using Origin Pro. If you have any ...,,,0,"['Education', 'maths']",27,
Byx4hQ0IRrM,How To Calculate Beta on Excel - Linear Regression & Slope Tool,"Learn how to calculate Beta on Microsoft Excel with this step-by-step tutorial! This simple, yet easy to understand video provides ...",,,0,"['Education', 'maths']",27,
izigNiLpNPo,Linear Regression ANOVA table in Excel,The video is about how to create linear regression anova table using excel 2016 or excel 2010 for regression analysis.,,,0,"['Education', 'maths']",27,
OEU22e20tWw,Ridge Regression for Beginners!,"This course covers several technique in a practical manner, including: Simple Linear Regression Multiple Linear Regression ...",,,0,"['Education', 'maths']",27,
TQN8tkPxEXg,Linear Regression with Multiple Regressors (FRM Part 1 2023 – Book 2 – Chapter 8),*AnalystPrep is a GARP-Approved Exam Preparation Provider for FRM Exams* After completing this reading you should be able ...,,,0,"['Education', 'maths']",27,
h1_Uaqr2P0Y,How To Do Simple Linear Regression In R - Full R Tutorial!,This video is a complete walk-through from beginning to and that teaches you everything you need to know to be able to do ...,,,0,"['Education', 'maths']",27,
mr2mS0bk8P4,Tutorial: How to do linear and nonlinear regression,2. Regional language subtitles available for this course To watch the subtitles in regional language: 1. Click on the lecture under ...,,,0,"['Education', 'maths']",27,
BNCFks0WAq4,LibreOffice Calc - Simple Linear Regression SLR,LibreOffice Calc FREE Spreadsheet software with all the capabilities of Excel and Google Sheets.,,,0,"['Education', 'maths']",27,
YhBU92eyNRo,Multiple Regression with Google Sheets XL Miner,Multiple Regression Intro video series: (4 parts) part 1: https://www.youtube.com/watch?v=e0o7oINrWuI&feature=youtu.be part 2: ...,,,0,"['Education', 'maths']",27,
YUPagM-OB_M,Linear Regression in Machine Learning Explained in 5 Minutes,"Ask any questions or remarks you have in the comments, I will gladly answer to everything! Subscribe to not miss any AI news and ...",,,0,"['Education', 'maths']",27,
9WvINKYWpPE,Correlation and Regression by using excel,,,,0,"['Education', 'maths']",27,
413NPnwx-IM,SPSS #39 Mixed Linear Model,If this video is helpful then please leave a like and subscribe to this channel!,,,0,"['Education', 'maths']",27,
sKfAmFK6u8A,Regression equation || How to find regression equation,"OR, visit playlist to get all the videos on Numerical method: ...",,,0,"['Education', 'maths']",27,
CY63ZHQVF18,Multiple Linear Regression in SPSS,,,,0,"['Education', 'maths']",27,
#NAME?,JASP 0.11.1 Tutorial: Multiple Linear Regression (Episode 14),"In this JASP tutorial, I go through a multiple predictor model fit for a multivariate linear regression (Frequentist). I do a poor-man's ...",,,0,"['Education', 'maths']",27,
ZF4snBjonEo,"Anaconda Setup, Environment Creation, and Linear Regression with SkLearn Tutorial","In this comprehensive tutorial, we'll walk you through the entire process of setting up Anaconda, creating a virtual environment, ...",,,0,"['Education', 'maths']",27,
P3RWunY1Irg,Linear Regression Using The Sharp EL-531 Series (with a Sharp EL-531x),This video will show you how to do simple linear regression using a Sharp Calculator. This method will work on a number of ...,,,0,"['Education', 'maths']",27,
famtkWTu3R0,Multiple linear regression for Likert scale data -[Amharic lecture],This tutorial focused on Multiple linear regression for likert scale data and assumptions of multiple linear regression. I hope you ...,,,0,"['Education', 'maths']",27,
upRZ4a1a2YQ,Linear regression of x on y [IB Maths AA SL/HL],"If you want to get ready for your IB exams, you're welcome to join our intensive IB revision courses! We have courses in ...",,,0,"['Education', 'maths']",27,
RkcCmmN0TY4,Linear Regression,"""(1) Regression (2) Training data (3) Linear Regression (4) Sum of squared error""",,,0,"['Education', 'maths']",27,
vGiMmrPKLiU,How do I... DO A HIERARCHICAL MULTIPLE REGRESSION in Jamovi? (2022),What if I have a theory or hypothesis that is about a change in variance explanation of my predictors variables? Can I enter them ...,,,0,"['Education', 'maths']",27,
#NAME?,Multiple Regression with Prism,Contact us +989128186605 | GraphPad.ir@Gmail.com | https://www.researchgate.net/profile/Abolfazl-Ghoodjani See the full ...,,,0,"['Education', 'maths']",27,
njNoXT19gHo,How to run linear regression in R studio,"Hello friends, It will help in running regression and extracting all the required outputs from the results.",,,0,"['Education', 'maths']",27,
x1N2XL100bM,Multiple Regression with the Stepwise Method in SPSS,This video demonstrates how to conduct and interpret a multiple linear regression with the stepwise method in SPSS. Multiple ...,,,0,"['Education', 'maths']",27,
V_C6luIhvjg,How to Fit a Linear Regression Model in MATLAB,Learn how to solve a linear regression problem with MATLAB®. Follow a typical linear regression workflow and learn how you ...,,,0,"['Education', 'maths']",27,
2Ot0pY4Zc9s,Statistics VIII - Multiple Correlation and Regression,Learn how to complete multiple correlation and multiple regression utilizing Excel.,,,0,"['Education', 'maths']",27,
Am8r7Qx7DrA,Casio fx9750GIII Linear Regression,This is a demonstration on using the Casio fx-9750 GIII calculator to perform linear regression using a small data set.,,,0,"['Education', 'maths']",27,
ANt2vDuxVKM,G*Power 3.1 Tutorial: Linear Multiple Regression Power Analysis (Episode 7),"In this episode, I explain how to complete a priori power analyses for two kinds of effects in linear multiple regression: whether ...",,,0,"['Education', 'maths']",27,
icipgz8T7dw,How to do Multiple Regression in Excel 2016 for Windows (Job Performance Example),How to do Multiple Regression in Excel 2016 for Windows (Job Performance Example) If you have not installed the Data Analysis ...,,,0,"['Education', 'maths']",27,
nw6GOUtC2jY,Ti 83/84: Linear Regression & Correlation (V09),"This video demonstrates how to generate the least squares regression line for a set of (x, y) data, how to make a scatter plot of the ...",,,0,"['Education', 'maths']",27,
xjkj6b6QZ5s,Machine Learning Coursera | Lab: Linear Regression,,,,0,"['Education', 'maths']",27,
1iRC_MbzOGQ,Multiple linear regression using R studio (Aug 2022),"This video provides a general overview of linear regression using R Studio, covering a variety of functions that you might use to ...",,,0,"['Education', 'maths']",27,
DY5xMgBQsOU,Simple Linear Regression in R - Linear Regression in R Studio with Example,In this R Tutorial you will learn how to find Simple Linear Regression in R - how to draw scatter plot and draw Regression line or ...,,,0,"['Education', 'maths']",27,
t2c3IoNKlJI,How to check relatedness through Multiple Regression Analysis (Dependent and Independent),"This video tutorial will show, how to check the Relatedness between dependent and independent variable through Multiple ...",,,0,"['Education', 'maths']",27,
7uCmzPxcY30,Tableau Tutorial for Beginners 40 - How To create Linear Regression Model in Tableau,"In this Tableau Tutorial, we are going to perform a Linear Regression Analysis on the available dataset with the help of Tableau.",,,0,"['Education', 'maths']",27,
Mu5zCwyKDPE,"Linear Regression Analysis in SPSS, How to run Regression in SPSS (Lesson 9)","Mastering Linear Regression Analysis in SPSS: Step-by-Step Guide"" Description: Unlock the full potential of linear regression ...",,,0,"['Education', 'maths']",27,
RIJDJ49WEgw,How do I... DO A SIMPLE MULTIPLE REGRESSION in Jamovi? (2022),"Can I see if my continuous variables predict another outcome variable? Like, maybe, in a line, where a change in X leads to a ...",,,0,"['Education', 'maths']",27,
8st0tzFZT1Y,Linear Regression Explained - The long journey problem,"Imagine that you just bought an electric car, you have used it to go around in your city but now you are planning to do a long ...",,,0,"['Education', 'maths']",27,
L9yFGtscyL8,Multiple Correlation and Regression Analysis in SPSS,Shows how to do multiple correlation and regression analysis in SPSS.,,,0,"['Education', 'maths']",27,
E_aI5nv0jKk,Linear regression with a Casio fx-CG50,This is a simple video to demonstrate how to do linear regression on a Casio calculator. This is made for my IB Math SL students.,,,0,"['Education', 'maths']",27,
6FdZcSb4VCw,MULTIPLE LINEAR REGRESSION USING JASP SOFTWARE,MULTIPLELINEARREGRESSION.,,,0,"['Education', 'maths']",27,
gjlzlqfoH9E,How to Calculate a Correlation and Linear Regression Analysis in Excel,"In this tutorial, you will learn how to Calculate a Correlation and Linear Regression Analysis in Excel. Software Version : Excel ...",,,0,"['Education', 'maths']",27,
JOvOiJ18VdY,Testing assumptions for linear regression using Stata,"Dewan, one of the Stats@Liverpool tutors, demonstrates how to test the assumptions for a linear regression using Stata.",,,0,"['Education', 'maths']",27,
#NAME?,Multiple Regression with Prism,Contact us +989128186605 | GraphPad.ir@Gmail.com | https://www.researchgate.net/profile/Abolfazl-Ghoodjani See the full ...,,,0,"['Education', 'maths']",27,
4PHI11lX11I,Linear Regression using Gradient Descent in Python - Machine Learning Basics,In this video I give a step by step guide for beginners in machine learning on how to do Linear Regression using Gradient Descent ...,,,0,"['Education', 'maths']",27,
HwhbtVgEBhQ,How to perform a Regression Analysis on Microsoft Excel 2016 on a Mac,This video is about RegressionAnalysis.,,,0,"['Education', 'maths']",27,
WG54RdmhDDg,Multiple Linear Regression Analysis and Hierarchical Regression Analysis using JAMOVI software,"In this video, I am demonstrating the process of running Multiple Linear Regression Analysis and Hierarchical Regression ...",,,0,"['Education', 'maths']",27,
I5mUeszk_Vs,RapidMiner Model Tutorial - Linear Regression,,,,0,"['Education', 'maths']",27,
2L8Nyasyqd4,How to do basic linear regression on TI-30XIIS,For Mr Liao's Alg2/Trig class.,,,0,"['Education', 'maths']",27,
yjZ9_lG57-g,Linear (Single) Regression | Data Analysis in IBM SPSS || Explained in Filipino,#MATHuklasanWithSirRam #Regression #DataAnalysisInSPSS.,,,0,"['Education', 'maths']",27,
7o2-I6JAr4Q,How to Perform Linear Regression on given data warehouse data,Hii there from Codegency! We are a team of young software developers and IT geeks who are always looking for challenges and ...,,,0,"['Education', 'maths']",27,
lywsIW6Gtis,How to Perform Linear Regression in Prism,Learn the steps required to perform linear regression analysis in Prism. This video covers how to select the appropriate analysis ...,,,0,"['Education', 'maths']",27,
jerPVDaHbEA,Simple Linear Regression Algorithm Indepth Maths Intuition With Notes In Hindi,"Linear Regression is the Most simple yet an Efficient machine learning algorithm So, you landed up here after scavenging over ...",,,0,"['Education', 'maths']",27,
5HNCitWQ5X0,Pre-Calculus - Find the linear regression line using the TI-83/84 calculator (2),This video shows an example of finding the linear regression line for a set of data. A few more steps are also taken to show the ...,,,0,"['Education', 'maths']",27,
MkNHPEVHX1w,HOW TO DO MULTIPLE REGRESSION EVIEWS,HOW TO DO MULTIPLE REGRESSION EVIEWS- Residual Diagnostics- Jarque- Bera Breusch-Godfrey Serial Correlation LM ...,,,0,"['Education', 'maths']",27,
L_h7XFUGWAk,Python Machine Learning | Linear Regression Ordinary Least Square OLS method in Statsmodels package,"In this video, part of my series on ""Machine Learning"", I explain how to perform Linear Regression for a 2D dataset using the ...",,,0,"['Education', 'maths']",27,
WhPqljMldPQ,Linear Interpolation in Excel | Fill in Missing Values,"IFERROR(FORECAST.LINEAR(A2,C2:D2,E2:F2),NA())",,,0,"['Education', 'maths']",27,
rMOCxAa2QBU,Linear regression analysis in SPSS (Amharic tutorial part 7),"In this video, we will guide you through the process of performing linear regression to understand relationships between variables.",,,0,"['Education', 'maths']",27,
IbkRR3HFv3I,Linear regression in JMP,,,,0,"['Education', 'maths']",27,
e6PLpuuk8Eo,Excel and SPSS: LIKERT-SCALE Data Analysis Using Regression in Excel and SPSS,"How to Analyse LIKERT-SCALE Data Using Regression, Descriptive Statistics and Correlation in Excel and SPSS.",,,0,"['Education', 'maths']",27,
W26PyKPJeZ8,45. Regression Analysis in IBM SPSS || Dr. Dhaval Maheta,"ibm, #spss, #data, #regression, #analysis, #R2, #anova, #ttest, #pvalue Email: dhavalmaheta1977@gmail.com Twitter: ...",,,0,"['Education', 'maths']",27,
Im5pD-V7fS8,fx82 linear regression,,,,0,"['Education', 'maths']",27,
9bnMXzl_UGA,Correlations and Simple/Multiple Linear Regression in SAS,,,,0,"['Education', 'maths']",27,
xc_X9GFVuVU,Leverage and Influential Points in Simple Linear Regression,"A brief introduction to leverage and influence in simple linear regression. This video is about the basic concepts, and only briefly ...",,,0,"['Education', 'maths']",27,
HYcXgN9HaTM,Logistic Regression in Python Step by Step in 10 minutes,... https://youtu.be/9VmXQSfD9os How to Perform Linear Regression in R - https://youtu.be/MNHaXSZVceo How to Perform Linear ...,,,0,"['Education', 'maths']",27,
OBn4RsJy1VY,Mastering Linear Regression: Theory to Excel in Minutes! 📊🔍 | Step-by-Step Tutorial,Uncover the secrets of Linear Regression with our comprehensive tutorial! Dive into the theory behind this powerful statistical ...,,,0,"['Education', 'maths']",27,
AkiiEIB6Dso,using calculator to find regression equation,,,,0,"['Education', 'maths']",27,
bfS1tja6I2w,SPSS Tutorial Correlation and Regression,This is a demonstration of how to run a bivariate correlation and simple regression in SPSS and interpret the output.,,,0,"['Education', 'maths']",27,
20fbgWm5M2o,Python ML #08: Sales Forecast Tutorial with Linear Regression Model #machinelearning #coding #python,"In this machine learning tutorial, you will learn how to forecast sales and compare actual and forecasted sales using different ...",,,0,"['Education', 'maths']",27,
umOpZMfOkfc,HowTo Perform Linear Regression in GNU Octave,"In this video i am going to show ""quick&dirty"" (one take!) how to calculate the linear regression of a noisy dataset. So we try to fit a ...",,,0,"['Education', 'maths']",27,
hPxD4hJZX8E,"Linear Regression, AQA Level 3 Core Maths (Mathematical studies)",Exam Question tutorial - covering Scatter graphs and Linear Regression.,,,0,"['Education', 'maths']",27,
IWqKMgiJbmQ,How to do simple linear regression and multiple regression analysis with SigmaPlot 15,Understand the power of regression analysis and how it can help you better understand relationships between variables!,,,0,"['Education', 'maths']",27,
iOItuj6q6lg,Tutorial on how to do simple linear regression in R,Are you an ecologist starting to learn R? Check out my course on the basics of R for a solid foundation in the essentials R: ...,,,0,"['Education', 'maths']",27,
rUMWjRE8L1U,Simple linear regression in Jamovi,"Simple linear regression , statistical method, relationship, two variables, outcome, dependant variable, predictor, explanatory ...",,,0,"['Education', 'maths']",27,
poT31RpAPKM,Regression on Casio fx-991ES Plus 2nd edition [Calculator tutorial 2020],Check out this calculator video to learn how to do regression on Casio fx-991ES Plus 2nd edition. This calculator trick video ...,,,0,"['Education', 'maths']",27,
szXbuO3bVRk,3.2: Linear Regression with Ordinary Least Squares Part 1 - Intelligence and Learning,"In this video, part of my series on ""Machine Learning"", I explain how to perform Linear Regression for a 2D dataset using the ...",,,0,"['Education', 'maths']",27,
zz7sVe6wzeM,Simple Linear Regression in SPSS: Step-by-Step Guide,"In this video I demonstrate how to import a data file from Excel, Prepare, generate the regression statistics and interpret the results.",,,0,"['Education', 'maths']",27,
uWWCqQeet90,Linear Regression in WEKA,Implementation of Linear regression in WEKA.,,,0,"['Education', 'maths']",27,
qHISgnYkB7Y,The Hidden Quant Trading Edge: Linear Regression Strategy,Today we will discuss how we can use the linear regression indicator to create a mean reverting strategy that has beaten the SPY ...,,,0,"['Education', 'maths']",27,
wsgOnIqOIco,Origin Linear Fit and Regression Analysis,"Use of origin to transform data, plot a graph, get a best fit straight line and examine residual plot.",,,0,"['Education', 'maths']",27,
1WSYkae3U4A,Excel - Simple Linear Regression example B,"Be sure to watch my other Excel tutorial videos on my channel, including more advanced techniques and many useful and ...",,,0,"['Education', 'maths']",27,
ggkhNhbBFvI,How to Perform a Simple Linear Regression in GraphPad Prism | Statistics Bio7 | Mohan Arthanari,"In this video tutorial, I will show you How to Perform a Simple Linear Regression by using the GraphPad Prism 2022 version.",,,0,"['Education', 'maths']",27,
yi6HrrAbYEM,Linear Regression Tutorial using Tensorflow and Keras,We introduce the topic of linear regression in the context of a simple neural network. we also show how Keras can be used to ...,,,0,"['Education', 'maths']",27,
wxnye-JD1HE,How to Add a Linear Regression Line to a Scatter Plot in Excel,"In this video tutorial, I will show you How to Add a Linear Regression Line to a Scatter Plot by using the Excel version. Software ...",,,0,"['Education', 'maths']",27,
UIOm5pkhDYs,Linear Regression with Scatter Plot | Correlation Analysis | OriginPro,"In this video tutorial, I will show you How to Draw a Scatter Plot with Linear Regression by using the Origin Pro 2022 version.",,,0,"['Education', 'maths']",27,
PEKgm2W7UQA,How to handle categorical independent variable in multiple linear regression analysis in Excel,This video demonstrates how to handle categorical independent variables in Multiple Linear Regression Analysis.,,,0,"['Education', 'maths']",27,
ocKJwkaKJGw,Linear Regression TI NSpire CX,"Learn how to enter data into a spreadsheet, how to create a scatter plot, how to find the line of best fit, and how to draw the line of ...",,,0,"['Education', 'maths']",27,
300nGRerSrE,TI 36X Pro Statistics and Linear Regression Calculations,Overview of using the TI 36X Pro for Statistics and Linear Regression.,,,0,"['Education', 'maths']",27,
sBh_VQjVaYE,Excel Tutorial; Multiple Non Linear Regression,"In this video, you will learn how to perform Non-Linear Regression in Excel step by step. We will explore how to fit complex, ...",,,0,"['Education', 'maths']",27,
IT-7GY6JPok,Linear Regression with KNIME,This video demonstrates the option of Linear Regression Model in KNIME Analytics Platform Tool. It shows the resemblance of ...,,,0,"['Education', 'maths']",27,
xDcGId3Wrb4,SPSS - Non-linear Regression - Curve Fitting,SPSS - Methodology Part 06.02 The playlist can be accessed here: Statistics with SPSS: ...,,,0,"['Education', 'maths']",27,
JN0Dtv-5w3I,SPSS #18 - Multiple Linear Regression - Moderator - Theory,"Hi guys, welcome to episode 18 of my SPSS tutorial video's. Please leave a like, subscribe to this channel and if you have any ...",,,0,"['Education', 'maths']",27,
boPyjojYHUY,How to interpret (and assess!) a GLM in R,Hi! New to stats? Did you just run a GLM and now you have an output that you have no idea how to interpret? Then this video is ...,,,0,"['Education', 'maths']",27,
ak_YPomW6uo,Regression Lines using the GDC! Casio CG50 Graphing Calculator GDC | IB Maths | Addvance Maths 😊➕,In this video we will learn how to calculate the equation of a Regression Line with the Casio CG50 calculator! More help with the ...,,,0,"['Education', 'maths']",27,
_7WkgoMxVpU,Learn Linear Regression on TI NSpire CX II in less than 5 Minutes!,"Finding a linear regression, scatter plot, and correlation coefficient on the TI-Nspire is easy with this tutorial. We'll go through the ...",,,0,"['Education', 'maths']",27,
s472NOd5jSs,Regression - Minitab in 5 Minutes,Subjects include: -Linear Regression -Quadratic Regression -Cubic Regression -Regression Model and Equation -R-squared ...,,,0,"['Education', 'maths']",27,
i6SOlq0mjuc,Multiple imputation in Stata®: Linear regression,Learn how to use Stata's *mi* suite of commands to handle missing data. This tutorial covers how to impute a single continuous ...,,,0,"['Education', 'maths']",27,
XC0usnWEiGc,Simple Linear Regression - Discussion of the Normality Assumption,,,,0,"['Education', 'maths']",27,
CqKQIvEeIW8,Example of non linear regression dose response data in GraphPad Prism,A tutorial describing the steps required to carry out non-linear regression in GraphPad Prism All footage is the property of James ...,,,0,"['Education', 'maths']",27,
2mWgEQli4r4,Linear Regression with Desmos,Here is a link to the graph shown in this video: https://www.desmos.com/calculator/uwtvxfjzmi.,,,0,"['Education', 'maths']",27,
tvwDuub30oQ,How to test Linear Regression Assumptions (Amharic tutorial),"In this video, you'll learn how to check for linearity, multicollinearity, homoscedasticity, and normality of residuals, ensuring your ...",,,0,"['Education', 'maths']",27,
QiPs-4Z4dWs,How do you use linear regression in trading?,What is linear regression? Linear regression analysis is used to predict the value of a variable based on the value of another ...,,,0,"['Education', 'maths']",27,
ttTO7CetjVk,Regression Line & Correlation Coefficient on Casio Classwiz | Least Squares on fx-991EX fx-570EX,⍟⍟⍟⍟⍟⍟ ⨸ Aʙᴏᴜᴛ Tʜɪs Vɪᴅᴇᴏ ⨸ . You can use the Casio Classwiz to find the least squares regression line and the ...,,,0,"['Education', 'maths']",27,
tUJVSaiNg0E,Linear regression/R2 value in Excel in Mac,A quick guide to obtain R2 (R squared) value from the linear regression model using Excel in Mac.,,,0,"['Education', 'maths']",27,
72ccHMQKhIU,Scatter with Linear Regression | Marginal Plot | OriginPro Graphing | OriginPro,"In this video tutorial, I will show you How to Draw a Marginal Plot and Scatter with Linear Regression by using the Origin Pro 2022 ...",,,0,"['Education', 'maths']",27,
qYY99ypm4qI,How to do Linear Regression with the TI-83/84 Calculator,,,,0,"['Education', 'maths']",27,
DjfV0_r4xAw,Learn Linear Regression using Orange,In this video we discuss how to build a Linear Regression model using Orange.,,,0,"['Education', 'maths']",27,
4SKiitJtI8c,Linear Regression (1) | Kinetics Integrated Rate Laws,"Like Share Subscribe * Tutorial | Linear Fit to your data in Excel, includes use of basic plotting options. 00:00 -- Intro ...",,,0,"['Education', 'maths']",27,
yysdd_Gfl18,intro to path analysis and linear regression,basic intro to better understand regression and path analysis.,,,0,"['Education', 'maths']",27,
SJyhSU8PsTk,Linear Regression Analysis one Shot|Business statistics|Statistics|BBA|BCA|B.COM|B.TECH,Linear Regression Analysis one Shot|Business statistics|Statistics|BBA|BCA|B.COM|B.TECH In this chapter you will learn about ...,,,0,"['Education', 'maths']",27,
ApmvZ0KZwI8,StatsModels OLS Computation Explained in Detail using Python | Linear Regression,StatsModels OLS Summary Output Computation Explained in Python. How are the parameters in the StatsModels OLS output ...,,,0,"['Education', 'maths']",27,
TbS7S7lb9Es,Impact of removing outliers on regression lines | AP Statistics | Khan Academy,"Impact of removing outliers on slope, y-intercept and r of least-squares regression lines. View more lessons or practice this subject ...",,,0,"['Education', 'maths']",27,
SHa-58-n6ew,Multiple Linear Regression using python ( Regression Analysis ),MLwithme1617 Multi Linear Regression with python | Machine Learning Lectures | what is feature engineering? how to do feature ...,,,0,"['Education', 'maths']",27,
M9yxtQ6ZZnw,Linear Regression Casio fx-CG 50,,,,0,"['Education', 'maths']",27,
h-Cx9Xs25gI,"Correlation and regression for linear regression (Casio fx-570MS, fx-991MS)","Correlation coefficient and linear regression (Casio fx-570MS, fx-991MS). How to build lin (linear) regression for a set of data ...",,,0,"['Education', 'maths']",27,
QESi2dDRnrw,Linear fitting in origin: explained step by step,linearfitinorigin #linearfittinginorigin #sayphysics 0:00 - How to Perform Linear Fit in Origin 0:10 - How to Plot Data for Linear Fit in ...,,,0,"['Education', 'maths']",27,
__Uw1SXPW7s,Introduction to integral calculus | Accumulation and Riemann sums | AP Calculus AB | Khan Academy,"The basic idea of Integral calculus is finding the area under a curve. To find it exactly, we can divide the area into infinite ...",,,0,"['Education', 'maths']",27,
IFlXeFwA_2A,BASIC Math Calculus – Understand Simple Calculus with just Basic Math in 5 minutes!,BASIC Math Calculus – AREA of a Triangle - Understand Simple Calculus with just Basic Math! Calculus | Integration | Derivative ...,,,0,"['Education', 'maths']",27,
rfG8ce4nNh0,"Integration and the fundamental theorem of calculus | Chapter 8, Essence of calculus",Timestamps: 0:00 - Car example 8:20 - Areas under graphs 11:18 - Fundamental theorem of calculus 16:20 - Recap 17:45 ...,,,0,"['Education', 'maths']",27,
IQ15BnVUgis,Integration (Calculus),,,,0,"['Education', 'maths']",27,
Fc5Q7FMvdgA,MATHS INTEGRAL CALCULUS,Integrate... #maths #calculus.,,,0,"['Education', 'maths']",27,
PXqr58HEXiM,Integral of so many e's (Berkeley Math Tournament Integral Bee 2024),This integral is from the integration bee activity during the Berkeley Math Tournament this year. How do we evaluate the integral of ...,,,0,"['Education', 'maths']",27,
925SY-xvuj8,INDEFINITE INTEGRATION in One Shot: All Concepts & PYQs Covered | JEE Main & Advanced,MANZIL COMEBACK: https://physicswallah.onelink.me/ZAZB/2ng2dt9v JEE Ultimate CC 2025: ...,,,0,"['Education', 'maths']",27,
3zLQfuMZMF4,Integration By Parts Full Explanation in 4 minutes,Integration by parts is used when integrating a product of function whose factors are different. Integration by parts is the reverse of ...,,,0,"['Education', 'maths']",27,
N2XDRtLrK_E,Complex Numbers Class 11th | Full Chapter | Quadratic Equations One Shot | Dear Sir Maths,"Welcome to your YouTube video on ""Complex Numbers Class 11th | Full Chapter | Quadratic Equations One Shot""!",,,0,"['Education', 'maths']",27,
TgS3u1-xn-A,1. Double Integrals | Lecture 01 | Multiple Integrals | Engineering Mathematics,"If you're an engineering student or practitioner, In this video, we'll cover some of the basic problems that you might encounter ...",,,0,"['Education', 'maths']",27,
NABSizporEk,"🔥 Marathon – Matrices & Determinants ,Integration, Differential Equations | Class 12 | JEE | MHT-CET",Teaser: https://youtu.be/bAXKq3slzQA MHT-CET Online Crash Course (Grade 12 & Droppers) – https://vdnt.in/GGsfk ...,,,0,"['Education', 'maths']",27,
59LjcvPp7uI,Techniques of Integration : Calculus 2 Homework Problems Part 5,"In the live stream, we will go over Homework Problems on volumes of solids of revolution and computing integrals using the ...",,,0,"['Education', 'maths']",27,
Q8qy1vM06Hg,JEE MAIN PYQ 2024 ( 29 Jan - shift 1 ) || Integration PYQ || IIT JEE Class12 MATHS #JEE2025,jee2025preparation #JEE #Integration #JEE #JEEMain #JEEmain2025 #JEEAdvanced #JEEAdvanced2025 #JEE2025 ...,,,0,"['Education', 'maths']",27,
L_2WAwCkEQk,Change the order of double integration || HOW to change the order of double integral#CMPC,"... order of integration,evaluate double integral by changing order,examples on changing the order of integration,integral calculus ...",,,0,"['Education', 'maths']",27,
WIBr3hN6KA0,Monster Integral of 1/1+x^40 dx from 0 to infinity,Evaluate the Monster Integral of 1/1+x^40 dx from 0 to infinity. If you like the videos you can share it to your community and ...,,,0,"['Education', 'maths']",27,
Ukv0j-L5SAc,Integral of (5+4x^2)^2 dx,Integral of (5+4x^2)^2 dx #integration #integral #calculus #integrals #solved #example.,,,0,"['Education', 'maths']",27,
PG8u3ZK3ffM,JEE Main 2025 Solutions | Most Repeated Integral Question | King's Property Trick for April Attempt!,This step-by-step explanation will strengthen your Integral Calculus concepts and boost your problem-solving speed. We will use ...,,,0,"['Education', 'maths']",27,
o--kcb17U_I,centre of gravity of tetrahedron by using integration I Vector calculus and statistics I Kamaldeep,"📢 Attention Students! 📢 If you're looking for clear, concise, and effective lectures to boost your learning, you've come to ...",,,0,"['Education', 'maths']",27,
ZzJ5bPLCKrs,3rd method to evaluate the definite integral using basic techniques,NP IIT JEE-Math-D46AA Integrate x/(1 + sin x)dx from pi/4 to 3pi/4 #calculus #definite_integrals #substitution #evenfunction ...,,,0,"['Education', 'maths']",27,
6sPkKIqcJ48,2nd method to evaluate the definite integral using a variety of techniques,Mis-2938A Integrate x^2(sin 2x - cos 2x)/((1 + sin 2x)cos^2 x)dx from 0 to π/4 #calculus #definite_integrals #algebraic ...,,,0,"['Education', 'maths']",27,
4__Ck-B0s4g,Line Integral | Surface Integral | Green's Theorem | Important Question | Vector Calculus | vkmpoint,Line Integral | Surface Integral | Green's Theorem | Important Question | Vector Calculus | vkmpoint In this video we define Line ...,,,0,"['Education', 'maths']",27,
VwPIAX9WC80,Boundless (Theory + JEE 2025 PYQs): Complete Integral Calculus in One Shot,Link for VOTS 1: https://voraclasses.com/test-series/9/tests Link for VOTS 2: https://voraclasses.com/test-series/11/tests Last ...,,,0,"['Education', 'maths']",27,
IB5A8b6Ip6M,3rd method to evaluate the definite integral using beta function and Euler's reflection formula,Mis-378AA Integrate 1/(x^2 - x^3)^(1/3) dx from 0 to 1 #calculus #definite_integrals #betafunction #euler #reflection #formula ...,,,0,"['Education', 'maths']",27,
F51XcF9oUTk,Math-2nd (Lec-25) II Vector Algebra (Scalar Product) @PolytechnicPathshala,math_2nd #math_2nd_polytechnic_pathshala #polytechnic_2nd_semester_math #integral_calculus_polytechnic_2nd_sem ...,,,0,"['Education', 'maths']",27,
zDj9-iP1A4c,2nd method to evaluate the definite integral using basic techniques,Mis-88A ntegrate dx/((x^2 + 1)(x^2 + 4))dx from 1 to 2 #calculus #definite_integrals #substitution #cipher.,,,0,"['Education', 'maths']",27,
W3dDSbBxoP8,27 समाकलन integral,Babulal jangir sir (B.L.SIR ) Maths is a channel which helps you to prepare for all gov. exams. Babulal Sir is providing high quality ...,,,0,"['Education', 'maths']",27,
USx_56u_0zI,"Integral, Area Under Curve, Differential Equation Question to Concept Series | JEE Mains 2025","Integral, Area Under Curve, Differential Equation Question to Concept Series | Day 5 Lecture 1 | JEE 2025 April Attempt | JEE ...",,,0,"['Education', 'maths']",27,
I1uhfA0gn1g,Solving Improper Integrals from -∞ to ∞ with Cauchy’s Residue Theorem | Step-by-Step Guide |Type 1,"Welcome to SJMathTube, your ultimate destination for mastering advanced math concepts! In this detailed tutorial, we solve ...",,,0,"['Education', 'maths']",27,
e1nxhJQyLYI,Basic Integration... How? (NancyPi),"MIT grad shows how to find antiderivatives, or indefinite integrals, using basic integration rules. To skip ahead: 1) For how to ...",,,0,"['Education', 'maths']",27,
6WUjbJEeJwM,Calculus 1 - Integration & Antiderivatives,This calculus 1 video tutorial provides a basic introduction into integration. It explains how to find the antiderivative of many ...,,,0,"['Education', 'maths']",27,
hP-qDZV_BZE,Integral Calculus|Reduction Formula|Lecture 01|Engineering Mathematics|PRADEEP GIRI SIR,Engineering Channel Pradeep Giri Academy : https://www.youtube.com/results?search_query=pradeep+giri+academy Pradeep ...,,,0,"['Education', 'maths']",27,
MwVBzE7Z5gw,What is Integration? 3 Ways to Interpret Integrals,Integrals Explained! This video explains 3 ways to understand and interpret integrals in calculus. Two of these ways are ...,,,0,"['Education', 'maths']",27,
WsQQvHm4lSw,Understand Calculus in 35 Minutes,"This video makes an attempt to teach the fundamentals of calculus 1 such as limits, derivatives, and integration. It explains how to ...",,,0,"['Education', 'maths']",27,
rCWOdfQ3cwQ,"Definite Integral Calculus Examples, Integration - Basic Introduction, Practice Problems",This calculus video tutorial explains how to calculate the definite integral of function. It provides a basic introduction into the ...,,,0,"['Education', 'maths']",27,
zJXlPyz9FQs,Integral Calculus Review,"Are you looking for a comprehensive guide to integral calculus? Look no further! In this video, we will cover everything you need ...",,,0,"['Education', 'maths']",27,
2N6A4ed8s58,Calculus 2 - Basic Integration,"This calculus 2video tutorial provides an introduction into basic integration techniques such as integration by parts, trigonometric ...",,,0,"['Education', 'maths']",27,
jLJLXka2wEM,Integrals: Crash Course Physics #3,"Continuing with last week's calculus introduction, Shini leads us through how integrals can help us figure out things like distance ...",,,0,"['Education', 'maths']",27,
zOxaUlRkFG0,Basic Integration Problems,This calculus video tutorial provides an introduction into basic integration rules. It explains how to find the antiderivative of a ...,,,0,"['Education', 'maths']",27,
FsC3do74UIo,What is Integration? Finding the Area Under a Curve,"Ok, we've wrapped up differential calculus, so it's time to tackle integral calculus! It's definitely the trickier of the two, but don't worry ...",,,0,"['Education', 'maths']",27,
W1uKClY3sN4,Calculus - Lesson 15 | Relation between Differentiation and Integration | Don't Memorise,The process of differentiation and integration are the two sides of the same coin. There is a fundamental relation between ...,,,0,"['Education', 'maths']",27,
lbFDsSZxydk,The Gaussian Integral,The video is taken from the Internet If you want to support me to continue.* These are support accounts. Paypal account: ...,,,0,"['Education', 'maths']",27,
YiKeYcuyuoM,Basic Integration Using Power Formula,This video discusses about the basic formula used in integral calculus which is the power formula. We solve different examples on ...,,,0,"['Education', 'maths']",27,
NcoRlvM1dmg,Basic Integration Formulas - Calculus,This calculus video tutorial provides a list of basic integration formulas. Calculus 1 Final Exam Review: ...,,,0,"['Education', 'maths']",27,
pJ0ckis1a6o,Can you Evaluate? | Nice Calculus Integral | Integral Problem.,,,,0,"['Education', 'maths']",27,
sWSLLO3DS1I,Integration By Parts,This calculus video tutorial provides a basic introduction into integration by parts. It explains how to use integration by parts to find ...,,,0,"['Education', 'maths']",27,
Gc3QvUB0PkI,Definite Integral,This calculus video tutorial provides a basic introduction into the definite integral. It explains how to evaluate the definite integral of ...,,,0,"['Education', 'maths']",27,
eWh03YXavf0,JEE 2024: Entire Integral Calculus | Integration Full Theory | JEE Adv & Mains | JEE 2024 Course,"JEE 2024: Entire Integral Calculus | Integration Full Theory | JEE Adv & Mains | JEE 2024 Course If you can contribute, please do ...",,,0,"['Education', 'maths']",27,
BHRWArTFgTs,01 - What Is an Integral in Calculus? Learn Calculus Integration and how to Solve Integrals.,"In this lesson the student will learn what an integral is in calculus. First we discuss what an integral is, then we discuss techniques ...",,,0,"['Education', 'maths']",27,
vQerALNpNfo,Integration of Rational Functions By Completing The Square - Calculus,This calculus 2 video tutorial explains how to integrate rational functions by completing the square and using inverse trigonometric ...,,,0,"['Education', 'maths']",27,
#NAME?,Find The Integral – How To Do Basic Calculus Integration,"This video explains how to find the integral of a function. Also, the video explains the basic concept of Calculus integration rules.",,,0,"['Education', 'maths']",27,
MO-AExWdl4Q,Calculus Visualized - by Dennis F Davis,"This 3-hour video covers most concepts in the first two semesters of calculus, primarily Differentiation and Integration. The visual ...",,,0,"['Education', 'maths']",27,
g-Aym5nJheM,An Introduction to Integration,A Level Maths revision tutorial video. For the full list of videos and more revision resources visit www.mathsgenie.co.uk.,,,0,"['Education', 'maths']",27,
3xdiyeLHisc,"Integral Calculus: Antiderivatives, Basic Integration Rules, Problem and Formulas in Filipino",#calculus #integralcalculus #antiderivarive #indefiniteintegral #integration.,,,0,"['Education', 'maths']",27,
d4CdMoucVfs,Calculus - Definite Integrals,This calculus video tutorial explains how to evaluate a definite integral. It also explains the difference between definite integrals ...,,,0,"['Education', 'maths']",27,
hXOrQ0Ao4UE,Integration Class 12 Maths | NCERT Chapter 7 | CBSE JEE | One Shot |हिंदी में,... Differentiation And Integration 4:06 Integration 6:45 Differentiation And Integration 7:16 Integrals 8:36 Integral Calculus 21:14 ...,,,0,"['Education', 'maths']",27,
poZ2Jk8mUuU,"Integral Calculus: Basic Integration Rules, Problems, Formulas | @ProfD","Integral Calculus by @ProfD Indefinite integral - Basic Integration Rules, Problems, Formulas General Mathematics Playlist ...",,,0,"['Education', 'maths']",27,
XOUwIdufY9Y,"the ultimate integral starter (u sub, IBP, trig sub, partial fractions & more)",Time Stamps By categories: 0:00 Intro I. Know your derivatives 1:06 II. Reverse Power Rule 8:54 III. U Sub 18:30 IV. Know the ...,,,0,"['Education', 'maths']",27,
sdYdnpYn-1o,How To Integrate Using U-Substitution,This calculus video tutorial provides a basic introduction into u-substitution. It explains how to integrate using u-substitution.,,,0,"['Education', 'maths']",27,
M5MaGUO0JDs,"What Integration Technique Should I Use? (trig sub, u sub, DI method, partial fractions) calculus 2",#calculus #blackpenredpen #apcalculusbc.,,,0,"['Education', 'maths']",27,
AE-0gXXx_j0,Integration into Inverse trigonometric functions using Substitution,This calculus video tutorial focuses on integration of inverse trigonometric functions using formulas and equations. Examples ...,,,0,"['Education', 'maths']",27,
APRGt-zJCck,Integration Class11th | Integration for Physics | How to do Integration Physics Class12th | Calculus,"JEE #NEET To Support me in my work, You can donate using- Account no- 3288241594 Central Bank of India Branch Dabra (MP) ...",,,0,"['Education', 'maths']",27,
g-M8FHslgdk,Calculus 2 Lecture 7.6: Improper Integrals,Calculus 2 Lecture 7.6: Improper Integrals.,,,0,"['Education', 'maths']",27,
qApgqt1Y4qA,GCE 2018/2019 Paper 2 - Integration Calculus,,,,0,"['Education', 'maths']",27,
VJi8tSklSa8,Integration One shot|BBA|BCA|B.COM|B.TECH|Dream Maths,Integration One shot|BBA|BCA|B.COM|B.TECH|Dream Maths Hi Dear In this video you will learn about Integration Fundamental ...,,,0,"['Education', 'maths']",27,
kVZRBjkB6_U,Complete Integral Calculus Marathon | All Concepts & Questions | CBSE 2025 | Namrata Ma’am,"🚀 Welcome, Future Engineers! 🏆🔧 Your JEE journey starts now! With expert guidance, top-notch study materials, and the best ...",,,0,"['Education', 'maths']",27,
Bo5dMwOTJEc,Differential and Integral Calculus Formula (Tagalog/Filipino Math),Hi guys! This video gives you the different formula used when we are dealing with differential and integral calculus. We will also ...,,,0,"['Education', 'maths']",27,
3pXALn2ovIE,Trigonometric Integrals,This calculus video tutorial provides a basic introduction into trigonometric integrals. It explains what to do in order to integrate trig ...,,,0,"['Education', 'maths']",27,
qrOSqiPmgF8,Mastering Calculus: An Introduction to Integrals,"Welcome to our introductory video on integrals! In this video, we'll cover the basics of integrals and how they are used in calculus.",,,0,"['Education', 'maths']",27,
WUvTyaaNkzM,The essence of calculus,"In this first video of the series, we see how unraveling the nuances of a simple geometry question can lead to integrals, derivatives ...",,,0,"['Education', 'maths']",27,
1w7-wlDMZrA,INTEGRATION : Introduction FOR BEGINNERS || Lecture #1 (Urdu),"Hi people, I have started an INTEGRATION SERIES. In which I will cover all the integration topics. Just to help the people all ...",,,0,"['Education', 'maths']",27,
MXybaDmuBZ4,Calculator Techniques for Integral Calculus,"Calculator Techniques for Integral Calculus (Definite and Indefinite Integral, Plane Areas, and Multiple Integrals)",,,0,"['Education', 'maths']",27,
6rXByMcuAyI,Integration By Partial Fractions,This calculus video tutorial provides a basic introduction into integrating rational functions using the partial fraction decomposition ...,,,0,"['Education', 'maths']",27,
9_3mbfchlQE,Fundamental Theorem of Calculus Explained | Outlier.org,The Fundamental Theorem of Calculus is at the heart of Calculus: it links differentiation and integration with two simple equations.,,,0,"['Education', 'maths']",27,
n7YTTX-yOr0,GENERAL POWER-FORMULA OF INTEGRATION,Please don't forget to hit LIKE and SUBSCRIBE! https://web.facebook.com/Bricamps/,,,0,"['Education', 'maths']",27,
b2ZFpE_yrLg,Calculus 1 Lecture 4.1: An Introduction to the Indefinite Integral,Calculus 1 Lecture 4.1: An Introduction to the Indefinite Integral.,,,0,"['Education', 'maths']",27,
Vj2h31kceuY,Integration by General (Power) Method.,This video introduces the concept of Integration and explains how to evaluate problems on Integration using the general method ...,,,0,"['Education', 'maths']",27,
h7Z7yzyGwLk,Computing Work with Integral Calculus!,"This video is not like my normal uploads. This is a supplemental video from one of my calculus courses. In this video, we discuss ...",,,0,"['Education', 'maths']",27,
WR_au05vmqM,"Integral Calculus - Full Revision of Integral Calculus for IIT JAM,GATE & CUET PG | By GP Sir",#csirnet #iitjam #gate #cuetpg #gpsir #maths 🔸🔹🔸🔹🔸🔹🔸🔹🔸🔹🔸🔹🔸🔹🔸🔹🔸🔹🔸🔹🔸🔹🔸🔹🔸🔹🔸🔹🔸🔹🔸🔹 👤 My Social ...,,,0,"['Education', 'maths']",27,
fsNFZaRxzZY,Integral Calculus - Integrals of Trigonometric Functions,This video is all about solving the integrals of trigonometric functions. I already had a video about this on my basic integration ...,,,0,"['Education', 'maths']",27,
CTv877Wo7f4,Integration Tricks (That Teachers Won't Tell You) for Integral Calculus,"#math #brithemathguy This video was partially created using Manim. To learn more about animating with Manim, check ...",,,0,"['Education', 'maths']",27,
sci1pls4Lc8,Integration Using The Substitution Rule,"With the basics of integration down, it's now time to learn about more complicated integration techniques! We need special ...",,,0,"['Education', 'maths']",27,
YFwDVViULiA,dy/dx னா இவ்வளவு தானா? | Basics of Calculus | LMES,E-mail:- lmesacademy@gmail.com Contact :- 9884222601 ----------------------------------------------------------------------,,,0,"['Education', 'maths']",27,
xKOBLOEQ7ic,Integration by Substitution | Neutralizing factor | Integral Calculus | Basic Integration,Integration by Substitution | Neutralizing factor | Integral Calculus | Basic Integration Example 1 0:55 Example 2 6:16 Example 3 ...,,,0,"['Education', 'maths']",27,
AkUa9Fkz2rw,"Riemann Sums - Midpoint, Left & Right Endpoints, Area, Definite Integral, Sigma Notation, Calculus","This calculus video tutorial explains how to use Riemann Sums to approximate the area under the curve using left endpoints, right ...",,,0,"['Education', 'maths']",27,
5M2RWtD4EzI,This Is the Calculus They Won't Teach You,"""Infinity is mind numbingly weird. How is it even legal to use it in calculus?"" ""After sitting through two years of AP Calculus, I still ...",,,0,"['Education', 'maths']",27,
0MDPOWSwizQ,Work by Integration |Integral Calculus|,Know the concept of work using integral calculus. Solve problems involving springs and pumps. Enjoy learning!,,,0,"['Education', 'maths']",27,
daAp4uWSJeE,Beauty of Line Integral (Calculus) .,This video talks about Line integral on scalar field and line integral on vector field. Enjoy watching :),,,0,"['Education', 'maths']",27,
xqCrDN2TAQg,ANTIDERIVATIVE OF ALGEBRAIC FUNCTION || BASIC CALCULUS,BASIC CALCULUS‼️ 🟣 GRADE 11: ANTIDERIVATIVE OF ALGEBRAIC FUNCTION ‼️SHS MATHEMATICS PLAYLISTS‼️,,,0,"['Education', 'maths']",27,
lQw6s7kpT7c,An integral with a classic result,Until today I never considered this integral a tricky one. Today I discovered this as the easiest way to evaluate it without the ...,,,0,"['Education', 'maths']",27,
UscO9b37qHg,DEFINITE INTEGRAL,DEFINITE INTEGRAL 1. ∫(3𝑥^2−2𝑥+1)𝑑𝑥 from 1 to 2 1:10 2. ∫(3𝑥^2+4/𝑥^2 )𝑑𝑥 from 1 to 3 3:42 3. ∫𝑥√(3&1+𝑥^2 ) ...,,,0,"['Education', 'maths']",27,
4yJmhZBB40w,Integration of Rational Functions into Logarithms By Substitution & Long Division,This calculus video tutorial focuses on the integration of rational functions that yield logarithmic functions such as natural logs.,,,0,"['Education', 'maths']",27,
_YRc9MIhLsw,Overview of Integral Calculus [IB Math AI SL/HL],Revision Village - Voted #1 IB Math Resource! New Curriculum 2021-2027. This video covers an overview of Integral Calculus.,,,0,"['Education', 'maths']",27,
dgm4-3-Iv3s,100 integrals (in one take),"We will do 100 integrals in one take! Covering all integration techniques (for calculus 1 & calculus 2) including u-substitution, ...",,,0,"['Education', 'maths']",27,
5rr62-SbSYs,Integral Calculus: Integration,This video series is co-presented by UP Palaweños Rev-U 2020: Strike. This aims to help students taking up Calculus subjects ...,,,0,"['Education', 'maths']",27,
_dmHLxqbXYU,Class 11 Chap 3: KINEMATICS || INTEGRATION || ||Calculus Part 02 || Mathematical Tools ||,"For PDF Notes and best Assignments visit @ http://physicswallahalakhpandey.com/ Live Classes, Video Lectures, Test Series, ...",,,0,"['Education', 'maths']",27,
xbDcjjYYLws,Integral Calculus - Basic Integration Exercise,Evaluate the following integrals.,,,0,"['Education', 'maths']",27,
jD2InfX_96I,Ch 3 | Basic Maths ( Part 1 ) | Mathematical Tool | Differentiation & Integration | JEE | NEET | 11,PACE - Class 11th : Scheduled Syllabus released describing :- which topics will be taught for how many days. Available at ...,,,0,"['Education', 'maths']",27,
PPQusjYnZJk,Integral Calculus|Reduction Formula|Lecture 03|Engineering Mathematics|PRADEEP GIRI SIR,Engineering Channel Pradeep Giri Academy : https://www.youtube.com/results?search_query=pradeep+giri+academy Pradeep ...,,,0,"['Education', 'maths']",27,
VkVAx09sc1k,Integration | Integration Class 12 |Full Chapter 7/One Shot/Math/Important Questions/Answers/Formula,"Integration | Integration Class 12 | Full Chapter 7 | One Shot | Math | Important Questions, Answers & Formula Welcome to this ...",,,0,"['Education', 'maths']",27,
kuOxDh3egN0,Why is calculus so ... EASY ?,"... Part 1: Car calculus 12:05 Part 2: Differential calculus, elementary functions 19:08 Part 3: Integral calculus 27:21 Part 4: Leibniz ...",,,0,"['Education', 'maths']",27,
t_goa94UAsU,COMPLETE STUDY OF ALL INTEGRATION FORMULAS LECTURE 1 @TIKLESACADEMY,"... ""INTEGRAL CALCULUS"", https://www.youtube.com/playlist?list=PLNKD1qB9ppttGqVnTA4u9wckS6bCeLp99 FOR ""PARTIAL ...",,,0,"['Education', 'maths']",27,
NmfRQUZGoHI,Top 10 INTEGRATION Rules and Methods (ultimate study guide),Here is everything you need to know to be an expert at calculating indefinite integrals. 2 years worth of integration rules and ...,,,0,"['Education', 'maths']",27,
VXtV50HrlSU,Basic Integration Formulas Lecture Part 1,Introduction to Basic Integration formulas plus solved problems. Thank you and God bless!,,,0,"['Education', 'maths']",27,
UjTTx2eYrx8,Finding The Area Under The Curve Using Definite Integrals - Calculus,This calculus video tutorial explains how to find the area under the curve using definite integrals in terms of x and y. Calculus 1 ...,,,0,"['Education', 'maths']",27,
EulLe656F4k,Integration by Substitution | Integral Calculus,In this video we introduce the concept of integration by Substitution. This is a method that involves integration by introducing a ...,,,0,"['Education', 'maths']",27,
2I-_SV8cwsw,"integration by parts, DI method, VERY EASY",Integration by parts by using the DI method! This is the easiest set up to do integration by parts for your calculus 2 integrals.,,,0,"['Education', 'maths']",27,
w_KiHgultbM,Lecture 34: Integral Calculus –Triple Integrals,To access the translated content: 1. The translated content of this course is available in regional languages. For details please ...,,,0,"['Education', 'maths']",27,
iDSc2o-wE4I,Integral|Calculus|Physics 11|Tamil|MurugaMP,Welcome to- #OpenYourMindwithMurugaMP Join Our ...,,,0,"['Education', 'maths']",27,
e0E8Is_G_p4,Fundamental Thereom of Calculus Explained - Part 1 & 2 Examples - Definite Integral,This calculus video tutorial explains the concept of the fundamental theorem of calculus part 1 and part 2. This video contain ...,,,0,"['Education', 'maths']",27,
eLPBx8YqliY,Integration | One Shot | Building Concepts,Kota's Best Teachers Now on Apni Kaksha App🔥 - https://bit.ly/Apni__Kaksha Click this link to view slides of this chapter: ...,,,0,"['Education', 'maths']",27,
To8ljWDfk9U,Integration by Substitution (u-Substitution) - Basic/Integral Calculus,A lecture video about substitution or u-substitution method in the process of integration or antiderivatives of algebraic functions.,,,0,"['Education', 'maths']",27,
tM4RWc9ryx0,U-substitution With Definite Integrals,This calculus video explains how to evaluate definite integrals using u-substitution. It explains how to perform a change of ...,,,0,"['Education', 'maths']",27,
aeB5BWY0RlE,Fundamental Theorem of Calculus Part 1,This math video tutorial provides a basic introduction into the fundamental theorem of calculus part 1. It explains how to evaluate ...,,,0,"['Education', 'maths']",27,
#NAME?,Calculus explained with a real life application. | Tamil | LMES,Calculus is explained through a real-life application in the Tamil language. This video will help you to understand a simple ...,,,0,"['Education', 'maths']",27,
lHLzhuhZVi0,INTEGRAL OF RATIONAL FUNCTIONS OR LOGARITHMS || CALCULUS,#MATHStorya.,,,0,"['Education', 'maths']",27,
x9cZ0G0lFCE,"Integral Calculus: Indefinite Integral, Basic Rules, Power Rule Part 2 - @MathTeacherGon",This video demonstrate how to use basic rules of indefinite integration like power rule and sum and difference rule. This video ...,,,0,"['Education', 'maths']",27,
vFEUfRCa-HY,Integration of Trigonometric Functions (Live Stream),This is a live tutorial about integration of trigonometric functions. Happy learning and enjoy watching! #enginerdmath ...,,,0,"['Education', 'maths']",27,
SduCO-r_TOA,Gamma Function - Properties & Its Application | Integral Calculus,This video lecture of Gamma Function - Properties & Its Application | Integral Calculus | Example and Solution by GP Sir will help ...,,,0,"['Education', 'maths']",27,
ocgjfF2AboA,Trigonometric Substitution,"This calculus video tutorial provides a basic introduction into trigonometric substitution. It explains when to substitute x with sin, ...",,,0,"['Education', 'maths']",27,
pKgrUhiWZww,Integral of Trigonometric Functions - Basic/Integral Calculus,A lecture video about the antiderivative or integral of the trigonometric functions. It also includes the solution for the integral of tan ...,,,0,"['Education', 'maths']",27,
zXq94eUulZs,This is Easier to Compute than Expected! | Solving Integral Calculus in Seconds,"Dive into the world of calculus as we unravel the process of evaluating definite integral. In this tutorial, we'll guide you through: ...",,,0,"['Education', 'maths']",27,
f9SJz4-UaQQ,Calculus 2 - Integral Test For Convergence and Divergence of Series,This calculus 2 video tutorial provides a basic introduction into the integral test for convergence and divergence of a series with ...,,,0,"['Education', 'maths']",27,
0_CbJcFj1ek,How to Solve Area Bounded By Curves Using Integral Calculus,"In this video, learn how to solve area bounded by curves using integral calculus. ᴄʟɪᴄᴋ ᴛʜɪꜱ ʟɪɴᴋ ᴛᴏ ᴠɪᴇᴡ ᴏᴜʀ ...",,,0,"['Education', 'maths']",27,
BewmQmnFXdI,Integral Calculus|Reduction Formula|Lecture 02|Engineering Mathematics|PRADEEP GIRI SIR,Engineering Channel Pradeep Giri Academy : https://www.youtube.com/results?search_query=pradeep+giri+academy Pradeep ...,,,0,"['Education', 'maths']",27,
m7n82lklEZo,Calculator Techniques in Integrals (Definite) | Engr. Yu Jei Abat | #AbatAndChill,Calculator Techniques playlist: ...,,,0,"['Education', 'maths']",27,
JZUtMjV-pmo,Complete INTEGRAL Calculus One Shot (Theory + PYQs of January 2024) | Vora Classes,#jee #jeemains #iitjee #iit #jeeadvanced #voraclasses #jeebrief #ncert #jee2024 #jeemain.,,,0,"['Education', 'maths']",27,
JTFMeSCxgcA,Indefinite Integral,This calculus video tutorial explains how to find the indefinite integral of a function. It explains how to integrate polynomial ...,,,0,"['Education', 'maths']",27,
xec6HTcn2M8,Finding the Area Between Two Curves by Integration,By now we are very familiar with the concept of evaluating definite integrals to find the area under a curve. But this always gives us ...,,,0,"['Education', 'maths']",27,
ND9cEdfCFr0,Improper Integrals - Convergence and Divergence - Calculus 2,This calculus 2 video tutorial explains how to evaluate improper integrals. It explains how to determine if the integral is convergent ...,,,0,"['Education', 'maths']",27,
7sLnEs8xV_g,Basic Integration Rules in Urdu | Integral calculus for beginners | Anti Derivatives class 12,Calculus - basic integration problems | In this video i will teach you the very first and basic level of Integration | How to integrate ...,,,0,"['Education', 'maths']",27,
3ZzcV5cRE2I,3]Theorems of Integral Calculus - Calculus - Engineering Mathematics,"In this video tutorial, next concept Theorem of Integral Calculus will be explained. Theorem of Integral Calculus will be explained ...",,,0,"['Education', 'maths']",27,
jJ0xCnrVd4E,"Definite Integral - Calculus | Definite Integral Properties For GATE, IIT-JAM, PGT , GIC","This video lecture on Definite Integral - Calculus | Definite Integral Properties For GATE, IIT-JAM, PGT , GIC | Examples | Definition ...",,,0,"['Education', 'maths']",27,
DNDAwWIL5FY,"Arc Length Calculus Problems,",This calculus video tutorial explains how to calculate the arc length of a curve using a definite integral formula. This video contains ...,,,0,"['Education', 'maths']",27,
Rl0IcK8PyMk,"AMIE | Formulas of Integral Calculus |Engineering Math-1|AMIE Part 1, Bangla lecture","AMIE | Formulas of Integral Calculus |Engineering Math-1|AMIE Part 1 Bangla lecture amie,amie lecture,amie lecture video,amie ...",,,0,"['Education', 'maths']",27,
gJKpZpXeDYU,APPLICATIONS OF INTEGRAL CALCULUS,"In this video, I will discuss the applications of integral calculus. Enjoy learning!",,,0,"['Education', 'maths']",27,
oKX08mghmwo,"Basic Integration Rules, Problems, Formulas, Indefinite Integral, Integral Calculus","Integral Calculus Basic Integration Rules, Problems, Formulas, Indefinite Integral. This video shows how to use the basic ...",,,0,"['Education', 'maths']",27,
dKecT2jZkxI,Integration Class 12 | JEE Main & Advanced,UNSAT:- https://unacademy.onelink.me/M2BR/9ikv8hm1 ➡️ Question solutions of IRODOV ...,,,0,"['Education', 'maths']",27,
xaCPDMEkbig,Antiderivatives,This calculus video tutorial provides a basic introduction into antiderivatives. It explains how to find the indefinite integral of ...,,,0,"['Education', 'maths']",27,
C3DS0tqK2TY,INTEGRATION BEGINNER'S COURSE JEE 2025 / 2026 FULL PREP FROM BASICS|MATHEMATICALLY INCLINED NEHA MAM,INTEGRATION BEGINNER'S COURSE JEE 2025 / 2026 FULL PREPARATION FROM BASICS|MATHEMATICALLY INCLINED ...,,,0,"['Education', 'maths']",27,
D9dqdbCgJQM,Integrating Exponential Functions By Substitution - Antiderivatives - Calculus,This calculus video focuses on integration exponential functions using u-substitution. It explains how to find antiderivatives of ...,,,0,"['Education', 'maths']",27,
xmhDDkp_NW0,What Is Integration | Who Discovered Integration | Introduction of Integration,... graph of cosx graph of tanx| Integration | basic concepts of integration|integral calculus | concept of Integration | integration class ...,,,0,"['Education', 'maths']",27,
QLHJl2_aM5Q,Calculating the Volume of a Solid of Revolution by Integration,"We've learned how to use calculus to find the area under a curve, but areas have only two dimensions. Can we work with three ...",,,0,"['Education', 'maths']",27,
7iy83x8bv6o,Triple Integrals - Calculus 3,This Calculus 3 video tutorial explains how to evaluate triple integrals using simple integration techniques. Lines & Planes ...,,,0,"['Education', 'maths']",27,
hWgpbmbjYSs,"Differential & Integral Calculus, Lec 22, Math 31A, UCLA",Course Description: Math 31A is a course that provides insight into differential calculus and applications as well as an introduction ...,,,0,"['Education', 'maths']",27,
QlwHYGBkick,Integration as an inverse process of Differentiation Type 1 Integral Calculus EngineeringMathematics,MA8151#engineeringmathematics MA8151 ENGINEERING MATHEMATICS – I ...,,,0,"['Education', 'maths']",27,
RMw0Li5ecu8,Mind-Blowing Calculus Problem in 60 seconds!,"In this Calculus tutorial, a challenging integration problem is solved using integration by substitution as well as integration by ...",,,0,"['Education', 'maths']",27,
2YQcYG60lTc,Integration Using u-Substitution Part 2,Hi guys! In this video I will discuss how to evaluate integrals using u substitution. Happy learning and enjoy watching!,,,0,"['Education', 'maths']",27,
qV2Cgs5xsJY,Integral Calculus | Class 12 | JEE Marathon | JEE Maths | JEE 2021 | Abhay Mahajan Sir | Vedantu,Integral Calculus Class 12 Maths Marathon By Abhay Mahajan Sir. Integral Calculus Class 12 JEE Main Marathon By Vedantu.,,,0,"['Education', 'maths']",27,
ZLMrZdhDJ5Y,"Class 12th MATHS | Integrals, Application of Integrals & Differential Equations | ENDGAME MARATHON 🔥",NOTES: https://drive.google.com/file/d/1OowtJi-aVxTNDvjbsdWsAlgtzEXhWrfK/view?usp=sharing Faculty Se Milne Ka Chance🙂: ...,,,0,"['Education', 'maths']",27,
qMRjPzJpy34,🔥Mathematics-2nd || Lec-1 || Integral Calculus || Latest Syllabus || By-Anurag sir,अधिक जानकारी के लिए 9169206261 पर call कर सकते है. Construction Material / Building Material ...,,,0,"['Education', 'maths']",27,
I3GWzXRectE,Introductory Calculus: Oxford Mathematics 1st Year Student Lecture,In our latest student lecture we would like to give you a taste of the Oxford Mathematics Student experience as it begins in its very ...,,,0,"['Education', 'maths']",27,
0YeON4p0ogw,"Calculus 2 - Geometric Series, P-Series, Ratio Test, Root Test, Alternating Series, Integral Test",This calculus 2 video provides a basic review into the convergence and divergence of a series. It contains plenty of examples and ...,,,0,"['Education', 'maths']",27,
FYARUO8NJBc,Integration By Parts Part 1 (Live Stream),This is a live tutorial about integration by parts Part 1. Happy learning and enjoy watching! #enginerdmath #basicintegration ...,,,0,"['Education', 'maths']",27,
aF4o_c46VnI,"fast way to do partial fraction for integrals, calculus 2 tutorial","why cover-up works: https://youtu.be/fgPviiv_oZs integration with partial fraction, calculus 2 tutorial Check out my 100 integrals: ...",,,0,"['Education', 'maths']",27,
7lmxqR8u1qM,"Basic concept of integral calculus, why C is added in indeterminate integral calculus","The basic concept of integral calculus, why C is added in indeterminate integral calculus, Basic Math Related Tags: integral ...",,,0,"['Education', 'maths']",27,
BJ_0FURo9RE,Double Integrals,This Calculus 3 video explains how to evaluate double integrals and iterated integrals. Examples include changing the order of ...,,,0,"['Education', 'maths']",27,
tswtT0sxnUU,PYQs on Area Under Curve | Integral Calculus| GATE 1996 to 2023 | Double Integration,This lecture explains the PYQs on Area Under Curve Double Integration Integral Calculus GATE 1996 to 2023 #gate2024 ...,,,0,"['Education', 'maths']",27,
Ce3Oh1nen1o,Definite Integral - Integral Calculus | Integral Calculus Bsc Maths | Bsc Math Honours,Definite Integral - Integral Calculus | Integral Calculus Bsc Maths | Bsc Math Honours Definite integral from integral Calculus for ...,,,0,"['Education', 'maths']",27,
989TJ-9_ERI,"INTEGRATION SOLVED PROBLEM 1,2,3,4,5 (DEFINITE INTEGRATION AND INDEFINITE INTEGRATION)","... ""INTEGRAL CALCULUS"", https://www.youtube.com/playlist?list=PLNKD1qB9ppttGqVnTA4u9wckS6bCeLp99 FOR ""PARTIAL ...",,,0,"['Education', 'maths']",27,
pC9B3jUbwXE,"01 - Calculate the Area Between Two Curves, Part 1 (Integral Calculus 1)",In this lesson the student will learn how to use integration to find the area between two functions. This is done by finding the area ...,,,0,"['Education', 'maths']",27,
sOrKf3VMt3E,Integral Calculus: Rationalizing Substitution,"This video is for students, reviewees, and teachers who are having a hard time understanding Integration. This is a raw video and ...",,,0,"['Education', 'maths']",27,
YTKQswb60Pw,Riemann Sums - Left Endpoints and Right Endpoints,This calculus video tutorial provides a basic introduction into riemann sums. It explains how to approximate the area under the ...,,,0,"['Education', 'maths']",27,
ixzIa3JDAoU,Integration by Parts - Integral Calculus @MathTeacherGon,Integration by Parts by @MathTeacherGon This video demonstrate how to use basic rules of indefinite integration like power rule ...,,,0,"['Education', 'maths']",27,
2_kp6QCevxc,INDEFINITE INTEGRALS in 1 Shot: All Concepts & PYQs Covered | JEE Main & Advanced,"For doubts, Notes and Leaderboard, Register yourself on PW younity website https://bit.ly/Younity_RegistrationLink ...",,,0,"['Education', 'maths']",27,
swF628VHQDo,DOUBLE INTEGRALS|EVALUATION OF DIRECT DOUBLE INTEGRAL|LECTURE 01|ENGINEERING MATHEMATICS|PRADEEP SIR,DOUBLE INTEGRALS|EVALUATION OF DIRECT DOUBLE INTEGRAL|LECTURE 01|ENGINEERING MATHEMATICS|PRADEEP ...,,,0,"['Education', 'maths']",27,
sI-aQSbGGSA,Integrals Yielding Inverse Trigonometric Functions - Integral Calculus,This video is all about solving basic integrals yielding inverse trigonometric functions. Several examples are included in this video.,,,0,"['Education', 'maths']",27,
eDh9VuCkMVQ,समाकलन करना सीखें |Samakalan karna sikhen | integration class 12 maths chapter 7 | Integral class 12,"समाकलन करना सीखें, समाकलन करना कैसे सीखे, समाकलन कैसे ज्ञात करें, ...",,,0,"['Education', 'maths']",27,
Fc5Q7FMvdgA,MATHS INTEGRAL CALCULUS,Integrate... #maths #calculus.,,,0,"['Education', 'maths']",27,
u-SHPxxLv7w,INTEGRATION BY SUBSTITUTION || BASIC CALCULUS,BASIC CALCULUS‼️ 🟣 GRADE 11: INTEGRATION BY SUBSTITUTION ‼️SHS MATHEMATICS PLAYLISTS‼️ General ...,,,0,"['Education', 'maths']",27,
j8nFckY6784,Integral Calculus : Application of Definite integral in summation of series II Part-I,"Namaste to all Friends, This Video Lecture Series presented By VEDAM Institute of Mathematics. It is Useful to all students of ...",,,0,"['Education', 'maths']",27,
weVooxmJHpI,Wallis' Formula | Example 2 | Integral Calculus,Please feel free to suggest a problem! P.S. I'm sorry I had to fix some errors I made in the video.,,,0,"['Education', 'maths']",27,
SAHSVg7Jw_A,Disk & Washer Method - Calculus,This calculus video tutorial explains how to use the disk method and the washer method to calculate the volume of a solid when ...,,,0,"['Education', 'maths']",27,
925SY-xvuj8,INDEFINITE INTEGRATION in One Shot: All Concepts & PYQs Covered | JEE Main & Advanced,MANZIL COMEBACK: https://physicswallah.onelink.me/ZAZB/2ng2dt9v 📌JEE Ultimate CC 2025: ...,,,0,"['Education', 'maths']",27,
0RfmYTtb9F8,Can You Solve This Integration | Integral Calculus,Can You Solve This Integration | Integral Calculus 👉 Subscribe to my channel here https://youtube.com/@YPTricks 👉Full Playlist ...,,,0,"['Education', 'maths']",27,
jDecy4Dvv5o,Double Integrals Part 1 - Integral Calculus | Engr. Yu Jei Abat | #AbatAndChill,Integral Calculus playlist: https://www.youtube.com/watch?v=VXtV50HrlSU&list=PL_NkZ6-1skgn3jRcPbtgJ5gX3i03yb_6I If you ...,,,0,"['Education', 'maths']",27,
GsQZ4SpVbKo,INTEGRAL CALCULUS PRACTICE PROBLEMS (Power Formula & u- Substitution) - Tagalog/Filipino Math,Hi guys! This is my integral practice problems for power formula and u-substitution. Give it a try first and check the final answer.,,,0,"['Education', 'maths']",27,
ocCtoIIppzM,Integral Calculus | Engineering Mathematics I ये PYQ's जरूर करके जाना | GATE 2025 I IIT Roorkee,"In this video, we focus on Integral Calculus from Engineering Mathematics I, specifically designed for GATE 2025 preparation.",,,0,"['Education', 'maths']",27,
I7RWAQgMRVI,INTEGRAL CALCULUS BETA GAMMA FUNCTION LECTURE 1 @TIKLESACADEMY,Visit My Other Channels : @TIKLESACADEMY @TIKLESACADEMYOFMATHS @TIKLESACADEMYOFEDUCATION THIS IS THE ...,,,0,"['Education', 'maths']",27,
0HyM3nM87mk,Power Series Representation By Integration - Calculus 2,This calculus 2 video tutorial provides a basic introduction into finding the power series representation of a function by integration.,,,0,"['Education', 'maths']",27,
BZzl6XzrVzM,Integral Calculus: Wallis's Formula,How to use Wallis's Formula when Integrating integral power of sines and cosines from 0 to π/2.,,,0,"['Education', 'maths']",27,
lDUZKCM0MpQ,Integral Calculus Live (PART 1),Hi guys! Let's discuss about the process of integration. Enjoy learning!,,,0,"['Education', 'maths']",27,
wjNeoR6ePZU,Integral calculus in One shot | All concepts and Examples,Time stamps: 0:00:00 Introduction 0:01:12 MATHSSHTAM name kha se socha? 0:01:46 Kya kya cover hoga? 0:03:25 Indefinite ...,,,0,"['Education', 'maths']",27,
HHAHiEgtyT8,MIT Integration Bee Final Round,"To everyone pointing out the missing +C, it wasn't necessary according to the rules of the contest.",,,0,"['Education', 'maths']",27,
OEOHBvrbVWU,Fundamental Theorem Of Integral Calculus|| Riemann stieltjes integration||,Fundamental Theorem Of Integral Calculus|| Riemann stieltjes integration|| #realanalysis #riemannintegral #engineering ...,,,0,"['Education', 'maths']",27,
EAxGhfzNHXU,Calculus 2 In Less Than 20 Minutes (Complete Overview Of Integral Calculus),"So you're gonna be taking Calculus 2 huh? Well in this video, I'm going to be giving you a complete overview of what you are ...",,,0,"['Education', 'maths']",27,
g55C3-P3-bk,Pappus Theorem: Solid of Revolution | Integral Calculus,"In this video, Engr. Perfecto Padilla Jr. will show how to solve problems with Pappus' theorem: solid of revolution. Watch the full ...",,,0,"['Education', 'maths']",27,
GDEPZGZzwWk,Integration of Exponential Functions (Live Stream),This is a live tutorial about integration of exponential functions. Happy learning and enjoy watching! #enginerdmath ...,,,0,"['Education', 'maths']",27,
UVmaxfdyed4,Introduction to Integral Calculus Class 11 Maths Full Concepts and Formulas,tnnewsyllabus https://alexmathsonlineeducation.blogspot.com Integral Calculus class 11 Maths Concepts ...,,,0,"['Education', 'maths']",27,
gSWjIxt5wVE,Integrals of Exponential Functions Part 1 | Integral Calculus | Engr. Yu Jei Abat | #AbatAndChill,Donate via Gcash: 09568754624 This video will teach you on how to integrate exponential functions. A part two and three of this ...,,,0,"['Education', 'maths']",27,
rnCz2O2Xueg,Calculus | Integral Calculus - 01 | The GATE School | Vishal soni,"In this session, Educator Vishal soni will be discussing Calculus from Integral Calculus. Watch full video to boost your GATE ...",,,0,"['Education', 'maths']",27,
kSMzhhm9TlQ,Introduction of Integration Class12 | Chapter7 Integration | Class 12 Chapter 7 Introduction |,Integration Introduction Class 12 Chapter 7 Introduction of Integration Class12 Chapter7 Integration Class 12 Chapter 7 ...,,,0,"['Education', 'maths']",27,
RwvLHIDd8iQ,Basic Integration of Hyperbolic Functions - Integral Calculus,Hi guys! This is a tutorial video on how to integrate hyperbolic functions. Included in the video are some solved problems. Please ...,,,0,"['Education', 'maths']",27,
Xo-qPaYby6s,Riemann Integral: First Fundamental Theorem of Integral Calculus. Lecture 12. #riemannintegral,Real Analysis: The Riemann Integral: In this lecture the first fundamental theorem of integral calculus is proved. This theorem ...,,,0,"['Education', 'maths']",27,
CFrRZXCQauw,Integrals of Powers of Secant and Tangent - Integral Calculus,"This is lecture video on how to solve an integral containing the power of secant and tangent. If you find this video helpful, please ...",,,0,"['Education', 'maths']",27,
JGRafLYOFYE,Find the Volume of Cylinders using Integral Calculus,"Hi friends! I will show you how to find the volume of cylinders by using integral calculus! Specifically, how the volume V = pi*r^2*h ...",,,0,"['Education', 'maths']",27,
m-v29QUT8D0,CUET PG 2025 Mathematics | Integral Calculus | CUET PG 2025 MSC Mathematics Part - 1 | PW,CUET PG 2025 Mathematics | Integral Calculus | CUET PG 2025 MSC Mathematics Part - 1 | PW Prepare for CUET PG 2025 MSc ...,,,0,"['Education', 'maths']",27,
Q3GM1IAC-i8,Economic Applications of Integral Calculus (Part I),"This video reviews the basic rules of integration, providing examples of taking integrals of marginal cost to derive total cost.",,,0,"['Education', 'maths']",27,
tB3wJ-bwdZc,Basic Integration Formulas,... Example 5 15:46 Example 6 18:40 Example 7 21:46 Example 8 24:18 Example 9 28:28 Example 10 31:10 Integral Calculus ...,,,0,"['Education', 'maths']",27,
_Etf_LfjJVo,Intro to Integrals - Calculus Tutorial,"Get the full course at: http://www.MathTutorDVD.com In this lesson, the student will learn what an integral is in calculus and why ...",,,0,"['Education', 'maths']",27,
fsNFZaRxzZY,Integral Calculus - Integrals of Trigonometric Functions,This video is all about solving the integrals of trigonometric functions. I already had a video about this on my basic integration ...,,,0,"['Education', 'maths']",27,
rveuCHNkaC4,Vector integral calculus: Line integral,,,,0,"['Education', 'maths']",27,
5N1zkD2B6so,"Differential & Integral Calculus, Lec 20, Math 31A, UCLA",Course Description: Math 31A is a course that provides insight into differential calculus and applications as well as an introduction ...,,,0,"['Education', 'maths']",27,
CwkwvYJ3eQw,Integral Calculus Part - 1 | Engineering Mathematics for GATE ESE PSUs by Priyanka Sharma Mam,calculus #limits #engineeringmathematics #gatemaths #gatemathematics #maths #priyankamam #priyankasharma #gateexam ...,,,0,"['Education', 'maths']",27,
Fo9Xc6SK084,Integral Calculus IIT JAM Mathematics Questions 2025 | Top 250 Solutions!,Ace your IIT JAM Mathematics preparation with our Integral Calculus IIT JAM Mathematics Questions series. This session provides ...,,,0,"['Education', 'maths']",27,
0gKWF3WqMO8,Indefinite Integral - Integral Calculus | Integral Calculus Bsc Maths | Bsc Math Honours,Indefinite Integral - Integral Calculus | Integral Calculus Bsc Maths | Bsc Math Honours Indefinite integral from integral Calculus for ...,,,0,"['Education', 'maths']",27,
qpHGhiyQ8Yk,INTEGRAL CALCULUS: LOGARITHMIC FUNCTIONS,Integral calculus using logarithmic functions.,,,0,"['Education', 'maths']",27,
FQYyNE5imSM,Application of Differential & Integral Calculus |🔥Important Topic for Applied Maths | IDS Sir,Application of Differential & Integral Calculus | Important Topic for Applied Maths | IDS Sir #appliedmaths ...,,,0,"['Education', 'maths']",27,
hXF4kw2L0Ig,Integrals of Powers of Sine and Cosine - Integral Calculus,"A lecture on how to integrate powers of sine and cosine trigonometric functions. If you find this video helpful, please don't forget to ...",,,0,"['Education', 'maths']",27,
F50f7x2vk5A,Ethiopian Grade 12 Mathematics Unit 5 part 1 integral calculus...... extreme + textbook,"Ethiopian Grade 12 Mathematics Unit 5 part 1 integral calculus...... extreme + textbook in detail. Don't forget to LIKE, COMMENT ...",,,0,"['Education', 'maths']",27,
pnJum9pL1Cg,Integral calculus book by Lalaji Prasad | Full book in pdf | Book for BSC,This is the link of integral calculus https://drive.google.com/folderview?id=16VVvy8MiaDfSkUc4CEqm3uIF35XiFoch #bscmaths ...,,,0,"['Education', 'maths']",27,
wYndOvXkE24,Integral Calculus: Finding the Area using Vertical and Horizontal Strip,,,,0,"['Education', 'maths']",27,
Nthh0I5ROkI,11th State Board and 12th CBSE Mathematics V1 Integral Calculus - Introduction,In this video the Topic Integral Calculus is introduced. This topic is in 11th standard State Board syllabus so also in 12th standard ...,,,0,"['Education', 'maths']",27,
yMQjCFvMFgA,Basics of Integral Calculus,"To study Class 12 Mathematics Chapter 1 (Applications of Matrices and Determinants), click the following link ...",,,0,"['Education', 'maths']",27,
2qm2_O3HE10,Integral Calculus Engineering Mathematics | Integral Calculus for GATE 2024 | BYJU'S GATE,25 Important Questions on Integral Calculus | Integral Calculus Engineering Mathematics | Integral Calculus for GATE 2024 ...,,,0,"['Education', 'maths']",27,
Fx10QvjpZrc,Integral Calculus: Integration by Trigonometric Substitutions,How to perform Integration using Trigonometric Substitutions.,,,0,"['Education', 'maths']",27,
K0M64gorFnA,"Integral Calculus | Gamma & Beta Function | With Short Tricks For GATE, IIT-JAM, PGT , GIC","This video lecture on Integral Calculus | Gamma Function - Beta Function | With Short Tricks For GATE, IIT-JAM, PGT , GIC ...",,,0,"['Education', 'maths']",27,
OJ5Stu7tmvk,Solving an ultimate nice integral || xsinx,"In this video, we dive into the integral of \( x \sin(x) \) and explore the steps to solve it. Using integration by parts, we break down ...",,,0,"['Education', 'maths']",27,
dzkLmONFVH0,Integral Calculus Marathon | Class 12 | JEE Maths | JEE 2021 | #DropperToRanker | Vedantu,Integral Calculus Marathon By Vedantu. Calculus Integration Marathon By Neha Agrawal Ma'am. Integral Calculus Class 12 ...,,,0,"['Education', 'maths']",27,
85p9L8jZLvo,Integral Calculus for Beginners | Step-by-Step Guide to Mastering Integration,"Are you new to Integral Calculus and struggling to understand it? In this beginner-friendly tutorial, I break down integration step by ...",,,0,"['Education', 'maths']",27,
n321YUIb-k0,Integral Calculus (Introduction) | Mathematics Class 12,Welcome to the first video of this channel. 📚 Introduction to Mathematics & Integral Calculus | Why We Study Maths & Its Real-Life ...,,,0,"['Education', 'maths']",27,
IE5tAyIQviE,VECTOR INTEGRAL | VECTOR CALCULUS | Line Integral | Lecture 01 | Part 1 | PRADEEP GIRI SIR,VECTOR INTEGRAL | VECTOR CALCULUS | Line Integral | Lecture 01 | Part 1 | PRADEEP GIRI SIR #vectorcalculus ...,,,0,"['Education', 'maths']",27,
D5sT1br9soI,Shell Method - Volume of Revolution,This calculus video tutorial focuses on volumes of revolution. It explains how to calculate the volume of a solid generated by ...,,,0,"['Education', 'maths']",27,
IszQpNhqbzE,Power Formula For Integral Calculus (Tagalog/Filipino Math),Hi guys! This video discusses about the basic formula used in integral calculus which is the power formula. We solve different ...,,,0,"['Education', 'maths']",27,
6oT9M_q5CYQ,Integration by u-Substitution (Substitution Rule) | Integral Calculus in Filipino,#MATHuklasanWithSirRam #IntegrationbySubstitution #IntegralCalculusinFilipino.,,,0,"['Education', 'maths']",27,
A66Yodj_DUM,Integrals One Shot | Maths | Class 12th Boards | Vijeta 2025,Download PYQs - https://physicswallah.onelink.me/ZAZB/xj7si02l 📲 PW App/Website: ...,,,0,"['Education', 'maths']",27,
db7d_a0wiUg,Double Integral & Area By Double Integration | Multiple Integral,How to Find Area By Double Integration. 3. This is part of Integral Calculus and this is also known as Multiple Integral ...,,,0,"['Education', 'maths']",27,
xLpelmtRPD8,Power Rule in Integral Calculus | Easy Explanation with Examples,"Master the Power Rule of Integration with this beginner-friendly tutorial! If you're learning integral calculus, understanding the ...",,,0,"['Education', 'maths']",27,
#NAME?,Lecture 35: Integral Calculus – Triple Integrals (Cont.),Please click the below video link to toggle the regional language Subtitle & Audio ...,,,0,"['Education', 'maths']",27,
CEU8SBXiE3s,IIT JAM & GATE 2024 : Mathematics - Integral Calculus (Leibnitz Rule) PYQ & Most Expected Questions,Master Integral Calculus (Leibniz Rule) for IIT JAM & GATE 2024 Mathematics with our comprehensive series! 📐 Dive deep into ...,,,0,"['Education', 'maths']",27,
X2Z0tJG0rjU,Vector Integration | Surface Integral | Vector Calculus 2.O by GP Sir,"Note - This video is available in both Hindi and English audio tracks. 🎧 To switch languages, please click on the settings icon ...",,,0,"['Education', 'maths']",27,
pfCwRLK29h4,Vector Calculus - Line Integrals of Vector Field | Example & Solution,This video lecture of Vector Calculus - Line Integrals of Vector Field | Example & Solution will help Engineering and Basic Science ...,,,0,"['Education', 'maths']",27,
4KDenLHggDM,1. REDUCTION FORMULA | Concept & Problem#1 | INTEGRAL CALCULUS | Most Important Problem,"Get complete concept after watching this video Topics covered in playlist of Integral Calculus: Reduction Formula, Quadrature or ...",,,0,"['Education', 'maths']",27,
xnspzvb13qM,CUET PG 2025 One Shot M.Sc Maths - Integral Calculus | Parivartan Batch by Study Capital,9336257345 #cuet2025 #cuetpg2025 #cuetfreeclasses #cuetpg2025 #cuetpgapplication2025 #cuetpglatestupdate #cuetpg2025 ...,,,0,"['Education', 'maths']",27,
q9OKSd94nB0,Integrals - Full Chapter Explanation and NCERT Solutions | Class 12 Maths Chapter 7 | 2022-23,... indefinite Integrals 19:09:17 Definite Integrals 19:13:34 Area Functions 19:18:29 First fundamental theorem of integral calculus ...,,,0,"['Education', 'maths']",27,
TN72gy5iK6k,Integration || integration lectures ||integration class12 || lec-77 @tariqshaheenmaths1492,Integration||integration rules||antiderivative||integration class12 lec-77 @tariqshaheenmaths1492 Class 12 MATH Chapter no.3 ...,,,0,"['Education', 'maths']",27,
pWNnmbjNznE,IIT JAM 2026 Paper Solution | Integral Calculus Questions and Solution IIT JAM by GP Sir,IIT JAM 2023 Paper Solution | Function Of Two Variable Questions and Solution IIT JAM by GP Sir #highermathematics #iitjam ...,,,0,"['Education', 'maths']",27,
AP33TvsTRBI,BSC MATHEMATICS: Integral Calculus Unit 02 Lecture-11 - Lucknow University #bsc #nep,Welcome to the 11th lecture of our Integral Calculus series for BSc Mathematics (NEP) Semester 02th at Lucknow University!,,,0,"['Education', 'maths']",27,
sDn_JK71UIo,Fundamental Theorem of integral calculus in Urdu/Hindi (M.K.F.A),Fundamental Theorem of integral calculus in Urdu/Hindi (M.K.F.A) Hope you like the Video. Do subscribe the channel. :) if you are ...,,,0,"['Education', 'maths']",27,
snkJouU-13s,Integral calculus || Sum and Difference Rule in Integral Calculus | Easy Step-by-Step Guide,Understanding the Sum and Difference Rule in Integral Calculus is crucial for solving integration problems efficiently. In this ...,,,0,"['Education', 'maths']",27,
Gd3wVcohvNQ,The Definite Integral (Calculus) (4.2c),"This video series is organized according to Stewart's “Calculus,” 9th edition. If you've found this video helpful, please subscribe.",,,0,"['Education', 'maths']",27,
J5XWbZuOA2g,Fundamental Theorem of integral calculus|| in Telugu ||,,,,0,"['Education', 'maths']",27,
vKBQVjrV8Po,The Definite Integral (Calculus) (4.2b),"This video series is organized according to Stewart's “Calculus,” 9th edition. If you've found this video helpful, please subscribe.",,,0,"['Education', 'maths']",27,
uy7KliLO0gI,CUET PG 2025 Mathematics | Integral Calculus | CUET PG 2025 MSC Mathematics Part - 2 | PW,CUET PG 2025 Mathematics | Integral Calculus | CUET PG 2025 MSC Mathematics Part - 2 | PW Prepare for CUET PG 2025 MSc ...,,,0,"['Education', 'maths']",27,
jc0md5xkHYY,VECTOR INTEGRAL | VECTOR CALCULUS | Green Theorem | Green Lemma | Lecture 03 | PRADEEP GIRI SIR,VECTOR INTEGRAL | VECTOR CALCULUS | Green Theorem | Green Lemma | Lecture 03 | PRADEEP GIRI SIR #vectorcalculus ...,,,0,"['Education', 'maths']",27,
P1XLHlbJxsM,Integral Calculus - Pappus Theorem,This is a series of video covering multiple topics in Integral Calculus. Links are all down below If you have any questions about the ...,,,0,"['Education', 'maths']",27,
j29JfcGzGk0,Constant Multiple Rule in Integral Calculus | Easy Explanation with Examples,Want to master integration in calculus? Understanding the Constant Multiple Rule makes solving integrals much easier!,,,0,"['Education', 'maths']",27,
bDgjKBcxG5I,INTEGRAL CALCULUS 1: PYQ's DISCUSSION || CLASS 12 || A MUST WATCH PREP FOR JEE 2025,"Get ready to embark on a 90-day journey to ace the JEE exam !! Dive into targeted lessons, covering high-yield topics and ...",,,0,"['Education', 'maths']",27,
m4xu6gq9VYU,Solving an Indefinite Integral of a Polynomial - 001,"Today we go through this integral (3x^2 - 6x + 1/2) calculus! If you have any questions, would like a further explanation, or want to ...",,,0,"['Education', 'maths']",27,
mTQcNSo1otU,COMPLEX INTEGRATION AND INTEGRAL CALCULUS; MONGE`S METHOD; CAUCHY DIFFERENTIAL EQUATION FOR JEE - 4;,COMPLEX INTEGRATION AND INTEGRAL CALCULUS; MONGE`S METHOD; CAUCHY DIFFERENTIAL EQUATION FOR JEE - 4 ...,,,0,"['Education', 'maths']",27,
4KDenLHggDM,1. REDUCTION FORMULA | Concept & Problem#1 | INTEGRAL CALCULUS | Most Important Problem,"Get complete concept after watching this video Topics covered in playlist of Integral Calculus: Reduction Formula, Quadrature or ...",,,0,"['Education', 'maths']",27,
YoVgNE4lKSk,"Differential & Integral Calculus, Lec 1, Math 31A, UCLA",Course Description: Math 31A is a course that provides insight into differential calculus and applications as well as an introduction ...,,,0,"['Education', 'maths']",27,
QXe4RkESn2o,B.Sc 1st sem maths || Integral calculus (Ch-Definite Integral) || Maths By Jyoti Chaudhary ✍️✍️,"About this video Dear students, is video m hm b.sc 1st sem maths ki book Integral calculus k ch-definite Integral ko padhenge.",,,0,"['Education', 'maths']",27,
cc4c0URgUzM,Constant Rule in Integral Calculus | Easy Explanation with Examples || How to !,Struggling with integration in calculus? The Constant Rule is one of the simplest yet most important rules to understand!,,,0,"['Education', 'maths']",27,
YVmHw72-otA,Basic Integration/Antiderivative Rules - Basic/Integral Calculus,A lecture video about the Basic Rules or Theorems of Integration or Antiderivatives. These are the fundamental formulas and ...,,,0,"['Education', 'maths']",27,
_GVmxGYqqFA,"Integral Calculus | Double integration by Polar Coordinate | One Shot for GATE, IIT JAM & CUET - PG","Integral Calculus | Double integration by Polar Coordinate | One Shot for GATE, IIT JAM & CUET - PG ------------------------ Get IIT ...",,,0,"['Education', 'maths']",27,
Oc1_6GUPnoc,12th (NCERT) Mathematics INTEGRATION (CALCULUS) EXERCISE 7.1 (SOLUTION) pathshala hindi,"Pathshala#integration Exercise 7.1 NCERT mathematics Chepter 7 integration, integration exercise 7.1 class 12th NCERT ...",,,0,"['Education', 'maths']",27,
5hRvsMamJRM,Integrating Logarithmic Functions by u-Substitution || Integral Calculus in Filipino,#MATHuklasanWithSirRam #IntegrationByU-Substitution #IntegralCalculusinFilipino.,,,0,"['Education', 'maths']",27,
s61CajosX8c,Integral Calculus (Algebraic Manipulation),This video covers the discussion of algebraic manipulation. Algebraic manipulation is another way of simplifying the integrand to ...,,,0,"['Education', 'maths']",27,
14O1QDBTHog,CUET PG 2025 Maths | One Shot Integral Calculus | Most Probable Questions 🎯,"Ace Integral Calculus for CUET PG 2025 in One Shot! 🔥 In this power-packed session, we cover: ✓ Most Probable Questions for ...",,,0,"['Education', 'maths']",27,
IvXED51OTDc,DOUBLE INTEGRALS|CHANGE THE ORDER OF INTEGRATION|LECTURE 02|ENGINEERING MATHEMATICS|PRADEEP GIRI SIR,DOUBLE INTEGRALS|CHANGE THE ORDER OF INTEGRATION|LECTURE 02|ENGINEERING MATHEMATICS|PRADEEP GIRI ...,,,0,"['Education', 'maths']",27,
nss5ADMOKkQ,Lec-19 || INTEGRAL CALCULUS || GATE2026 || GateSphere ||,"Prepare for GATE with this comprehensive mathematics lecture covering: 🔹 Linear Algebra – Matrices, Eigenvalues, Rank ...",,,0,"['Education', 'maths']",27,
5-aHjRECJKw,Calculus : Interesting indefinite integral | Can you solve ?,,,,0,"['Education', 'maths']",27,
VDtY8UoD6vk,"Integral Calculus 4, Part 2","This video presents discussions of concepts and principles, derivation and setting up of formulas, and solutions to associated ...",,,0,"['Education', 'maths']",27,
6ZiHHHZaMiE,I-Cal I /Video 93 (128-3) Integral Calculus I - Practice! Miscellaneous problem #definite Integral,"In problem 45, there is a correction in the last step of the solution. Kindly change dx by + c Believe yourself! You can do these ...",,,0,"['Education', 'maths']",27,
ybLX_nFqPw8,Impossible integral solved easily 😎,"Watch this captivating video exploring the beauty of integration, from fundamental concepts to advanced techniques!",,,0,"['Education', 'maths']",27,
2iE-FLrP_V0,Integral Calculus: Centroid of a Solid of Revolution by Integration,"Integral Calculus For the compilation of Integral Calculus lecture videos, click the link below: ...",,,0,"['Education', 'maths']",27,
YELb3BD25p0,Integral of Exponential Functions | Basic Calculus | Anti derivative | TAGALOG-ENGLISH,Integral #BasisCalculus #AntiDerivative #Calculus #Integration #Usubstitution #ExponentialFunction #Radical #Poynomial ...,,,0,"['Education', 'maths']",27,
5ahqYjDbmto,What is an Integral? Calculus Fundamentals,"An integral is a fundamental concept in calculus, essential for understanding areas, volumes, and the accumulation of quantities.",,,0,"['Education', 'maths']",27,
Tw7nZdSO7tM,Integral Calculus for GATE & IIT JAM | Change Into Polar Coordinate - Multiple Integrals | Part 6,This lecture consists of concepts based on Integral Calculus for GATE & IIT JAM | Polar Coordinate - Multiple Integrals | Part 6 ...,,,0,"['Education', 'maths']",27,
05oZqpr4vcY,Chapter Integration // Lesson 1 introduction of Integral Calculus,Lesson 1 // Introduction of integration.,,,0,"['Education', 'maths']",27,
GZgVPhGI5bw,Integral Calculus: Centroid of Plane Area - Varignon's Theorem,"In this discussion, Engr. Perfecto Padilla Jr. will discuss how to solve centroid of plane area by using Varignon's theorem.",,,0,"['Education', 'maths']",27,
OTX4ntH40MQ,TN CLASS 11MATHS INTEGRAL CALCULUS COMPLETE INTRODUCTION,THANKS FOR WATCHING #CLASS11#INTEGRAL CALCULUS#,,,0,"['Education', 'maths']",27,
2_ZkKfT_j18,Integral Calculus | Area Between Curves (Horizontal Strips),"This is the second case for solving for the area between curves using horizontal strips. In this video, we'll see that there are ...",,,0,"['Education', 'maths']",27,
u-yOis7twmA,The Definite Integral (Calculus) (4.2a),"This video series is organized according to Stewart's “Calculus,” 9th edition. If you've found this video helpful, please subscribe.",,,0,"['Education', 'maths']",27,
NrgJ-j4Rs58,Integral Calculus - Extension of Power Formula (Integration by Substitution),This video covers the discussion of the extension of the power formula or the so-called integration by substitution. The principles ...,,,0,"['Education', 'maths']",27,
BZR9Kld-4_0,Matrices and Calculus |MA3151|Unit 4|Integral calculus in Tamil|Trigonometric substitution in Tamil,Matrices and Calculus |MA3151| Unit 4 | Integral calculus in Tamil | Trigonometric substitution in Tamil | Evaluate ∫1/√(a^2- x^2 ) ...,,,0,"['Education', 'maths']",27,
UwoXdNM3N0o,Introduction & Concepts | Differential & Integral Calculus - 1 | CA Foundation QA | CA Parag Gupta,For OFFLINE Admission Queries 9625069819 or 9315230704 or Whatsapp on 9650719104 For RKG Hostel : 9910993663 ...,,,0,"['Education', 'maths']",27,
CR5k6W73i3U,CMM 2024 Integration Bee Finals Problem 26,Mis-2929 Integrate (cos x - sin 2x)/sin x dx #calculus #definite_integrals #substitution #cmm #2024 #integration #bee #finals ...,,,0,"['Education', 'maths']",27,
qmBAqippqtY,Complete INTEGRAL CALCULUS in just 15 MINUTES | JEE Main 2024,✏️ This batch is completely FREE for all the students aiming for JEE 2024 ✏️ Chapter-wise guidance for each chapter of each ...,,,0,"['Education', 'maths']",27,
or-pZ72zjMA,Reduction Formula | Integral calculus | bsc 2nd year | ∫sin^nx dx & ∫x^ne^ax dx,Reduction Formulae - Integral calculus | bsc 2nd year | reduction formula for sin^n(x) ∫sin^nx dx & ∫x^ne^ax dx Reduction ...,,,0,"['Education', 'maths']",27,
ds2_NyxxbwA,triple integral || problem 2 || multiple integrals|| integral calculus,bscmathematics #btechmathematics #engineeringmathematics #tripleintegral #multipleintegrals.,,,0,"['Education', 'maths']",27,
Gt5ApX3oIN0,Triple Integral | Integral Calculus | Multivariable Calculus | GP Sir,This video lecture of Triple Integral | Integral Calculus | Multivariable Calculus | GP Sir | Problems & Concepts by GP Sir will help ...,,,0,"['Education', 'maths']",27,
99BzGd0KoW0,line integral of vector field | vector integral calculus engineering mathematics,here in this video I have discussed about line integral of vector field vector integral calculus line integral of vector field line integral ...,,,0,"['Education', 'maths']",27,
RglnnEVaVTI,Lecture 31: Integral Calculus –Double Integrals in Polar Form,To access the translated content: 1. The translated content of this course is available in regional languages. For details please ...,,,0,"['Education', 'maths']",27,
IC1F2z4cm7s,BSC MATHEMATICS: Integral Calculus Unit 02 Lecture-10 - Lucknow University #bsc #nep,Welcome to the 6th lecture of our Integral Calculus series for BSc Mathematics (NEP) Semester 10th at Lucknow University!,,,0,"['Education', 'maths']",27,
6AZNKv_TU3Y,Centroid Of A Plane Area | Integral Calculus | Basic discussion,Hello mga Ka-Engineers This topic is all about centroid of a Plane Area. The centroid of an area can be thought of as the ...,,,0,"['Education', 'maths']",27,
yiLUsXaJOkQ,IIT JAM & GATE 2024 : Mathematics - Integral Calculus PYQ (Area Under Curves) & Important Questions,Unlock the secrets of Integral Calculus for IIT JAM & GATE 2024 Mathematics Exam! 🧮 Dive into the world of Area Under Curves ...,,,0,"['Education', 'maths']",27,
Xv_YShlVhu0,Clickable Calculus Series – Part 2: Integral Calculus,"In this webinar, Dr. Lopez will apply the techniques of “Clickable Calculus” to standard calculations in Integral Calculus. Clickable ...",,,0,"['Education', 'maths']",27,
AYXAWi_XLOI,Fundamental Theorems of Integral Calculus - Definite Integration | Class 11/12/IIT-JEE Maths,"✓ In this video, ✔️ Class: 11th/12th/JEE (Mains & Advanced) ✔️ Subject: Maths ✔️ Chapter: Definite Integration (Chapter 8) ...",,,0,"['Education', 'maths']",27,
0J65aqRJ_uM,Integral Calculus | Mathematics For JEE Mains Session 2,Integral Calculus | Mathematics For JEE Mains Session 2 10-Days Intensive Revision Program 🎓 Prepare for Competitive Exams ...,,,0,"['Education', 'maths']",27,
Kss13U-hvPk,Calculus in a nutshell,"What is calculus? A concoction of graphs, slopes, areas, weird symbols, and incomprehensible formulas? This 3-minute video, ...",,,0,"['Education', 'maths']",27,
WsQQvHm4lSw,Understand Calculus in 35 Minutes,"This video makes an attempt to teach the fundamentals of calculus 1 such as limits, derivatives, and integration. It explains how to ...",,,0,"['Education', 'maths']",27,
MO-AExWdl4Q,Calculus Visualized - by Dennis F Davis,"This 3-hour video covers most concepts in the first two semesters of calculus, primarily Differentiation and Integration. The visual ...",,,0,"['Education', 'maths']",27,
WUvTyaaNkzM,The essence of calculus,"In this first video of the series, we see how unraveling the nuances of a simple geometry question can lead to integrals, derivatives ...",,,0,"['Education', 'maths']",27,
#NAME?,आखिर क्यों जरूरी था Calculus को बनाना | Calculus the invention which changed the mathematics,"""The main duty of the historian of mathematics, as well as his fondest privilege, is to explain the humanity of mathematics, ...",,,0,"['Education', 'maths']",27,
rZw-wXFwhIU,Italy Attacks JEE! Integration Question | Beware Ep 6 | Calculus | Frullani's Integral | Anshul sir,"Italy Attacks JEE! Integration Question | Beware Ep 6 | Calculus | Jee Mains & Advanced | Anshul sir In this lecture, Anshul Singhal ...",,,0,"['Education', 'maths']",27,
AxHvKoBj62Y,"One stream You Need, to revise Integral Calculus | JEE Main 2025",PDF Of the session:- https://drive.google.com/file/d/1xrzAAfZ84IbLR0af6VsLT-FUZ7eH6AWs/view Practice Problems for ...,,,0,"['Education', 'maths']",27,
HfACrKJ_Y2w,Calculus 1 - Full College Course,"Learn Calculus 1 in this full college course. This course was created by Dr. Linda Green, a lecturer at the University of North ...",,,0,"['Education', 'maths']",27,
IFlXeFwA_2A,BASIC Math Calculus – Understand Simple Calculus with just Basic Math in 5 minutes!,BASIC Math Calculus – AREA of a Triangle - Understand Simple Calculus with just Basic Math! Calculus | Integration | Derivative ...,,,0,"['Education', 'maths']",27,
1bH_ukYn81c,Calculus Is Overrated – It is Just Basic Math,BASIC Math Calculus – AREA of a Triangle - Understand Simple Calculus with just Basic Math! Calculus | Integration | Derivative ...,,,0,"['Education', 'maths']",27,
7vYso22bBJM,Calculus Before Physics,"We talk about taking calculus before physics. If you have questions, you can always reach me here: ...",,,0,"['Education', 'maths']",27,
0Be_6Qaq1es,"Calculus, what is it good for?","Here is a brief description of calculus, integration and differentiation and one example of where it is useful: deriving new physics.",,,0,"['Education', 'maths']",27,
kuOxDh3egN0,Why is calculus so ... EASY ?,"Calculus made easy, the Mathologer way :) 00:00 Intro 00:49 Calculus made easy. Silvanus P. Thompson comes alive 03:12 Part ...",,,0,"['Education', 'maths']",27,
eI4an8aSsgw,Precalculus Course,Learn Precalculus in this full college course. These concepts are often used in programming. This course was created by Dr.,,,0,"['Education', 'maths']",27,
u4XYcPdpYb8,Vector Calculus Complete Animated Course for DUMMIES,Table of Content:- 0:00 Scalar vs Vector Field 3:02 Understanding Gradient 5:13 Vector Line Integrals (Force Vectors) 9:53 Scalar ...,,,0,"['Education', 'maths']",27,
3zOtLEeHygg,Complete DM Discrete Maths in one shot | Semester Exam | Hindi,#knowledgegate #sanchitsir #sanchitjain ********************************************************* Content in this video: 00:00 ...,,,0,"['Education', 'maths']",27,
YFwDVViULiA,dy/dx னா இவ்வளவு தானா? | Basics of Calculus | LMES,E-mail:- lmesacademy@gmail.com Contact :- 9884222601 ----------------------------------------------------------------------,,,0,"['Education', 'maths']",27,
UukVP7Mg3TU,Calculus - Introduction to Calculus,This video will give you a brief introduction to calculus. It does this by explaining that calculus is the mathematics of change.,,,0,"['Education', 'maths']",27,
uqwC41RDPyg,Calculus Rhapsody,Calculus Rhapsody By Phil Kirk & Mike Gospel (Lyrics below) We've had this little school project of ours here on YouTube for over ...,,,0,"['Education', 'maths']",27,
1bH_ukYn81c,Calculus Is Overrated – It is Just Basic Math,BASIC Math Calculus – AREA of a Triangle - Understand Simple Calculus with just Basic Math! Calculus | Integration | Derivative ...,,,0,"['Education', 'maths']",27,
4d7p_0Nah_Y,CUET PG | Calculus One-Shot | CUET का महा कुंभ #15dayschallenge #cuetpg @acmeacademy-nimcet-cuet,CUET PG | Calculus One-Shot | CUET का महा कुंभ #15dayschallenge #cuetpg @acmeacademy-nimcet-cuet Fill Google ...,,,0,"['Education', 'maths']",27,
JyX3DjazDH0,Calculus 3 Study with Me 1 hour with background Noise | No music | Computer Engineering Student,"Hey everyone! Welcome to a 1-hour focused Calculus 3 study session. I'm a Computer Engineering student, and calculus is a ...",,,0,"['Education', 'maths']",27,
8AIWJZWr-A0,Syllabus of bsc 4th semester Maths ( vector and calculus),"please like, subscribe and share #bscmaths.",,,0,"['Education', 'maths']",27,
vOv4-_ZiWM0,INSANE Parametric Differentiation Question | A Level Maths,Subscribe & turn on notifications to conquer your academic goals! Post your questions on here ...,,,0,"['Education', 'maths']",27,
XNhisc0kwTE,GIC LECTURER MAINS | Mathematics Class-01| Calculus of variation | Previous year question discussion,GICLecturerMains #MathematicsClass #CalculusOfVariation GIC LECTURER MAINS | Mathematics Class-01| Calculus of ...,,,0,"['Education', 'maths']",27,
R4cyAbTdF3s,#geometry|connection between geometry and calculus|,Mazher _Rafique #calculus #slopeofaline #differentialcalculas #integralcalculas #maths #mathematics #analyticgeometry.,,,0,"['Education', 'maths']",27,
4__Ck-B0s4g,Line Integral | Surface Integral | Green's Theorem | Important Question | Vector Calculus | vkmpoint,Line Integral | Surface Integral | Green's Theorem | Important Question | Vector Calculus | vkmpoint In this video we define Line ...,,,0,"['Education', 'maths']",27,
7vYso22bBJM,Calculus Before Physics,"We talk about taking calculus before physics. If you have questions, you can always reach me here: ...",,,0,"['Education', 'maths']",27,
VwPIAX9WC80,Boundless (Theory + JEE 2025 PYQs): Complete Integral Calculus in One Shot,Link for VOTS 1: https://voraclasses.com/test-series/9/tests Link for VOTS 2: https://voraclasses.com/test-series/11/tests Last ...,,,0,"['Education', 'maths']",27,
ihO47uQDmnA,THE CHALLENGES FACED BY GRADE 11 STEM STUDENTS IN BASIC CALCULUS SUBJECT,FOR EDUCATION PORPOSE ONLY DISCLAIMER‼️ This video is produced for educational purposes only as part of a ...,,,0,"['Education', 'maths']",27,
bBSYoA8z8sw,Case study on Application of vector calculus,snsInstitutions #snsdesignthinkers #designthinking.,,,0,"['Education', 'maths']",27,
GegFPgBbujQ,Why Is the Derivative of ln(x) Equal to 1/x? | Calculus Proof Explained,"Wonder why the natural logarithm's derivative is 1/x? This video provides a clear visual proof using implicit differentiation, ...",,,0,"['Education', 'maths']",27,
ymUwbktP7wU,How To Enroll Our Complete Calculus Course?,How To Enroll Our Complete Calculus Course? তুমি তোমার Calculus এর সম্পূর্ণ প্রস্তুতি ...,,,0,"['Education', 'maths']",27,
q_J5-m7jpwQ,Calculus classes Live Stream,all objective question of class -12.,,,0,"['Education', 'maths']",27,
m_bZj9oNKPM,Thomas Calculus 13 Edition Chapter#8 Exercise#8.1(Q#1-10) #calculus #integration,"""Techniques of Integration | Chapter 8 | Thomas Calculus 13th Edition""* *Video Introduction:* Hello everyone! In this video, we ...",,,0,"['Education', 'maths']",27,
KKD3VriJrJM,Calculus - Equation of Tangent and Normal #10 [Arabic],Calculus - Equation of Tangent and Normal #10 [Arabic] #education #maths #calculus.,,,0,"['Education', 'maths']",27,
kuOxDh3egN0,Why is calculus so ... EASY ?,"Calculus made easy, the Mathologer way :) 00:00 Intro 00:49 Calculus made easy. Silvanus P. Thompson comes alive 03:12 Part ...",,,0,"['Education', 'maths']",27,
qb40J4N1fa4,"Implicit differentiation, what's going on here? | Chapter 6, Essence of calculus",Timestamps 0:00 - Opening circle example 3:08 - Ladder example 7:43 - Implicit differentiation intuition 12:33 - Derivative of ln(x) ...,,,0,"['Education', 'maths']",27,
IFlXeFwA_2A,BASIC Math Calculus – Understand Simple Calculus with just Basic Math in 5 minutes!,BASIC Math Calculus – AREA of a Triangle - Understand Simple Calculus with just Basic Math! Calculus | Integration | Derivative ...,,,0,"['Education', 'maths']",27,
uqwC41RDPyg,Calculus Rhapsody,Calculus Rhapsody By Phil Kirk & Mike Gospel (Lyrics below) We've had this little school project of ours here on YouTube for over ...,,,0,"['Education', 'maths']",27,
w3GV9pumczQ,What is Calculus? (Mathematics),"What is Calculus? In this video, we give you a quick overview of calculus and introduce the limit, derivative and integral. We begin ...",,,0,"['Education', 'maths']",27,
UukVP7Mg3TU,Calculus - Introduction to Calculus,This video will give you a brief introduction to calculus. It does this by explaining that calculus is the mathematics of change.,,,0,"['Education', 'maths']",27,
riXcZT2ICjA,Introduction to limits | Limits | Differential Calculus | Khan Academy,Introduction to limits Watch the next lesson: ...,,,0,"['Education', 'maths']",27,
5M2RWtD4EzI,This Is the Calculus They Won't Teach You,"""Infinity is mind numbingly weird. How is it even legal to use it in calculus?"" ""After sitting through two years of AP Calculus, I still ...",,,0,"['Education', 'maths']",27,
RcVA8Nj6HEo,What is PLUS times PLUS?,"ERRATA: • The ""Church-Turing Thesis"" is different from the ""Church-Turing Theorem"". The ""theorem"" is the claim which I ...",,,0,"['Education', 'maths']",27,
FdBf44rp0LU,Calculus Made EASY! Learning Calculus,"Whether you're learning calculus or are planning to, this 13 minute video will help definitely help! More videos: ...",,,0,"['Education', 'maths']",27,
tt2DGYOi3hc,Introduction to Calculus (1 of 2: Seeing the big picture),Main site: http://www.misterwootube.com Second channel (for teachers): http://www.youtube.com/misterwootube2 Connect with ...,,,0,"['Education', 'maths']",27,
NjvwWiCYLl4,How to Make it Through Calculus (Neil deGrasse Tyson),Neil deGrasse Tyson talks about his personal struggles taking calculus and what it took for him to ultimately become successful at ...,,,0,"['Education', 'maths']",27,
NfTO8CToMkc,What is Calculus in Math? Simple Explanation with Examples,Calculus is a branch of mathematics that deals with very small changes. Calculus consists of two main segments—differential ...,,,0,"['Education', 'maths']",27,
YNstP0ESndU,Calculus 1 - Introduction to Limits,"This calculus 1 video tutorial provides an introduction to limits. It explains how to evaluate limits by direct substitution, by factoring, ...",,,0,"['Education', 'maths']",27,
rfG8ce4nNh0,"Integration and the fundamental theorem of calculus | Chapter 8, Essence of calculus",Timestamps: 0:00 - Car example 8:20 - Areas under graphs 11:18 - Fundamental theorem of calculus 16:20 - Recap 17:45 ...,,,0,"['Education', 'maths']",27,
9_3mbfchlQE,Fundamental Theorem of Calculus Explained | Outlier.org,The Fundamental Theorem of Calculus is at the heart of Calculus: it links differentiation and integration with two simple equations.,,,0,"['Education', 'maths']",27,
S0_qX4VJhMQ,"Derivative formulas through geometry | Chapter 3, Essence of calculus","Time stamps: 0:00 Intro 1:38 f(x) = x^2 4:41 f(x) = x^3 6:54 f(x) = x^n ""Power Rule"" 10:07 f(x) = 1/x 12:36 Sine 16:56 Outro Great ...",,,0,"['Education', 'maths']",27,
YG15m2VwSjA,"Visualizing the chain rule and product rule | Chapter 4, Essence of calculus",Timestamps: 0:00 - Intro 1:48 - Sum rule 4:13 - Product rule 8:41 - Chain rule 14:36 - Outro Thanks to these viewers for their ...,,,0,"['Education', 'maths']",27,
3d6DsjIBzJ4,"Taylor series | Chapter 11, Essence of calculus",Timestamps 0:00 - Approximating cos(x) 8:24 - Generalizing 13:34 - e^x 14:25 - Geometric meaning of the second term 17:13 ...,,,0,"['Education', 'maths']",27,
z6PXviT86tI,Smells Like Calculus - (Nirvana Calculus Parody),"A calculus parody of ""Smells Like Teen Spirit"" Valley View High School - 2022 Final Project for Mrs.Drabenstott's AP Calculus AB ...",,,0,"['Education', 'maths']",27,
q1iSmAh3n-c,BASIC Calculus – Understand Why Calculus is so POWERFUL!,Popular Math Courses: Math Foundations https://tabletclass-academy.teachable.com/p/foundations-math-course Math Skills ...,,,0,"['Education', 'maths']",27,
7K1sB05pE0A,"Lec 1 | MIT 18.01 Single Variable Calculus, Fall 2007","Lecture 01: Derivatives, slope, velocity, rate of change *Note: this video was revised, raising the audio levels. View the complete ...",,,0,"['Education', 'maths']",27,
s-y_lnzWQjk,The Mechanical Integrator - a machine that does calculus,"This video explains the function of the mechanical integrator, a mechanism crucial to the development of mechanical analog ...",,,0,"['Education', 'maths']",27,
N2PpRnFqnqY,Derivative as a concept | Derivatives introduction | AP Calculus AB | Khan Academy,Why we study differential calculus. Created by Sal Khan. Watch the next lesson: ...,,,0,"['Education', 'maths']",27,
tIeHLnjs5U8,Backpropagation calculus | DL4,"This one is a bit more symbol-heavy, and that's actually the point. The goal here is to represent in somewhat more formal terms the ...",,,0,"['Education', 'maths']",27,
PWTdiAYQ2Cs,Calculus explained through a story,Here is a look at the essence of calculus through the story of Bob. We use differentiation to find the slope of a curved line and then ...,,,0,"['Education', 'maths']",27,
AKmuk0OM-DM,Calculus made EASY! 5 Concepts you MUST KNOW before taking calculus!,CORRECTION - At 22:35 of the video the exponent of 1/2 should be negative once we moved it up! Be sure to check out this video ...,,,0,"['Education', 'maths']",27,
ViPNHMSUcog,Programming with Math | The Lambda Calculus,The Lambda Calculus is a tiny mathematical programming language that has the same computational power as any language ...,,,0,"['Education', 'maths']",27,
FdBf44rp0LU,Calculus Made EASY! Learning Calculus,"Whether you're learning calculus or are planning to, this 13 minute video will help definitely help! More videos: ...",,,0,"['Education', 'maths']",27,
5yfh5cf4-0w,Calculus 1 - Derivatives,This calculus 1 video tutorial provides a basic introduction into derivatives. Direct Link to Full Video: https://bit.ly/3TQg9Xz Full 1 ...,,,0,"['Education', 'maths']",27,
TzDhdvVg9_c,Calculus at a Fifth Grade Level,The foreign concepts of calculus often make it hard to jump right into learning it. If you ever wanted to dive into the world of ...,,,0,"['Education', 'maths']",27,
7ADkMuxeENc,Differential Calculus full Topic,In this video we will talk about about differential calculus.,,,0,"['Education', 'maths']",27,
GiCojsAWRj0,Calculus 1 Review - Basic Introduction,This back-to-school calculus 1 review video tutorial provides a basic introduction into a few core concepts taught in a typical AP ...,,,0,"['Education', 'maths']",27,
WjJ-kpgps1c,Understand Calculus in 10 Minutes,TabletClass Math http://www.tabletclass.com learn the basics of calculus quickly. This video is designed to introduce calculus ...,,,0,"['Education', 'maths']",27,
FnJqaIESC2s,"What does area have to do with slope? | Chapter 9, Essence of calculus",Thanks to these viewers for their contributions to translations Hebrew: Omer Tuchfeld Vietnamese: ngvutuan2811 ...,,,0,"['Education', 'maths']",27,
7vYso22bBJM,Calculus Before Physics,"We talk about taking calculus before physics. 💬 If you have questions, you can always reach me here: ...",,,0,"['Education', 'maths']",27,
5kwz7ajxfyA,ALL of calculus 3 in 8 minutes.,"0:00 Introduction 0:17 3D Space, Vectors, and Surfaces 0:44 Vector Multiplication 2:13 Limits and Derivatives of multivariable ...",,,0,"['Education', 'maths']",27,
lAlFSHSJN0s,The 7 Levels of Calculus,This video was sponsored by Brilliant. Join the free discord to chat: discord.gg/TFHqFbuYNq Join this channel to get access to ...,,,0,"['Education', 'maths']",27,
wK8WuTEc0ns,Limits and Limit Laws in Calculus,"In introducing the concept of differentiation, we investigated the behavior of some parameter in the limit of something else ...",,,0,"['Education', 'maths']",27,
hN0yBctuMqU,I Broke My Computer Over Calculus,"EDIT: Idk why I have to say this every time I have something that even remotely resembles an opinion, but yes I know this isn't the ...",,,0,"['Education', 'maths']",27,
EXG2Z1RpVwU,EASY CALCULUS Introduction – Anyone with BASIC Math skills can understand….,Math Notes: Pre-Algebra Notes: https://tabletclass-math.creator-spring.com/listing/pre-algebra-power-notes Algebra Notes: ...,,,0,"['Education', 'maths']",27,
L4d-bUcIAe4,Gravityക്ക് വേണ്ടിയുള്ള Newtonൻ്റെ കണക്കിലെ സൂത്രം. എന്താണ് Calculus? Simple Explanation.,Newton's Secret Weapon: How He Calculated Gravity! 🔥 Did you know that Newton needed a whole new branch of mathematics ...,,,0,"['Education', 'maths']",27,
rBVi_9qAKTU,"Introduction to Calculus: The Greeks, Newton, and Leibniz","You've been dreading this for a long time, but there's no getting around it! Once we wrap up algebra and trigonometry, it's time to ...",,,0,"['Education', 'maths']",27,
pMWxnjgvUQM,2Gether: U + Me = Us (Calculus),"The original music video for 2Gether's ""U + Me = Us (Calculus)"" taken directly from the now out-of-print 2001 Sony DVD.",,,0,"['Education', 'maths']",27,
WmBzmHru78w,Calculus 1 Final Exam Review,"This calculus 1 final exam review contains many multiple choice and free response problems with topics like limits, continuity, ...",,,0,"['Education', 'maths']",27,
9vKqVkMQHKk,"The paradox of the derivative | Chapter 2, Essence of calculus","Note, to illustrate my point for the target audience of a new calculus student, I discussed a hypothetical speedometer that makes ...",,,0,"['Education', 'maths']",27,
UcWsDwg1XwM,Big Picture of Calculus,Big Picture of Calculus Instructor: Gilbert Strang http://ocw.mit.edu/highlights-of-calculus License: Creative Commons BY-NC-SA ...,,,0,"['Education', 'maths']",27,
__Uw1SXPW7s,Introduction to integral calculus | Accumulation and Riemann sums | AP Calculus AB | Khan Academy,"The basic idea of Integral calculus is finding the area under a curve. To find it exactly, we can divide the area into infinite ...",,,0,"['Education', 'maths']",27,
yfajBIaDf1Q,ALL OF Calculus 1 in a nutshell.,"In this math video, I give an overview of all the topics in Calculus 1. It's certainly not meant to be learned in a 5 minute video, but ...",,,0,"['Education', 'maths']",27,
2N6A4ed8s58,Calculus 2 - Basic Integration,"This calculus 2video tutorial provides an introduction into basic integration techniques such as integration by parts, trigonometric ...",,,0,"['Education', 'maths']",27,
e7QjCL7lQM4,All the TRIG you need for calculus actually explained,"This video is all about trigonometry, focusing on reviewing everything you are likely to actually use regularly in calculus. Instead of ...",,,0,"['Education', 'maths']",27,
gMlf1ELvRzc,The Discovery That Transformed Pi,"Happy Pi Day! References: Arndt, J., & Haenel, C. (2001). Pi-unleashed. Springer Science & Business Media ...",,,0,"['Education', 'maths']",27,
Ow6Y-g4nRls,Lobotomy Kaisen: Calculus,ive got way too much free time song: Flawless - Yeat x Lil Uzi x Unharmed https://youtu.be/U-NyDt0okb0?si=yso8AWdJDG1bk4eQ ...,,,0,"['Education', 'maths']",27,
AxHvKoBj62Y,"One stream You Need, to revise Integral Calculus | JEE Main 2025",PDF Of the session:- https://drive.google.com/file/d/1xrzAAfZ84IbLR0af6VsLT-FUZ7eH6AWs/view 📖 Practice Problems for ...,,,0,"['Education', 'maths']",27,
Bjnj8-HMjIA,Multivariable Calculus Lecture 1 - Oxford Mathematics 1st Year Student Lecture,"This is the first of four lectures we are showing from our 'Multivariable Calculus' 1st year course. In the lecture, which follows on ...",,,0,"['Education', 'maths']",27,
f9-fjLyhSSc,CALCULUS 1: DERIVATIVES,"In this video, you will learn how to SOLVE DERIVATIVES. Enjoy learning! You can also check out my other videos here: Helpful for ...",,,0,"['Education', 'maths']",27,
kfF40MiS7zA,"Limits, L'Hôpital's rule, and epsilon delta definitions | Chapter 7, Essence of calculus",Timestamps 0:00 - Intro 1:17 - Formal definition of derivatives 4:52 - Epsilon delta definition 9:53 - L'Hôpital's rule 17:17 - Outro ...,,,0,"['Education', 'maths']",27,
#NAME?,आखिर क्यों जरूरी था Calculus को बनाना | Calculus the invention which changed the mathematics,"""The main duty of the historian of mathematics, as well as his fondest privilege, is to explain the humanity of mathematics, ...",,,0,"['Education', 'maths']",27,
j6I3EXiKB2A,Related Rates in Calculus,"Now that we understand differentiation, it's time to learn about all the amazing things we can do with it! First up is related rates.",,,0,"['Education', 'maths']",27,
2kyQ1YuzOBM,“Derivating” (Levitating Calculus Parody),"This is an AP Calculus project, please don't judge :) Original Song: Levitating - Dua Lipa ft. Dababy My Take: Derivating - Me ft.",,,0,"['Education', 'maths']",27,
AVWrB1vt5nM,Calculus Made EASY! Finally Understand It in Minutes!,"Think calculus is only for geniuses? 💥 Think again! In this video, I'll break down calculus at a basic level so anyone can ...",,,0,"['Education', 'maths']",27,
infTvQRD494,Basic Rules Differentiation - BASIC CALCULUS/ DIFFERENTIAL CALCULUS - Power Rule Derivative Constant,Basic Rules Differentiation - BASIC CALCULUS - DIFFERENTIAL CALCULUS #differentiation #derivatives #basiccalculus ...,,,0,"['Education', 'maths']",27,
8stueNPVl-I,Calculus for Beginners full course | Calculus for Machine learning,"Calculus, originally called infinitesimal calculus or ""the calculus of infinitesimals"", is the mathematical study of continuous change, ...",,,0,"['Education', 'maths']",27,
I3GWzXRectE,Introductory Calculus: Oxford Mathematics 1st Year Student Lecture,In our latest student lecture we would like to give you a taste of the Oxford Mathematics Student experience as it begins in its very ...,,,0,"['Education', 'maths']",27,
7gigNsz4Oe8,Calculus 2 - Full College Course,"Learn Calculus 2 in this full college course. This course was created by Dr. Linda Green, a lecturer at the University of North ...",,,0,"['Education', 'maths']",27,
3dVaOT3pQqc,The Best Way to Learn Calculus,What is the best way to learn calculus? In this video I discuss this and give you other tips for learning calculus. Do you have advice ...,,,0,"['Education', 'maths']",27,
54_XRjHhZzI,Calculus 1 Lecture 1.1: An Introduction to Limits,Calculus 1 Lecture 1.1: An Introduction to Limits.,,,0,"['Education', 'maths']",27,
JvUvxN-A5O4,Every Type of Math Explained in 9 Minutes.,Every type of math gets explained in 9 minutes. I explain interesting things that I learn. This video was inspired by The Paint ...,,,0,"['Education', 'maths']",27,
S0mXGugEifA,Calculus and Parabola,,,,0,"['Education', 'maths']",27,
YFwDVViULiA,dy/dx னா இவ்வளவு தானா? | Basics of Calculus | LMES,E-mail:- lmesacademy@gmail.com Contact :- 9884222601 ----------------------------------------------------------------------,,,0,"['Education', 'maths']",27,
AitQQu2mFm0,The Derivative - The Most Important Concept in Calculus,The derivative is one of the most fundamental and powerful concepts in all of mathematics. It is the core idea behind calculus and ...,,,0,"['Education', 'maths']",27,
5YfHYhmxdYA,Calculus I | Outlier.org,Outlier's Calculus I course is designed to make learning calculus a painless-ish and entertaining experience! With high-quality ...,,,0,"['Education', 'maths']",27,
RZ1Extuvcsw,How did newton invented calculus. isaac newton documentary.,About the origin of calculus.how did newton discovered calculus.the thought experiment of newton.brief &basic explanation of ...,,,0,"['Education', 'maths']",27,
U5TKKtfBEAE,"‘I INTEGRATE’ M/V [Calculus Village People ""YMCA"" Parody]","Missing this now that I'm in linear algebra :"") Recorded under a duvet on my bed during spring break MATH 11B: Calculus with ...",,,0,"['Education', 'maths']",27,
m2MIpDrF7Es,"What's so special about Euler's number e? | Chapter 5, Essence of calculus",Timestamps 0:00 - Motivating example 3:57 - Deriving the key proportionality property 7:36 - What is e? 8:48 - Natural logs 11:23 ...,,,0,"['Education', 'maths']",27,
DZQy2RDaSW4,Calculus is Easier than Multiplying 2 Numbers,BASIC Math Calculus – AREA of a Triangle - Understand Simple Calculus with just Basic Math! Calculus | Integration | Double ...,,,0,"['Education', 'maths']",27,
HGwLmX41cn4,CALCULUS Top 10 Must Knows (ultimate study guide),Here are the top 10 most important things to know about Calculus. This video covers topics ranging from calculating a derivative ...,,,0,"['Education', 'maths']",27,
JAf_aSIJryg,Partial Derivatives - Multivariable Calculus,This calculus 3 video tutorial explains how to find first order partial derivatives of functions with two and three variables. It provides ...,,,0,"['Education', 'maths']",27,
alUkVWVEP10,First Principles Calculus Grade 12,First Principles Calculus Grade 12 Do you need more videos? I have a complete online course with way more content.Click here: ...,,,0,"['Education', 'maths']",27,
2n41IqOMbdc,1. What is Calculus | (Hindi),why study differentiation and integration instagram : @kapoorashiesh.,,,0,"['Education', 'maths']",27,
p_di4Zn4wz4,"Differential equations, a tourist's guide | DE1","Error correction: At 6:27, the upper equation should have g/L instead of L/g. Steven Strogatz's NYT article on the math of love: ...",,,0,"['Education', 'maths']",27,
yBP69b0TQ90,Calculus Slander ft Tom And Jerry,Calculus MAth slander.,,,0,"['Education', 'maths']",27,
b4wRMQMvRy8,CALCULUS paper 2 | 2023 | Equation of the curve problem.,,,,0,"['Education', 'maths']",27,
_gypISIPOmU,Calculus Slander,Calculus is the part where people who don't like math start to find it interesting or people who like math decide to quit. All I can ...,,,0,"['Education', 'maths']",27,
_D82_Wni7w4,Calculus (Basic) WORD PROBLEM Why Calculus is so POWERFUL!,Popular Math Courses: Math Foundations https://tabletclass-academy.teachable.com/p/foundations-math-course Math Skills ...,,,0,"['Education', 'maths']",27,
KFhtxNO-zD8,"How to find the tangent line – Function, Calculus",In this math video I (Susanne) explain how to find the equation of the tangent line of the function at the point P. We use the ...,,,0,"['Education', 'maths']",27,
lx8RcYcYVuU,Optimization Problems - Calculus,"This calculus video explains how to solve optimization problems. It explains how to solve the fence along the river problem, how to ...",,,0,"['Education', 'maths']",27,
uKUzvk5_FF8,Grade 12 Calculus Lesson 1 | Finding the Derivative from First Principles | Mlungisi Nkosi,mlungisinkosi #grade12 #matric.,,,0,"['Education', 'maths']",27,
NOglHJpFpbw,Master Calculus in 30 Days: A Proven Step-by-Step Plan,"In this video I will give a 30 day plan for mastering Calculus. After 30 days you should be able to compute limits, find derivatives, ...",,,0,"['Education', 'maths']",27,
aeB5BWY0RlE,Fundamental Theorem of Calculus Part 1,This math video tutorial provides a basic introduction into the fundamental theorem of calculus part 1. It explains how to evaluate ...,,,0,"['Education', 'maths']",27,
0aBJS2D9WZU,Elite Professors Try to Humiliate a Black Student — Unaware She’s a Calculus Genius!,"Elite Professors Try to Humiliate a Black Student — Unaware She's a Calculus Genius! The professor locked eyes with Monica, ...",,,0,"['Education', 'maths']",27,
DTEDY95V9Dc,Calculus explained with a real life example in Hindi.,Calculus is explained through a real life application. After watching this video you will understand how calculus is related to our ...,,,0,"['Education', 'maths']",27,
NY3yWXWjYjA,“You know something has gone wrong when he switches to Chinese”,"This still happens, haha! Correct version: https://youtu.be/qGuKWjdAazI Proof of the curvature formula ...",,,0,"['Education', 'maths']",27,
rj_h8mo06Os,Calculus Explained For Gen-Z (Part 2),THIS VIDEO IS SPONSORED BY BRILLIANT.ORG NOTE: The limit I describe for 1/x is not actually true as it evalues to different ...,,,0,"['Education', 'maths']",27,
CEbfT68rvUo,Basic Mathematics for Physics | Differentiation Integration | NEET Special,One video of NEET Physics will be uploaded everyday at 3PM. Stay Tuned! #NEETSeries #LearnoHubNEETPhysics ...,,,0,"['Education', 'maths']",27,
aFczzFYjUec,How to do Calculus in Under 10 Minutes,How do you do calculus on under 10 minutes? In this math lesson we will look at the two things that calculus is used for: 1.,,,0,"['Education', 'maths']",27,
wPSnOqOJYM4,Explaining Gojo's Infinity with Calculus,"CHECK THE PINNED COMMENT. I made a pretty serious mistake in this video, but then I also think Gege made this mistake.",,,0,"['Education', 'maths']",27,
HaHsqDjWMLU,Chain Rule For Finding Derivatives,This calculus video tutorial explains how to find derivatives using the chain rule. This lesson contains plenty of practice problems ...,,,0,"['Education', 'maths']",27,
OsRodWubZY8,Is the Calculus Stolen from India ? - Dr. C K Raju - #IndicClips,"For related Indic Talks and Indic Courses, see Website - https://www.cisindus.org/ Facebook ...",,,0,"['Education', 'maths']",27,
UKrrX47_kmg,What is Calculus - Lesson 3 | Differentiation | Don't Memorise,"In this video, we will understand the idea of limits and differentiation. These concepts were used to find the instantaneous speed of ...",,,0,"['Education', 'maths']",27,
EPe86sveyRY,The 7 Levels of Math,Discussing the 7 levels of Math. What was your favorite and least favorite level of math? 00:00 - Intro 00:50 - Counting 01:42 ...,,,0,"['Education', 'maths']",27,
bCwZ_w9McEY,BASIC Math Calculus – AREA of a Triangle - Understand Simple Calculus with just Basic Math!,Popular Math Courses: Math Foundations https://tabletclass-academy.teachable.com/p/foundations-math-course Math Skills ...,,,0,"['Education', 'maths']",27,
fYyARMqiaag,"Calculus 1 Lecture 0.1: Lines, Angle of Inclination, and the Distance Formula","Calculus 1 Lecture 0.1: Lines, Angle of Inclination, and the Distance Formula.",,,0,"['Education', 'maths']",27,
rB83DpBJQsE,"Divergence and curl: The language of Maxwell's equations, fluid flow, and more",Timestamps 0:00 - Vector fields 2:15 - What is divergence 4:31 - What is curl 5:47 - Maxwell's equations 7:36 - Dynamic systems ...,,,0,"['Education', 'maths']",27,
hRSuQMLM-cs,Calculus Grade 12 Exam Questions,Calculus Grade 12 Exam Questions I have a complete online course with way more content.Click here: ...,,,0,"['Education', 'maths']",27,
dkl30KIN2Sk,Calculus | Integration | Equation of the normal to the curve,Struggling with Calculus and Integration? Look no further! Dive into the world of Mathematics with our comprehensive video ...,,,0,"['Education', 'maths']",27,
QVdQBMDWprg,Calculus At University Be Like...,Discord: https://discord.gg/Ap2sf3sKqg Instagram: https://www.instagram.com/mrpsolver/,,,0,"['Education', 'maths']",27,
t-wOv08p_ag,How I Used Calculus to Beat My Kids at Mario Kart,Sick of losing to your kids at Mario Kart? In this video we analyze calculus strategies for picking player and kart combinations to ...,,,0,"['Education', 'maths']",27,
aM2KyP-b4LM,"Calculus Paper 1, 2017gce and Internal",,,,0,"['Education', 'maths']",27,
#NAME?,Become GOD of Maths in 3 Months - Target IIT 🔥,"This video talks about every aspect of IIT JEE Preparation that you need to focus on. Watch this video carefully - in fact, save this ...",,,0,"['Education', 'maths']",27,
UjTTx2eYrx8,Finding The Area Under The Curve Using Definite Integrals - Calculus,This calculus video tutorial explains how to find the area under the curve using definite integrals in terms of x and y. Calculus 1 ...,,,0,"['Education', 'maths']",27,
38nDV679Hao,MATHS-FORM 4. TOPIC : CALCULUS - DIFFERENTIATION . TR. GEOFFREY ATIKA,"Watch, Elimu Live lessons, Monday-Friday 8:15am-10-15am by tuning to KUTV station (Gotv -Signet(channel 806), Bamba Tv, ...",,,0,"['Education', 'maths']",27,
UYiw2YdAuiI,Why is Calculus so important | Why Calculus appears everywhere | mystery of calculus,"Calculus is the study of how things change. It provides a framework for modeling systems in which there is change, and a way ...",,,0,"['Education', 'maths']",27,
f9-fjLyhSSc,CALCULUS 1: DERIVATIVES,"In this video, you will learn how to SOLVE DERIVATIVES. Enjoy learning! You can also check out my other videos here: Helpful for ...",,,0,"['Education', 'maths']",27,
gh8EVe2QJDU,JEE 2023 | Complete Maths Calculus Maha Revision | Arvind Kalia Sir | Vedantu,This video contains ✓ Every Most Important concept for JEE mains 2023 ✓ Well-curated questions that will revise Every Maths ...,,,0,"['Education', 'maths']",27,
infTvQRD494,Basic Rules Differentiation - BASIC CALCULUS/ DIFFERENTIAL CALCULUS - Power Rule Derivative Constant,Basic Rules Differentiation - BASIC CALCULUS - DIFFERENTIAL CALCULUS #differentiation #derivatives #basiccalculus ...,,,0,"['Education', 'maths']",27,
DQzIoPfUVII,How And Why Europeans Stole Calculus From India In The 16th Century by Dr. CK Raju,"IndianCulture #IKS #IndianHeritage Contribution of Indian Knowledge Traditions to the World, an online conference, looks to go ...",,,0,"['Education', 'maths']",27,
ly4S0oi3Yz8,But what is a partial differential equation? | DE2,Timestamps: 0:00 - Introduction 3:29 - Partial derivatives 6:52 - Building the heat equation 13:18 - ODEs vs PDEs 14:29 - The ...,,,0,"['Education', 'maths']",27,
_lh5DpKq3Ts,81 Math Symbols Explained,The language of math.,,,0,"['Education', 'maths']",27,
RMw0Li5ecu8,Mind-Blowing Calculus Problem in 60 seconds!,"In this Calculus tutorial, a challenging integration problem is solved using integration by substitution as well as integration by ...",,,0,"['Education', 'maths']",27,
tsHRBcP9x6Y,Product Rule | Differencial Calculus,The product rule is used in calculus when you are asked to take the derivative of a function that is the multiplication of a couple or ...,,,0,"['Education', 'maths']",27,
49LqdebQB3U,Basic Math Calculus – You can Understand Simple Calculus with just Basic Math!,Popular Math Courses: Math Foundations https://tabletclass-academy.teachable.com/p/foundations-math-course Math Skills ...,,,0,"['Education', 'maths']",27,
sdYdnpYn-1o,How To Integrate Using U-Substitution,This calculus video tutorial provides a basic introduction into u-substitution. It explains how to integrate using u-substitution.,,,0,"['Education', 'maths']",27,
Scxja4LMAtk,"01 - Basic Derivatives in Calculus, Part 1 - Learn what a Derivative is and how to Solve Them.",In this lesson the student will get practice taking basic derivatives in calculus 1.,,,0,"['Education', 'maths']",27,
VSqOZNULRjQ,Calculus 1 Lecture 1.2: Properties of Limits. Techniques of Limit Computation,Calculus 1 Lecture 1.2: Properties of Limits. Techniques of Limit Computation.,,,0,"['Education', 'maths']",27,
nIJQPX5kxp4,"Calculus 3 Lecture 13.1: Intro to Multivariable Functions (Domain, Sketching, Level Curves)","Calculus 3 Lecture 13.1: Intro to Multivariable Functions (Domain, Sketching, Level Curves): Working with Multivariable Functions ...",,,0,"['Education', 'maths']",27,
H9eCT6f_Ftw,Calculus 2 Lecture 6.1: The Natural Log Function,Calculus 2 Lecture 6.1: The Natural Log Function.,,,0,"['Education', 'maths']",27,
RE1qFUEq3hg,Complete Calculus One Shot Marathon by Nishant Vora 🚀 | JEE Main & Advanced,Welcome to Buland: Complete Calculus One Shot Marathon with Nishant Vora! 🌟 Master Calculus for JEE Main and JEE ...,,,0,"['Education', 'maths']",27,
DrDXMs-p5ik,STUDENT QUESTION Grade 12 Calculus Graph Interpretation | NTE,Grade 12 Cubic Graphs Student Question Thank you for supporting the channel. Question submitted by : Nompendulo Grade 12 ...,,,0,"['Education', 'maths']",27,
APRGt-zJCck,Integration Class11th | Integration for Physics | How to do Integration Physics Class12th | Calculus,"JEE #NEET To Support me in my work, You can donate using- Account no- 3288241594 Central Bank of India Branch Dabra (MP) ...",,,0,"['Education', 'maths']",27,
LGY-DjFsALc,"Implicit Differentiation Explained - Product Rule, Quotient & Chain Rule - Calculus",This calculus video tutorial explains the concept of implicit differentiation and how to use it to differentiate trig functions using the ...,,,0,"['Education', 'maths']",27,
ptWca2MD1XA,Limits of functions | Calculus,"Basic limits computations including fractions, square roots and infinity among others. Surds Video ...",,,0,"['Education', 'maths']",27,
AegzQ_dip8k,100 calculus derivatives (in one take),"Learn how to do all the derivative problems for your Calculus 1 class. You'll master the power rule, product rule, quotient rule, ...",,,0,"['Education', 'maths']",27,
4VUWIiudCk0,Limits Calculus Grade 12,Limits Calculus Grade 12 Do you need more videos? I have a complete online course with way more content.Click here: ...,,,0,"['Education', 'maths']",27,
tDPp5uWSIiU,Calculus 3 Lecture 13.6: Finding Directional Derivatives and Gradients,Calculus 3 Lecture 13.6: Finding Directional Derivatives and Gradients: How to find a Directional Derivative along the path of any ...,,,0,"['Education', 'maths']",27,
Xq0YEXPwi4Y,Derivative of Inverse Functions Examples & Practice Problems - Calculus,This calculus video tutorial explains how to find the derivative of an inverse function. It contains plenty of examples and practice ...,,,0,"['Education', 'maths']",27,
I0vDXO5FeaI,The 7 Levels of Math Symbols,Join the free discord to chat: discord.gg/TFHqFbuYNq Join this channel to get access to perks: ...,,,0,"['Education', 'maths']",27,
HvGjU4oEzyE,#15 කලනය Calculus - කලනය කියන්නේ මොකද්ද? What is Calculus?,IQ Labs covers a wide variety of topics - I suggest you check my playlists which has everything in detail. 1. How to conduct ...,,,0,"['Education', 'maths']",27,
Mw8qjfK9Ygs,What is Calculus ? | Calculus | Calculus በአማርኛ | ካልኩለስ በአማርኛ | Ethiopian Study | Ethiopian Education,Calculus | Mathematics | Calculus በአማርኛ | ካልኩለስ በአማርኛ | Ethiopian Study | Ethiopian Education Telegram ...,,,0,"['Education', 'maths']",27,
qMVrLhk1M28,Calculus | Course Introduction | Engineering Mathematics | Saad Latif,Calculus | Course Introduction | Engineering Mathematics | Saad Latif Whatsapp: 0312-2247549 #calculus ...,,,0,"['Education', 'maths']",27,
G-ti56DEXE8,You Can Learn Calculus 1 in One Video (Full Course),This is a complete College Level Calculus 1 Course. See below for links to the sections in this video. If you enjoyed this video ...,,,0,"['Education', 'maths']",27,
GyRzdTwN1jw,Liberal Calculus Professor Tries to Humiliate Elon Musk — Has No Idea He's a Math Genius!,Liberal Calculus Professor Tries to Humiliate Elon Musk — Has No Idea He's a Math Genius!,,,0,"['Education', 'maths']",27,
xt6KgxxUvFg,Calculus Class 12 Maths || 12th Math Chapter 5 Continuity and Differentiability Class 12 ||,Calculus Class 12 Maths || 12th Math Chapter 5 Continuity and Differentiability Class 12 || मैट्रिक और इंटर के ...,,,0,"['Education', 'maths']",27,
FLAm7Hqm-58,Derivatives for Beginners - Basic Introduction,This calculus video tutorial provides a basic introduction into derivatives for beginners. Here is a list of topics: Calculus 1 Final ...,,,0,"['Education', 'maths']",27,
xlD3E635IPU,Evaluating Limits - Basic Calculus,This video will demonstrate how to evaluate limits. This topic is under basic calculus wherein you need to understand the concept ...,,,0,"['Education', 'maths']",27,
i4fzRS7P7IA,CUET PG 2025 | Calculus in one shot | CUET 2025 Exam | #impetusgurukul #impetusgurukul,CUET PG 2025 | Calculus in one shot | CUET 2025 Exam | #impetusgurukul #impetusgurukul #cuetmca #impetusgurukul ...,,,0,"['Education', 'maths']",27,
WT7oxiiFYt8,"3 Step Continuity Test, Discontinuity, Piecewise Functions & Limits | Calculus",This calculus video tutorial explains how to identify points of discontinuity or to prove a function is continuous / discontinuous at a ...,,,0,"['Education', 'maths']",27,
WWv51mRpqe8,Why CALCULUS ? Need of Calculus in Hindi | Urdu,Why do we need CALCULUS? Need of calculus In this video we will see the. uses and need of Calculus Watch our previous ...,,,0,"['Education', 'maths']",27,
BhMKmovNjvc,Arthur Benjamin: Teach statistics before calculus!,"http://www.ted.com Someone always asks the math teacher, ""Am I going to use calculus in real life?"" And for most of us, says ...",,,0,"['Education', 'maths']",27,
0YeON4p0ogw,"Calculus 2 - Geometric Series, P-Series, Ratio Test, Root Test, Alternating Series, Integral Test",This calculus 2 video provides a basic review into the convergence and divergence of a series. It contains plenty of examples and ...,,,0,"['Education', 'maths']",27,
jECKhD4Drww,"Looks so simple yet my class couldn't figure it out, Reddit r/askmath",Let's figure out the limit of x/(x-1) as x goes to 1. This is a calculus from Reddit r/askmath. See the original post: ...,,,0,"['Education', 'maths']",27,
zXq94eUulZs,This is Easier to Compute than Expected! | Solving Integral Calculus in Seconds,"Dive into the world of calculus as we unravel the process of evaluating definite integral. In this tutorial, we'll guide you through: ...",,,0,"['Education', 'maths']",27,
vbtm1CtLO_0,"No such thing as ""Net Change"" and ""Total Change"" - both are bullshit concepts.","The mainstream math idiots have never understood calculus or even the reasons why it works. There is no ""rate of change"" or ...",,,0,"['Education', 'maths']",27,
J8pJv-8XWS0,82 Best PYQs of Calculus | JEE Main 2023 Math PYQs | Detailed Video Solutions,Link for Vora Classes App❤️: bit.ly/3ZfxEXK To download PDF of Top PYQs: https://bit.ly/toppyq ...,,,0,"['Education', 'maths']",27,
dgm4-3-Iv3s,100 integrals (in one take),"We will do 100 integrals in one take! Covering all integration techniques (for calculus 1 & calculus 2) including u-substitution, ...",,,0,"['Education', 'maths']",27,
om8OkTVrSbU,Differential|Calculus|Physics|Tamil|MurugaMP,Welcome to- #OpenYourMindwithMurugaMP Join Our ...,,,0,"['Education', 'maths']",27,
tXVHu4Vz1SI,Engineering Mathematics | Basic Single Variable Calculus | GATE 2023,▷ Missed Call Number for GATE related enquiry : 08069458181 ▷ Our Instagram Page : https://bit.ly/Insta_GATE 📌 Engineering ...,,,0,"['Education', 'maths']",27,
f9SJz4-UaQQ,Calculus 2 - Integral Test For Convergence and Divergence of Series,This calculus 2 video tutorial provides a basic introduction into the integral test for convergence and divergence of a series with ...,,,0,"['Education', 'maths']",27,
boFdHPFqVIw,Who invented Calculus ? India Vs England ( Part 1 ) Acharya Madhavan of Sangamgram,Know and be proud of those great ancestors of yours who gave a lot to the whole world but the world forgot them. Madhava of ...,,,0,"['Education', 'maths']",27,
0WX62F7mUUI,CALCULUS PART 1 GRADE 12 [ ISIZULU ],,,,0,"['Education', 'maths']",27,
sWSLLO3DS1I,Integration By Parts,This calculus video tutorial provides a basic introduction into integration by parts. It explains how to use integration by parts to find ...,,,0,"['Education', 'maths']",27,
PqQ5v94_NGM,"Calculus 1 Lecture 1.5: Slope of a Curve, Velocity, and Rates of Change","Calculus 1 Lecture 1.5: Slope of a Curve, Velocity, and Rates of Change.",,,0,"['Education', 'maths']",27,
V239IIoGVT8,"Relative Extrema, Local Maximum and Minimum, First Derivative Test, Critical Points- Calculus",This calculus video tutorial explains how to find the relative extrema of a function such as the local maximum and minimum values ...,,,0,"['Education', 'maths']",27,
ZkVkfIPasyg,+2 Maths |Part-7|Complete Calculus & Probability| CHSE Board Exam 24-25 #12mathematics #viralvideo,"Hello Students ,in this video you will learn about different types of questions of matrix and how to approach it . 👉Playlist of Exam ...",,,0,"['Education', 'maths']",27,
xnwoYidr40o,How Calculus Explains the World Around You,How Calculus Explains the World Around You Calculus isn't just for math class—it's everywhere around you. From pouring coffee ...,,,0,"['Education', 'maths']",27,
zEqcW4l9XEI,JEE 2024: Differential Calculus - P1 : The Main Picture | JEE Adv & Mains | JEE 2024 Course | Ep-12,JEE 2024: Differential Calculus - P1 : The Main Picture | JEE Adv & Mains | JEE 2024 Course | Ep-12 JEE 2024 Unbeatable ...,,,0,"['Education', 'maths']",27,
DNDAwWIL5FY,"Arc Length Calculus Problems,",This calculus video tutorial explains how to calculate the arc length of a curve using a definite integral formula. This video contains ...,,,0,"['Education', 'maths']",27,
zOxaUlRkFG0,Basic Integration Problems,This calculus video tutorial provides an introduction into basic integration rules. It explains how to find the antiderivative of a ...,,,0,"['Education', 'maths']",27,
PvdZM_dodvU,Maths 04 : Complete Calculus for NDA Shakti 2.0 | Defence Wallah,AFCAT Test Series 👉 https://physicswallah.onelink.me/ZAZB/0mpvop2x Ranbhoomi Test Series👉 ...,,,0,"['Education', 'maths']",27,
FIbpibkywmk,"Linear Approximation, Differentials, Tangent Line, Linearization, f(x), dy, dx - Calculus",This calculus video shows you how to find the linear approximation L(x) of a function f(x) at some point a. The linearization of f(x) is ...,,,0,"['Education', 'maths']",27,
qEVNL_uTEUw,An Introduction to Differentiation | Calculus | GCSE Further Maths | A-Level Maths Series,A video revising the techniques and strategies for working with differentiation (GCSE Further Maths & A-Level Only). This video is ...,,,0,"['Education', 'maths']",27,
9bLhLTBFg5Y,KCSE 2019 - CALCULUS - 10 MARKS,Mathematics topical revision.,,,0,"['Education', 'maths']",27,
iNBSu_iHnn0,Calculus Class 12 Maths || 12th Math Chapter 5 Continuity and Differentiability Class 12 || Part-2,Calculus Class 12 Maths || 12th Math Chapter 5 Continuity and Differentiability Class 12 || Part-2 मैट्रिक और इंटर ...,,,0,"['Education', 'maths']",27,
XOUwIdufY9Y,"the ultimate integral starter (u sub, IBP, trig sub, partial fractions & more)",Time Stamps By categories: 0:00 Intro I. Know your derivatives 1:06 II. Reverse Power Rule 8:54 III. U Sub 18:30 IV. Know the ...,,,0,"['Education', 'maths']",27,
ps-r4nti5Go,"Related Rates - Conical Tank, Ladder Angle & Shadow Problem, Circle & Sphere - Calculus",This calculus video tutorial explains how to solve related rates problems using derivatives. It shows you how to calculate the rate ...,,,0,"['Education', 'maths']",27,
pfCwRLK29h4,Vector Calculus - Line Integrals of Vector Field | Example & Solution,This video lecture of Vector Calculus - Line Integrals of Vector Field | Example & Solution will help Engineering and Basic Science ...,,,0,"['Education', 'maths']",27,
2ztT1mjPp1U,Differentiation class11 | How to do differentiation in physics class11 | Basic differential Calculus,"To Support me in my work, You can donate using- Account no- 3288241594 Central Bank of India Branch Dabra (MP) IFSC code- ...",,,0,"['Education', 'maths']",27,
ND9cEdfCFr0,Improper Integrals - Convergence and Divergence - Calculus 2,This calculus 2 video tutorial explains how to evaluate improper integrals. It explains how to determine if the integral is convergent ...,,,0,"['Education', 'maths']",27,
A6Ad7VnSlZE,DIFFERENTIAL CALCULUS LECTURE 1 STUDY OF ALL THE BASIC FORMULAS OF DIFFERENTIATION,THIS IS THE 1ST VIDEO LECTURE ON DIFFERENTIAL CALCULUS AND TODAY WE WILL STUDY ALL THE BASIC FORMULAS ...,,,0,"['Education', 'maths']",27,
oixVk-jA3vM,Calculus - Indefinite Integration | Definite Integration | Areas | Differential Equations | JEE 2025,➡️ Download the Calculus PDF Notes from here: https://vdnt.in/GvD1j ➡️⁠ Click here to Join the WAR Book your All-in-One ...,,,0,"['Education', 'maths']",27,
SAHSVg7Jw_A,Disk & Washer Method - Calculus,This calculus video tutorial explains how to use the disk method and the washer method to calculate the volume of a solid when ...,,,0,"['Education', 'maths']",27,
UID893EosM8,"Local Extrema, Critical Points, & Saddle Points of Multivariable Functions - Calculus 3",This calculus 3 video explains how to find local extreme values such as local maxima and local minima as well as how to identify ...,,,0,"['Education', 'maths']",27,
NmLljBAg82o,How To Find The Limit At Infinity,This calculus video tutorial explains how to find the limit at infinity. It covers polynomial functions and rational functions. The limit ...,,,0,"['Education', 'maths']",27,
k0z8I6HAcDg,L71. CMA Foundation Mathematics | Calculus,CMA Foundation Business Mathematics & Statistics | Complete Course 📢 🔥 Get CMA Foundation Maths and statistics Notes ...,,,0,"['Education', 'maths']",27,
_dmHLxqbXYU,Class 11 Chap 3: KINEMATICS || INTEGRATION || ||Calculus Part 02 || Mathematical Tools ||,"For PDF Notes and best Assignments visit @ http://physicswallahalakhpandey.com/ Live Classes, Video Lectures, Test Series, ...",,,0,"['Education', 'maths']",27,
jFZTphPE1Ws,Limit of Function (part 1) - Calculus and Analytic Geometry,Assalam-u-Alaikum! This video tutorial focus on the Limit of Function. Don't forget to Subscribe and hit the bell button to get ...,,,0,"['Education', 'maths']",27,
et7nT2Gu1mI,LIMITS AND DERIVATIVES | ONE SHOT CLASS 11th MATHS CHAPTER 12 | QUESTIONS/SOLUTIONS/EXERCISE/INTRO,"LIMITS AND DERIVATIVES | ONE SHOT CLASS 11 MATHS CHAPTER 12 🎯 In this one-shot video, we dive deep into Limits and ...",,,0,"['Education', 'maths']",27,
UPmW94LvVwY,"Technical Maths For Airforce, Navy, ICG | Top 150 Questions | Complete Calculus By Vishal Sir","Technical Maths For Airforce, Navy, ICG | Top 150 Questions | Airforce Maths X Group One Shot | Navy Maths Classes | ICG Maths ...",,,0,"['Education', 'maths']",27,
XvGcQU2TSos,Complete MATHS (CALCULUS) in 1 Shot - Most Important Questions + PYQs || Class-12th CBSE Exam,PLAYLISTS ✨ https://www.youtube.com/@NCERTWallahPW/playlists?view=50&sort=dd&shelf_id=2 ...,,,0,"['Education', 'maths']",27,
kJY75KhYikM,Calculus= 6 Hours ⏰ Khatam! 😱🔥 Class 12th Boards Special,"Class 12th Boards 🚀 ⚡बस 6 घंटे में पूरी Calculus खत्म! 😱🔥 Differentiation, Integration, Limits – *सबकुछ ...",,,0,"['Education', 'maths']",27,
tGVnBAHLApA,Calculus 3 Lecture 11.1: An Introduction to Vectors,"Calculus 3 Lecture 11.1: An Introduction to Vectors: Discovering Vectors with focus on adding, subtracting, position vectors, unit ...",,,0,"['Education', 'maths']",27,
UjTTx2eYrx8,Finding The Area Under The Curve Using Definite Integrals - Calculus,This calculus video tutorial explains how to find the area under the curve using definite integrals in terms of x and y. Calculus 1 ...,,,0,"['Education', 'maths']",27,
FsC3do74UIo,What is Integration? Finding the Area Under a Curve,"Ok, we've wrapped up differential calculus, so it's time to tackle integral calculus! It's definitely the trickier of the two, but don't worry ...",,,0,"['Education', 'maths']",27,
xec6HTcn2M8,Finding the Area Between Two Curves by Integration,By now we are very familiar with the concept of evaluating definite integrals to find the area under a curve. But this always gives us ...,,,0,"['Education', 'maths']",27,
PoITUGvLY8s,Using definite integrals to find the area under a curve,Check out http://www.engineer4free.com for more free engineering tutorials and math lessons! Calculus Tutorial: Using definite ...,,,0,"['Education', 'maths']",27,
FnJqaIESC2s,"What does area have to do with slope? | Chapter 9, Essence of calculus",Thanks to these viewers for their contributions to translations Hebrew: Omer Tuchfeld Vietnamese: ngvutuan2811 ...,,,0,"['Education', 'maths']",27,
E9GCFo5WHEQ,Calculus - Area under Simple Curves | Don't Memorise,#Calculus #Integration #DontMemorise #neet2024 #infinityLearnNEET #neetsyllabus #neet2025.,,,0,"['Education', 'maths']",27,
x51e3YkKbeI,Finding Areas Bounded By Curves Through Integration (Tagalog/Filipino Math),Hi guys! This video discusses the application of integral calculus which is finding the areas of region bounded by curves through ...,,,0,"['Education', 'maths']",27,
lSi9WqkI65g,Calculus Integration Area Between the Curves IB Math HL,Area between Curves: ...,,,0,"['Education', 'maths']",27,
C3DS0tqK2TY,INTEGRATION BEGINNER'S COURSE JEE 2025 / 2026 FULL PREP FROM BASICS|MATHEMATICALLY INCLINED NEHA MAM,INTEGRATION BEGINNER'S COURSE JEE 2025 / 2026 FULL PREPARATION FROM BASICS|MATHEMATICALLY INCLINED ...,,,0,"['Education', 'maths']",27,
Y3mhvgchYwY,Area Under The Curve - 😲 One Shot Concepts - Integrals - Definite Application of Integration - 1,Chat with Us For Paid Online Classes WhatsApp - 91- 84211 81217 Online Course to Crack Exam with 100% Guarantee ▻ IIT ...,,,0,"['Education', 'maths']",27,
cmMQ8bHb65U,How to Find The Area Under a Curve With Integration | A-Level Maths,In this A-Level Maths video I'll be explaining how to calculate the area under a curve through integration :) Timestamps: 0:00 Intro ...,,,0,"['Education', 'maths']",27,
c8W9_iaERnU,Areas by Integration (1 of 6: Basic area under curve),More resources available at www.misterwootube.com.,,,0,"['Education', 'maths']",27,
YTKQswb60Pw,Riemann Sums - Left Endpoints and Right Endpoints,It explains how to approximate the area under the curve using rectangles over a closed interval. It explains how to determine the ...,,,0,"['Education', 'maths']",27,
hxcUaUkzi-0,Calculus 2 - Finding the Area Under the Curve (1 of 10),In this video I will show you how to find the area under a curve. Next video in this series can be seen at: ...,,,0,"['Education', 'maths']",27,
_TDctlDRc2k,Calculus I: The area under a curve,"In this video, we discuss the idea of the area under a curve when the curve is not ""simple"" (Such as squares, rectangles etc...).",,,0,"['Education', 'maths']",27,
ox5MrhZJBAY,Finding area under a curve using integration,This video demonstrates how to find the area under a curve over a given interval using integration.,,,0,"['Education', 'maths']",27,
QLHJl2_aM5Q,Calculating the Volume of a Solid of Revolution by Integration,"We've learned how to use calculus to find the area under a curve, but areas have only two dimensions. Can we work with three ...",,,0,"['Education', 'maths']",27,
#NAME?,Area Under The Curve Problem No 1 - Applications Of Definite Integration - Diploma Maths II,Area Under The Curve Problem No 1 Video Lecture from Applications Of Definite Integration Chapter of Diploma Maths II for All ...,,,0,"['Education', 'maths']",27,
6kcr-g-rHeQ,Ex: Improper Integral Involving Rational Function to Find Area Under a Curve,This video explains how to determine the value of an improper integral to find the area under a rational function.,,,0,"['Education', 'maths']",27,
oLCG9Smetn0,Calculus: Trapezoidal rule to find area under a curve,,,,0,"['Education', 'maths']",27,
GsN--uQJy7Y,How to Integrate to find Area Under a Curve (Calculus),"Welcome to my channel, Mathematics MS Simplex. This video is about how to find the area under the curve . This is apart of ...",,,0,"['Education', 'maths']",27,
caXs1CoKjfk,Finding the Area Under a Curve using Definite Integration,A Level Maths revision tutorial video. For the full list of videos and more revision resources visit www.mathsgenie.co.uk.,,,0,"['Education', 'maths']",27,
T3McJeGuAiw,Area under and between Curves by Integration | ExamSolutions,... back ENQUIRIES AT:info@examsolutions.net When finding an area under a curve to the x-axis we use definite integration.,,,0,"['Education', 'maths']",27,
n8INiRsZzFs,Calculus: Area under the curve,,,,0,"['Education', 'maths']",27,
QLHJl2_aM5Q,Calculating the Volume of a Solid of Revolution by Integration,"We've learned how to use calculus to find the area under a curve, but areas have only two dimensions. Can we work with three ...",,,0,"['Education', 'maths']",27,
iIQ_znFbTww,Finding the Exact Area under a Curve with Riemann Sums (Calculus),Calculus 1 playlist: https://youtube.com/playlist?list=PLJZyWVLDcBJtPQJsVwZtHUOd9VO6e34k_.,,,0,"['Education', 'maths']",27,
h2Bqx9ZV48A,Finding the area under a curve using calculus | Unit 3 and 4 VCE Maths Methods,"EDIT: In example 3 in this video, I accidentally integrated 4x-x^2, when it should have been 4x-x^3. The correct answer should be ...",,,0,"['Education', 'maths']",27,
8IEZSf_AcDA,Calculus: Find the area under a curve (by using definite integrals),"We look at how we can find the area of a shaded region bounded by some curves, by using definite integrals. We do a few ...",,,0,"['Education', 'maths']",27,
1FICxdXswIs,Integral Calculus lesson 4 - How to find the area under a curve (definite integrals),In this lesson we learn how integrating an equation will give us an equation for calculating the area under the curve. We then use ...,,,0,"['Education', 'maths']",27,
q-MFZYhneSg,Integration Find Area Between Curves Application of Fundamental Theorem of Calculus Anil Kumar,Fundamental Theorem of Calculus: ...,,,0,"['Education', 'maths']",27,
IFlXeFwA_2A,BASIC Math Calculus – Understand Simple Calculus with just Basic Math in 5 minutes!,BASIC Math Calculus – AREA of a Triangle - Understand Simple Calculus with just Basic Math! Calculus | Integration | Derivative ...,,,0,"['Education', 'maths']",27,
q3ZU0GnGaxA,Area Between The Curve Problem No 1 - Applications Of Definite Integration - Diploma Maths II,Area Between The Curve Problem No 1 Video Lecture from Applications Of Definite Integration Chapter of Diploma Maths II for All ...,,,0,"['Education', 'maths']",27,
rfG8ce4nNh0,"Integration and the fundamental theorem of calculus | Chapter 8, Essence of calculus",Timestamps: 0:00 - Car example 8:20 - Areas under graphs 11:18 - Fundamental theorem of calculus 16:20 - Recap 17:45 ...,,,0,"['Education', 'maths']",27,
kyzh0UD1L-M,Find the Area with Calculus,Above are the links to the first 2 videos. Using 2 different geometry methods.,,,0,"['Education', 'maths']",27,
RKuyaKspjg4,How to Find Area Under the Curve |Integration technique| |Calculus With Analytic Geometry|,This Video Covers What You Need To Know For Area Under The Curve. Thanks to all of you who support me ...,,,0,"['Education', 'maths']",27,
hFRtIJcyFYA,Calculus: The Area Under a Curve,"In this video, we learn how to approximate the area under a curve using rectangles.",,,0,"['Education', 'maths']",27,
zyvqghYLOFI,Calculus - 5.2 Notes Example 2: Area Under a Semi-Circle,This example will teach how the definite integral can be used with areas of geometric shapes to find the area between the x-axis ...,,,0,"['Education', 'maths']",27,
XrgayOqbPoA,Area Between Two Curves using Calculus (Theory/Derivation Only),"Area Between Two Curves using Calculus (Theory/Derivation Only) If you enjoyed this video please consider liking, sharing, and ...",,,0,"['Education', 'maths']",27,
sGBy1tGr6CU,Finding the Area Under a Curve with Integration,"Here is part 2 of my area calculations. In this method, I show that an integral is an anti derivative. Using this, I find the area under ...",,,0,"['Education', 'maths']",27,
ctEpKZyxqFU,Finding The Area Using The Limit Definition & Sigma Notation,This calculus video tutorial explains how to find the area using the limit definition with sigma notation and summation formulas.,,,0,"['Education', 'maths']",27,
8DtQjeP3pB8,Calculus: How to compute for the area under the curve using integrals,This integral calculus lesson shows you how to solve for the area under the curve using definite integrals. In finding the area ...,,,0,"['Education', 'maths']",27,
U3u0PF7n-xg,Calculus: Why does integrating a function give area under its curve?,In this video I explain why integrating a function provides the area under a its curve.,,,0,"['Education', 'maths']",27,
a1x5qfOcZ0w,Integration: Area Under A Curve,Application of dance to calculus focusing on using integration to find the area under the curves formed by dance poses. Like and ...,,,0,"['Education', 'maths']",27,
DVmF0eyARSc,calculus 04-02 Area under a curve using limits,Using limits to find the area under a curve - right rectangle approximation method.,,,0,"['Education', 'maths']",27,
tPxIXNgMHfE,Area under a curve using Limit Definition,This Video shows how to find the exact area under a curve Using the limit as n approaches ininity using Sigma notation for the ...,,,0,"['Education', 'maths']",27,
ZKj7hWbkR7c,"Application of Integral, find the area of the shaded region.",,,,0,"['Education', 'maths']",27,
WsQQvHm4lSw,Understand Calculus in 35 Minutes,... perform basic integration techniques to calculate the area under the curve. Calculus Video Lessons: https://www.video-tutor.net/ ...,,,0,"['Education', 'maths']",27,
dG5jKkGJIjw,How to Find the Area Under a Curve Ft. The Math Sorcerer,"In this video, The Math Sorcerer walks us through the process of finding areas of regions that lie under the curve of a graphed ...",,,0,"['Education', 'maths']",27,
RaKah-WWTkE,"Area under a Parametric Curve | Formula, Derivation, & Example","In Calculus I, we computed the area under the curve where the curve was given as a function y=f(x). Now we extend the ideas to ...",,,0,"['Education', 'maths']",27,
3Ptc3EPC1Es,"Python, Calculus, Emacs, Find the Area Under a Curve (with Attitude)!",In this video I create a program in #Python using the IDE #Emacs to find the area under the curve. To perform the mathematical ...,,,0,"['Education', 'maths']",27,
g-l13hjukiI,Calculus II - 7.1.1 Finding The Area Under a Curve,A refresher of some basic integration for finding the area under the curve before we look at finding the area between two curves in ...,,,0,"['Education', 'maths']",27,
5g49quVFv4M,How to Find the Area of an Ellipse Using Calculus!,,,,0,"['Education', 'maths']",27,
O_TkJh8xAcM,Applied Calculus - The Area Under The Curve,This video shows how to find area under a curve using rectangles.,,,0,"['Education', 'maths']",27,
Z2_Cot9Ag4s,Areas under Curves (1 of 4: Using Rectangles with variable widths to estimate area under curves),More resources available at www.misterwootube.com.,,,0,"['Education', 'maths']",27,
iC9GtXYeULQ,Calculus 2: Integration (8 of 9) Find the Exact Area Under the Curve 3,In this video I find the exact area under f(x)=x^2+2 by using integration. Next video in the series can be seen at: ...,,,0,"['Education', 'maths']",27,
DMsBzGCNHQk,How to find area under the curve using origin,areaunderthecurve #curvefittinginorigin #sayphysics 0:00 - Introduction: How to Calculate Area Under the Curve in Origin for XRD ...,,,0,"['Education', 'maths']",27,
lQM-0Nqs9Pg,"Surface Area of Revolution By Integration Explained, Calculus Problems, Integral Formula, Examples",This calculus video tutorial explains how to find the surface area of revolution by integration. It provides plenty of examples and ...,,,0,"['Education', 'maths']",27,
XDqbYFiCwOE,Calculus 2 - Finding the Area Under the Curve (4 of 10),In this video I will show you how to find the area under a curve. Next video in this series can be seen at: ...,,,0,"['Education', 'maths']",27,
PpCMZH0O3wQ,Finding Area Between Curves,A basic example of finding the area bounded by two functions.,,,0,"['Education', 'maths']",27,
LrMHnkqg0zQ,Calculus: Estimating the Area Under the Curve Using Reimann Sums,"Lesson on using different estimations for the area under the curve -- Left end method, Right end method, Midpoint method, and ...",,,0,"['Education', 'maths']",27,
JnuFCXYhuz4,Finding The Area Bounded By Three Curves Using Definite Integrals - Calculus,This calculus video tutorial explains how to find the area bounded by three curves using definite integrals. Applications of ...,,,0,"['Education', 'maths']",27,
_tp01xs2OG0,Easy Calculus - How to find the area under a curve,A lesson on how to find the area under a curve by using an integral.,,,0,"['Education', 'maths']",27,
m1e1tK2aVuU,Area under curve using fundamental theorem of calculus.,Area under curve f(x)=8x+7 from x=11 to x=15 using fundamental theorem of calculus.,,,0,"['Education', 'maths']",27,
m-6psP0zwzw,Calculus I - 4.2.3 Find the Area Under a Curve Using the Limit Definition,"Now that we know how to approximate the area under a curve using either the left or right endpoint, and have started to develop ...",,,0,"['Education', 'maths']",27,
ADdXKowpWuo,Calc I: Net Area under curve related to Integrals,"Demonstrates how to graphically find the Net Area of an integral, given specific intervals.",,,0,"['Education', 'maths']",27,
F0uuW-I6icY,"Calculus 1 Lecture 4.3: Area Under a Curve, Limit Approach, Riemann Sums","Calculus 1 Lecture 4.3: Area Under a Curve, Limit Approach, Riemann Sums.",,,0,"['Education', 'maths']",27,
azQqtVIPDWg,Finding the Area Under a Curve,,,,0,"['Education', 'maths']",27,
l0eVNtqwSPA,Calculus 2 - Finding the Area Under the Curve (3 of 10),In this video I will show you how to find the area under a curve. Next video in this series can be seen at: ...,,,0,"['Education', 'maths']",27,
zwEoBhuyJq4,Ex: Approximate the Area Under a Curve Using Rectangles (Left Using Graph),This video explains how to use rectangles to approximate the area under a curve. The left side approximation is used.,,,0,"['Education', 'maths']",27,
WUvTyaaNkzM,The essence of calculus,"In this first video of the series, we see how unraveling the nuances of a simple geometry question can lead to integrals, derivatives ...",,,0,"['Education', 'maths']",27,
a-ruGH686-U,AREA UNDER A CURVE BY INTEGRATION AND THE SKETCHING OF CURVES.,,,,0,"['Education', 'maths']",27,
xR4AnXDBnsw,Area between a curve and the x-axis | AP Calculus AB | Khan Academy,"Based on the fundamental theorem of calculus, we can use antiderivatives to compute integrals. Created by Sal Khan. Practice ...",,,0,"['Education', 'maths']",27,
vEQa39qqZTs,Integration - area under a curve - A level maths year 1,"This video is a walkthrough of an integration question, and is aimed at 1st year A level maths. Other titles considered were: 1.",,,0,"['Education', 'maths']",27,
DNDAwWIL5FY,"Arc Length Calculus Problems,",This calculus video tutorial explains how to calculate the arc length of a curve using a definite integral formula. This video contains ...,,,0,"['Education', 'maths']",27,
jCFtJZ-DcuE,Calculus AB/BC – 8.4 Finding the Area Between Curves Expressed as Functions of x,"This lesson follows the Course and Exam Description recommended by College Board for *AP Calculus. On our website, it is ...",,,0,"['Education', 'maths']",27,
wWCT_573w8g,"Calculus: Find the area under the graph of the function over the interval given. y=x^2; [0,4]",Homework HELP! step by step solution. I have had a lot of interest about how I write on the screen. I use the Huion H950 digital ...,,,0,"['Education', 'maths']",27,
weYEp8lTkdI,How to find area under the curve using origin,nanotutes #nano #tutes #nano tutes.,,,0,"['Education', 'maths']",27,
hws_bl-edqM,Calculus 2 - Integration: Finding the Area Between Curves (19 of 22) 3 Curves,"In this video I will find the area between the 2 functions y1=(1/3)x, y=-x, and y=(-7/3)x+8. Next video in this series can be seen at: ...",,,0,"['Education', 'maths']",27,
8pqByMamHP4,"Find the centroid, calculus 2","Thank you, blackpenredpen.",,,0,"['Education', 'maths']",27,
Hzwp0a0KR8s,Calculus 2 - Finding the Area Under the Curve (7 of 10),In this video I will show you how to find the area under a curve. Next video in this series can be seen at: ...,,,0,"['Education', 'maths']",27,
ZhnOTrMp5TM,Approximating the Area Under a Curve,"In this video, I work through an example of approximating the area under a curve using left-hand endpoints, right-hand endpoints, ...",,,0,"['Education', 'maths']",27,
Gf1udetB45Y,The Area Under a Curve Problem | Calculus | 12th Grade,"This video show the Area Under a Curve Problem, the problem that defined integration. Please feel free to post your questions in ...",,,0,"['Education', 'maths']",27,
riEx7TcLfzk,Area of Parametric Curves,This calculus 2 video explains how to find the area under a curve of a parametric function. This video explains how to find the area ...,,,0,"['Education', 'maths']",27,
otA0aCjlou0,Learn Desmos: Integrals,Here's a quick video tutorial on using integrals in the Desmos Graphing Calculator (https://www.desmos.com/calculator). You can ...,,,0,"['Education', 'maths']",27,
OaCVdzr3MjM,4.2 Intro to Area Under a Curve,The area under a curve is difficult to find so we will estimate the area by using rectangles.,,,0,"['Education', 'maths']",27,
7R_DTzVHw5Y,Finding definite integrals using area formulas | AP Calculus AB | Khan Academy,"Since definite integrals are the net area between a curve and the x-axis, we can sometimes use geometric area formulas to find ...",,,0,"['Education', 'maths']",27,
GQ6cDvY8K9g,Finding Area In Polar Coordinates,This Calculus 2 video tutorial explains how to find the area of a polar curve in polar coordinates. It provides resources on how to ...,,,0,"['Education', 'maths']",27,
4bSfhRz7QV8,Approximating Area Under Curve: Right Rectangles,"This MATHguide calculus video demonstrates how to calculate the area under a curve using the right rectangle strategy. Also, a ...",,,0,"['Education', 'maths']",27,
B5441_DREY0,Horizontal area between curves | Applications of definite integrals | AP Calculus AB | Khan Academy,We can use a definite integral in terms of _ to find the horizontal area between curves of two functions of _. Practice this lesson ...,,,0,"['Education', 'maths']",27,
F8ef2wEUMZs,Area under a curve,Area under the curve.,,,0,"['Education', 'maths']",27,
KrpAZnnx0uM,Area Between Two Curves | Calculus 2 Lesson 1 - JK Math,How to Find the Area Between Two Curves (Calculus 2 Lesson 1) In this video we look at how to use definite integrals to calculate ...,,,0,"['Education', 'maths']",27,
A_vSMlXH3sg,"Surface Area of Solid of Revolution (about x-axis, formula explained)","Yes, that is the Stone Cold Steve Austin's t-shirt! ⭐️Please subscribe for more math content! ☀️support bprp on Patreon: ...",,,0,"['Education', 'maths']",27,
aRG8Ty-W4hE,Ex: Definite Integrals as Area Given a Graph (Function),This video explains how to evaluate a definite integral given the graph of a function and the area bounded by the function and the ...,,,0,"['Education', 'maths']",27,
DvRLn4CWTQ8,Curves with Multiple Crossings (1 of 5: Locating the boundaries),More resources available at www.misterwootube.com.,,,0,"['Education', 'maths']",27,
oeUE60Xf2pA,Derive the Area of a Circle Using Integration (x^2+y^2=r^2),This video explains how to derive the area formula for a circle using integration. http://mathispower4u.com.,,,0,"['Education', 'maths']",27,
Tz14rC0XvHI,Evaluating Line Integrals,"We know that we can use integrals to find the area under a curve, or double integrals to find the volume under a surface. But now ...",,,0,"['Education', 'maths']",27,
IQ4LGQRBhrc,Physics With Calculus - Basic Introduction,This video tutorial provides a basic introduction into physics with calculus. It covers derivatives such as the power rule and basic ...,,,0,"['Education', 'maths']",27,
SAHSVg7Jw_A,Disk & Washer Method - Calculus,This calculus video tutorial explains how to use the disk method and the washer method to calculate the volume of a solid when ...,,,0,"['Education', 'maths']",27,
DidtrBipEEI,Calculus 2 - Integration: Finding the Area Between Curves (17 of 22) Trigonometric Functions: Ex. 1,"In this video I will find the area bounded by y=cosx, y=sin(2x), and x=0. Next video in this series can be seen at: ...",,,0,"['Education', 'maths']",27,
36NCVHGRCqU,Finding the Area Under Sine with a Definite Integral F9,,,,0,"['Education', 'maths']",27,
SERkAlt1Wuk,Finding the Area Under a Standard Normal Curve Using the TI-84,Finding the Area Under a Standard Normal Curve Using the TI-84 Visit my channel for my Probability and Statistics Videos.,,,0,"['Education', 'maths']",27,
cG3e0Zv70fE,Calculus I: Approximating area under the curve using rectangles,,,,0,"['Education', 'maths']",27,
DPkwCOICIF4,How to Find Approximate Area Using Sigma Notation For Dummies,This video tutorial shows you how to express the area under a curve with Sigma notation (or summation notation). You can use ...,,,0,"['Education', 'maths']",27,
MNU5DT-CDrc,Calculating Volume by Cylindrical Shells,We now know one method for finding the volume of a solid of revolution. But there are tricky examples where the normal method ...,,,0,"['Education', 'maths']",27,
c7wur9Lixb0,Calculus 1 Lecture 5.1: Finding Area Between Two Curves,Calculus 1 Lecture 5.1: Finding Area Between Two Curves.,,,0,"['Education', 'maths']",27,
hQIPN7R9jM8,How to find the area under the curve(Integrals).......(Calculus) PART 12,"Hi guys I'm Anant Sharma and today i'm going to teach you how to find the area under the curve using the integral symbol , and it ...",,,0,"['Education', 'maths']",27,
5XreKMJDJsg,Midpoint Rule & Riemann Sums,This calculus video tutorial provides a basic introduction into the midpoint rule which is used to approximate the area under the ...,,,0,"['Education', 'maths']",27,
LOP8PQw-inw,Calculus Help: Find the area under the curve: y = 7 - x^2 and how to solve it,Here is the technique to solve this question and how to find #Questions #Techniques #Calculus.,,,0,"['Education', 'maths']",27,
IQ15BnVUgis,Integration (Calculus),,,,0,"['Education', 'maths']",27,
p_KApjpyBHE,Normal Distribution: Calculating Probabilities/Areas (z-table),Steps for calculating areas/probabilities using the cumulative normal distribution table: 1. Translate the score (x) into a z-score: 2.,,,0,"['Education', 'maths']",27,
YuP1GocyG0o,Calculus AB/BC – 8.5 Finding Area Between Curves Expressed as Functions of y,"This lesson follows the Course and Exam Description recommended by College Board for *AP Calculus. On our website, it is ...",,,0,"['Education', 'maths']",27,
-7sDQmvncK4,Finding Areas Under Curves [IB Math AI SL/HL],This video covers how to find the area under a curve using integration. Part of the IB Mathematics Applications & Interpretation SL ...,,,0,"['Education', 'maths']",27,
__Uw1SXPW7s,Introduction to integral calculus | Accumulation and Riemann sums | AP Calculus AB | Khan Academy,"... of Integral calculus is finding the area under a curve. To find it exactly, we can divide the area into infinite rectangles of infinitely ...",,,0,"['Education', 'maths']",27,
Rn9Gr52zhrY,Trapezoidal Rule,... a definite integral or the area under a curve. Final Exam and Test Prep Videos: https://bit.ly/41WNmI9 Applications of Integration ...,,,0,"['Education', 'maths']",27,
AX6chdrpYww,Definite integrals (area under a curve) by hand [IB Maths AA SL/HL],"If you want to get ready for your IB exams, you're welcome to join our intensive IB revision courses! We have courses in ...",,,0,"['Education', 'maths']",27,
XmbQR5G3YFY,KutaSoftware: Pre-Calc- Area Under A Curve Using Limits Of Sums,Happy learning! 💜,,,0,"['Education', 'maths']",27,
gDlesflIVNc,"University math,calculus 1, Area between two curves, Area under the curve,application of integration","University math,calculus 1, Area between two curves, Area under the curve,application of integration.",,,0,"['Education', 'maths']",27,
Tc4Ix6NmKZE,Calculus AB/BC – 6.2 Approximating Areas with Riemann Sums,"This lesson follows the Course and Exam Description recommended by College Board for *AP Calculus. On our website, it is ...",,,0,"['Education', 'maths']",27,
1p0NHR5w0Lc,Trapezoidal sums | Accumulation and Riemann sums | AP Calculus AB | Khan Academy,"... area under a curve is commonly approximated using rectangles (e.g. left, right, and midpoint Riemann sums), but it can also be ...",,,0,"['Education', 'maths']",27,
1AVtslXytRA,Area Under Graph - Corbettmaths,"This video covers what GCSE students need to know for Area under a Curve. It covers how to find the area under a curve, how to ...",,,0,"['Education', 'maths']",27,
gifQWtTWqEY,How to Set Up Double Integrals,"Double integrals can be used to find the volume under a surface, but how exactly do they work and how do you set one up?",,,0,"['Education', 'maths']",27,
Jc_vGvs_ksE,Calculus AB/BC – 8.6 Finding the Area Between Curves That Intersect at More Than Two Points,"This lesson follows the Course and Exam Description recommended by College Board for *AP Calculus. On our website, it is ...",,,0,"['Education', 'maths']",27,
qMXPnfx2MQM,Volumes Using Cross Sections - Calculus,This calculus video tutorial explains how to find the volume of a solid using cross sections perpendicular to the x-axis and y-axis ...,,,0,"['Education', 'maths']",27,
g__q9RkcOk8,A-Level Maths: H3-11 [Integration: Finding the Area between Curves and Lines Example 1],https://www.buymeacoffee.com/TLMaths Navigate all of my videos at https://www.tlmaths.com/ Like my Facebook Page: ...,,,0,"['Education', 'maths']",27,
CpOwiynESaQ,Area Enclosed Between Trigonometric Graphs,,,,0,"['Education', 'maths']",27,
QiRDywhCiyE,"Area of a region enclosed by a polar curve, #calc2final",Please subscribe for more math content! Check out my T-shirts & Hoodies: https://teespring.com/stores/blackpenredpen support ...,,,0,"['Education', 'maths']",27,
8XKzY4HBhVw,Approximating the Area Under Curve: Trapezoids,This MATHguide calculus education video explains how to approximate the area under a curve using trapezoids. The calculation ...,,,0,"['Education', 'maths']",27,
8w9l99W8ucY,Area of a Region Bounded by 3 Curves (Calculus),Thanks to all of you who support me on Patreon. You da real mvps! $1 per month helps!! :) https://www.patreon.com/patrickjmt !,,,0,"['Education', 'maths']",27,
TwKxDApaxVo,Finding Area Bounded By Two Polar Curves,This calculus 2 video tutorial explains how to find the area bounded by two polar curves. it explains how to find the area that lies ...,,,0,"['Education', 'maths']",27,
gwFa8T-PYls,"Calculus 2 - Integration: Finding the Area Between Curves (3 of 22) Ex. 3: y=sinx, y=cosx BEWARE!",In this video I will find the area bounded by the 2 functions y=sinx and y=cosx and the lines x=0 and x=pi/2. Beware of how to set ...,,,0,"['Education', 'maths']",27,
IQEUkK003Iw,Why Definite Integration gives area under the curve?,A question comes to mind - why indefinite integration gives a function but definite integration gives area under the curve. How do ...,,,0,"['Education', 'maths']",27,
CXCtqBlEZ7g,Definite integral as the limit of a Riemann sum | AP Calculus AB | Khan Academy,"Definite integrals represent the exact area under a given curve, and Riemann sums are used to approximate those areas.",,,0,"['Education', 'maths']",27,
TvHoZZqlXvk,Area under a Curve Using Sigma Notation and Limits (PreCalculus),A more challenging example of finding the area of a region using rectangles in this free math video tutorial by Mario's Math ...,,,0,"['Education', 'maths']",27,
AVSEcx68VWc,Area of Polar Curve r=1+2cos(theta),Find the area inside of the bigger loop of r=1+2cos(theta) but outside of the smaller loop. ⭐️Please subscribe for more math ...,,,0,"['Education', 'maths']",27,
RfYWywYOejg,How to Find the Area Under the Graph of a Function using the Limit Definition,"How to Find the Area Under the Graph of a Function using the Limit Definition If you enjoyed this video please consider liking, ...",,,0,"['Education', 'maths']",27,
BIzAbnG2qOw,How to Find the Area of a Shaded Region Under a Curve : Math Problems & Trigonometry,Finding the area of a shaded region under a curve requires the use of a very particular formula. Find the area of a shaded region ...,,,0,"['Education', 'maths']",27,
4ZiO_eaj9Ag,"Calculus 2 - Integration: Finding the Area Between Curves (4 of 22) Ex. 4: x=y^2, y=x-2","In this video I will find the area between the 2 functions x=y^2, y=x-2. Next video in this series in can be seen at: ...",,,0,"['Education', 'maths']",27,
nWIwplQ7b2s,How to compute the length of a curve using calculus.,"If the curve is not already a polygonal path, better approximations to the curve can be obtained by following the shape of the curve ...",,,0,"['Education', 'maths']",27,
ZxktqEfu0f0,Estimate the Area Under the Curve Using Upper and Lower Sums 1,This is Eric Hutchinson from the College of Southern Nevada. Thank you so much for watching! Please visit my website: ...,,,0,"['Education', 'maths']",27,
AkUa9Fkz2rw,"Riemann Sums - Midpoint, Left & Right Endpoints, Area, Definite Integral, Sigma Notation, Calculus","This calculus video tutorial explains how to use Riemann Sums to approximate the area under the curve using left endpoints, right ...",,,0,"['Education', 'maths']",27,
Mw3MeDLL8d4,Area of an Ellipse,This calculus 2 video tutorial explains how to find the area of an ellipse using a simple formula and how to derive the formula by ...,,,0,"['Education', 'maths']",27,
ghxEOz9rmwE,Evaluating Definite Integrals Using Geometry,"This calculus video tutorial explains how to evaluate definite integrals of linear functions, radical functions, and absolute value ...",,,0,"['Education', 'maths']",27,
4vLy5VoUcQE,Volume with cross sections: intro | Applications of integration | AP Calculus AB | Khan Academy,Using definite integration to find volume of a solid whose base is given as a region between function and whose cross sections ...,,,0,"['Education', 'maths']",27,
iPCbEOCPjIc,Calculus BC – 9.8 Find the Area of a Polar Region or the Area Bounded by a Single Polar Curve,"This lesson follows the Course and Exam Description recommended by College Board for *AP Calculus. On our website, it is ...",,,0,"['Education', 'maths']",27,
r86o36bC83E,Area under y = sin(x),,,,0,"['Education', 'maths']",27,
zo4Z7FJ8EXE,How to find area under a curve|Application of Integration|#dbmathstutoring #calculus,How to find area under a curve|Application of Integration Description for calculus Integration Integral calculus howtodifferentiate ...,,,0,"['Education', 'maths']",27,
uKxCuR3C0Kc,3-AREA UNDER A CURVE (A-LEVEL MATH),In this video i show you how to calculate the area under a curve using the method of integration. This is lesson 3 of 7 for the topic ...,,,0,"['Education', 'maths']",27,
mu4YHclzTeE,Area under the curve APPLICATION OF INTEGRALS WORD PROBLEM |CBSE / ISC CLASS XII 12th,APPLICATION OF INTEGRALS IN JUST 5 SIMPLE STEPS. WORD PROBLEMS 6 MARKS #AreaUnderTheCurve ...,,,0,"['Education', 'maths']",27,
9zv1uY5DGs0,Finding Areas using the Fundamental Theorem of Calculus,"In this video, we provide examples of computing areas under curves using integrals and the Fundamental Theorem of Calculus.",,,0,"['Education', 'maths']",27,
MQDchL33Qx8,Area between two curves (using a calculator) - AP Calculus,This video focuses on how to find the area between two curves using a calculator. I show the concept behind why we subtract the ...,,,0,"['Education', 'maths']",27,
x51e3YkKbeI,Finding Areas Bounded By Curves Through Integration (Tagalog/Filipino Math),Hi guys! This video discusses the application of integral calculus which is finding the areas of region bounded by curves through ...,,,0,"['Education', 'maths']",27,
HwuvXcxz9fg,How to Calculate Area Under the Curve in Origin,How to calculate area under the curve in origin Software- [Origin Tutorial 3]. Simple and easy way to Calculate area under the ...,,,0,"['Education', 'maths']",27,
cjG37VlQ3js,Find The Area Under Graph Using A Casio fx-CG50 (Area Under Curve | Definite Integral),Dɪsᴄᴏᴠᴇʀ Mᴏʀᴇ Aᴛ Tʜᴇ Cᴀʟᴄᴜʟᴀᴛᴏʀ Gᴜɪᴅᴇ Wᴇʙsɪᴛᴇ ➜ http://thecalculatorguide.com ⨸Gᴇᴛ A CG50 ...,,,0,"['Education', 'maths']",27,
B8WYjWiw5YM,Approximating Area Under a Graph Using Rectangles,This lesson explains how to approximate the area under a curve using left-sided and right sided rectangles.,,,0,"['Education', 'maths']",27,
8Gs5hCSdPcM,Specialist Maths | Unit 4 | Area under curve | Area between curves | Integral using trig identities,"2021 HSC Maths Extension External Assessment, Question 13c, Complex familiar: * How to determine an integral when the curve ...",,,0,"['Education', 'maths']",27,
0AKMlJPhwVs,Edexcel AS Level Maths: 13.7 Areas between Curves and Lines (Integration),Area between a curve and a line 2. Area under a curve using integration 3. Definite integrals You can show your support for the ...,,,0,"['Education', 'maths']",27,
jGTsE2w4lvI,Area Under Curve (left- and right- endpoints),,,,0,"['Education', 'maths']",27,
0_CbJcFj1ek,How to Solve Area Bounded By Curves Using Integral Calculus,"In this video, learn how to solve area bounded by curves using integral calculus. ᴄʟɪᴄᴋ ᴛʜɪꜱ ʟɪɴᴋ ᴛᴏ ᴠɪᴇᴡ ᴏᴜʀ ...",,,0,"['Education', 'maths']",27,
1Mp8Cxk-G7Y,Ex 1: Find the Area Under a Curve Using a Geometric Formula,This video determines the area under a function using the area formula for a rectangle and interprets the meaning of the area.,,,0,"['Education', 'maths']",27,
jWkYWIhiMZM,How to Integrate to Find the Area Under a Curve: Example with a Straight Line,"How to Integrate to Find the Area Under a Curve: Example with a Straight Line If you enjoyed this video please consider liking, ...",,,0,"['Education', 'maths']",27,
fsXa0cisxgQ,INTEGRAL CALCULUS QUADRATURE AREA UNDER CURVES FOR CARTESIAN CO ORDINATES LECTURE 83 A STEP BY,QUADRATURE (AREAS OF CURVES) QUADRATURE: - The process of finding the area bounded by any portion of a plane curve ...,,,0,"['Education', 'maths']",27,
MO-AExWdl4Q,Calculus Visualized - by Dennis F Davis,... 1:52:37 The constant of integration +C 1:57:26 Anti-derivative notation 1:59:59 The integral as the area under a curve (using the ...,,,0,"['Education', 'maths']",27,
Ke8W9U5SXf4,How to find the area under the curve in Excel,"How to calculate the area under the curve in Microsoft Excel. Excel is limited in native calculus functions, however it is still capable ...",,,0,"['Education', 'maths']",27,
IVBLep2sUQI,Area enclosed between curves | Calculus | Integration | Maths @basicmathssolutions510,maths #math Calculus Solved question Area enclosed between curves Area under curve Integration Integral Integrate Maths ...,,,0,"['Education', 'maths']",27,
wYndOvXkE24,Integral Calculus: Finding the Area using Vertical and Horizontal Strip,,,,0,"['Education', 'maths']",27,
Zn-EvkKnGU4,Area of a Circle Using Calculus : Class-12 chpater-8 AOI,"... area using double integration, eddie woo integration area, area under ellipse integration, integration for area under curve, ...",,,0,"['Education', 'maths']",27,
K-H86pxiBlk,Average Value of a Function on an Interval,This calculus video tutorial explains how to calculate the average value of a function over an interval and how to find the value of c ...,,,0,"['Education', 'maths']",27,
ltGWqi7lyMo,Calculus using MATLAB 25 - Integration (find the area of curve),Follow us on: Facebook: https://www.facebook.com/ElectroGramOfficial Google+ ...,,,0,"['Education', 'maths']",27,
wznyZJocud4,How to Calculate Area Under A Plotted Curve In Excel | Excel Chart,"If you're looking to learn how to calculate area under a plotted curve in Excel, then this video is for you! We'll be working with a ...",,,0,"['Education', 'maths']",27,
pQJQon7q8gI,Area bounded by a curve to the y-axis : ExamSolutions Maths Revision,"Tutorial on calculating the area bounded by a curve to the y axis Go to http://www.examsolutions.net/ for the index, playlists and ...",,,0,"['Education', 'maths']",27,
MrT3hdccoOQ,Area Between two Curves Application of Integration IB Maths HL,IB math HL Test on Integrals: ...,,,0,"['Education', 'maths']",27,
vVUfaGStGf0,How to Determine and Interpret the Area Under a Curve (without Calculus),,,,0,"['Education', 'maths']",27,
kphCDmu9oF4,Area Under Parametric Curves | Calculus 2 Lesson 42 - JK Math,How to Find Area Under Parametric Curves (Calculus 2 Lesson 42) In this video we learn how to calculate the area under plane ...,,,0,"['Education', 'maths']",27,
rVZrtlnsPok,"Python - Calculus Lesson: Area Under Curve (part 3), Left End, Right End, and Trap",David from Seattle Academy (and Electric Teaching @ www.electricteaching.com) records some of his lessons for his students to ...,,,0,"['Education', 'maths']",27,
kRN5vJLe8jA,Calculus 2 - Finding the Area Under the Curve (8 of 10) Example of Negative Area 1,In this video I will show you how to find the area under a curve with example of negative area y= 60x-6x^2 Next viedo in this series ...,,,0,"['Education', 'maths']",27,
PK7HZiFG_VI,Arc Length (formula explained),"Arc length integral formula, If you enjoy my videos, then you can click here to subscribe ...",,,0,"['Education', 'maths']",27,
__i76wOpSW0,How to Find the Area Under a Graph of a Function with the TI 84,In this video I will show you how to find the area under the graph of a function with the TI 84. I hope you find this video helpful:),,,0,"['Education', 'maths']",27,
ae1eLUjAves,"Find the Area Under the Graph of y = cos(x) over [0, pi/2]","We find the area under the graph y = cos(x) over the interval [0, pi/2]. I hope this helps someone who is learning calculus.",,,0,"['Education', 'maths']",27,
7TIbwN4_P9g,Approximating Area Under A Curve Using Rectangles and Right Endpoints,This video shows how to find the area under a curve using right endpoints.,,,0,"['Education', 'maths']",27,
ababz5feAq8,INTEGRATION (AREA UNDER A CURVE),calculus.,,,0,"['Education', 'maths']",27,
poMWImK9UIQ,Area under curve using trapezoid method,A short video for Kathleen describing the trapezoid method for computing AUC.,,,0,"['Education', 'maths']",27,
S61cPUq2Ru8,#2-Easy steps to evaluate limit for double integration,In this video you will learn about the how order of integration determine Following are the links for all the topics of double ...,,,0,"['Education', 'maths']",27,
JbEbhv8ybmE,Area Under a Curve: Introduction to Integral Calculus,In this video I discuss what the area under a curve means and show how you can sum up simple rectangle shapes and take the ...,,,0,"['Education', 'maths']",27,
xG0aLQxbQEQ,Area under the curve trick #area_under_curve #calculus #shorts #wbjee #tricks #integrals,Thanks. Happy Learning!,,,0,"['Education', 'maths']",27,
9J1nD2w_vyc,calculus and analytic geometry | bsc math calculus chapter 4 | area under a curve integration,how to find area under a curve using integration | calculus lectures in Urdu | Hindi | calculus 1 lectures in Urdu | calculus 2 lectures ...,,,0,"['Education', 'maths']",27,
g_Eq5amajr4,Calculus 2 - Integration: Finding the Area Between Curves (14 of 22) Using Symmetry,"In this video I will use symmetry to find the area between the 2 functions y1=(1/3)x+(1/3), and y2=SQRT(x-1). Next video in this ...",,,0,"['Education', 'maths']",27,
lx8RcYcYVuU,Optimization Problems - Calculus,"This calculus video explains how to solve optimization problems. It explains how to solve the fence along the river problem, how to ...",,,0,"['Education', 'maths']",27,
INZ4O1TEZbI,FINDING THE AREA BOUNDED BY THE CURVE || INTEGRAL CALCULUS,#MATHStorya.,,,0,"['Education', 'maths']",27,
0Gnk0BLuUuM,Calculus 1: Areas and Distances (Section 5.1) | Math with Professor V,"An introduction to the area problem, approximating the area under a curve using rectangles (right endpoints vs. left endpoints).",,,0,"['Education', 'maths']",27,
Lbg1M0PTy1A,Find the Volume of Any Shape Using Calculus,This was the first example that really opened my eyes to the real value of calculus. I learned it in university in my physics ...,,,0,"['Education', 'maths']",27,
B8-e9A_zy1g,Statics: Lesson 43 - Centroids by Calculus Example Problem,Top 15 Items Every Engineering Student Should Have! 1) TI 36X Pro Calculator https://amzn.to/2SRJWkQ 2) Circle/Angle Maker ...,,,0,"['Education', 'maths']",27,
WqRPFvZWF0k,Curve Sketching - First & Second Derivatives - Graphing Rational Functions & Asymptotes - Calculus,"This calculus video tutorial provides a summary of the techniques of curve sketching. It shows you how to graph polynomials, ...",,,0,"['Education', 'maths']",27,
zEEJMRsNn3I,How to calculate the area under curve in Excel,View detailed instructions here: https://spreadcheaters.com/how-to-calculate-the-area-under-curve-in-excel/,,,0,"['Education', 'maths']",27,
u107kRfLIxk,Double Integral example to find the area between 2 curves,A good introduction to double integrals. We've already worked out this area using a single integral: https://youtu.be/5xrMWehrmfg.,,,0,"['Education', 'maths']",27,
2_ZkKfT_j18,Integral Calculus | Area Between Curves (Horizontal Strips),"This is the second case for solving for the area between curves using horizontal strips. In this video, we'll see that there are ...",,,0,"['Education', 'maths']",27,
FmfxSFthzRc,Area of a Region using Limits,We discuss the RRAM right rectangular approximation method to use rectangles to find the area under a curve. 0:32 We review ...,,,0,"['Education', 'maths']",27,
dso0Gnv4WIE,How to find area under the curve x^2 using Limits,Limits Lesson: https://www.youtube.com/watch?v=XtMyndll_co&list=PLJ-ma5dJyAqpkKmYT7p8Y8qBcdI7FXBoS&index=3 Limits ...,,,0,"['Education', 'maths']",27,
NjvwWiCYLl4,How to Make it Through Calculus (Neil deGrasse Tyson),Neil deGrasse Tyson talks about his personal struggles taking calculus and what it took for him to ultimately become successful at ...,,,0,"['Education', 'maths']",27,
JSGlBHAGvy4,"Moment, Center of Mass, and Centroid - Calculus Problems",You need to find the area under the curve of the shaded region by evaluating the definite integral from a to b of [f(x)-g(x)]dx before ...,,,0,"['Education', 'maths']",27,
WV0kvv9M_vQ,Finding Area Under A Curve Using Z Scores,This video shows how to find the area under the standard normal curve using z scores.,,,0,"['Education', 'maths']",27,
1lON4n_pQ5w,Find Area of region bounded by parabolas Integration AP Calculus,Integration Partial Fractions Playlist: ...,,,0,"['Education', 'maths']",27,
024LJbuf6HU,Find the area enclosed by the two curves,"Keywords 👉 Learn how to evaluate the integral of a function. The integral, also called antiderivative, of a function, is the reverse ...",,,0,"['Education', 'maths']",27,
fMBkej6hk1Q,How to Find the Area of a Rectangle Using Calculus!,,,,0,"['Education', 'maths']",27,
9IEq5JsNtxI,Area under the curve trick | Calculus,Do you want to to know the method to find the area under the curve without integration? Here is my video in which I'll tell you a ...,,,0,"['Education', 'maths']",27,
aesw9FeSXjI,Graphing a Polynomial Equation :: Curve Sketching Using Calculus,In this video I describe the steps in the process of using Calculus to draw the graph of a polynomial function. To accurately sketch ...,,,0,"['Education', 'maths']",27,
RVWyGocQ__M,Calculus I: Definite integral by area under the curve,,,,0,"['Education', 'maths']",27,
rx2qytBuVWM,Definite integrals (area under a curve) with GDC [IB Maths AI SL/HL],"If you want to get ready for your IB exams, you're welcome to join our intensive IB revision courses! We have courses in ...",,,0,"['Education', 'maths']",27,
aeB5BWY0RlE,Fundamental Theorem of Calculus Part 1,This math video tutorial provides a basic introduction into the fundamental theorem of calculus part 1. It explains how to evaluate ...,,,0,"['Education', 'maths']",27,
jJeNqvhvKRI,Find Area under curve using integration in urdu hindi| Zahra lectures,Find Area under curve using integration in urdu hindi| Zahra lectures #area #curve #integration #zahra lectures In this video one ...,,,0,"['Education', 'maths']",27,
HXfN_5TVRXU,Area Under Polar Curves Examples | Calculus 2 - JK Math,Example Problems For How To Find Area Under Polar Curves (Calculus 2) In this video we look at practice problems of finding ...,,,0,"['Education', 'maths']",27,
rZaZTgUQO_E,How to Find a Definite Integral using Riemann Sums and the Limit Definition: Quadratic Example,In this video we go through all the steps of evaluating a definite integral using the limit process. The example chosen for this video ...,,,0,"['Education', 'maths']",27,
_s2fQ2TQXEM,Area Under Polar Curves | Calculus 2 Lesson 49 - JK Math,How to Find Area Under Polar Curves (Calculus 2 Lesson 49) In this video we learn how to calculate area under polar curves ...,,,0,"['Education', 'maths']",27,
ErO4SLwoTmw,Clear & SIMPLE Examples of Finding the Area Between Curves | Calculus | Math with Professor V,Two additional examples computing the area bounded by given curves. Need a full lecture on this lesson? Click here: ...,,,0,"['Education', 'maths']",27,
8W1WH72v_aY,Finding the area under a curve with summation notation,"I'll be honest - this problem always gets me. They seem like a simple idea, but then I often make an algebraic mistake. Here is the ...",,,0,"['Education', 'maths']",27,
7EqRRuh-5Lk,Simpson's Rule & Numerical Integration,This calculus video tutorial provides a basic introduction into Simpson's rule and numerical integration. It discusses how to ...,,,0,"['Education', 'maths']",27,
5AhiO1173To,How to find Gradient at a Point on a Curve #gradientatapoint #gradientonquadraticgraph,In this video we look at finding the gradient at a point on a curve using the tangent.,,,0,"['Education', 'maths']",27,
FzOxDuaBWEY,Calculus: A Review of Approximating Area under Curves (worksheet included!),"First 6mins or so is just a conceptual overview, so skip that if you'd like! We're talking LRAM, RRAM, MRAM, and Trapezoidal ...",,,0,"['Education', 'maths']",27,
T55OT-un5-4,Normal Distribution: Find Area Under Curve Using the TI-84 (General),This video explains how to use the TI-84 to determine area under a normal distribution curve. http://mathispower4u.com.,,,0,"['Education', 'maths']",27,
mzdWhFh3050,"Calculus 2 - Integration: Finding the Area Between Curves (1 of 22) Ex. 1: y=e^x, y=x^2, x=0, x=2","In this video I will find the area bounded by the curves y=e^x, y=x^2, x=0, x=2. Next video in this series in can be seen at: ...",,,0,"['Education', 'maths']",27,
ctkYl2YlG0M,Area under the curve trick for jee/nda/airforce #shorts #integrals #calculus,Thanks. Happy Learning!,,,0,"['Education', 'maths']",27,
eHo7UyWnCNg,Area Under Curves || Class 12th Math (Calculus) | Lecture 01,"Area Under Curves || Class 12th Math (Calculus) | Lecture 01 Hello, My dear students in this video we discuss about area ...",,,0,"['Education', 'maths']",27,
estH4XPKhVU,JEE 2021 -Area under the curve PAST YEAR QUESTIONS WITH TRICKS AND STRATEGIES,AREA UNDER THE CURVE for JEE MAINS 2021. Solve JEE Past year questions with BEST TRICKS and STRATEGIES ...,,,0,"['Education', 'maths']",27,
GNcFjFmqEc8,But why is a sphere's surface area four times its shadow?,Thanks to these viewers for their contributions to translations German: @Dat-Pudding Hebrew: Omer Tuchfeld ...,,,0,"['Education', 'maths']",27,
4-3gkpvyf5Q,Area by Integration,Step by step procedure in solving area under the curve using integral calculus. The concepts are explained clearly and I have ...,,,0,"['Education', 'maths']",27,
EU7qDtwojwU,"Calculus (video 123): Area Under Curve, Trapezoid's Rule and Google Spreadsheet (part 3)",Use Trapezoid's Rule and Google Spreadsheet to find area between function f(x) and x-axis.,,,0,"['Education', 'maths']",27,
sjSOxexIVQQ,Application of Definite Integrals - Planes Areas by Integration,Application of definite Integrals: Finding the area bounded by the curves using integration. Please subscribe to my channel.,,,0,"['Education', 'maths']",27,
iLIFV7dWDos,"Calculus: Area under curve 3: find bounds, find area","Area under curve 3: find bounds, find area, Definite integral, sine, period, unit circle, IB Math SL.",,,0,"['Education', 'maths']",27,
fz143Q03wz0,Finding Areas between Two Curves | Areas of Plane Regions Using Definite Integrals | Calculus,Basic Calculus - Integral Calculus Areas of Plane Regions Using Definite Integrals - Finding Areas between Two Curves This ...,,,0,"['Education', 'maths']",27,
UubU3U2C8WM,Double and Triple Integrals,"Remember the good old calculus days, and all that time we spent with integration? Let's go back! Oh calm down, it wasn't that bad ...",,,0,"['Education', 'maths']",27,
70NQ3ISYihw,Area Between Curves - Integrating with Respect to y,Thanks to all of you who support me on Patreon. You da real mvps! $1 per month helps!! :) https://www.patreon.com/patrickjmt !,,,0,"['Education', 'maths']",27,
SAVpWomsiVI,Ex 2: Find the Area Under a Curve Using a Geometric Formula,This video determines the area under a function using the area formula for a triangle and interprets the meaning of the area.,,,0,"['Education', 'maths']",27,
JTVNUdL7sWs,Curve Sketching - Graphing Functions Using Derivatives | Calculus,This calculus video tutorial provides a basic introduction into curve sketching. it explains how to graph polynomial functions using ...,,,0,"['Education', 'maths']",27,
FS3JxZmZnYY,How to find the Area Under the Curve | Integration (in Origin) #origin #areaunderthecurve,This video explains all about the area under the curve and integration of a curve. ============================= Thanks for ...,,,0,"['Education', 'maths']",27,
jYiT3NVABkQ,Integration | Area Under Curve | PYQ | Sahyadri Tutorials,MAHESHSIR #INTEGRATION #MATHS #PYQ Sahyadri Test Series Topic:- Integration Test Slot:- 6.00pm to 10.00pm ...,,,0,"['Education', 'maths']",27,
21PQ50L_q8k,Area Under the Curves Part I | Calculus | Class 12 maths | AOI | CBSE,In this Video I Explain How to find Area Under the Curves (Application of integration). I have provided the easiest way to tackle ...,,,0,"['Education', 'maths']",27,
cy8r7WSuT1I,Why π is in the normal distribution (beyond integral tricks),Here are several other good posts about the classic Poisson proof vcubingx: https://www.youtube.com/watch?v=9CgOthUUdw4 ...,,,0,"['Education', 'maths']",27,
6SguVH-doHY,Find Area and Missing Sides of Right Triangle,... Integration : https://payhip.com/b/8Ib2B Definite Integration + Area under the Curve : https://payhip.com/b/1gOtk Trigonometry ...,,,0,"['Education', 'maths']",27,
gHBL5Zau3NE,Normal Distribution & Probability Problems,This calculus video tutorial provides a basic introduction into normal distribution and probability. It explains how to solve normal ...,,,0,"['Education', 'maths']",27,
jO4lwddfeDA,How To Graph Polar Equations,"The full version of this precalculus video tutorial focuses on graphing polar equations. It explains how to graph circles, limacons, ...",,,0,"['Education', 'maths']",27,
KnP-pvzPa4o,Prove the Area of a Triangle using Integral Calculus,"First, you use the area formula under a function, which is equal to the integral from a to b of f(x), where f(x) is a curve of a straight ...",,,0,"['Education', 'maths']",27,
NoF8vEcQGvY,Calc I: Find area under curve for Absolute Value of a function using Geometry.,Demonstrates how to find the Total Area and Net Area between an absolute value function and the x-axis.,,,0,"['Education', 'maths']",27,
7ioD7CNpdmE,Calculus BC – 9.9 Finding the Area of the Region bounded by Two Polar Curves,"This lesson follows the Course and Exam Description recommended by College Board for *AP Calculus. On our website, it is ...",,,0,"['Education', 'maths']",27,
v7HNzT1yt9Q,AREA BOUNDED BY THE CURVE AND THE LINE || STEP BY STEP METHOD,A STEP BY STEP solution in solving for the AREA bounded by the CURVE and the LINE. Please don't forget to hit LIKE and ...,,,0,"['Education', 'maths']",27,
AwexTsDxUlA,Ex: Improper Integral Involving Function with Rational Exponent to Find Area Under Curve,This video explains how to determine the value of an improper integral to find the area under a function involving a rational ...,,,0,"['Education', 'maths']",27,
SWu_i-19Rn0,Center of Mass & Centroid Problems - Calculus,This calculus video tutorial provides a basic introduction into the center of mass of a system also known as the centroid. It explains ...,,,0,"['Education', 'maths']",27,
1uWEDEtHlC4,23 Calculus || Area Under a Given Curve (Hand Note),23 Calculus || Area Under a Given Curve (Hand Note),,,0,"['Education', 'maths']",27,
D5sT1br9soI,Shell Method - Volume of Revolution,This calculus video tutorial focuses on volumes of revolution. It explains how to calculate the volume of a solid generated by ...,,,0,"['Education', 'maths']",27,
XNTUGGAhGJA,❖ Calculus Optimization : Largest Area of a Rectangle Under a Curve ❖,Thanks to all of you who support me on Patreon. You da real mvps! $1 per month helps!! :) https://www.patreon.com/patrickjmt !,,,0,"['Education', 'maths']",27,
MM0FTzvedH4,Area between a curve and the x-axis: negative area | AP Calculus AB | Khan Academy,"With integrals, it can be helpful to introduce the notion of ""negative area"". See why! Created by Sal Khan. Practice this lesson ...",,,0,"['Education', 'maths']",27,
7EFYoQ6H7Tw,Slope and Equation of Normal & Tangent Line of Curve at Given Point - Calculus Function & Graphs,This calculus video shows you how to find the slope and the equation of the tangent line and normal line to the curve/function at a ...,,,0,"['Education', 'maths']",27,
4ROwU-LFigo,Integral calculus animation-Ep3: Area under a curve and definite integral,How to get the area under a curve? This animation shows how to find the exact area by taking infinite number of rectangles.,,,0,"['Education', 'maths']",27,
cwE5Kr2wGZo,"Calculus (video 120): Area Under Curve, Trapezoid's Rule and Google Spreadsheet (part 1)",Use Trapezoid's Rule and Google Spreadsheet to find area between function f(x) and x-axis.,,,0,"['Education', 'maths']",27,
2SVkonZPAV4,Approximating Area Under A Curve Using Rectangles and Midpoints,This video shows how to find the area under a curve using midpoints.,,,0,"['Education', 'maths']",27,
5-TKfOzwu9w,Finding The Tangent Line Equation With Derivatives - Calculus Problems,This calculus video tutorial shows you how to find the equation of a tangent line with derivatives. Techniques include the power ...,,,0,"['Education', 'maths']",27,
tZgiIo79k1E,(y.dx) or (x.dy) when to use||Area Under Curve||calculus||when to use integration (y.dx) or (x.dy),(y.dx) or (x.dy) when to use||Area Under Curve||calculus||when to use integration (y.dx) or (x.dy) #calculus #mathematics ...,,,0,"['Education', 'maths']",27,
zjTvIk9UQYk,Basic Calculus | Area Approximation Using the Riemann Sum | Definite Integral | Tagalog,RiemannSum#areaApproximation#areaApproximationUsingRiemannSum#definiteIntegral#basicCalculus#integralCalculus# ...,,,0,"['Education', 'maths']",27,
K2r0SkOy3Iw,Area Under Curve || 12th Math Calculus || Lecture 05,Area Under Curve || 12th Math Calculus || Lecture 05 Link of lecture 01 https://youtu.be/eHo7UyWnCNg Link of lecture 02 ...,,,0,"['Education', 'maths']",27,
f7slKV01ax0,"Statics: Lesson 70 - Area Moment of Inertia, Calculus Method",Top 15 Items Every Engineering Student Should Have! 1) TI 36X Pro Calculator https://amzn.to/2SRJWkQ 2) Circle/Angle Maker ...,,,0,"['Education', 'maths']",27,
8LelWM8lmkY,TI-Nspire Calculus Area Between Curves,"This video shows how to find the area of a region bounded by two curves on the graph page. Starting with OS 3.9 this is really, ...",,,0,"['Education', 'maths']",27,
u5y7xvj7dOM,How to find Area Under the Curve and Coordinate Axis Integration Calculus,Antiderivatives: https://www.youtube.com/watch?v=Y5IWE8u7ROY&list=PLJ-ma5dJyAqr3Ittn0NrMR_7_s3fomkCy&index=2 ...,,,0,"['Education', 'maths']",27,
2tuBREK_mgE,"Z-Scores, Standardization, and the Standard Normal Distribution (5.3)","Learning about Z-scores, Standardization, and the standard normal distribution will allow you to calculate the area under the ...",,,0,"['Education', 'maths']",27,
8PnfTDYflTQ,Calculus 2 - Finding the Area Under the Curve (2 of 10),In this video I will show you how to find the area under a curve. Next video in this series can be seen at: ...,,,0,"['Education', 'maths']",27,
CjF_yQ2N638,"Standard Normal Distribution Tables, Z Scores, Probability & Empirical Rule - Stats",This statistics video tutorial provides a basic introduction into standard normal distributions. It explains how to find the Z-score ...,,,0,"['Education', 'maths']",27,
X-MVjALEAN4,Calculation of area of a triangle using integration,"See all of our video tutorials at www.midnighttutor.com. Tutorial on how to use integrals to calculate the area of a triangle, ...",,,0,"['Education', 'maths']",27,
ujK-zB2ucXU,Using Limit Process to find Area under a Curve,An example is shown.,,,0,"['Education', 'maths']",27,
k4tEDFgOIEc,APPLICATION OF INTEGRALS CLASS 12 || IN KANNAD||BY PRAVEEN SIR,"... application of integrals class 12 examples # Area under curve class 12 notes, # Area of circle by integration # Area of ellipse by ...",,,0,"['Education', 'maths']",27,
KA4G9mWONvU,AREA UNDER THE NORMAL CURVE,Finding the area under the normal curve Total area of a curve is 1. Please don't forget to hit LIKE and SUBSCRIBE!,,,0,"['Education', 'maths']",27,
Fy7zQEMirY0,Finding Arc Length | Calculus 2 | Math with Professor V,Examples finding the length of a curve by integration. Full lecture video on Arc Length: https://youtu.be/89vOrDg1RAQ #arclength ...,,,0,"['Education', 'maths']",27,
nGBG05yi__E,OCR MEI Core 2 4.01 Estimating the Area Under a Curve using Rectangles,https://www.buymeacoffee.com/TLMaths Navigate all of my videos at https://www.tlmaths.com/ Like my Facebook Page: ...,,,0,"['Education', 'maths']",27,
L36Nu16FXZw,Area of Surfaces of Revolution | Calculus 2 Lesson 7 - JK Math,How to Calculate Area of Surfaces of Revolution (Calculus 2 Lesson 7) In this video we look at how to use definite integrals to ...,,,0,"['Education', 'maths']",27,
#NAME?,"Left, Right, & Midpoint Riemann Sum Formulas","This video explains the formulas for the left Riemann sum, right Riemann sum, and midpoint Riemann sum. Please subscribe to ...",,,0,"['Education', 'maths']",27,
USiKDtILhmc,Surface Area of Revolution of Parametric Equations: X-axis & Y-axis,This calculus 2 video tutorial explains how to find the surface area of revolution of parametric curves about the x-axis and about ...,,,0,"['Education', 'maths']",27,
bSx1WGhz8qA,INTEGRAL CALCULUS QUADRATURE AREA UNDER CURVES FOR CARTESIAN CO ORDINATES LECTURE 83 H STEP BY,QUADRATURE (AREAS OF CURVES) QUADRATURE: - The process of finding the area bounded by any portion of a plane curve ...,,,0,"['Education', 'maths']",27,
Gc3QvUB0PkI,Definite Integral,This calculus video tutorial provides a basic introduction into the definite integral. It explains how to evaluate the definite integral of ...,,,0,"['Education', 'maths']",27,
UNNXPxekbl8,Velocity and Position From Acceleration By Integration - Physics and Calculus,This Physics and Calculus video tutorial explains how to determine the velocity function and position function from acceleration by ...,,,0,"['Education', 'maths']",27,
db7d_a0wiUg,Double Integral & Area By Double Integration | Multiple Integral,This video lecture Double Integral & Area By Double Integral will help Engineering and Basic Science students to understand ...,,,0,"['Education', 'maths']",27,
nrVh12p8YJY,Calculus 2 - Finding the Area Under the Curve (5 of 10),In this video I will show you how to find the area under a curve. Next video in this series can be seen at: ...,,,0,"['Education', 'maths']",27,
_9Js5o5c4Lg,AOI- Area under Curve | Basic Calculus Series for JEE 2023 | Foundation & NTSE | Mayank Shukla,"In this lecture, Mayank Shukla takes a Session on AOI- Area under Curve under his new series of Basic Calculus Series for JEE ...",,,0,"['Education', 'maths']",27,
kcQmnRSsHF4,Ex 3: Find the Area Under a Curve Using a Geometric Formula,This video determines the area under a function using the area formula for a triangle and interprets the meaning of the area.,,,0,"['Education', 'maths']",27,
pvLj1s7SOtk,Finding Local Maxima and Minima by Differentiation,"What else is differentiation good for? Well if we are looking at the graph of a function, differentiation makes it super easy to find ...",,,0,"['Education', 'maths']",27,
tKL4DUASQMk,Calculus Visualized: Area Under Curve & Riemann Sums | Beautiful Math Animation,Explore the fascinating connection between Riemann sums and integration in this visually stunning mathematical animation.,,,0,"['Education', 'maths']",27,
#NAME?,Area Under Curve by Calculus in Matlab,Calculate the area under a curve in Matlab using the symbolic math toolbox.,,,0,"['Education', 'maths']",27,
ESUvyz9ll08,Quadrature:- Area under the Curve ( Integral Calculus classroom lecture 6) by Vishal Kumar Sir,"nathcoachings Introduction to quadrature, definition of quadrature, important derivations and important questions in the cartesian ...",,,0,"['Education', 'maths']",27,
rCWOdfQ3cwQ,"Definite Integral Calculus Examples, Integration - Basic Introduction, Practice Problems",This calculus video tutorial explains how to calculate the definite integral of function. It provides a basic introduction into the ...,,,0,"['Education', 'maths']",27,
HWUVJJJMwRU,How to find out area of a curve in MATLAB,This video is about finding out area of a curve using MATLAB.,,,0,"['Education', 'maths']",27,
B0MbPVsr7Zc,(CHAPTER-8) AREA UNDER CURVE🔥 || APPLICATIONS OF INTEGRATION ||IMPORTANT PYQS,Master Area Under the Curve | Short Tricks + PYQs Solved | Class 12 Integration Struggling with Application of Integration – Area ...,,,0,"['Education', 'maths']",27,
ssJbviFrCH0,How to find the area bounded by curves | Sample Problem | Integral Calculus Lesson 16,tutorjackph #integralcalculus #IntegrationByParts #tutorial #lecture Integral Calculus is the branch of calculus that deals with ...,,,0,"['Education', 'maths']",27,
ikzFqgwSs3k,Application of Integral Calculus: The Area Under a Curve,"The video covers how to calculate the area within a finite region of a curve and a straight line. Watch, like and share.",,,0,"['Education', 'maths']",27,
4GriCofiLPo,Find the area of the shaded region - calculus,areaoftheshadedregion - #calculus.,,,0,"['Education', 'maths']",27,
VmwuB8fiObE,Plot Area Between 2 Curves,,,,0,"['Education', 'maths']",27,
yaSOGR0xb90,Calculus I - 4.2.2 Approximating the Area Under a Curve,"In this video, we will approximate the area under a curve using 4, then n, rectangles. The process is lengthy, but be sure to get a ...",,,0,"['Education', 'maths']",27,
YokKp3pwVFc,"Area of a circle, formula explained",Enjoyed the video? Show your love for math by checking out our exclusive math merch! Click the link above to grab your favorite ...,,,0,"['Education', 'maths']",27,
0M0aVcI7J7o,How to Calculate the Area Under the Curve in Excel,An easy way to calculate the area under the curve by using excel.,,,0,"['Education', 'maths']",27,
grYJ95jZQlM,Estimating Area Under Curve Using Trapezoidal Method - Calculus,In this video I answer the question; How do you use the trapezoidal rule with n=4 to approximate the area between the curve ...,,,0,"['Education', 'maths']",27,
G8FGTZUPE-Q,All of Integration in 30 minutes!!! | Chapter 13 | A Level Pure Maths,A video revising the techniques and strategies required for all of the AS Level Pure Mathematics chapter on Integration that you ...,,,0,"['Education', 'maths']",27,
tM4RWc9ryx0,U-substitution With Definite Integrals,This calculus video explains how to evaluate definite integrals using u-substitution. It explains how to perform a change of ...,,,0,"['Education', 'maths']",27,
4o79_FDNcmY,Upper and Lower Sums,,,,0,"['Education', 'maths']",27,
M85_r3pZ5YA,Disk/Washer vs. Cylindrical Shell...when to use which?,There are two ways to find the volume of three dimensional objects in calculus: the disk washer method and the cylindrical shell ...,,,0,"['Education', 'maths']",27,
paaASV6phVg,Application of Definite Integrals | Problems | Length of Curve | in हिन्दी,how to find lenth of Arc or curve with application of Definite Integral is explained with the help of numericals. #Matha1 #bsc ...,,,0,"['Education', 'maths']",27,
suVcTxD9lYw,Calculus 3: Green's Theorem (18 of 21) Using Green's Theorem to Find Area,In this video I will show how Green's Theorem can sometimes be used to find area of a shape that could be difficult using ...,,,0,"['Education', 'maths']",27,
TrmQBLA4Jfg,Calculus 2 - Finding the Area Under the Curve (6 of 10),In this video I will show you how to find the area under a curve. Next video in this series can be seen at: ...,,,0,"['Education', 'maths']",27,
WadV9GNRd_0,How To Find The Equation of a Quadratic Function From a Graph,This algebra video tutorial explains how to find the equation of a quadratic function from a graph in standard form given 3 points ...,,,0,"['Education', 'maths']",27,
Bls5KnQOWkY,Understanding the Area Moment of Inertia,"The area moment of inertia (also called the second moment of area) defines the resistance of a cross-section to bending, due to ...",,,0,"['Education', 'maths']",27,
Xqp5KwLwgrI,Multiple Integral - Area by Double integral |Group B&C GYMAT201| KTU s2 Maths 2024 scheme Part 6,Group B & C GYMAT 201 Mathematics for ELECTRICAL SCIENCE AND PHYSICAL SCIENCE 2 #ktu #ktubtechmaths #ktutuition ...,,,0,"['Education', 'maths']",27,
Ij4dr_nCqf0,Find the area of the triangle | A Very Nice Geometry Problem,... Integration : https://payhip.com/b/8Ib2B Definite Integration + Area under the Curve : https://payhip.com/b/1gOtk Trigonometry ...,,,0,"['Education', 'maths']",27,
vYmemgPa87I,How to find the areas of irregular shapes (including Pick's formula),"Have you wonder how to calculate the areas of an irregular shape? Its not a rectangular, not square, not triangle... just a random ...",,,0,"['Education', 'maths']",27,
C9z3FXS7nlo,"Arc Length of a Circle Formula - Sector Area, Examples, Radians, In Terms of Pi, Trigonometry",This geometry and trigonometry video tutorial explains how to calculate the arc length of a circle using a formula given the angle ...,,,0,"['Education', 'maths']",27,
qEU2oKUNosA,Application of Integrals Class 12 Maths | NCERT Chapter 8 | CBSE JEE | One Shot |हिंदी में,Timestamps: 0:00 Introduction 0:56 Area under Simple Curve 4:21 Area has to be absolute 6:07 NCERT Example 1 13:46 NCERT ...,,,0,"['Education', 'maths']",27,
dEAk0BHBYCM,Riemann approximation introduction | Accumulation and Riemann sums | AP Calculus AB | Khan Academy,... calculus-ab/ab-integration-new/ab-6-2/v/simple-riemann-approximation-using-rectangles Approximating the area under a curve ...,,,0,"['Education', 'maths']",27,
prFyzRoCj3w,Calculus: The Area Problem,"In this video, I discuss the general problem of finding the area under a curve. Then, I give an outline and work through a couple of ...",,,0,"['Education', 'maths']",27,
hiDCX1Tfwr0,Calculus Help: Find the area under the curve y=sinx between (0; 2π),Here is the technique to solve this question and how to solve #Integral #Integration #Calculus #Formula.,,,0,"['Education', 'maths']",27,
70zQzMPNIKQ,Area of a Triangle With Vertices - Geometry,This geometry video tutorial explains how to calculate the area of a triangle given the 3 vertices or coordinates of the triangle.,,,0,"['Education', 'maths']",27,
4Ad7duRYJgU,Area Between Two Polar Curves | Calculus 2 Lesson 50 - JK Math,How to Find Area Between Two Polar Curves (Calculus 2 Lesson 50) In this video we learn how to calculate area between two ...,,,0,"['Education', 'maths']",27,
UPKkqSi6qD8,AREA UNDER CURVE | CALCULUS | NDA MATHS PREPARATION | MATHS PREPARATION FOR NDA 2021 | NDA EXAM |,AREA UNDER CURVE | CALCULUS | NDA MATHS PREPARATION | MATHS PREPARATION FOR NDA 2021 | NDA EXAM ...,,,0,"['Education', 'maths']",27,
V239IIoGVT8,"Relative Extrema, Local Maximum and Minimum, First Derivative Test, Critical Points- Calculus",This calculus video tutorial explains how to find the relative extrema of a function such as the local maximum and minimum values ...,,,0,"['Education', 'maths']",27,
Thvc2s9aUP4,Generalizing the washer method | Applications of definite integrals | AP Calculus AB | Khan Academy,Looking at the example from the last video in a more generalized way. Created by Sal Khan. Practice this lesson yourself on ...,,,0,"['Education', 'maths']",27,
MGX9Pt-XIJM,Lecture 28 | Area Between Two Curve by Using Definite Integral | Calculus in Urdu,"If you have any queries in this lecture, you can ask me in the comment section below. I have organized this series as a complete ...",,,0,"['Education', 'maths']",27,
6AZNKv_TU3Y,Centroid Of A Plane Area | Integral Calculus | Basic discussion,Hello mga Ka-Engineers This topic is all about centroid of a Plane Area. The centroid of an area can be thought of as the ...,,,0,"['Education', 'maths']",27,
IkwbG0ikJYw,Estimating areas using trapezoidal rule [IB Maths AI SL/HL],"If you want to get ready for your IB exams, you're welcome to join our intensive IB revision courses! We have courses in ...",,,0,"['Education', 'maths']",27,
HLS_cfYpJAU,Trick for area bounded by Ellipse #shorts #calculus #ellipse #gujcet #cbse #bseb #nda #bitsat #jee,Thanks. Happy Learning!,,,0,"['Education', 'maths']",27,
WhntV3539Do,Demonstrating Impulse is Area Under the Curve,... the Impulse Equation using calculus 2:08 The demonstration 2:42 Illustrating “area under the curve” Next Video: Demonstrating ...,,,0,"['Education', 'maths']",27,
o75AqTInKDU,"Indefinite Integral - Basic Integration Rules, Problems, Formulas, Trig Functions, Calculus",This calculus video tutorial explains how to find the indefinite integral of a function. It explains how to apply basic integration rules ...,,,0,"['Education', 'maths']",27,
WyIP1jlYjsk,Integral Calculus : Area Bounded by Two Curves (TAGALOG),,,,0,"['Education', 'maths']",27,
tswtT0sxnUU,PYQs on Area Under Curve | Integral Calculus| GATE 1996 to 2023 | Double Integration,This lecture explains the PYQs on Area Under Curve Double Integration Integral Calculus GATE 1996 to 2023 #gate2024 ...,,,0,"['Education', 'maths']",27,
ttGhFCfLjT0,AREA UNDER THE CURVE/ APPLICATION OF INTEGRALS 12th BOARDS CBSE/ISC 2021,Area under the curve/ Application of Integrals for CBSE/ISC Math 2021. PLAYLIST FOR VECTORS AND THREE DIMENSIONAL ...,,,0,"['Education', 'maths']",27,
iDMU5z0eMQw,How to Find Area Under the Normal Curve Using Classcalc,"In this video, I show how to use a free online graphing calculator called Classcalc to find the area under the normal curve.",,,0,"['Education', 'maths']",27,
R5-egVQ9-X0,Ex: Use Green's Theorem to Determine Area of a Region Enclosed by a Curve,This video explains how Green's Theorem can be applies to determine the area of a region enclosed by a curve.,,,0,"['Education', 'maths']",27,
VUTSkH9l6G4,Area of the Region Bounded by a Curve & a Line | Application of Integrals Class 12 Maths,"Welcome to Adda247 School, One stop solution for Class 11 and 12 Science, Commerce and Arts Students. Here we will provide ...",,,0,"['Education', 'maths']",27,
t-wOv08p_ag,How I Used Calculus to Beat My Kids at Mario Kart,Sick of losing to your kids at Mario Kart? In this video we analyze calculus strategies for picking player and kart combinations to ...,,,0,"['Education', 'maths']",27,
43mSAy0aygU,Area Under the Curves Part II | Calculus | Class 12 maths | AOI | CBSE,In this Video I Explain How to find Area Under the Curves (Application of integration). I have provided the easiest way to tackle ...,,,0,"['Education', 'maths']",27,
