id,title,description,topic_categoriesthumbnail,tags,distracting,topic_categories,category,thumbnail
WqRPFvZWF0k,Curve Sketching - First & Second Derivatives - Graphing Rational Functions & Asymptotes - Calculus,"This calculus video tutorial provides a summary of the techniques of curve sketching. It shows you how to graph polynomials, ...",,,0,"['Education', 'maths']",27,
JTVNUdL7sWs,Curve Sketching - Graphing Functions Using Derivatives | Calculus,This calculus video tutorial provides a basic introduction into curve sketching. it explains how to graph polynomial functions using ...,,,0,"['Education', 'maths']",27,
yMs3K_NUyz4,Guidelines for Curve Sketching. Part 1,"In this video, I showed how to use calculus guidelines to sketch a curve.",,,0,"['Education', 'maths']",27,
vOTTuZflAIM,Curve Sketching Using Calculus - Part 1 of 2,"austin math tutor, austin math tutoring, austin UT math tutor, austin UT calculus tutoring, justmathtutoring.com, austinmathtutor.com ...",,,0,"['Education', 'maths']",27,
aesw9FeSXjI,Graphing a Polynomial Equation :: Curve Sketching Using Calculus,In this video I describe the steps in the process of using Calculus to draw the graph of a polynomial function. To accurately sketch ...,,,0,"['Education', 'maths']",27,
5Mp04Tg2-u4,Calculus 1: Summary of Curve Sketching (Section 4.5) | Math with Professor V,"Sketching the graph of a function following the eight-step procedure of finding its: domain, intercepts, symmetry, asymptotes, ...",,,0,"['Education', 'maths']",27,
ZF17di7Tcz0,QCE Maths Methods 3&4 April Lecture,"All the content you need to revise for QCE Maths Methods 3&4, delivered by an expert presenter from our April Lectures. Access ...",,,0,"['Education', 'maths']",27,
T1PEinfzJKA,Curve Sketching w/ Calculus (Basic Example),,,,0,"['Education', 'maths']",27,
KnMRJLb6QjA,Curve Sketching Example ❖ Calculus,This video goes through 1 example of Curve Sketching typically found in a Calculus 1 course. 1st Derivative Test and 2nd ...,,,0,"['Education', 'maths']",27,
9hxrh6ToKjM,Curve Sketching | Calculus Lesson 26 - JK Math,How to Sketch Curves Using Calculus (Calculus Lesson 26) ➡️ Download My Free Calculus 1 Worksheets: ...,,,0,"['Education', 'maths']",27,
40XRHIgbwpQ,Calculus 1: Lecture 3.6 A Summary of Curve Sketching,This is a real classroom lecture on Calculus 1. I covered section 3.6 which is on summary of curve sketching. I went through one ...,,,0,"['Education', 'maths']",27,
BAH8uDH83HI,Curve Sketching Video 2 (Vertical and Slant Asymptotes),"In this video, I showed how to use teh guidelines for sketching a curve using the acronym DIALECTS.",,,0,"['Education', 'maths']",27,
m4ivJmRuPgE,Calculus 4.5 Summary of Curve Sketching,Calculus: Early Transcendentals 8th Edition by James Stewart.,,,0,"['Education', 'maths']",27,
FEwNJ2HFsB4,Curve Sketching with Asymptotes - A Step by Step Example Using Calculus,This video describes four steps that can be used to draw the graph of a rational function. An example function with both vertical ...,,,0,"['Education', 'maths']",27,
#NAME?,Guidelines to Curve Sketching - Examples Part 1: y = 2*x^2/(x^2-1),In this video I illustrate the Guidelines to Curve Sketching which I showed in my earlier video by going through a very useful ...,,,0,"['Education', 'maths']",27,
Vjg77ncz-hk,Curve Sketching as Application of differentiation,"In this video, you'll learn how to use curve sketching as an application of differentiation. By understanding how to apply ...",,,0,"['Education', 'maths']",27,
jOETy4rN-OY,【ENG】 ADD MATHS | Form 5 Chapter 2: Differentiation (Inflection point & tangent sketching method),Hi. I received a lot of enquiries regard my paid Add Maths lessons. 1) I tutoring in TTC Tuition Centre & if you are interested on my ...,,,0,"['Education', 'maths']",27,
RGjs7xmYxrQ,Equation of tangent and Sketching Graph Tips for Exponential Function MCV4U,Optimization Playlist: https://www.youtube.com/watch?v=uVYj3J57S64&list=PLJ-ma5dJyAqrrjLuTLsV_jXameW13ISoy&index=1 ...,,,0,"['Education', 'maths']",27,
h-_-qyrYcP8,Sketch walk at cross wards at kuhu krishna curve #drawing #creativestyle #art,Join me on a sketch walk as I explore the vibrant atmosphere of Crossword Bookstore at Juhu Tara with fellow urban sketchers.,,,0,"['Education', 'maths']",27,
laLXrou1VTY,Curve Sketching with Asymptotes x/(x - 2)^2 and Derivatives of Rational Function,Rational Functions Concepts: ...,,,0,"['Education', 'maths']",27,
Qu4LN5i7__A,"Calculus 1: Curve Sketching Continued--Exponential, Trig, & Log Functions | Math with Professor V","Additional examples of sketching the graphs of functions following the eight-step procedure of finding its domain, intercepts, ...",,,0,"['Education', 'maths']",27,
F1sQoFaTlj4,Master Curve Sketching with Differentiation Technique | Step-by-Step Guide,"Learn curve sketching using differentiation! In this comprehensive tutorial, we delve into the application of differentiation to ...",,,0,"['Education', 'maths']",27,
QdlypsJsAs0,Calculus 4.5 An Algorithm for Curve Sketching,"A final word on curve sketching where I review all of the key elements of finding the characteristics of a function; s and y intercepts, ...",,,0,"['Education', 'maths']",27,
xvnAkAiHQRM,Curve sketching using first and second derivatives,Sketching a Polynomial function using derivatives.,,,0,"['Education', 'maths']",27,
VdYyuDiW8sY,Curve - Sketching Guidelines ( Polynomials),"In this video, I showed how to use calculus guidelines to sketch a curve.",,,0,"['Education', 'maths']",27,
8u6woY05aL0,Calculus 1 Lecture 3.6: How to Sketch Graphs of Functions,Calculus 1 Lecture 3.6: How to Sketch Graphs of Functions.,,,0,"['Education', 'maths']",27,
1VUavSfYsvw,Given fx sketch the first and second derivative graph,Learn all about the applications of the derivative. Differentiation allows us to determine the change at a given point. We will use ...,,,0,"['Education', 'maths']",27,
eyyZsQOIme0,CALCULUS: DIFFERENTIATION (CURVE SKETCHING),curve sketching.,,,0,"['Education', 'maths']",27,
HMj8PE-u74Q,Calculus (Section 4.5) - Curve Sketching,,,,0,"['Education', 'maths']",27,
aoMN5nzl9zE,Curve sketching | Area Under the Curve | Power Up Batch | JEE Mains & Advanced | Anshul Sir,Curve sketching | Area Under the Curve | Power Up Batch | JEE Mains & Advanced | Anshul Sir WhatsApp Community ...,,,0,"['Education', 'maths']",27,
ag3pwWxZO_s,4.6 Curve Sketching,MATH 125: Calculus I Section 4.6 of the Ragowski and Adams Textbook. Video created by Joseph Brennan.,,,0,"['Education', 'maths']",27,
jAMKW7uiqWE,5 Steps to Curve Sketching,teacher: Vinod Raman (vkr1997@gmail.com) editing+intro: Sunil Subramanian (sunil.subram25@gmail.com) The intro song is ...,,,0,"['Education', 'maths']",27,
NBYGYZhxiBY,6-CURVE SKETCHING FOR QUADRATIC POLYNOMIALS (A-LEVEL MATH),"In this video, i take you through the steps required to sketch curves of quadratic polynomials. This is lesson 6 of 7 for the topic of ...",,,0,"['Education', 'maths']",27,
D4FvYWLVR0U,JEE: Area Under Curve L3 | Curve Sketching | Class 12 | Unacademy JEE | JEE Maths | Nishant Vora,ICONIC subscription - Intensify your learning curve with one on one guidance from JEE toppers as your personal coach.,,,0,"['Education', 'maths']",27,
dqtHaie-dEs,Curve Sketching - Application of differentiation,"In this video, we'll be discussing how to apply differentiation to curve sketching. By understanding how to use derivatives to sketch ...",,,0,"['Education', 'maths']",27,
LgRlxZNwp1c,Guidelines for Curve-Sketching,"In this video, I showed how to use the acronym DISLAMIC to sketch a graph.",,,0,"['Education', 'maths']",27,
2V-AhNrH5M0,Curve Sketching and Asymptotes,WEBSITE: http://www.teachertube.com A selection of past examination questions with worked solutions about sketching curves ...,,,0,"['Education', 'maths']",27,
eeId8CmC7GU,Curve Sketching 1,This video explains why curve sketching is so important and describes how to use transformations to extend the range of functions ...,,,0,"['Education', 'maths']",27,
M04CmHi88N8,Curve Sketching Using the First and Second Derivative – Geometrical Application of Calculus,"In this video, I will explain how to sketch curves using the derivative using sample exam questions under the Mathematics (2U) ...",,,0,"['Education', 'maths']",27,
Lrqef5Kp9YI,"CURVE SKETCHING, A CUBIC CURVE",,,,0,"['Education', 'maths']",27,
2XEI9I7yu38,curve sketching based on limits (3 examples),We will see how to sketch a cure based on the given limit conditions. This is a typical topic when we start learning calculus 1 and ...,,,0,"['Education', 'maths']",27,
Uy2HEJeHWZ0,Curve sketching with Deepak | OOMC,James and Deepak meet up to do some more curve sketching! These curve-sketching questions were taken from the weekly ...,,,0,"['Education', 'maths']",27,
e7HymUbfpRE,Calculus Curve Sketching From Given First and Second Derivatives,Curve Sketching Lesson: ...,,,0,"['Education', 'maths']",27,
QthW88icNQE,"IGCSE/O LEVEL Maths (NEW SYLLABUS) - Curve Sketching (Rational, Exponential and Asymptotes) - Part 2",Olevel #IGCSE #GCEOlevel #olevelmaths Support the channel: https://www.buymeacoffee.com/mathletebysaad Link to pdf: ...,,,0,"['Education', 'maths']",27,
8jPEpQyVLXM,Lesson: Curve Sketching,"In this video, we look at a very detailed example of how to do curve sketching. I outline all of the steps for you in this somewhat ...",,,0,"['Education', 'maths']",27,
FuMWdK8BO0w,Curve Sketching with Trig Functions,,,,0,"['Education', 'maths']",27,
nQrVh3uHghM,Curve Sketching Vertical Asymptotes,MathsResource.com | Functions | Curve Sketching.,,,0,"['Education', 'maths']",27,
cG2Fs-cccpk,Calculus 1 | Lecture 29 - Application Of Derivatives - Curve Sketching,Calculus 1 | Lecture 29 - Application Of Derivatives - Curve Sketching #calculus1 Welcome to Lecture 29 of Calculus 1!,,,0,"['Education', 'maths']",27,
HQRb-_RVDN4,Curve Sketching Polynomial Functions - Calculus | MCV4U,This goes over how to use the first and second derivative of a polynomial function to find intervals of increase/decrease and ...,,,0,"['Education', 'maths']",27,
MtsOlAxZ6Q0,Calculus Lecture 4.4 Concavity and Curve Sketching,,,,0,"['Education', 'maths']",27,
wDquyccgrHA,Curve Sketching 1,Sketching a cubic then performing a transformation from an unknown constant ...,,,0,"['Education', 'maths']",27,
lafYTeO2wqM,LHS Higher Mathematics - Differentiation 9 - Curve Sketching,,,,0,"['Education', 'maths']",27,
rZyWCq6ULcA,Curve Sketching H2 Math,Sketching a graph using analysis without graphic calculator? Watch this lesson video to find out! To find out more about our ...,,,0,"['Education', 'maths']",27,
YreZvGn14uY,Curve Sketching Using Calculus Example 4,This video shows how to sketch the graph of a rational function using calculus and derivatives.,,,0,"['Education', 'maths']",27,
vcP3K-lGUk4,Curve Sketching Rational Functions - Calculus | MCV4U,This goes over how to use the first and second derivative of a RATIONAL function to find intervals of increase/decrease and ...,,,0,"['Education', 'maths']",27,
Yz1m08YsD7k,Curve Sketching Steps with Asymptotes,The steps for sketching the graph of a function are discussed both pre-calculus and calculus. This is followed by a thorough ...,,,0,"['Education', 'maths']",27,
0Frz1GMJmjQ,Calculus I - Curve Sketching - PREVIEW of Lesson 42,Sketching curves using derivatives. Adding other features to the graph. Sketching graphs given a formula. For full lesson go to ...,,,0,"['Education', 'maths']",27,
tOn7ZSAntKs,Guidelines to Curve Sketching,In this video I go through important guidelines that should be followed when graphing or sketching curves. These guidelines may ...,,,0,"['Education', 'maths']",27,
bHf2-QlPYG4,Curve Sketching-Trig Functions,We graph trig functions using first and second derivative information.,,,0,"['Education', 'maths']",27,
hfkgjFf2vLU,Calculus 1: Curve Sketching,Binghamton University SUNY uses Stewart's Calculus (section 3.5).,,,0,"['Education', 'maths']",27,
B1vmsI1Z354,Apply Calculus Curve Sketching Algorithm to Graph Rational Function,Curve Sketching Lesson: ...,,,0,"['Education', 'maths']",27,
56hn-UAOTIg,Curve Sketching: First and Second Derivatives,"In this episode of AP Simplified, V goes over first and second derivatives in curve sketching. Check out the rest of the Curve ...",,,0,"['Education', 'maths']",27,
ZkERGBHbpCU,Precalculus: Curve Sketching,Precalculus: Curve Sketching.,,,0,"['Education', 'maths']",27,
9Ki0OuoTptM,Curve Sketching f(x)=x^(1/3) (x-4)^(2/3) Radical Function Effective Strategy MCV4U IBHL Math Cusp,Curve Sketching Lesson: ...,,,0,"['Education', 'maths']",27,
H4w9Eq406Tg,Radical Functions - Curve Sketching - Part 1,,,,0,"['Education', 'maths']",27,
ngExcVgErKc,Extrema and Curve Sketching part 1,This video is part of the Calculus Success Program found at www.calcsuccess.com Download the workbook and see how easy ...,,,0,"['Education', 'maths']",27,
d1Ovepemxk4,Curve Sketching: Intercepts,One of five videos covering Curve Sketching: Intercepts. This video covers both x- and y-intercepts.,,,0,"['Education', 'maths']",27,
PkloOaczh50,"CURVE SKETCHING, A QUADRATIC CURVE",calculus.,,,0,"['Education', 'maths']",27,
5U3eTYndDZA,Lecture 12 - Curve Sketching,"Lecture series on Mathematics-1 by Prof S.K.Ray, Department of Mathematics and Statistics IIT Kanpur For more details on NPTEl, ...",,,0,"['Education', 'maths']",27,
766490Oh9NM,Curve Sketching (Application of Differentiation) #applicationofdifferentiation #jonahemmanuel,"This video explains one of the application of Differentiation to Minima, Maxima and curve sketching. In this video you will learn ...",,,0,"['Education', 'maths']",27,
KAIHn_inzR8,NORTH WEST MOCK FURTHER MATHEMATICS 2002// FURTHER CURVE SKETCHING//ADVANCED CALCULUS,"In this video, you will learn the following: -Finding the points a curve cuts the coordinate axes -Finding the equations of the various ...",,,0,"['Education', 'maths']",27,
Qa4DHBHtcps,4.5 An Algorithm for Curve Sketching (Grade 12 Calculus MCV4U),Mistake at 8:01 change 6x to 4x.,,,0,"['Education', 'maths']",27,
0oUe0dvSHx0,CURVE SKETCHING PART 1 || CGCE JUNE 2021 FURTHER MATHS PAPER 2 QUESTION 9,"In this video you will learn the various procedures and steps to sketch a curve from the domain of definition, limits at the ...",,,0,"['Education', 'maths']",27,
5L95xFvi0yQ,AP Calculus BC - Curve Sketching,These notes were created by Nancy Stephenson.,,,0,"['Education', 'maths']",27,
nMo69DkgN9k,HSC Year 12 Advanced (2U) - Calculus - Curve Sketching with Differentiation Part 1,This video is the first instalment of the Calculus topic in the Year 12 Advanced syllabus covering Curve Sketching with ...,,,0,"['Education', 'maths']",27,
P77Gfyyfa3I,AP Calculus Stillwater - ( Curve Sketching ) Sketch First Derivative Graphs,How to sketch first derivative graphs.,,,0,"['Education', 'maths']",27,
1IcBGRaDfIs,Examples: Curve Sketching with Exponentials e^x and e^-x,"In this video, we look at curve sketching with the exponential function f(x)=e^x-4e^-x-5x More free math help at ...",,,0,"['Education', 'maths']",27,
E9cyo5Uxhmg,Overview of Curve Sketching | Applications of Differentiation |,Lesson 6 Overview of Curve Sketching Grade 12 Adv Chapter 4 Applications of Differentiation #curve #sketchking #differentiation ...,,,0,"['Education', 'maths']",27,
CZ_08FFFzSM,Curve Sketching with Calculus (Full Menu),A deep dive into using curve sketching with calculus.,,,0,"['Education', 'maths']",27,
iFwgAwUFo6Q,CURVE SKETCHING 1 (PURE MATHEMATICS),Curve sketching is an interesting topic in A/L Pure Mathematics. This lecture explains with example the five main steps in ...,,,0,"['Education', 'maths']",27,
jrWq9wstObo,Math 112 - 14) Curve sketching,,,,0,"['Education', 'maths']",27,
ia8Nq3lTcys,Curve Sketching given y=f(x),Main Topic: Curve Sketching #calculus #asymptotes #curve #sketch #turningpoints #intercepts #mathematics #maths #matlab ...,,,0,"['Education', 'maths']",27,
EPC729tdAqQ,Calculus - Curve Sketching using the First and Second Derivative,A description of the steps required to use the first and second derivative to sketch the graph of a polynomial equation.,,,0,"['Education', 'maths']",27,
#NAME?,10.11 - Curve Sketching With Trigonometric Functions,,,,0,"['Education', 'maths']",27,
V7P2LEmivLw,Curve Sketching-1 (Critical Point and Increasing/Decreasing),Curve Sketching Critical Point Increasing Functions Decreasing Functions.,,,0,"['Education', 'maths']",27,
m4GeiEsEzXk,Curve Sketching - 2,Sketching a curve using the first two derivatives.,,,0,"['Education', 'maths']",27,
5CluBRnu30g,Curve Sketching Using Calculus Example 1,This video shows how to sketch the graph of a degree three polynomial using calculus and derivatives.,,,0,"['Education', 'maths']",27,
JUVf7CPaFgs,Mat 153 Sec 4.4 Concavity and Curve Sketching,Concavity Points of Inflection Second Derivative Test for Local Extrema Graph Sketching.,,,0,"['Education', 'maths']",27,
oRalfmDOfIo,Chapter 4.5 - Summary of Curve Sketching,,,,0,"['Education', 'maths']",27,
SDP6lh9O0JI,A Summary of Curve Sketching,In this video we analyze the graph of a function given the graph of its derivatives.,,,0,"['Education', 'maths']",27,
VIT_-rDaIeg,3.5 Curve Sketching #3 | Calculus MCV4U | jensenmath.ca,Sketch the graph of a polynomial function using the algorithm for curve sketching: 1) State any restrictions on the domain and ...,,,0,"['Education', 'maths']",27,
cK8PteZ4NLo,Curve Sketching Rational Function Example,"If you enjoyed this video, take 30 seconds and visit https://fireflylectures.com to find hundreds of free, helpful videos.",,,0,"['Education', 'maths']",27,
XjuyNjKEAcg,Curve Sketching - 1,Using the domain of a function and its asymptotes to make a sketch.,,,0,"['Education', 'maths']",27,
2DP1K6WBGZw,008 – ALEVEL PURE MATHEMATICS| CURVE SKETCHING FOR RATIONAL FUNCTIONS| FOR SENIOR 5 & 6,"In this video, I take you through the entire topic of curve sketching for rational functions. You will be able to learn how to sketch ...",,,0,"['Education', 'maths']",27,
KyKp8yRx3rE,Curve Sketching Cube root function 3x^(1/3) with second derivative,Curve Sketching Lesson: ...,,,0,"['Education', 'maths']",27,
Kt9tTSfjcW8,Senior Math: Curve Sketching 2,Problem 2 on the curve sketching quiz is like this.,,,0,"['Education', 'maths']",27,
0ymKfV8vMMw,Higher Maths Curve Sketching from Equation,Sketch Curve after finding Stationary Points and Axes Intercepts.,,,0,"['Education', 'maths']",27,
XvUjjo27_9I,Curve sketching using table of variation,for more video go to our website www.cgce-revision.com.,,,0,"['Education', 'maths']",27,
Y52_GoNjkIQ,Analyze the Graph of Function IBSL Calculus Curve Sketching,graph_equation_relation #GCSE_functions #Precalculus_anilkumar Curve Sketching Lesson: ...,,,0,"['Education', 'maths']",27,
oUo4s7tfdZY,"Straight Line Equation & Curve Sketching || B.Sc.-I, Physical Chemistry || Mathematics for Chemists","This Lecture is the first topic of B.Sc. Part -1 (Paper-3 Physical Chemistry, Unit-I Mathematics for Chemists) of Unified Syllabus ...",,,0,"['Education', 'maths']",27,
cCRuSPnB1AU,Calculus I - Curve Sketching,For course related materials please visit http://www.nyu.edu/academics/open-education/courses/calculus-I.html.,,,0,"['Education', 'maths']",27,
#NAME?,curve sketching,Curve Sketching Maximum and Minimum Points of a Curve Form 4.,,,0,"['Education', 'maths']",27,
vSg1OxR5D7M,Curve sketching,This video shows you how to make your own closed-loop curves and sampled points along the curve using Geogebra.,,,0,"['Education', 'maths']",27,
TFurX7Umx7w,Curve Sketching - Calculus,Contact Info: ontariomathwithanna@gmail.com Grade 12 Calculus and Vectors - Unit 4 Lesson 5 #derivatives #asymptotes ...,,,0,"['Education', 'maths']",27,
tgMRQ-4beTc,Busi Calc Curve Sketching - Examples (Part 1),Busi Calc Curve Sketching - Examples (Part 1),,,0,"['Education', 'maths']",27,
ryq76Z6nJwM,Curve Sketching,,,,0,"['Education', 'maths']",27,
WPC06eDHVXw,Curve Sketching Algorithm,Learn how to sketch any curve using the first and second derivatives of functions.,,,0,"['Education', 'maths']",27,
guy8xnByO04,CURVE TRACING|ONE SHOT||ENGINEERING MATHEMATICS|PRADEEP GIRI SIR,CURVE TRACING|ONE SHOT||ENGINEERING MATHEMATICS|PRADEEP GIRI SIR #engineeringmathematics #curvetracing ...,,,0,"['Education', 'maths']",27,
ueRM6P959oc,3.6 - A Summary of Curve Sketching,,,,0,"['Education', 'maths']",27,
78AYOJExQSE,Curve Sketching - Introduction,"This is based on Singapore Secondary School Math syllabus, for students sitting for the GCE O Level or N Level at the end of their ...",,,0,"['Education', 'maths']",27,
S3MHRS_cZIc,Core 1 - Curve Sketching 2 - Reciprocal Functions y=1/x (AS Math 2015 May exam practice AQA),"www.m4ths.com GCSE and A Level Worksheets, videos and helpbooks. Full course help for Foundation and Higher GCSE 9-1 ...",,,0,"['Education', 'maths']",27,
JOu2VHktyDg,Curve Sketching Part 1 - Academy of Higher Learning,"Calculus - Curve Sketching This video is brought to you by Academy of Higher Learning. To view more videos like this, visit our ...",,,0,"['Education', 'maths']",27,
ohSBtrzEhWo,Calculus Curve Sketching Foundation with First Second Derivative Multiple Choice Questions,Curve Sketching Lesson: ...,,,0,"['Education', 'maths']",27,
wvebf65nZqI,Curve Sketching 1 Example 10,,,,0,"['Education', 'maths']",27,
P0A3JrWlgBU,AmbroLax - Curve Sketching Rap,An overview of curve sketching - most useful for Calculus and Vectors.,,,0,"['Education', 'maths']",27,
d38vYbxrKRc,Curve Sketching,Curve sketching using first and second derivatives.,,,0,"['Education', 'maths']",27,
o-O1d97k0zU,Curve Sketching: Horizontal Asymptotes and Limits at Infinity,One of a series of five videos on Curve Sketching: Horizontal Asymptotes and Limits at Infinity.,,,0,"['Education', 'maths']",27,
dqGAqYuWePs,Curve Sketching Summary Example,"In this video, some clues will be provided about the first and second derivatives (and limits) of a continuous function. We have to ...",,,0,"['Education', 'maths']",27,
KZSVIwCvtmA,Curve Sketching | Concavity | Point of Inflection || Differential Calculus in Filipino,#MATHuklasanWithSirRam #CurveSketching #DifferentialCalculusinFilipino.,,,0,"['Education', 'maths']",27,
RI5egt8GhtE,Curve sketching using Calculus,Curve sketching using Calculus.,,,0,"['Education', 'maths']",27,
q-ByBIx9-sc,Curve Sketching Made Easy in Hindi 2023,Curve Sketching Made Easy in Hindi 2023 Description:- Learn the art of curve sketching with our comprehensive lecture! Curve ...,,,0,"['Education', 'maths']",27,
gaPAVXmNrSg,CURVE SKETCHING EXPLAINED IN DETAIL,This video shows all the steps and details needed to do the curve sketching. All the steps are explained clearly in the video.,,,0,"['Education', 'maths']",27,
3pfYQqP2cao,5.5 Curve Sketching VIDEO,,,,0,"['Education', 'maths']",27,
Q37uxUdyEKU,12X1 T05 05 curve sketching 2025,Adding the tools of calculus to our curve sketching menu.,,,0,"['Education', 'maths']",27,
LhsLKjaAXfI,Dilation 1 (HSC Mathematics curve sketching for new syllabus),"Here I used one example to show you how to dilate a curve horizontally or vertically, and how to express the dilation in the ...",,,0,"['Education', 'maths']",27,
ogTVJPf2XiQ,asymptotes | asymptotes notes pdf | curve sketching | curve tracing | gurukul of sciences,asymptotes #gurukulofsciences #delhiuniversity This video lecture of asymptotes notes by dinesh Sharma will help Engineering ...,,,0,"['Education', 'maths']",27,
bIwhIKLxfvo,M9-4: curve sketching II,We go through more examples of curve sketching Download the free e-book that accompanies this playlist of instructional videos ...,,,0,"['Education', 'maths']",27,
ztmmtrQB1Zg,4.5 - Summary of Curve Sketching (Part 1),,,,0,"['Education', 'maths']",27,
iC3rH-8Unyk,Curve Sketching-3 (Concavity),"Concave up and concave down, curve sketching, inflection point, extremum points.",,,0,"['Education', 'maths']",27,
FCkNPp59dcQ,Curve Sketching,0:00 Intro 0:21 Curve Sketching 1:57 Example 1: x/(x^2+9) 25:14 Example 2: xtan(x) Source: Calculus by Stewart.,,,0,"['Education', 'maths']",27,
QoC42XF3beA,Curve sketching using 2nd Derivative,Simple steps to sketch a cubic function.,,,0,"['Education', 'maths']",27,
aMyf1kRwFlM,"IGCSE/O LEVEL Maths (NEW SYLLABUS) - Curve Sketching (Linear, Quadratic Cubic) - Part 1",Olevel #IGCSE #GCEOlevel #olevelmaths Support the channel: https://www.buymeacoffee.com/mathletebysaad Link to pdf: ...,,,0,"['Education', 'maths']",27,
0pcBRGFwx2M,Curve Sketching: Terminology,Detailed overview of the terminology of curve sketching using calculus.,,,0,"['Education', 'maths']",27,
u4O-dk4yoKA,Curve Sketching - Coffee and Calculus with Dr. Weselcouch,We sketch a curve that satisfies various properties.,,,0,"['Education', 'maths']",27,
eYVIPGBOWQ0,Calculus | Curve Sketching Examples,,,,0,"['Education', 'maths']",27,
hONWUC4sn4U,EG2 Chapter 2 Step-by-step guide to Curve Sketching,Step-by-step guide to curve sketching! Make sure you do every single step for maximum marks!,,,0,"['Education', 'maths']",27,
qrUnUIEzHc8,Curve Sketching,Reference book I used 1. Play with graphs (Amit .M.Agarwal),,,0,"['Education', 'maths']",27,
qDKTsQDH0rE,Curve Sketching Algorithm for Rational Functions with Oblique Asymptote IBSL Math AP Calculus,Curve Sketching Lesson: ...,,,0,"['Education', 'maths']",27,
aZwgY__iEaw,Curve sketching,disclaimer : this video took a long time to film and edit due to the difficulties involved when a non-techy person attempts to use ...,,,0,"['Education', 'maths']",27,
zZsqk8wwveM,"Curve Sketching of a polynomial, never seen before: mathematicaATD",Curve sketching is an important topic for any entrance. Everyone should carefully study it. The concept is easy but no book ...,,,0,"['Education', 'maths']",27,
4_pgd8f1Mvs,Calc I Lesson 20 Curve Sketching,Table of Contents: 00:31 - Steps for curve sketching 00:54 - Polynomial example 09:39 - Rational function example 18:05 ...,,,0,"['Education', 'maths']",27,
EQZ9qh8akeo,3.6 Curve Sketching,Curve Sketching.,,,0,"['Education', 'maths']",27,
Gkk6WilO_gs,1325 Sect 4.4 - Curve Sketching Techniques part 1,Sect 4.4 - Curve Sketching Techniques part 1.,,,0,"['Education', 'maths']",27,
d7c7vPz25_A,Calculus #17 - Curve Sketching & Connections,We take a look at how we can use Calculus to help us sketch very accurate graphs of any function. We also discuss the ...,,,0,"['Education', 'maths']",27,
vBLOXIfqEJ0,Curve Sketching - AP Calculus AB/BC,"A few AP multiple-choice problems involving curve sketching. Feel free to leave questions, feedback, or anything else in the ...",,,0,"['Education', 'maths']",27,
J3PMWxrZKY0,Graph the graph of a function in 7 steps | Curve sketching in Calculus in urdu hindi | Lec 10,"In this lecture, we will discuss, how to sketch the graph of any function? --------------------------------------------------------------- 𝙈𝙤𝙧𝙚 ...",,,0,"['Education', 'maths']",27,
BObezLecGNc,Concavity and Curve Sketching,,,,0,"['Education', 'maths']",27,
q10KxBh2QtE,Curve Sketching,Graph any function using the first and second derivative.,,,0,"['Education', 'maths']",27,
QP-mPEIspDQ,Curve sketching - Translation of X-axis on Standard graphs SPM & IGCSE | Part 3,Video explains How to move the X-axis up and down.,,,0,"['Education', 'maths']",27,
EFxv2r9gwtc,DE1-MEM: Curve Sketching,"In this lecture we work through the steps required to sketch a function. Bonus info: Domain: (-inf,2)u(2,inf) Range: (-inf ...",,,0,"['Education', 'maths']",27,
T2R3Qp3zt5k,further curve sketching,This video talks about further curve sketching.,,,0,"['Education', 'maths']",27,
iq81zaIyd2k,8.5 - Curve Sketching,,,,0,"['Education', 'maths']",27,
t74lu82FrNc,3.6 A Summary of Curve Sketching,AP Calculus.,,,0,"['Education', 'maths']",27,
crHWbnODLk8,Curve sketching - Standard graphs SPM & IGCSE | Part 1,"Standard graphs is the basic shape of graphs that all students, should memories before manipulate the shape of the graph ...",,,0,"['Education', 'maths']",27,
gFa7ipk31-0,Radical Functions - Curve Sketching - Part 2,,,,0,"['Education', 'maths']",27,
lhZu62CVBgk,Curve Sketching 1 Using Derivatives,Title: Curve Sketching Made Easy: Derivatives Tests Overview Description: Unleash your curve sketching prowess with this ...,,,0,"['Education', 'maths']",27,
7skAg0v5t0A,"Calculus - 1, Lecture # 18 (Simple Curve Sketching)","This is another VIDEO of the NEW Playlist called: ""Calculus - 1 Lectures"". This video is Lecture # 18 of this series, and it is about ...",,,0,"['Education', 'maths']",27,
bVM480qC2kc,AP Calculus: Curve Sketching,,,,0,"['Education', 'maths']",27,
uAOuFbUe4FI,Curve Sketching Using Derivatives and Other Features 1,,,,0,"['Education', 'maths']",27,
D9oEk98xdlM,3 6 A Summary of Curve Sketching,,,,0,"['Education', 'maths']",27,
adXrLTsCr_8,Curve sketching,Pure maths 4 coordinate Geometry example 6 video 6.,,,0,"['Education', 'maths']",27,
-1uK-fnSPO0,GRADE 12 MATHS CALCULUS - CURVE SKETCHING AND INTERPRETATION,LEARN HOW TO SKETCH A CUBIC FUNCTION IN THIS EASY TO FOLLOW VIDEO.,,,0,"['Education', 'maths']",27,
448iaucumPk,Class 11 maths Curve sketching part 2,,,,0,"['Education', 'maths']",27,
b-mO0_9cMPo,Grade 12 Calculus - Curve Sketching Algorithm with vertical tangent (ch 4.5),Curve Sketching Algorithm Playlist: https://www.youtube.com/playlist?list=PLJx3juJ2v9gnwtbT2WhD564s7ZhyGlL0g Please like ...,,,0,"['Education', 'maths']",27,
3o8az6OHEmo,Curve Sketching Review,The main concepts from the unit are reviewed along with 2 example questions.,,,0,"['Education', 'maths']",27,
hp2-6cFUwRI,curve sketching made easy,"Welcome to ""Curve Sketching Made Easy,"" your ultimate guide to mastering the art of graph analysis and curve sketching.",,,0,"['Education', 'maths']",27,
BxOYkxgW4kw,Curve sketching type questions,Over what interval(s) is the function increasing and concave down. Lets find out using some curve sketching techniques.,,,0,"['Education', 'maths']",27,
fsJ3L65lEok,Curve Sketching using calculus,Curve sketching using calculus. The first derivative provides information about the places where the function is increasing and ...,,,0,"['Education', 'maths']",27,
3423bi68F8Y,Curve Sketching: A Video Tutorial,A complete video tutorial on the nine steps of drawing a curve using concepts from Calculus. Apologies for any lag or background ...,,,0,"['Education', 'maths']",27,
NOaJFXeHoRE,Curve Sketching 1 Example 9,,,,0,"['Education', 'maths']",27,
U54KLWzXwvw,Curve sketching example,,,,0,"['Education', 'maths']",27,
ptK6aS_h9-A,"Calculus I, Lecture 32A: Concavity and Curve Sketching",This is a Calculus I lecture. The notation of concavity is introduced and and the concept is illustrated by sketching graphs of ...,,,0,"['Education', 'maths']",27,
81orUHA37PQ,Curve Sketching Example 1,"In this episode of AP Simplified, V works through an example problem. Check out the rest of the Curve Sketching Series: ...",,,0,"['Education', 'maths']",27,
4ldHdfiEP-I,Curve Sketching 3 using derivatives,Title: Curve Sketching Made Easy: Derivatives Tests Overview Description: Unleash your curve sketching prowess with this ...,,,0,"['Education', 'maths']",27,
5MoLmtcWf84,Solutions to Curve Sketching Practice Problems,,,,0,"['Education', 'maths']",27,
OggIpA5mugE,Video 61: Curve Sketching in a restricted domain,Question 10 from Exercise 2.9.,,,0,"['Education', 'maths']",27,
Nokgkwd4mEw,Curve sketching using the derivative,"Curve sketching by finding the stationary points, point of inflection and then graphing it with some incredibly accurate and not at all ...",,,0,"['Education', 'maths']",27,
chj21mcyolY,Introduction to Curve Sketching,Created January 2022.,,,0,"['Education', 'maths']",27,
TvorEZ7PMis,Curve Sketching Information,,,,0,"['Education', 'maths']",27,
Vr3Pvp9rdUc,Curve Sketching,Two detailed graphing problems utilizing both calculus and precalculus. AP Calculus I 5/5/20.,,,0,"['Education', 'maths']",27,
UaDS1pMgiGU,"Minima, Maxima and Curve Sketching - Application of Differentiation #applicationofdifferentiation","This video explains one of the application of Differentiation to Minima, Maxima and curve sketching. In this video you will learn ...",,,0,"['Education', 'maths']",27,
O76LO9-0wf4,Curve Sketching,,,,0,"['Education', 'maths']",27,
lwGUbJ0vkOg,Curve Sketching Using Calculus (second example),Recorded with https://screencast-o-matic.com.,,,0,"['Education', 'maths']",27,
oC6pVnZA-zM,Curve Sketching Manually,This video is about sketching the curves without use of technology.,,,0,"['Education', 'maths']",27,
2dNKgt3Ma5A,Curve sketching - Combination of all Models on Standard graphs SPM & IGCSE | Part 5,"This video explain the Method of curve sketching by combining all video of Part 1, 2, 3, and 4.This method can be applied to ...",,,0,"['Education', 'maths']",27,
emdpMryH80M,Curve Sketching - Coffee and Calculus with Dr. Weselcouch,We sketch the graph of f(x)=x^(1/3)(x+4) using facts about the first and second derivatives.,,,0,"['Education', 'maths']",27,
EguwBLUO8Ms,HSC Year 12 Advanced (2U) - Calculus - Curve Sketching with Differentiation Part 2,This video is the second instalment of the Calculus topic in the Year 12 Advanced syllabus covering Curve Sketching with ...,,,0,"['Education', 'maths']",27,
_OocXJWp724,MCV4U - An Algorithm for Curve Sketching,"You have already learned about first derivatives, critical points, turning points as well as the second derivative and inflection ...",,,0,"['Education', 'maths']",27,
dyegLOsz24U,AB Calc Trig Curve Sketching Day 1,"AP Calculus AB - (Thurs) Nov 21, 2024 https://mryangteacher.weebly.com/unit-t-trig-unit.html.",,,0,"['Education', 'maths']",27,
nJ0QtilaMnQ,Curve Sketching Critical Thinking Rational Function to Select Value and Graph,Curve Sketching Lesson: ...,,,0,"['Education', 'maths']",27,
V3p5Lii5g8U,3.6 Curve Sketching,3.6 Curve Sketching.,,,0,"['Education', 'maths']",27,
aJj79nhlXdo,5.6 Curve Sketching - Calculus 30,5.6 Curve Sketching - Calculus 30 Saskatchewan Curriculum.,,,0,"['Education', 'maths']",27,
uWwerv9IXn4,Curve Sketching Example 3,"In this video, Vinod goes over another curve sketching example for you. teacher: Vinod Raman (vkr1997@gmail.com) editing: ...",,,0,"['Education', 'maths']",27,
vXn2GUZGFwA,Curve Sketching,,,,0,"['Education', 'maths']",27,
fkUrlOQ1xm4,4.4 Curve Sketching,,,,0,"['Education', 'maths']",27,
rdvmAqMQGPk,DIFFERENTIATION CURVE SKETCHING,LETS LEARN MATHS.,,,0,"['Education', 'maths']",27,
M7uZWeYBLkE,Intro to Curve Sketching part 1,0:00 Intro 2:36 Beginning 24:57 Example 1 34:05 Example 2.,,,0,"['Education', 'maths']",27,
3k4y6K7v2rM,Curve Sketching with Calculus (1 of 3: Using Calculus to find the Stationary Points),More resources available at www.misterwootube.com.,,,0,"['Education', 'maths']",27,
hBj2X7mx-nY,Curve Sketching Part 1,"HWW Math 31 Spring 2021 Calculus - Curve Sketching #1, #2a,b,c.",,,0,"['Education', 'maths']",27,
ZaRNeJQZhWA,Ch. 6.4 Curve Sketching,The lecture notes are compiled into a course reader and are available at: ...,,,0,"['Education', 'maths']",27,
WbtaJEBHMzw,Example: Curve Sketching with a Polynomial,"In this example, we look at how to sketch a polynomial. Lesson on curve sketching here: https://youtu.be/8jPEpQyVLXM More free ...",,,0,"['Education', 'maths']",27,
w7XysXJUPhU,Examples: Curve Sketching When You Only Know y',"In this example, we look at how to sketch a curve when only the first derivative is given. If you're looking for more detail on how this ...",,,0,"['Education', 'maths']",27,
b0f7tGuda94,HOW TO UNDERSTAND CURVE SKETCHING,This is A'level Math. Full screen view is recommended.Enjoy the meal.,,,0,"['Education', 'maths']",27,
BeIrYruuoF4,CURVE TRACING | MATHEMATICS | LECTURE 01 | Curve Tracing of Cartesian Curves | PRADEEP GIRI SIR,CURVE TRACING | MATHEMATICS | LECTURE 01 | Curve Tracing of Cartesian Curves | PRADEEP GIRI SIR #curvetracing ...,,,0,"['Education', 'maths']",27,
vmbGWazo00s,Curve Sketching (Part 1),Part 1/4 in Examples on Curve Sketching The example in this video is y= x + 2cosx.,,,0,"['Education', 'maths']",27,
dvWV53foJ5w,Curve Sketching 3 with Calculus,"In this video we do a complete example of sketching a curve. We examine the domain, the intercepts, the vertical and horizontal ...",,,0,"['Education', 'maths']",27,
XWdnmKLObcQ,Absolute Value relation and hexagon (HSC Mathematics Ext 1 curve sketching),"Hi there, absolute value function is the harder topic in HSC Mathematics Ext 1 preliminary course, the key point is knowing how to ...",,,0,"['Education', 'maths']",27,
1YW975RayeM,Curve Sketching Example 1,We take a polynomial and go through all of the precalculus and calculus curve sketching steps to arrive at a good sketch of the ...,,,0,"['Education', 'maths']",27,
ef-xDjGNUG8,Curve Sketching - Part 1,,,,0,"['Education', 'maths']",27,
kaZn14BdIM4,26. Curve Sketching (Rational Function),,,,0,"['Education', 'maths']",27,
LAq2jdo-Ci0,Class 11 maths Curve sketching part 1,,,,0,"['Education', 'maths']",27,
KzoKD8xeleA,3 curve sketching,Revision Question on Curve sketching.,,,0,"['Education', 'maths']",27,
Jk1JaDoZ8_I,[Calculus] Curve Sketching || Lecture 33,"Hello, welcome to TheTrevTutor. I'm here to help you learn your college courses in an easy, efficient manner. If you like what you ...",,,0,"['Education', 'maths']",27,
69oFPiC_KTU,8.6 - IB-Style Curve Sketching,,,,0,"['Education', 'maths']",27,
yPH6_nHBHzU,The Entire Guide To Curve Sketching!,"It's just me explaining how to curve sketch, if you literally have no clue than you will completely learn how to curve sketch. Also ...",,,0,"['Education', 'maths']",27,
GHUXSoqp_Hg,Sketching Graphs,A Level Maths revision tutorial video. For the full list of videos and more revision resources visit www.mathsgenie.co.uk.,,,0,"['Education', 'maths']",27,
IROV-ZHxI_Q,Curve Sketching Part 2,HWW Math 31 Spring 2021Curve Sketching Part 2.,,,0,"['Education', 'maths']",27,
3FtvM49V4WQ,Curve Sketching - Rational sample,Made with Explain Everything.,,,0,"['Education', 'maths']",27,
h7JgSZrHukI,3. Curve Sketching - Lesson 2 - Using the Second Derivative,"Part 2 of a curve sketching problem introduced in a previous video. In this video, we apply the second derivative to complete a ...",,,0,"['Education', 'maths']",27,
rrRKVyifhfo,Curve Sketching in Calculus | किसी भी function का ग्राफ बनाना सीखे | Mathify,"Struggling to sketch functions in calculus? In this video, we break down **curve tracing** step by step using the **first and second ...",,,0,"['Education', 'maths']",27,
sJL7BvxWHGA,Calculus and Vectors 12 Curve Sketching (1) (NO.116),"Easy Math Hui Ling Zhao The practice explained clearly how to determine the domain, asymptotes, end behavior, and critical ...",,,0,"['Education', 'maths']",27,
8NNsn1jhlsc,CALCULUS 1 FINAL EXAM QUESTIONS~2: CURVE SKETCHING,This video only includes CALCULUS 1 FINAL EXAM questions (with solutions) about CURVE SKETCHING and al related ...,,,0,"['Education', 'maths']",27,
6omBH5R5fs8,Day 21 - Curve Sketching and the Second Derivative - Part 2,Let's consider the graphs of second derivatives. How can we use first and second derivatives to accurate sketch our function ...,,,0,"['Education', 'maths']",27,
nsYy-M9P9Zo,Curve Sketching Part 3,Graphing f(x) = (x^3)√(x+2) using calculus techniques.,,,0,"['Education', 'maths']",27,
m12da3uwkIs,Example on Curve Sketching #1,,,,0,"['Education', 'maths']",27,
DBLeZmWYAlk,CS#6 Notes AP Style Curve Sketching,,,,0,"['Education', 'maths']",27,
t0ykMtpUppo,MCV4U: The Curve Sketching Algorithm,Course: MCV4U - Calculus and Vectors 📝 Lesson: MCV4U: The Curve Sketching Algorithm 👨‍🏫 Teacher: Mr. Tam For more ...,,,0,"['Education', 'maths']",27,
yHqaTzsMaAc,Differential Calculus - More on Curve Sketching Using derivatives,"Inflection Points, Second Derivative Test, Concavity, X - Intercepts.",,,0,"['Education', 'maths']",27,
IHEgk-V8Sj0,Calculus Curve Sketching Part 2: HL Math,Second part of curve sketching and related skills video. This one includes trigonometric and exponential and logarithmic functions ...,,,0,"['Education', 'maths']",27,
SZY_r1eZuPs,Curve Sketching Using 1st and 2nd Derivatives (Video #2),,,,0,"['Education', 'maths']",27,
JX7pS5OHTy8,more examples on curve sketching 2,oblique / slanting asymptote.,,,0,"['Education', 'maths']",27,
TkjGZa1FBlg,Curve Sketching: Vertical Asymptotes and Infinite Limits,"One of a series of five videos on Curve Sketching, covering vertical asymptotes and infinite limits.",,,0,"['Education', 'maths']",27,
k1pj8KiYUF0,Emaths Refresh: Quadratic Curve Sketching (Factorised and Completed Square Formats),,,,0,"['Education', 'maths']",27,
vEaItutXM2Q,Curve Sketching intro,An Example on Curve Sketching.,,,0,"['Education', 'maths']",27,
3S4iMXI49qg,Curve Sketching using Derivatives | Example 2: Polynomial Function,Here we try to sketch a polynomial using derivatives.,,,0,"['Education', 'maths']",27,
SXBsqXBAr08,3. Curve Sketching - Lesson 1 - Using the First Derivative,This is an example question of how to sketch a function based on the information gained from examining the first derivative.,,,0,"['Education', 'maths']",27,
jX7pKEMG-A0,Curve Sketching Examples 1,"Part 1 of 2. Discussion and examples of curve sketching, specifically polynomials and rational functions.",,,0,"['Education', 'maths']",27,
cR8E9KpMQ6U,Curve Sketching 1 Example 11,,,,0,"['Education', 'maths']",27,
20ypH2SL2ds,Curve Sketching: Example 3,,,,0,"['Education', 'maths']",27,
QPeJg7z_tTg,Curve Sketching Assignment Video,I had 2 word corrections in the video that I noticed after finishing the video so I just corrected myself by writing over top.,,,0,"['Education', 'maths']",27,
Qsnz0UgqzpE,AP Calc 5.6 Curve Sketching.,In this video we are connecting f f' f'' with curve sketching. The goal of this video is to make learning math fun and easy.,,,0,"['Education', 'maths']",27,
d5b7LftE5Uc,GCE AL Maths 9e - 5 | Curve sketching 5e |,Subscribe Now: https://www.youtube.com/channel/UCYsDsuYGD-lVq-UrQNzwsEA?sub_confirmation=1 GCE Maths Panel ...,,,0,"['Education', 'maths']",27,
FtWqTkrbZUY,Curve Sketching Example: f(x)=x-1/x,,,,0,"['Education', 'maths']",27,
tVDbPv7r8J4,PCS Calc - Curve Sketching - video 1,"Bringing all of our graphing skills from Algebra II, Precalculus, and Calculus to bear upon a function in order to sketch an accurate ...",,,0,"['Education', 'maths']",27,
1xot8RMxwms,Curve Sketching,This video explores a range of ideas and techniques that lead to an ordered and systematic checklist for sketching a curve in the ...,,,0,"['Education', 'maths']",27,
PTWsY2RhhZM,Business Calculus Section 3.7 - Part 1 : Curve Sketching,Part one of section 3.7. We put together all the lessons from chapter 3 in order to fully investigate functions and graph them.,,,0,"['Education', 'maths']",27,
fAU9Z82xKUI,Curve Sketching - Part 5,,,,0,"['Education', 'maths']",27,
wZKJ7Q-PqvE,Introduction to Polynomial Curve Sketching by Hand,,,,0,"['Education', 'maths']",27,
yMe0BdQ0IIQ,Curve Sketching - Exponential Function (Part 1),,,,0,"['Education', 'maths']",27,
0gGDG7liQdE,Calculus | Section 8 | Curve Sketching Using Derivatives,Calculus | Section 8 | Curve Sketching Using Derivatives.,,,0,"['Education', 'maths']",27,
OIpKbOATs6Y,Curve sketching \ Physical Chemistry BSc first year \ ASiyag study,,,,0,"['Education', 'maths']",27,
65P2-DKQ4dI,4-6 curve sketching,"Calculus, Curve sketching.",,,0,"['Education', 'maths']",27,
gMmyZ3opusc,25. Curve Sketching (Polynomial Function),,,,0,"['Education', 'maths']",27,
ewPn3OBn8EY,Curve Sketching Part 1,,,,0,"['Education', 'maths']",27,
m4ih3ps3pl4,Curve Sketching,Previous Video - 2D Behavior Theorem: https://youtu.be/Cfsqvvb50aU.,,,0,"['Education', 'maths']",27,
BUQJmITEbOc,Curve Sketching: Applications of the first and second derivative,Calculus 1 video. Using the first and second derivative to graph functions!,,,0,"['Education', 'maths']",27,
NVaOe_kAN7w,Curve sketching,Example from Ex 12I.,,,0,"['Education', 'maths']",27,
kZOgLHdlIXk,Curve Sketching Made (Relatively) Easy,"In this video, I show how to sketch the curves of rational functions relatively easily. I show how finding behavior NEAR the ...",,,0,"['Education', 'maths']",27,
vxmwZJPMbM0,Analyze First Derivative Sketch 2nd Derivative Master Concepts of Curve Sketching IBSL Calculus,Curve Sketching Lesson: ...,,,0,"['Education', 'maths']",27,
hLhGo3P4D0c,Carbo's Calculus Corner - Curve Sketching Final,"For more of my videos, subscribe to my channel or visit my website with a lot more content! mcarbonaro.wordpress.com Thanks for ...",,,0,"['Education', 'maths']",27,
oRUj_-qogs4,Calculus - Curve Sketching - Types of Asymptotes,A description of the kinds of asymptotes that occur when graphing rational functions.,,,0,"['Education', 'maths']",27,
AAwnUylL-bk,S 3 6 day 1 Curve Sketching,Description.,,,0,"['Education', 'maths']",27,
Z7HKsLyAZS4,Curve Sketching - How to draw Graphs in few seconds | IIT JEE Mathematics |,Stay subscribed for more IIT JEE Problems and Solutions.,,,0,"['Education', 'maths']",27,
ptma8CAyQjg,"5.5.5 Curve Sketching, Exponential Function times a Sinusoidal Function - Analytic Geom. & Calc. I","In this video, we sketch a pretty curve, given by f(x) = 3^(cos(x)) times sin(x). It's periodic with period 2pi, and has five points of ...",,,0,"['Education', 'maths']",27,
200h2j4GQM8,Curve Sketching Example 2,,,,0,"['Education', 'maths']",27,
li76oz7pDww,Curve Sketching ...,Complimentary Maths For BA Economics.,,,0,"['Education', 'maths']",27,
DUZW61Mx9fc,Curve Sketching (Part 3),"In this video, we will see how to deal with sketching cubic functions.",,,0,"['Education', 'maths']",27,
kWdSMxDWspw,Q8 Curve Sketching,,,,0,"['Education', 'maths']",27,
Y_yiOM1BSKc,EXT Curve Sketching with Asymptotes 1,,,,0,"['Education', 'maths']",27,
SGmdUhrZUoA,Lecture 8 Curve Sketching and Indeterminate Forms,"This is the 8th Lecture in the series of Lectures in Differential Calculus. In this video, we learn about how to sketch a curve using its ...",,,0,"['Education', 'maths']",27,
15awMHeP1Yc,"Concavity, Inflection Points, Increasing Decreasing, First & Second Derivative - Calculus","This calculus video tutorial shows you how to find the intervals where the function is increasing and decreasing, the critical points ...",,,0,"['Education', 'maths']",27,
otZDmDORP_I,4R 15.8 curve sketching,Notes.,,,0,"['Education', 'maths']",27,
fCwERLMYTHY,Calculus I 5.6 A summary of curve sketching.mp4,This project was created with Explain Everything™ Interactive Whiteboard for iPad.,,,0,"['Education', 'maths']",27,
ajo6_vCLcv0,"3.1, 3.2 Curve Sketching using DISAI(MIC) (Period 1 crunch)","Comment below to join the discussion or ask your own questions in a video! Better yet, SUBSCRIBE with ...",,,0,"['Education', 'maths']",27,
dMEBMw91ZLM,"Curve Sketching, Examples - Calculus",This calculus video covers a tutorial on sketching the graphs of functions and their derivatives. Curve sketching is one of the main ...,,,0,"['Education', 'maths']",27,
MUdFi1IGnEA,Example on Curve sketching #2,Rational function.,,,0,"['Education', 'maths']",27,
TzEczTPioPc,3.5_Notes Curve Sketching,This project was created with Explain Everything™ Interactive Whiteboard for iPad. 00:00 Slide 1 03:12 Slide 2 07:56 Slide 3 ...,,,0,"['Education', 'maths']",27,
gbjjC5G9KFs,CURVE SKETCHING TIPS AND TRICKS WITH SOLVED EXAMPLES PART- 2,"It contains tips and tricks about symmetricity,periodicity ,increasing and decreasing of functions with solved problems based on ...",,,0,"['Education', 'maths']",27,
RrTakZRcNbk,Curve sketching,Visit my Website for individual Tuition via Skype: http://bonner-nachhilfe.de/math-tutoring See also this pdf-file: ...,,,0,"['Education', 'maths']",27,
hzM-tPzi25Y,Five Calculus Curve Sketching Problems,This video shows some tips and tricks for five specific curve-sketching problems. If you liked this video and wanted to arrange ...,,,0,"['Education', 'maths']",27,
Jvm8LwJDCDY,Curve Sketching,رسم الدالة.,,,0,"['Education', 'maths']",27,
gW4efm1aG5k,Polynomials - Curve Sketching,,,,0,"['Education', 'maths']",27,
EyEaKmYhUe0,Curve Sketching,Calculus Chapter 4 Part 7.,,,0,"['Education', 'maths']",27,
0NnOeFMADy4,Calc 3.3 - Derivatives and Curve Sketching - 5th root problem,"Hand-worked problems from ""James Stewart Calculus 8th Edition""",,,0,"['Education', 'maths']",27,
ZRbGZ4nu140,Curve Sketching Example Problem 4 | y = (sinx)^3,"In this video, we sketch the function y = (sinx)^3. #calculus #curvesketching.",,,0,"['Education', 'maths']",27,
AvQgLPLtaZ4,Curve Sketching using First & Second Derivatives and Asymptotes and intercepts,CHAPTERS TIMING IS PROVIDED BELOW................................... IIT KGP POST GRADS SHOWS you in this calculus video how to ...,,,0,"['Education', 'maths']",27,
MQOmz-5PV44,Graph Sketching Like a Pro – Master the Essentials!,"In this video, I'm breaking down a bulletproof system for curve sketching—so you can confidently tackle any function, whether ...",,,0,"['Education', 'maths']",27,
UX58fA8KTYw,VARIATION AND CURVE SKETCHING OF NATURAL LOGARITHMIC FUNCTION✅✅💯🔥,In this video i will show you all 7 steps required to study completely and finally sketch the graph of natural logarithmic ...,,,0,"['Education', 'maths']",27,
ZtFoJ7JOzWI,"3.1, 3.2 Curve Sketching using DISAI(MIC) (Period 2 - more depth 3.2)","Comment below to join the discussion or ask your own questions in a video! Better yet, SUBSCRIBE with ...",,,0,"['Education', 'maths']",27,
w-5J93tHOcQ,Differentiation- Curve Sketching,Kenya secondary school Mathematics syllabus form four. Topic Differentiation and sub Topic Curve sketching.,,,0,"['Education', 'maths']",27,
UhfkW2kNedg,Curve Sketching Example 2,"In this episode of AP Simplified, V works through another example problem. Check out the rest of the Curve Sketching Series: ...",,,0,"['Education', 'maths']",27,
VbW-bEINvAU,HSC 2U Advanced Maths 2020 Exam | Curve Sketching Using Calculus | Question 16,Learn how to approach curve sketching questions with calculus. In this short video series (focused on HSC Advanced 2U exam ...,,,0,"['Education', 'maths']",27,
EDnI6BP6_Xw,Calculus Test - Curve Sketching and & Optimization | jensenmath.ca,"Welcome to JensenMath, your go-to destination for high school math tutorials! In this video, we're diving deep into the world of ...",,,0,"['Education', 'maths']",27,
0Fx6jec8SwY,Curve Sketching Using Calculus - Part 2of 2,Thanks to all of you who support me on Patreon. You da real mvps! $1 per month helps!! :) https://www.patreon.com/patrickjmt !,,,0,"['Education', 'maths']",27,
kCm71AnpYiQ,CALCULUS | TURNING POINTS | CURVE SKETCHING,"How to solve a problem involving finding the gradient of a curve at a point, finding the turning points and curve sketching.",,,0,"['Education', 'maths']",27,
H2LeD0ktdXg,Basic Curve Sketching Example 1 (12:15),,,,0,"['Education', 'maths']",27,
FJlKsNK8h4s,Calculus Curve Sketching Polynomials Important Criteria to Consider,Curve Sketching Lesson: ...,,,0,"['Education', 'maths']",27,
UMDzKAm2FR0,Curve Sketching | Basically a Review of Calc 1 [Passing Calc 1],Domain: 1:07 Symmetry: 3:09 Horizontal asymptotes: 7:01 Increasing/decreasing intervals: 11:05 Concave up/down intervals: ...,,,0,"['Education', 'maths']",27,
numWVQ4f11Y,Stationary Points and Curve Sketching! | HSC Advanced Mathematics,Time to give your HSC results some positive first derivative.,,,0,"['Education', 'maths']",27,
4DKXovl1mYs,Curve Sketching - Example 2,Course Web Page: https://sites.google.com/view/slcmathpc/home.,,,0,"['Education', 'maths']",27,
pGDpAM5ZAcg,Curve Sketching in Calculus Made Easy for All - Dr. Douglas K. Boah (Shamalaa Jnr/Archimedes),MATHEMATICS TUTORIAL FOR STUDENTS AT THE SECONDARY AND TERTIARY LEVELS.,,,0,"['Education', 'maths']",27,
dGx3Tk_j0rY,Calculus Curve Sketching Algorithm Polynomial Rational Radical Functions GCSE AP Calculus IBSL Math,Curve Sketching Lesson: ...,,,0,"['Education', 'maths']",27,
HryLDwBh9o4,Curve Sketching Algorithm for Rational Functions Calculus Applications MCV4U IBSL AP Calculus,Curve Sketching Lesson: ...,,,0,"['Education', 'maths']",27,
NM7CkwTkB-A,Application of Derivatives Part 59 Curve Sketching,𝐖𝐚𝐭𝐜𝐡 𝐂𝐨𝐦𝐩𝐥𝐞𝐭𝐞 𝐋𝐞𝐜𝐭𝐮𝐫𝐞𝐬 𝐃𝐢𝐬𝐭𝐫𝐚𝐜𝐭𝐢𝐨𝐧-𝐅𝐫𝐞𝐞 𝐟𝐨𝐫 𝐅𝐑𝐄𝐄! If you love this YouTube ...,,,0,"['Education', 'maths']",27,
zM4C07c3ZOk,Day 26: Lesson - Curve Sketching (Sect 4.5),,,,0,"['Education', 'maths']",27,
4ZXH7nH-nd4,Sketching the vector equation (KristaKingMath),"Learn how to sketch the vector equation. Given the components of the vector, write parametric equations for the vector. Use the ...",,,0,"['Education', 'maths']",27,
rZ58r0G5TXo,Calculus and Analytical Geometry Curve sketching and Analysis 5.6,"In this video we analyze functions and use this analysis to sketch the graphs. We explore intercepts, maxima, minima, inflection ...",,,0,"['Education', 'maths']",27,
#NAME?,Curve Sketching-4 (Oblique & Vertical & Horizontal Asymptotes),"Vertical Asymptotes, Horizontal Asymptotes, Oblique Asymptotes, Curve Sketching.",,,0,"['Education', 'maths']",27,
R-uXiPGmXQ4,ASYMPTOTES || GRAPHS || CURVE SKETCHING,PLAYLISTS OF VARIOUS VIDEOS : https://youtube.com/playlist?list=PLU0y7sx2Q2qdwtcwcZtyzQwOruR1p0SoG LOGARITHM ...,,,0,"['Education', 'maths']",27,
DLpFS7k_f3w,"Curve Sketching with Exponential Functions (Applied Calculus, Sec 4.4 part 2)","Apply the tools of calculus to exponential models, including finding relative extrema, inflection points, intervals of ...",,,0,"['Education', 'maths']",27,
q1u-oa8LswA,Curve Sketching with Transcendentals,,,,0,"['Education', 'maths']",27,
guy8xnByO04,CURVE TRACING|ONE SHOT||ENGINEERING MATHEMATICS|PRADEEP GIRI SIR,CURVE TRACING|ONE SHOT||ENGINEERING MATHEMATICS|PRADEEP GIRI SIR #engineeringmathematics #curvetracing ...,,,0,"['Education', 'maths']",27,
jA4VFB46v1E,GRAPHS || CURVE SKETCHING,PLAYLISTS OF VARIOUS VIDEOS : https://youtube.com/playlist?list=PLU0y7sx2Q2qdwtcwcZtyzQwOruR1p0SoG LOGARITHM ...,,,0,"['Education', 'maths']",27,
uMdP-VTEC38,Calculus I - 3.6.2 Curve Sketching Using Derivatives,"Continuing our study from our last video, we now start with the function and use the derivative and second derivative to find the ...",,,0,"['Education', 'maths']",27,
#NAME?,Curve Sketching II Grade 11 ll RB Smart Class,"Hi There, Welcome to RB Smart Class, Its me Rajib Belbase a Math Tutor.In this video I have explained about how to draw the ...",,,0,"['Education', 'maths']",27,
B4INadyEzqo,Concavity & Curve Sketching (part a),Topic; 4.4.,,,0,"['Education', 'maths']",27,
modQJEIURt8,Curve Sketching With a Slant Asymptote - A Step by Step Example Using Calculus,This video presents four steps that can be used to graph a rational function. Those four steps are then applied to sketch the graph ...,,,0,"['Education', 'maths']",27,
Ioov1l4mq7w,Application of Derivatives Part 61 Curve Sketching,𝐖𝐚𝐭𝐜𝐡 𝐂𝐨𝐦𝐩𝐥𝐞𝐭𝐞 𝐋𝐞𝐜𝐭𝐮𝐫𝐞𝐬 𝐃𝐢𝐬𝐭𝐫𝐚𝐜𝐭𝐢𝐨𝐧-𝐅𝐫𝐞𝐞 𝐟𝐨𝐫 𝐅𝐑𝐄𝐄! If you love this YouTube ...,,,0,"['Education', 'maths']",27,
or2W_iL4Fwg,Application of Derivatives: Curve Sketching (Taglish),Educational.,,,0,"['Education', 'maths']",27,
bLyMizOMUd0,CURVE SKETCHING 2 (PURE MATHEMATICS),"Part 2 of the lecture on curve sketching explains some more complicated curve, involving quadratics and more than two ...",,,0,"['Education', 'maths']",27,
0SD9ZS4gbx4,STATIONARY POINTS | CURVE SKETCHING | INTERCEPTS,"In this video we shall learn how to solve a problem involving stationary points, curve sketching and intercepts.",,,0,"['Education', 'maths']",27,
jHLvPtjoSPQ,"Graphs of Functions and their Derivatives, Curve Sketching - Calculus",This calculus video covers a tutorial on sketching the graphs of functions and their derivatives. Curve sketching is one of the main ...,,,0,"['Education', 'maths']",27,
pp8jtlPkbIw,Curve Sketching (Rational Function with Oblique Asymptote),"Curve sketching is a technique of using information about a function, such as end behavior, continuity, the first derivative, the ...",,,0,"['Education', 'maths']",27,
HHTQlYYk_Gc,Curve Sketching Example | Calculus - JK Math,Example Problems for How to Sketch Curves Using Calculus ➡️ Download My Free Calculus 1 Worksheets: ...,,,0,"['Education', 'maths']",27,
N2PpRnFqnqY,Derivative as a concept | Derivatives introduction | AP Calculus AB | Khan Academy,Why we study differential calculus. Created by Sal Khan. Watch the next lesson: ...,,,0,"['Education', 'maths']",27,
gCHiLLgO55o,Derivatives Explained in One Minute,Can derivatives be extraordinarily complex? Sure but understanding the basics is actually quite simple and I did my best to ensure ...,,,0,"['Education', 'maths']",27,
tYkqwIllFX4,Derivatives Market For Beginners | Edelweiss Wealth Management,"In this video, Edelweiss Professional Investor Research Team, shall be explaining financial derivatives and derivative trading in a ...",,,0,"['Education', 'maths']",27,
nf9ByTdX0aY,Financial Derivatives Explained,"In this video, we explain what Financial Derivatives are and provide a brief overview of the 4 most common types.",,,0,"['Education', 'maths']",27,
9vKqVkMQHKk,"The paradox of the derivative | Chapter 2, Essence of calculus","Note, to illustrate my point for the target audience of a new calculus student, I discussed a hypothetical speedometer that makes ...",,,0,"['Education', 'maths']",27,
5yfh5cf4-0w,Calculus 1 - Derivatives,This calculus 1 video tutorial provides a basic introduction into derivatives. Direct Link to Full Video: https://bit.ly/3TQg9Xz Full 1 ...,,,0,"['Education', 'maths']",27,
P8_KCItuZVM,Limits and Derivatives Class 11 One Shot | NCERT Maths Important Questions Revision | CBSE 2024-25,Limits and Derivatives Class 11 Maths in One Shot. Kuldeep Sir ke saath ek hi session mein Class 11 NCERT Maths ka sabse ...,,,0,"['Education', 'maths']",27,
KAEOQ76BLLM,Plus Two Maths Public Exam | Continuity &Diffrentiability | Application Of Derivatives | ExamWinner,examwinner #plustwomaths #publicexam #annualexam2025 #sureshotquestions Notes Link: https://linktr.ee/allen_221b Alex sir ...,,,0,"['Education', 'maths']",27,
gZB4RvZxvaI,Application of Derivatives Oneshot | 2nd PUC Mathematics Exam 2025,Join KCET 2025 Crash Course | KCET Crash Course 2025 Get personalized guidance from RP Sir Call on 7411-008-008 ...,,,0,"['Education', 'maths']",27,
74RG-PgPdbc,What are Derivatives | Types of Derivative Trading | Hindi,For Business Inquiries Email: ContactBgyaan@gmail.com.,,,0,"['Education', 'maths']",27,
ZSJeWfOFKZw,Applications of Derivatives old is gold solutions class 12 || Business mathematics || NEB ||,"Education refers to the discipline that is concerned with methods of teaching and learning in schools or school-like environments, ...",,,0,"['Education', 'maths']",27,
FLAm7Hqm-58,Derivatives for Beginners - Basic Introduction,This calculus video tutorial provides a basic introduction into derivatives for beginners. Here is a list of topics: Calculus 1 Final ...,,,0,"['Education', 'maths']",27,
Ud_aN6TXuhk,Elementary Derivative Rules Graphically | Synthwave and Math,"In this installment of synthwave and math, we sketch the derivative curves of elementary functions by measuring the slope of the ...",,,0,"['Education', 'maths']",27,
S0_qX4VJhMQ,"Derivative formulas through geometry | Chapter 3, Essence of calculus","Time stamps: 0:00 Intro 1:38 f(x) = x^2 4:41 f(x) = x^3 6:54 f(x) = x^n ""Power Rule"" 10:07 f(x) = 1/x 12:36 Sine 16:56 Outro Great ...",,,0,"['Education', 'maths']",27,
4vns9LEbEj0,What are Derivatives? Derivatives Kya Hote Hai? Simple Explanation in Hindi #TrueInvesting,"Learn what are Derivatives in stock markets, how many types of derivatives are there in stock markets, and should we trade in ...",,,0,"['Education', 'maths']",27,
fGYgiZd9dUw,"Types of Derivatives | Forwards, Futures, Options & Swaps","Types of Derivatives - Forwards, Futures, Options ( Call Option & Put Options ) & Swaps Forwards is a contractual agreement ...",,,0,"['Education', 'maths']",27,
LQrBzl0DMBA,Derivatives Trading Explained,Thanks to my Gold Patrons: Nebojsa Krtolica Malcolm Bramble Dmitry Y. friuns YouExec.com Pavlo Pravdiukov Will Tachau ...,,,0,"['Education', 'maths']",27,
QfvJojTymqs,DERIVATIVES in Stock Market - Explained | Mission Options E01,Mission Options Episode 1: What are Derivatives in Financial Markets? Types of Derivatives? What are Forwards? Options ...,,,0,"['Education', 'maths']",27,
T_I-CUOc_bk,Big Picture: Derivatives,"Calculus finds the relationship between the distance traveled and the speed - easy for constant speed, not so easy for changing ...",,,0,"['Education', 'maths']",27,
DEhc-WrlBdA,Financial Derivatives - An Introduction,"An introduction to financial derivatives in Hindi. Forwards, futures, options, and swaps are the 4 basic types of financial derivatives ...",,,0,"['Education', 'maths']",27,
WHjOiYCR5Gs,Derivatives formula // Derivatives exercise problem 7c 1-6// Elements of mathematics // Sujit master,class 11th mathematics class 12th mathematics elements of mathematics ncert Relation and function inverse trigonometric ...,,,0,"['Education', 'maths']",27,
Xzdugb1Ds3I,KCET 2025 |❇️ Application of Derivatives | 🔥One shot | Synopsis +PYQs📝| ಇಷ್ಟು ತಿಳ್ಕೋ ಸಾಕು,ಹಲೋ ಪ್ರೀತಿಯ ಪಿಯುಸಿ ವಿದ್ಯಾರ್ಥಿಗಳೆ Join our ABHYASA community for useful educational contents ...,,,0,"['Education', 'maths']",27,
G2Px5w4J9Vk,Differentiation | Specialist Mathematics | MaffsGuru.com,Differentiation | Specialist Mathematics | MaffsGuru.com ** This video is for the Year 12 Specialist Mathematics course here in ...,,,0,"['Education', 'maths']",27,
Pk476beQai0,Section 5.1 - Natural logs and derivatives,The power rule for integration is great! One problem: it doesn't work when the exponent is -1. The solution is the natural logarithm ...,,,0,"['Education', 'maths']",27,
T8YrEDDPgW8,DERIVATIVES SOLVED PROBLEM 5 WITH ALL FORMULAS (LECTURE 6) @TIKLESACADEMY,DERIVATIVES SOLVED PROBLEM 5 WITH ALL FORMULAS (LECTURE 6) TO WATCH ALL THE PREVIOUS LECTURES AND ...,,,0,"['Education', 'maths']",27,
hXSKsbVXnuI,NISM Series VIII - Equity Derivatives - Chapter - 7,NISM VIII Equity Derivatives Mock test for all chapters and Mock test on overall syllabus. Please check and test your knowledge for ...,,,0,"['Education', 'maths']",27,
jfvL4CDFOtU,Partial Derivatives Calculus 3,In this video we are going to look on partial derivatives in multivariable calculus. For more videos see @engineerlegend and ...,,,0,"['Education', 'maths']",27,
s63nolrq5Kw,NISM Equity Derivatives Course-2 500 Most Important Questions Explained-2 | @AdityaFinancialInsights,NISM Equity Derivatives Certification - 500 Most Important Questions Explained! | @AdityaFinancialInsights Master the NISM ...,,,0,"['Education', 'maths']",27,
43pONQD86R4,NISM Equity Derivatives Course - 500 Most Important Questions Explained |1 @AdityaFinancialInsights,NISM Equity Derivatives Certification - 500 Most Important Questions Explained! | @AdityaFinancialInsights Master the NISM ...,,,0,"['Education', 'maths']",27,
K4qHtLoVJmY,"Equity Derivatives And Currency Trading By Mr. Bhargav Rangrej, Jainam Broking Ltd","Equity Derivatives And Currency Trading By Mr. Bhargav Rangrej, Technical Research Analyst, Jainam Broking Ltd LinkedIn ...",,,0,"['Education', 'maths']",27,
dcqx4tRdsz4,This Real-Life Moment Explains Derivatives Better Than Any Textbook!,You've probably slammed the brakes while driving. But did you know that moment reveals one of the most powerful ideas in ...,,,0,"['Education', 'maths']",27,
jsH4mpAsBOU,PYQ of IIT JEE Advanced 2019 | Detailed Explanation | Application of Derivatives - 15,PYQ of IIT JEE Advanced 2019 | Detailed Explanation | Application of Derivatives - 15 Trickiest Advanced Problem Toughest ...,,,0,"['Education', 'maths']",27,
HjVupOWFCB8,Day 16 CUET UG Math 2025 Chapter 6 | अवकलज के अनुप्रयोग | Application of derivative MCQ,Day 16 CUET UG Math 2025Chapter 6 | अवकलज के अनुप्रयोग | Application of derivative MCQ *❤️JOIN ...,,,0,"['Education', 'maths']",27,
dxGlH45XYUk,"Sin, Cos, Tan Derivatives in Sinhala | Calculus Basics for A/L & Uni Students","Learn Derivatives of Trigonometric Functions | Sinhala Tutorial | Sin, Cos, Tan Are you learning calculus? In this video, you'll ...",,,0,"['Education', 'maths']",27,
Wjlw7ZpZVK4,What are derivatives? - MoneyWeek Investment Tutorials,What are derivatives? How can you use them to your advantage? Tim Bennett explains all in this MoneyWeek Investment video.,,,0,"['Education', 'maths']",27,
3NQ9Luk9FHM,Derivative Forwards and Futures| CFA Level 1| Derivatives explained| Future Derivatives| Derivatives,This video explains the flow of Derivative products in a graphical way. Introduces Derivatives and it's different types. It explains the ...,,,0,"['Education', 'maths']",27,
EzePYR390dw,Introduction to Calculus (Derivatives),"I made this 3 years ago for Tiktok. Calc students are learning this now, so I reformatted it for Youtube. I hope you love it!",,,0,"['Education', 'maths']",27,
DEhc-WrlBdA,Financial Derivatives - An Introduction,"An introduction to financial derivatives in Hindi. Forwards, futures, options, and swaps are the 4 basic types of financial derivatives ...",,,0,"['Education', 'maths']",27,
T_I-CUOc_bk,Big Picture: Derivatives,"Calculus finds the relationship between the distance traveled and the speed - easy for constant speed, not so easy for changing ...",,,0,"['Education', 'maths']",27,
F9KaHqG2RRY,AFM Derivatives Analysis and Valuation | CA FINAL REVISION LECTURE | FR & AFM BY BHAVIK CHOKSHI,00:00:00 Introduction 00:00:48 Overview 00:03:03 Futures 00:06:20 Theoretical Future Price 00:10:48 Equity Futures 00:26:30 ...,,,0,"['Education', 'maths']",27,
MDqD_O0BZG4,CFA Level 1 Derivatives - Revision Lecture by CA Vikas Vohra | edZeb,"Dear Students, in this video, we have tried to revise all the readings of the CFA Level 1 Derivatives in approximately 8 hours.",,,0,"['Education', 'maths']",27,
Kp7sSp5Kn7o,Difference Between Partial and Total Derivative,https://www.youtube.com/playlist?list=PLTjLwQcqQzNKzSAxJxKpmOtAriFS5wWy4 Books by Alexander Fufaev: ...,,,0,"['Education', 'maths']",27,
x3iEEDxrhyE,What is a Derivative? Deriving the Power Rule,"After discussing differentiation at great length, it is time to connect this concept with the act of taking the derivative of a function.",,,0,"['Education', 'maths']",27,
B0jeGk5GJX0,Derivatives Explained in 2 Minutes in Basic English,Business inquiries: info@afzalhussein.com Stay in Touch: Instagram: https://www.instagram.com/afzal_hussein LinkedIn: ...,,,0,"['Education', 'maths']",27,
wUZcIYx-7a4,What is a derivative?,"What is a derivative? Learn what a derivative is, how to find the derivative using the difference quotient, and how to use the ...",,,0,"['Education', 'maths']",27,
ObHJJYvu3RE,Derivatives: Crash Course Physics #2,CALCULUS! Today we take our first steps into the language of Physics; mathematics. Every branch of science has its own way to ...,,,0,"['Education', 'maths']",27,
ZOdVGAcqfHg,DERIVATIVES Full English Revision | CA/CMA Final AFM/SFM | Full ICAI Coverage |CA Ajay Agarwal AIR 1,"Topics Covered - Derivative Analysis and Valuation (100% English) FOR REGULAR FULL COURSE OF AFM/SFM, Visit our ...",,,0,"['Education', 'maths']",27,
3kDx3rkR4E4,07. DERIVATIVES Revision l Concepts & Practical Questions | CA Final AFM Nov 24 Exams,00:00 Starting 03:15 Derivatives 11:20 Spot/ Cash & Derivatives Market 17:40 Forward Contract 24:40 Users of Derivatives 28:40 ...,,,0,"['Education', 'maths']",27,
I2upuDqwv0c,Understanding Derivatives| Futures and Forwards explained @ZellEducation @Zell_Hindi,"Derivatives is considered to be a topic of complex nature and difficult to understand. In this video, we break down Future and ...",,,0,"['Education', 'maths']",27,
8rt5BJyiDHA,What Are Financial Derivatives?,"What Are Financial Derivatives? A Video Explaining what financial derivatives are, who trades them and why? Follow along using ...",,,0,"['Education', 'maths']",27,
43gkb-L9LBw,"Types of Derivatives,Types of Financial Derivatives, Forward, Future, financial derivatives in hindi","financial derivatives, financial derivatives lecture, financial derivatives class, financial derivatives chapter 1, financial derivatives in ...",,,0,"['Education', 'maths']",27,
aZSI4deUKWM,DERIVATIVES Revision | CA/CMA Final AFM/SFM | Complete ICAI Coverage | Ajay Agarwal AIR 1,"Topics Covered - Derivative Analysis and Valuation FOR REGULAR FULL COURSE OF AFM/SFM, Visit our website air1ca.com ...",,,0,"['Education', 'maths']",27,
rAof9Ld5sOg,Calculus: Derivatives 1 | Taking derivatives | Differential Calculus | Khan Academy,Finding the slope of a tangent line to a curve (the derivative). Introduction to Calculus. Watch the next lesson: ...,,,0,"['Education', 'maths']",27,
fiVgwEgc-DY,"Derivatives l Formulae & Basic Sums | HSC (12th) Science, Commerce & Arts",Learn_O_pediA Heyy Guyzz!!! This is Amol Balekar. Here's the video on FORMULAE and BASIC SUMS of Derivatives for ...,,,0,"['Education', 'maths']",27,
ikSwHKQvp6I,"Financial Derivatives, financial derivatives in hindi, financial instruments, B.Com, BBA, MBA","Financial Derivatives (Meaning, Definition, Example) : https://youtu.be/ikSwHKQvp6I Part 1 Type of Financial Derivatives (Forward ...",,,0,"['Education', 'maths']",27,
cD75mrF6gFA,"What are Derivatives ? || Futures and Options||Option premium, Call&Put Options Explained in Telugu.","Hello viewers , This is the Episode 5 in stock market Telugu series,In this video i have explained about some concepts Like, ...",,,0,"['Education', 'maths']",27,
yJD7FekLzUg,Derivative by first principle- Example 2.,For example 1 click the link https://youtu.be/vyLOt6GHF9w.,,,0,"['Education', 'maths']",27,
HaHsqDjWMLU,Chain Rule For Finding Derivatives,This calculus video tutorial explains how to find derivatives using the chain rule. This lesson contains plenty of practice problems ...,,,0,"['Education', 'maths']",27,
RMoebmYqT5E,NISM - 8 Equity Derivatives Exam 2024 | FULL COURSE - Chapter 3 Part - A,"Are you preparing for the NISM 8 Equity Derivatives Exam? If so, make sure to watch this video! In it, I'll teach you everything you ...",,,0,"['Education', 'maths']",27,
wCZ1VEmVjVo,What is Jacobian? | The right way of thinking derivatives and integrals,"Jacobian matrix and determinant are very important in multivariable calculus, but to understand them, we first need to rethink what ...",,,0,"['Education', 'maths']",27,
0xO5dBja118,What is a derivative?,Texas-born and bred engineer who developed a passion for computer science and creating content 🌶️ . Socials: ...,,,0,"['Education', 'maths']",27,
PBEeD9q25O4,First Derivative Calculus Grade 12 | Polynomials,First Derivative Calculus Grade 12 | Polynomials Do you need more videos? I have a complete online course with way more ...,,,0,"['Education', 'maths']",27,
Za3-2qYkTR8,Simple Derivatives Part-1,Social Media Links : Facebook Page : https://www.facebook.com/dryasserkhan Instagram ...,,,0,"['Education', 'maths']",27,
Q0Qe352nhxU,Derivatives Introduction - CA Final AFM | CMA Final SFM | CFA Level 1 Video Lectures,Meaning of Derivative • A derivative is a contract between two parties. • Expected to be settled at a future date. • Its Value is ...,,,0,"['Education', 'maths']",27,
2kyQ1YuzOBM,“Derivating” (Levitating Calculus Parody),"This is an AP Calculus project, please don't judge :) Original Song: Levitating - Dua Lipa ft. Dababy My Take: Derivating - Me ft.",,,0,"['Education', 'maths']",27,
#NAME?,Derivatives... What? (NancyPi),MIT grad shows the DEFINITION of the derivative and how to FIND the derivative using that limit definition. To skip ahead: 1) For ...,,,0,"['Education', 'maths']",27,
IvLpN1G1Ncg,Basic Differentiation Rules For Derivatives,This calculus video tutorial provides a few basic differentiation rules for derivatives. It discusses the power rule and product rule for ...,,,0,"['Education', 'maths']",27,
SqCoKKg5yQI,AFAR: DERIVATIVES | HEDGE ACCOUNTING | IFRS 9,"Follow me for more free tutorials, tips, and updates https://instagram.com/sirbradfitt_mraccounting ...",,,0,"['Education', 'maths']",27,
kfF40MiS7zA,"Limits, L'Hôpital's rule, and epsilon delta definitions | Chapter 7, Essence of calculus",Timestamps 0:00 - Intro 1:17 - Formal definition of derivatives 4:52 - Epsilon delta definition 9:53 - L'Hôpital's rule 17:17 - Outro ...,,,0,"['Education', 'maths']",27,
THk57jDdZSw,Derivatives and its types | explained in Malayalam |,Haiii All .... Today we are discussing.. derivatives and its types Thanks for take a look in this channel.. Here we discuss all subjects ...,,,0,"['Education', 'maths']",27,
qPhLWfn-t_4,Derivative of x² from first principles in 90 seconds.,DISCLAIMER⚠️: This is not real celebrity audio/video (it is deep fake). Both Video and Voice for Jake and Morgan were made ...,,,0,"['Education', 'maths']",27,
WsQQvHm4lSw,Understand Calculus in 35 Minutes,"This video makes an attempt to teach the fundamentals of calculus 1 such as limits, derivatives, and integration. It explains how to ...",,,0,"['Education', 'maths']",27,
G03GZuPp3FQ,Lesson 1 - What Is A Derivative? (Calculus 1 Tutor),"In this lesson we discuss the concept of the derivative in calculus. First, we will discuss what is a derivative in simple terms and ...",,,0,"['Education', 'maths']",27,
QqF3i1pnyzU,Derivatives... How? (NancyPi),"MIT grad shows how to find derivatives using the rules (Power Rule, Product Rule, Quotient Rule, etc.). To skip ahead: 1) For how ...",,,0,"['Education', 'maths']",27,
17X5g9QArTc,Product Rule For Derivatives,This calculus video tutorial provides a basic introduction into the product rule for derivatives. It explains how to find the derivative ...,,,0,"['Education', 'maths']",27,
962lLfW-8Jo,Calculus 1 Lecture 2.1: Introduction to the Derivative of a Function,Calculus 1 Lecture 2.1: Introduction to the Derivative of a Function.,,,0,"['Education', 'maths']",27,
Tilbn1qqTw0,IndusInd Bank CEO On Discrepancies In IndusInd Bank's Derivatives Portfolio N18V CNBC TV18 Exclusive,"IndusInd Bank CEO Exclusive I Sumant Kathpalia tells Latha Venkatesh ''Didn't know the scale of the impact in Oct'', adds ...",,,0,"['Education', 'maths']",27,
WUvTyaaNkzM,The essence of calculus,"In this first video of the series, we see how unraveling the nuances of a simple geometry question can lead to integrals, derivatives ...",,,0,"['Education', 'maths']",27,
qBAq5N4wT5M,"NISM - 8 Equity Derivatives Exam 2024 | FULL COURSE - Chapter 1, Part - B","Are you preparing for the NISM 8 Equity Derivatives Exam? If so, make sure to watch this video! In it, I'll teach you everything you ...",,,0,"['Education', 'maths']",27,
I2uIH-KdITk,Calicut University 6th sem Bcom Financial Derivatives chapter 1 In Malayalam,Hi everyone here is the video of 6 th sem bcom FINANCIAL DERIVATIVES. If you have any doubts pls comment below pls ...,,,0,"['Education', 'maths']",27,
LkcbabVODx4,Differentiation | Derivatives (General Method),Learn how to get the derivative of a function using the General method of Differentiation Join our WhatsApp channel for more ...,,,0,"['Education', 'maths']",27,
AdLAkD-r9Rs,Differentiation Formulas - Notes,"This video provides differentiation formulas on the power rule, chain rule, the product rule, quotient rule, logarithmic functions, ...",,,0,"['Education', 'maths']",27,
#NAME?,Definition of the Derivative,This calculus video tutorial provides a basic introduction into the definition of the derivative formula in the form of a difference ...,,,0,"['Education', 'maths']",27,
AegzQ_dip8k,100 derivatives (in one take),"100 calculus 1 derivative problems, including all the differentiation techniques you need to know! Enjoy this extreme calculus ...",,,0,"['Education', 'maths']",27,
CHWhaAlo_ms,Limits and Derivatives | Full Chapter in ONE SHOT | Chapter 12 | Class 11 Maths 🔥,Uday Titans (For Class 11th Science Students): https://bit.ly/UdayTitansForClass11thScience PW App/Website ...,,,0,"['Education', 'maths']",27,
HjaS82zj-Fk,Derivative Revision Part 1 May 2024 CA Final AFM,https://drive.google.com/drive/folders/1yDpRvnHD3Lug3COMiKrWz4gk2bqtyhyK?usp=drive_link.,,,0,"['Education', 'maths']",27,
Q-QonU0QqA8,Derivatives Revision - Concepts & All Questions | CA Final AFM,Website - www.pratikjagati.com Capital market line Concept - https://youtu.be/NwHk3bz56o0 Reverse NAV Q in detail ...,,,0,"['Education', 'maths']",27,
B1YkgNDbx5o,Derivatives of Radical Functions,This calculus video tutorial explains how to find the derivative of radical functions using the power rule and chain rule for ...,,,0,"['Education', 'maths']",27,
lowavG2SXsQ,Calculus | Derivatives of a Function - Lesson 7 | Don't Memorise,Derivatives of a function measures its instantaneous rate of change. It also tells us the slope of a tangent line at a point on the ...,,,0,"['Education', 'maths']",27,
lALq-gHUoJA,"IndusInd Bank’s ₹1,500 crore derivatives hit: What went wrong?","IndusInd Bank is in the spotlight after revealing discrepancies in its derivatives portfolio, causing its stock to plunge nearly 30 ...",,,0,"['Education', 'maths']",27,
M_wVfpX39JE,financial derivatives lecture in hindi | futures contracts explained| forward contract in hindi,"In this financial derivatives lecture in hindi we have explained about different types of financial derivate such as futures contracts, ...",,,0,"['Education', 'maths']",27,
OmCFCS9VjZQ,Derivatives Revision - in Detailed with Questions | CA Final AFM | Pratik Jagati,Website - www.pratikjagati.com Telegram- https://t.me/pratikjagati.,,,0,"['Education', 'maths']",27,
AitQQu2mFm0,The Derivative - The Most Important Concept in Calculus,The derivative is one of the most fundamental and powerful concepts in all of mathematics. It is the core idea behind calculus and ...,,,0,"['Education', 'maths']",27,
-296435dMfk,Derivatives|Easy Trick to Learn Important Formulae|Lecture01|First Year Diploma & Polytechnic,Derivatives|Easy Trick to Learn Important Formulae|Lecture01|First Year Diploma & Polytechnic| Pradeep Giri #derivatives ...,,,0,"['Education', 'maths']",27,
3OPnR9Xpltc,DERIVATIVES MCOM/BCOM FINANCIAL DERIVATIVES,,,,0,"['Education', 'maths']",27,
SO4rB-3ZdMc,Differentiation | Derivative Class 11 Math in Bengali | Part 01 | Concept & Formula | SOE Bangla,DERIVATIVE | Calculus| SOE Bangla | WBCHSE| Aminur Sir Hey students welcome to class 11 .Here u will get all the videos of ...,,,0,"['Education', 'maths']",27,
yg_497u6JnA,Derivatives of Exponential Functions,This calculus video tutorial explains how to find the derivative of exponential functions using a simple formula. It explains how to ...,,,0,"['Education', 'maths']",27,
IXjs6cr5Tec,What are Futures and Options ? F&O Trading and Derivatives in Stock Market Explained in Hindi,The easiest explanation for Futures and options (F&O) is present in this video. Conceptually understand what are futures?,,,0,"['Education', 'maths']",27,
rXRN_8Wz5kk,Limits and Derivatives | Class 11 Maths | Chapter 13,"Roshni Mukherjee, the Founder-Educator at LearnoHub has been building this free learning platform since 2011. She has been ...",,,0,"['Education', 'maths']",27,
xYC0sDCsI9Q,Chain Rule Method of Differentiation | Derivatives,Learn how to get the derivative of a function using the chain rule method of differentiation. Join our WhatsApp channel for more ...,,,0,"['Education', 'maths']",27,
XWGbBUENjdI,AFM Revision DERIVATIVES Revision CA Final Revision AFM Revision Series,Contact Alpha Academy +91 8889246468 | +91 6266553342 | Email: alphaacademyindia@gmail.com | Website: ...,,,0,"['Education', 'maths']",27,
9SLzAsvfEbg,NISM - 8 Equity Derivatives Exam 2024 | FULL COURSE - Chapter 2 Part - B,"Are you preparing for the NISM 8 Equity Derivatives Exam? If so, make sure to watch this video! In it, I'll teach you everything you ...",,,0,"['Education', 'maths']",27,
PEqCa0U77mc,Derivatives of Trigonometric Functions,"This calculus video tutorial provides a basic introduction into the derivatives of trigonometric functions such as sin, cos, tan, sec, ...",,,0,"['Education', 'maths']",27,
I5XlgJ9IoqI,Introduction to differentiation|how to find derivatives|BBA Maths |BCA Maths|B.COM Maths,Introduction to differentiation|how to find derivatives|BBA Maths |BCA Maths |B.COM Maths #derivatives #questionsofderivatives ...,,,0,"['Education', 'maths']",27,
Scxja4LMAtk,"01 - Basic Derivatives in Calculus, Part 1 - Learn what a Derivative is and how to Solve Them.",In this lesson the student will get practice taking basic derivatives in calculus 1.,,,0,"['Education', 'maths']",27,
MYP36WdBF9A,"Derivatives OF a CONSTANT FUNCTIONS, POWER FUNCTIONS AND SUM OR DIFFERENCE",This tutor iral Will Help you about derivatives.,,,0,"['Education', 'maths']",27,
s93Nc81Rc5c,AFAR: Derivatives and Hedging Transactions Part 1,This 2-part online lecture video discusses the concepts and procedures applied in accounting for derivatives and hedging ...,,,0,"['Education', 'maths']",27,
hheR4HgWfMA,CFA Level 1 Derivatives Full Lecture | CFA Derivatives Videos,"Welcome to this full-length lecture on Derivatives for CFA Level 1! In this video, we will cover all the concepts you need to ...",,,0,"['Education', 'maths']",27,
2ClP539pTzA,"NISM - 8 Equity Derivatives Exam 2024 | FULL COURSE - Chapter 1, Part - A","Are you preparing for the NISM 8 Equity Derivatives Exam? If so, make sure to watch this video! In it, I'll teach you everything you ...",,,0,"['Education', 'maths']",27,
m66BVK2dlDk,Explained - Financial Derivatives - FUTURES,"derivatives #futures #trading In this video, we have covered FINANCIAL DERIVATIVES. In this first session, we are focussing on ...",,,0,"['Education', 'maths']",27,
8jVDEcQ0wXk,Quotient Rule For Derivatives,This calculus video tutorial provides a basic introduction into the quotient rule for derivatives. It explains how to find the derivatives ...,,,0,"['Education', 'maths']",27,
vPZZXM_YOMM,Stock Volatility Will Lead To Derivative Meltdown | Bill Holter,INTERVIEW TIMELINE: 0:00 Intro 1:30 Gold repatriation 6:30 The Great Taking 11:20 Stock market volatility 16:20 The kinds of ...,,,0,"['Education', 'maths']",27,
Kg70XKMoCz8,Derivative Instrument and Derivative Market Features (2025 LI CFA® Exam – Derivatives Module 1),Prep Packages for the FRM® Program: FRM Part I & Part II (Lifetime access): ...,,,0,"['Education', 'maths']",27,
AitQQu2mFm0,The Derivative - The Most Important Concept in Calculus,The derivative is one of the most fundamental and powerful concepts in all of mathematics. It is the core idea behind calculus and ...,,,0,"['Education', 'maths']",27,
1X1M259CjXE,NISM - 8 Equity Derivatives Exam 2024 | FULL COURSE - Chapter 3 Part - B,"Are you preparing for the NISM 8 Equity Derivatives Exam? If so, make sure to watch this video! In it, I'll teach you everything you ...",,,0,"['Education', 'maths']",27,
et7nT2Gu1mI,LIMITS AND DERIVATIVES | ONE SHOT CLASS 11th MATHS CHAPTER 12 | QUESTIONS/SOLUTIONS/EXERCISE/INTRO,"LIMITS AND DERIVATIVES | ONE SHOT CLASS 11 MATHS CHAPTER 12 In this one-shot video, we dive deep into Limits and ...",,,0,"['Education', 'maths']",27,
nKsaHIK6s5Q,JAIIB IE and IFS 2024 | Derivative Market | Macmillan Summary | Module D | JAIIB 2024,JAIIB IE and IFS 2024 | Macmillan Summary | Derivative Market | Module D | JAIIB 2024: Are you studying for the JAIIB exam in ...,,,0,"['Education', 'maths']",27,
962lLfW-8Jo,Calculus 1 Lecture 2.1: Introduction to the Derivative of a Function,Calculus 1 Lecture 2.1: Introduction to the Derivative of a Function.,,,0,"['Education', 'maths']",27,
a3jaFqrzpMo,NISM - 8 Equity Derivatives Exam 2024 | FULL COURSE - Chapter 2 Part - A,"Are you preparing for the NISM 8 Equity Derivatives Exam? If so, make sure to watch this video! In it, I'll teach you everything you ...",,,0,"['Education', 'maths']",27,
KbYW9FDm-Zk,Derivatives of Inverse Trigonometric Functions,This calculus video provides a basic introduction into the derivatives of inverse trigonometric functions. It explains how to find the ...,,,0,"['Education', 'maths']",27,
ttU9ADJMrds,Derivatives | CA Final AFM | ICAI Module Practical Questions By CA Sankalp Kanstiya,"9-Day AFM Navratri Master Advanced Financial Management in just 9 days with focused, practical sessions covering critical ...",,,0,"['Education', 'maths']",27,
_niP0JaOgHY,Derivatives of Trigonometric Functions - Product Rule Quotient & Chain Rule - Calculus Tutorial,"This calculus video tutorial explains how to find the derivative of trigonometric functions such as sinx, cosx, tanx, secx, cscx, and ...",,,0,"['Education', 'maths']",27,
Se-dfXkGg_8,CFA Level 1 Derivatives Revisionary Lectures Part-1 | CFA Level 1 Revision @thewallstreetschool,"Welcome to the ultimate guide for mastering Derivatives in CFA Level 1! In this enlightening installment, we're diving deep into ...",,,0,"['Education', 'maths']",27,
H_rGN5wOkvY,Financial derivatives explained,What are derivatives? Let me take you through a short and easy to understand story where the relationship between a stock ...,,,0,"['Education', 'maths']",27,
UVmxva3DAhc,"Intro to Derivatives, Limits & Tangent Lines in Calculus | Step-by-Step","In this video, we'll be introducing you to some of the key concepts in calculus, specifically derivatives, limits, and tangent lines.",,,0,"['Education', 'maths']",27,
1TUrJVjc8Bw,Understand Calculus Derivatives in 10 Minutes,"In this video, we dive into the fundamental concept of derivatives in calculus, focusing on their role in understanding rates of ...",,,0,"['Education', 'maths']",27,
Xx_PzFLh-yI,Derivative features (for the CFA Level 1 exam),"Derivative features (for the CFA Level 1 exam) explores the basic parameters of derivative instruments: the underlying, contract ...",,,0,"['Education', 'maths']",27,
q082eMlXI3Q,Learn Every Derivative Rule in only 24 minutes! (ultimate study guide) | jensenmath.ca,Here are the top 10 most important derivative rules you have to know if you want to be successful in Calculus.,,,0,"['Education', 'maths']",27,
fXYhyyJpFe8,Applying First Principles to x² (1 of 2: Finding the Derivative),,,,0,"['Education', 'maths']",27,
ttU9ADJMrds,Derivatives | CA Final AFM | ICAI Module Practical Questions By CA Sankalp Kanstiya,"9-Day AFM Navratri Master Advanced Financial Management in just 9 days with focused, practical sessions covering critical ...",,,0,"['Education', 'maths']",27,
WiOdQQYLMU4,Application of Derivatives - Formulas and Notes - Calculus Study Guide Review,This calculus video tutorial provides notes and formulas on the application of derivatives. Examples include average rate of ...,,,0,"['Education', 'maths']",27,
GmHNYPrtwD4,What are Derivatives? 📈 Intro for Aspiring Quants,DERIVATIVES are financial assets that give you specialized control over your investments. They can be used to reduce ...,,,0,"['Education', 'maths']",27,
0P8laaIxQDs,AFM DERIVATIVES PRACTICAL QUESTIONS REVISION By CA Sankalp Kanstiya,CA Final:- https://t.me/cafinalsankalpcosting Websites - https://www.bbvirtuals.com/ www.webucate.in.,,,0,"['Education', 'maths']",27,
7cCYGq8Hz74,Limits and Derivatives One Shot Maths | Class 11 Maths NCERT Explanation & Solution with Ushank Sir,"Now preparing for exams will become Fun and Easy! This channel is dedicated to students of classes 9th, 10th & 11th preparing ...",,,0,"['Education', 'maths']",27,
x5hFEptKzdQ,The Chain Rule for Finding Derivatives | Chain Rule | Basic Calculus,Basic Calculus The Chain Rule for Finding Derivatives | How to find the derivatives using Chain Rule The chain rule tells us how ...,,,0,"['Education', 'maths']",27,
P8_KCItuZVM,Limits and Derivatives Class 11 One Shot | NCERT Maths Important Questions Revision | CBSE 2024-25,Limits and Derivatives Class 11 Maths in One Shot. Kuldeep Sir ke saath ek hi session mein Class 11 NCERT Maths ka sabse ...,,,0,"['Education', 'maths']",27,
qW44hd1wlK4,What Is A Derivative(HINDI),In this video I will be talking about the concept of derivative what is it essentialy? Deriving functions is easy once you get the basic ...,,,0,"['Education', 'maths']",27,
KAEOQ76BLLM,Plus Two Maths Public Exam | Continuity &Diffrentiability | Application Of Derivatives | ExamWinner,examwinner #plustwomaths #publicexam #annualexam2025 #sureshotquestions Notes Link: https://linktr.ee/allen_221b Alex sir ...,,,0,"['Education', 'maths']",27,
WqRPFvZWF0k,Curve Sketching - First & Second Derivatives - Graphing Rational Functions & Asymptotes - Calculus,"This calculus video tutorial provides a summary of the techniques of curve sketching. It shows you how to graph polynomials, ...",,,0,"['Education', 'maths']",27,
5m_Z8spsyEI,DERIVATIVE LECTURE 1 STUDY OF 5 SOLVED PROBLEM,Visit My Most Popular Channel : @TIKLESACADEMY TODAY WE WILL STUDY 5 PROBLEMS ON DERIVATIVE. PLEASE ...,,,0,"['Education', 'maths']",27,
6Nk8YoHgnss,Application of Derivatives Class 12 Maths | NCERT Chapter 6 | CBSE JEE | One Shot |हिंदी में,Timestamps: 0:00 Introduction 0:56 Application of Derivatives 2:07 Rate of change of Quantity 5:10 Ex 6.1 Q1 (b) 8:05 Ex 6.1 Q2 ...,,,0,"['Education', 'maths']",27,
L9hU4xrhEDs,What does the second derivative actually do in math and physics?,"Happy Quantum Day! :) In this video we discover how we can understand the second derivative geometrically, and we derive a ...",,,0,"['Education', 'maths']",27,
m2MIpDrF7Es,"What's so special about Euler's number e? | Chapter 5, Essence of calculus",Timestamps 0:00 - Motivating example 3:57 - Deriving the key proportionality property 7:36 - What is e? 8:48 - Natural logs 11:23 ...,,,0,"['Education', 'maths']",27,
RGrtzhsXmNk,Day-2 | What is Derivatives? | Types of Derivatives | F & O Basics to Advanced |,"In this video, I have explained what is derivatives In detail, what are the 4 major types of derivatives i.e. Forwards, Futures, Options ...",,,0,"['Education', 'maths']",27,
Ld78IqdWsA8,Derivative and Slope | Finding the slope of the tangent line at the given point |  @Prof D,Basic Calculus Derivative and Slope Finding the slope of the tangent line at the given point A derivative of a function is a ...,,,0,"['Education', 'maths']",27,
pDa6IMoo6dE,Limits and Derivatives One Shot Maths | Class 11 Maths NCERT Explanation & Solution with Ushank Sir,"Now preparing for exams will become Fun and Easy! This channel is dedicated to students of classes 9th, 10th & 11th preparing ...",,,0,"['Education', 'maths']",27,
mu2K847FiHU,Derivatives Lecture Part 1,Rules for Differentiation with Some examples: 1. The constant Rule 2. The Power Rule 3. The Derivative of a constant Times a ...,,,0,"['Education', 'maths']",27,
Ud_aN6TXuhk,Elementary Derivative Rules Graphically | Synthwave and Math,"In this installment of synthwave and math, we sketch the derivative curves of elementary functions by measuring the slope of the ...",,,0,"['Education', 'maths']",27,
S1oIDQ6NawM,Derivatives,"Derivatives Watch more Videos at https://www.tutorialspoint.com/videotutorials/index.htm Lecture By: Mr. Niranjan Pandey, ...",,,0,"['Education', 'maths']",27,
JiTVgdbqAZA,Explain Bechamel sauce Derivatives || French Mother Sauces,Explain Bechamel sauce Derivatives || French Mother Sauces #bechamelsauce #bechamel #frenchmothersauce #derivatives ...,,,0,"['Education', 'maths']",27,
vNXjMTv4vHs,"Derivatives of Composite Functions - Chain Rule, Product & Quotient Rule",This calculus video tutorial explains how to find the derivative of composite functions using the chain rule. It also covers a few ...,,,0,"['Education', 'maths']",27,
Bb6EtiGJj8E,Cuet 2025 Maths previous year solution | application of derivatives part 01 | Ankit Sir,Helpline Number Call : 05423520200 Call/WhatsApp : 7081690644 Available Test Series for CUET 2025 @ ₹499 ...,,,0,"['Education', 'maths']",27,
Dp9sgIvaKPk,Derivative of Logarithmic Functions,This calculus video tutorial provides a basic introduction into derivatives of logarithmic functions. It explains how to find the ...,,,0,"['Education', 'maths']",27,
DVaco_3VY38,Plus One Maths | Derivatives In 50 Minutes | Xylem Plus One,plusone #xylemplusone #maths Join our Agni batch and turn your +1 & +2 dreams into a glorious reality For Free Class ...,,,0,"['Education', 'maths']",27,
qZFEQcE9ToA,"Application of Derivatives | Maxima and Minima | 03-04 Marks | HSC(12th) Science, Commerce & Arts","Heyy Guyzz!!! This is Amol Balekar. Here's the video on New Topic, APPLICATION OF DERIVATIVES. In this video, I have covered ...",,,0,"['Education', 'maths']",27,
01EqB4UIhGE,Differentiation Part 1 HSC New Syllabus 2020-21 | Full Basic Concept of Derivatives | Dinesh Sir,Free Maths Lectures with best explanation are available based on New Syllabus 2020 Maharashtra Board. Just click on the below ...,,,0,"['Education', 'maths']",27,
#NAME?,Directional Derivatives (rate of change in a particular direction),"The purpose of the channel is to learn, familiarize, and review the necessary precalculus and trigonometry/geometry topics that ...",,,0,"['Education', 'maths']",27,
IteIlo34srQ,CFA LEVEL 1 DERIVATIVE CLASS 1 #cfa #derivatives #finance,Dive into the fundamentals of derivatives with Sanjay Saraf Sir in this comprehensive CFA Level 1 class! This video covers a ...,,,0,"['Education', 'maths']",27,
yoLlsg0e5Y8,Class 11 Chapter 13 Introduction | Limits and Derivatives Introduction | Ch 13 Introduction Class 11,Class 11 Chapter 13 Introduction | Limits and Derivatives Introduction | Ch 13 Introduction Class 11 Introduction Limits and ...,,,0,"['Education', 'maths']",27,
Ny1PTnWwSY8,Fybcom maths sem 2 || Derivatives & Application of derivatives | siraj shaikh | sem-2,HELLO STUDENTS IN THIS VIDEO LECTURE I HAVE COVER THE TOPIC DERIVATIVES AND APPLICATION OF DERIVATIVES ...,,,0,"['Education', 'maths']",27,
jD2InfX_96I,Ch 3 | Basic Maths ( Part 1 ) | Mathematical Tool | Differentiation & Integration | JEE | NEET | 11,PACE - Class 11th : Scheduled Syllabus released describing :- which topics will be taught for how many days. Available at ...,,,0,"['Education', 'maths']",27,
vp6r1-S7Tow,NISM - 8 Equity Derivatives Exam 2024 | FULL COURSE - Chapter 6 Part - A,"Are you preparing for the NISM 8 Equity Derivatives Exam? If so, make sure to watch this video! In it, I'll teach you everything you ...",,,0,"['Education', 'maths']",27,
zmnh448y_ZU,"Derivatives of Exponential Functions & Logarithmic Differentiation Calculus lnx, e^2x, x^x, x^sinx",This calculus video tutorial shows you how to find the derivative of exponential and logarithmic functions. it also shows you how to ...,,,0,"['Education', 'maths']",27,
KUu18_pkvbk,DIFFERENTIATION | BEGINNER'S COURSE JEE 2025 / 2026 FULL PREP FROM BASICS | MATHEMATICALLY INCLINED,DIFFERENTIATION | BEGINNER'S COURSE JEE 2025 / 2026 FULL PREPARATION FROM BASICS | MATHEMATICALLY ...,,,0,"['Education', 'maths']",27,
LGY-DjFsALc,"Implicit Differentiation Explained - Product Rule, Quotient & Chain Rule - Calculus",This calculus video tutorial explains the concept of implicit differentiation and how to use it to differentiate trig functions using the ...,,,0,"['Education', 'maths']",27,
Hszu_Maneoo,Derivatives using limit definition - Practice problems!,Do you find computing derivatives using the limit definition to be hard? In this video we work through five practice problems for ...,,,0,"['Education', 'maths']",27,
tyJNACbbAQM,Plus Two Maths Public Exam | Application Of Derivatives | Expected 3 Mark Question | Exam winer,plustwo #examwinnerplustwo #exampreperation #finalexam For Plus Two Free Classes & Notes: Join WhatsApp Group 1: ...,,,0,"['Education', 'maths']",27,
JAf_aSIJryg,Partial Derivatives - Multivariable Calculus,This calculus 3 video tutorial explains how to find first order partial derivatives of functions with two and three variables. It provides ...,,,0,"['Education', 'maths']",27,
2ofLRkYKeBk,DIFFERENTIATION RULES || BASIC CALCULUS,BASIC CALCULUS‼️ GRADE 11: DIFFERENTIATION RULES ‼️SHS MATHEMATICS PLAYLISTS‼️ General Mathematics ...,,,0,"['Education', 'maths']",27,
Ki0d6g3mwsE,NISM - 8 Equity Derivatives Exam 2024 | FULL COURSE - Chapter 9,"Are you preparing for the NISM 8 Equity Derivatives Exam? If so, make sure to watch this video! In it, I'll teach you everything you ...",,,0,"['Education', 'maths']",27,
WoBWBU1bNx8,NISM - 8 Equity Derivatives Exam 2024 | FULL COURSE - Chapter 4 Part - B,"Are you preparing for the NISM 8 Equity Derivatives Exam? If so, make sure to watch this video! In it, I'll teach you everything you ...",,,0,"['Education', 'maths']",27,
X7V_H07J5Aw,Derivatives - Futures l AFM Revision l CA Final Revision l CH -5 l ICAI l CA Nitin Guru l CA,cainter #castudents #canitinguru Join our Telegram Channel - https://t.me/canitinguru Prepare for your upcoming CA Intermediate ...,,,0,"['Education', 'maths']",27,
e7bnfHnl6PE,METHOD OF DIFFERENTIATION in One Shot: All Concepts & PYQs Covered | JEE Main & Advanced,MANZIL COMEBACK: https://physicswallah.onelink.me/ZAZB/2ng2dt9v JEE Ultimate CC 2025: ...,,,0,"['Education', 'maths']",27,
Ihh_a-b_s7c,BASIC DERIVATIVE OF ALGEBRAIC FUNCTIONS || BASIC CALCULUS,#MATHStorya #derivatives.,,,0,"['Education', 'maths']",27,
iYO7HwQJh5o,Differentiability | Class 12th Chapter 5 | l Concept/Questions/Answers/One Shot | Class 12th Maths,"In this comprehensive one-shot video, we dive deep into the topic of Differentiability, an essential part of Class 12th Mathematics ...",,,0,"['Education', 'maths']",27,
-7N02-aZ8Dw,NISM - 8 Equity Derivatives Exam 2024 | FULL COURSE - Chapter 5 Part - A,"Are you preparing for the NISM 8 Equity Derivatives Exam? If so, make sure to watch this video! In it, I'll teach you everything you ...",,,0,"['Education', 'maths']",27,
uLuZH8kkl4w,Differentiation Class 12 | JEE Main & Advanced,1 year JEE Subscription:- https://unacademy.com/goal/-/TMUVD/subscribe?plan_type=iconic&referral_code=NEXUSAK ...,,,0,"['Education', 'maths']",27,
boznb2YidbI,"How Do You Define Market Risk? - Derivative Contracts - Philippe Ahoua, Senior Advisor, IFC","Philippe Ahoua, IFC Treasury Capital Markets Senior Advisor, provides an explainer on how to define 'market risk' in the context ...",,,0,"['Education', 'maths']",27,
t3RP9yNZNiI,NISM - 8 Equity Derivatives Exam 2024 | FULL COURSE - Chapter 4 Part - A,"Are you preparing for the NISM 8 Equity Derivatives Exam? If so, make sure to watch this video! In it, I'll teach you everything you ...",,,0,"['Education', 'maths']",27,
yQzk1vR7ByQ,Plus One Christmas Exam Maths | Limits And Derivatives | Xylem Plus One,plusone #xylemplusone #christmasexam #maths Join our Agni batch and turn your +1 & +2 dreams into a glorious reality  ...,,,0,"['Education', 'maths']",27,
6amTET0VGNg,Derivatives|Derivation of composite functions|Chain Rule|Lecture03|First Year Diploma & Polytechnic,Derivatives|Derivation of composite functions|Chain Rule of Derivations |Lecture03|First Year Diploma & Polytechnic| Pradeep ...,,,0,"['Education', 'maths']",27,
V239IIoGVT8,"Relative Extrema, Local Maximum and Minimum, First Derivative Test, Critical Points- Calculus",This calculus video tutorial explains how to find the relative extrema of a function such as the local maximum and minimum values ...,,,0,"['Education', 'maths']",27,
f9-fjLyhSSc,CALCULUS 1: DERIVATIVES,"In this video, you will learn how to SOLVE DERIVATIVES. Enjoy learning! You can also check out my other videos here: Helpful for ...",,,0,"['Education', 'maths']",27,
vwqk6fafhQw,Derivative Using Formula Part 1 || Differentiation || Power Rule NEB Business Math in Nepali,Derivative of exponential Exam Question Derivative Solved Problem https://youtu.be/VrQ24nwFohw Derivative using Principle ...,,,0,"['Education', 'maths']",27,
uexofjuWIBY,DERIVATIVES OPTIONS ALL MODULE QUESTIONS REVISION By CA Sankalp Kanstiya,Our telegram channel as below: CA Final:- https://t.me/cafinalsankalpcosting Websites - https://www.bbvirtuals.com/ ...,,,0,"['Education', 'maths']",27,
Mv_JlKjUT4o,Derivatives and Interest Rate Risk Management Revision | SFM CA Final | Pratik Jagati,notes link - Website - www.pratikjagati.com.,,,0,"['Education', 'maths']",27,
8q8sDNltMno,Plus Two Maths Public Exam | Application of Derivatives - 3 Mark Question | Exam Winner,plustwo #examwinnerplustwo #exampreperation #finalexam For Plus Two Free Classes & Notes: Join WhatsApp Group 1: ...,,,0,"['Education', 'maths']",27,
gAJXnXHwO-0,Class 11 Limits & Derivatives Intro || Class 11 chapter 12 oneshot || #derivatives @GREENBoard,Thanks and Regards Mandeep (MKR),,,0,"['Education', 'maths']",27,
bxbfQCB1SfQ,Hedge Accounting: Derivatives. CPA exam FAR,"In this session, I explain hedge accounting (derivatives) ✔️Accounting students or CPA Exam candidates, check my website for ...",,,0,"['Education', 'maths']",27,
gidzJassbro,NISM - 8 Equity Derivatives Exam 2024 | FULL COURSE - Chapter 10,"Are you preparing for the NISM 8 Equity Derivatives Exam? If so, make sure to watch this video! In it, I'll teach you everything you ...",,,0,"['Education', 'maths']",27,
BcOPKQAZcn0,Differentiation,"In this video I show you how to differentiate various simple and more complex functions. We use this to find the gradient, and also ...",,,0,"['Education', 'maths']",27,
ubHPLTQIZRQ,"Introduction: Derivatives Market Concept, Evolution & Features of Derivatives",Subject:- MBA Course:-Financial Derivatives.,,,0,"['Education', 'maths']",27,
M0-tluVBNrY,Derivative Revision Part 2 CA Final AFM May 2024,https://drive.google.com/drive/folders/1yDpRvnHD3Lug3COMiKrWz4gk2bqtyhyK?usp=drive_link.,,,0,"['Education', 'maths']",27,
jnQciXRarF0,NISM - 8 Equity Derivatives Exam 2024 | FULL COURSE - Chapter 8,"Are you preparing for the NISM 8 Equity Derivatives Exam? If so, make sure to watch this video! In it, I'll teach you everything you ...",,,0,"['Education', 'maths']",27,
gZB4RvZxvaI,Application of Derivatives Oneshot | 2nd PUC Mathematics Exam 2025,Join KCET 2025 Crash Course | KCET Crash Course 2025 Get personalized guidance from RP Sir Call on 7411-008-008 ...,,,0,"['Education', 'maths']",27,
0xCJzzTe0BE,DERIVATIVES FUTURES AND OPTIONS CA FINAL AFM INCLUDING REAL GROWTH OPTIONS AND BLACK SCHOLES MODEL,INSTA / FB: Ca_Sankalp_Kanstiya Linkedin: www.linkedin.com/in/ca-cs-sankalp-kanstiya-94334b210/ Twitter: ...,,,0,"['Education', 'maths']",27,
E9cugCQVDoo,Derivative of a Function | Basic Differentiation Formulas || Differential Calculus in Filipino,#MATHuklasanWithSirRam #Derivative #DifferentialCalculusinFilipino.,,,0,"['Education', 'maths']",27,
jJbM1bT8HCg,Derivatives y = 4x^5 -3x^4 +3x^3 -x +25,Derivatives y = 4x^5 -3x^4 +3x^3 -x #calculus #differentialcalculus #engineeringnotebook.,,,0,"['Education', 'maths']",27,
5-TKfOzwu9w,Finding The Tangent Line Equation With Derivatives - Calculus Problems,This calculus video tutorial shows you how to find the equation of a tangent line with derivatives. Techniques include the power ...,,,0,"['Education', 'maths']",27,
2IIfjY7Sjns,Differentiation by First Principle Method | Derivative #jonahemmanuel #excellenceacademy,This video teaches how to solve calculus differentiation problems with the use of the First Principle method. Join our WhatsApp ...,,,0,"['Education', 'maths']",27,
synMe2oWQVg,NISM - 8 Equity Derivatives Exam 2024 | FULL COURSE - Chapter 3 Part - C,"Are you preparing for the NISM 8 Equity Derivatives Exam? If so, make sure to watch this video! In it, I'll teach you everything you ...",,,0,"['Education', 'maths']",27,
G8GAsYkZlpE,Second Derivative Test,This calculus video tutorial provides a basic introduction into the second derivative test. It explains how to use the second ...,,,0,"['Education', 'maths']",27,
GMa_cT2k24A,Derivatives|Derivatives of sum or difference of functions|Lecture02|First Year Diploma & Polytechnic,Derivatives|Derivatives of sum or difference of functions|Derivatives of product and quotient of functions | Lecture02 | First Year ...,,,0,"['Education', 'maths']",27,
dYjhBaQuZeg,"14.Grade-11, Math || Derivatives || Lecture-1 || full concept and formula || watch in 1080p","support me by sharing this with needy ones. Your like, comment and subscription is my motivation. watch this first if you haven't ...",,,0,"['Education', 'maths']",27,
3R9HL0RdfgI,"Types of Derivatives,Types of Financial Derivatives, Option, Swap, financial derivatives in hindi","swap, option, financial derivatives, financial derivatives lecture, financial derivatives class, financial derivatives chapter 1, financial ...",,,0,"['Education', 'maths']",27,
9Yz-RCdS2Tg,The Power Rule For Derivatives,This calculus video tutorial provides a basic introduction into the power rule for derivatives. It explains how to find the derivative of ...,,,0,"['Education', 'maths']",27,
gS4oDUFrx4s,Chain Rule Method of Differentiation | Derivatives #excellenceacademy #jonahemmanuel,Learn how to get the derivative of a function using the chain rule method of differentiation. Need a tutor? Send us a DM on ...,,,0,"['Education', 'maths']",27,
hAGXgqaOWhg,"Arbitrage, Replication, Cost of Carry in Pricing Derivative– Module 4 Derivatives –CFA® Level I 2025","2025 Prep Packages for the CFA® Program exam offered by FinQuiz Pro (notes, summaries, question bank, mock exams, and ...",,,0,"['Education', 'maths']",27,
ItsbPEIYZgk,Derivatives of Exponential and Logarithmic Functions (Tagalog/Filipino Math),Hi guys! This video discusses the formula for derivatives of exponential and logarithmic functions and how to use them. We will ...,,,0,"['Education', 'maths']",27,
7TidO5P1CCA,Application Of Derivatives - KCET Maths | KCET Master Stroke - One Shot Series | #kcet,"In this series, we cover each chapter of the KCET PU2 syllabus in a single, easy-to-understand session. Whether you're starting ...",,,0,"['Education', 'maths']",27,
IdgC4PtMKcc,The Power Rule for Derivatives | Basic Rules of Derivatives | Basic Calculus,Basic Calculus The Power Rule for Derivatives | Basic Rules of Derivatives This video will demonstrate how to find the derivatives ...,,,0,"['Education', 'maths']",27,
PJ5NXXsXRWs,Chain Rule Shortcut Method of Differentiation | Derivatives #excellenceacademy #jonahemmanuel,Learn how to get the derivative of a function using the chain rule method of differentiation. Need a tutor? Send us a DM on ...,,,0,"['Education', 'maths']",27,
Pn_A3iWUUck,"Derivatives - Part 1 | CFA Level 1 | Kunal Doshi, CFA","Introduction - CFA Level 1 Free Lecture (2022/23) by Kunal Doshi, CFA Here's the list of all my Past recordings of CFA Level 1 ...",,,0,"['Education', 'maths']",27,
O3vRXeE-iBI,"Sketching Derivatives From Parent Functions - f f' f'' Graphs - f(x), Calculus",This calculus video tutorial explains how to sketch the derivatives of the parent function using the graph f(x). This video contains ...,,,0,"['Education', 'maths']",27,
qrBkQ8Ci2fM,How To Find The Derivative of a Fraction - Calculus,This calculus video explains how to find the derivative of a fraction using the power rule and quotient rule. Examples include ...,,,0,"['Education', 'maths']",27,
Ft_Yb3BvZKE,📊 Rate Measure Problems Made Easy! (Applications of Derivatives Part 1) | NEB Class 12 Math | GoalX,"Welcome to GoalX! In this video, we dive into Applications of Derivatives - Rate Measure, a crucial topic for Class 12 NEB Board ...",,,0,"['Education', 'maths']",27,
THnosBVfROg,The Product Rule for Derivatives | Basic Rules of Derivatives | Basic Calculus,Basic Calculus The Product Rule for Derivatives | Basic Rules of Derivatives This video will demonstrate how to find the ...,,,0,"['Education', 'maths']",27,
Ds30Tjcwe1E,NISM - 8 Equity Derivatives Exam 2024 | FULL COURSE - Chapter 7 Part - A,"Are you preparing for the NISM 8 Equity Derivatives Exam? If so, make sure to watch this video! In it, I'll teach you everything you ...",,,0,"['Education', 'maths']",27,
2UwqV-GMNVs,DERIVATIVE OF BASIC TRIGONOMETIC FUNCTIONS || BASIC CALCULUS,#MATHStorya.,,,0,"['Education', 'maths']",27,
KbVNLSd3-6c,"Differentiation Rules | Power Rule, Product Rule, Quotient Rule, Chain Rule | Derivative Basic Rules",This video will give you the basic rules you need for doing derivatives. This video covers 4 important differentiation rules used in ...,,,0,"['Education', 'maths']",27,
6wEBiEMhbWE,CUET 2025 Maths Preparation | अवकलज के अनुप्रयोग | Applications of Derivatives CUET MATHS 2025,"Learn and Share Calling/WhatsApp Number: 80786-96588, 78528-26325 Learn & Share Application ...",,,0,"['Education', 'maths']",27,
xQg6XMcbuNE,Derivatives - CA/CMA Final - Detailed Concept Revision - (Full English),CAFinal #AFM #derivativesanalysis #optionpricing Unlock the secrets of derivatives with our comprehensive video guide tailored ...,,,0,"['Education', 'maths']",27,
eEY3R40s7xM,NISM - 8 Equity Derivatives Exam 2024 | FULL COURSE - Chapter 5 Part - E,"Are you preparing for the NISM 8 Equity Derivatives Exam? If so, make sure to watch this video! In it, I'll teach you everything you ...",,,0,"['Education', 'maths']",27,
OhqNbQi9QPk,"Concavity, Inflection Points, and Second Derivative",This calculus video tutorial provides a basic introduction into concavity and inflection points. It explains how to find the inflections ...,,,0,"['Education', 'maths']",27,
K7jMAcpfeMU,"MARATHON - II, DERIVATIVES, IRRM & FOREX",CHAPTER: DERIVATIVES 00:00:00 Introduction 00:02:22 Option 00:03:03 Question - 01 00:06:50 Question - 02 00:14:15 ...,,,0,"['Education', 'maths']",27,
2l7YI-Vbg00,Lecture 01: Derivative Accounting. [Advance Accounting],"Welcome to Sir Win - Accounting Lectures. Ang accounting discussion online pero classroom approach. Hindi review, kundi first ...",,,0,"['Education', 'maths']",27,
sD0fY2WpfyY,CFA Level I - Complete CRASH COURSE - Equity + Derivatives,TimeStamp: EQUITY 00:00 to 8:21 General Chitchat 8:21 to 1:25:21 Equity Valuation 1:37:27 to 2:38:26 Market Organization And ...,,,0,"['Education', 'maths']",27,
HP0JGjdiXmY,THE DEFINITION OF THE DERIVATIVE || BASIC CALCULUS,BASIC CALCULUS‼️ GRADE 11: THE DEFINITION OF THE DERIVATIVE ‼️SHS MATHEMATICS PLAYLISTS‼️ General ...,,,0,"['Education', 'maths']",27,
CnVes9TdnPo,How To Find The Directional Derivative and The Gradient Vector,This Calculus 3 video tutorial explains how to find the directional derivative and the gradient vector. The directional derivative is ...,,,0,"['Education', 'maths']",27,
FLRqdxMOKlU,The Definition of Derivatives,"Practical application of derivatives, Real life application of derivatives, derivatives in real life setting, Derivatives ...",,,0,"['Education', 'maths']",27,
BtszJ8fm-z4,All about Equity Derivatives certification NISM in detail l Skill91.com l CA Nitin Guru,Use Code: OVER & Get 10% OFF Hurry Up! Time is Ticking! ⌛ Prepare for your NISM Exams With Me! And Get Certified by SEBI ...,,,0,"['Education', 'maths']",27,
3Vmcd-tLZkw,⚡ 100X SILVER! Derivatives Meltdown & Explosive Increase In SILVER Prices | Bill Holter Silver,100X SILVER! Derivatives Meltdown & Explosive Increase In SILVER Prices | Bill Holter Silver | ALERT! SILVER SQUEEZE 2.0 ...,,,0,"['Education', 'maths']",27,
15awMHeP1Yc,"Concavity, Inflection Points, Increasing Decreasing, First & Second Derivative - Calculus","This calculus video tutorial shows you how to find the intervals where the function is increasing and decreasing, the critical points ...",,,0,"['Education', 'maths']",27,
XipB_uEexF0,Chain Rule With Partial Derivatives - Multivariable Calculus,This multivariable calculus video explains how to evaluate partial derivatives using the chain rule and the help of a tree diagram.,,,0,"['Education', 'maths']",27,
PwxxF9H3Y-k,Differentiation class 12 maths |अवकलन करना सीखें | Derivatives Examples Questions | Formula,"Differentiation class 12 maths chapter 5 , Basic Differentiation class 11,12 Differentiation formula with example and Questions ...",,,0,"['Education', 'maths']",27,
oChUx5m7X7Y,LIMITS AND DERIVATIVES in 1 Shot || FULL Chapter Coverage (Concepts+PYQs) || Class 11th MATHS,"""00:00 - Introduction 02:15 - Limits 15:44 - Algebra of limits 16:53 - Limits of Polynomials 23:18 - Some Important Theorems 26:04 ...",,,0,"['Education', 'maths']",27,
Y7e7UDVoGRo,"Applications of Derivatives - Rolle's & Mean Value Theorem, Concavity, Critical & Inflection Points,","This calculus video tutorial focuses on applications of derivatives. It discusses formulas on average rate of change, instantaneous ...",,,0,"['Education', 'maths']",27,
F5PqfSiHTPQ,Application of Derivatives | Calculus | Class 12 Business Math in Nepali | Chapter 2 | NEB – Gurubaa,"To Study IELTS/PTE/SAT at Gurubaa International Consultancy, Fill the form below(Both Online and offline available) ...",,,0,"['Education', 'maths']",27,
p_di4Zn4wz4,"Differential equations, a tourist's guide | DE1","Error correction: At 6:27, the upper equation should have g/L instead of L/g. Steven Strogatz's NYT article on the math of love: ...",,,0,"['Education', 'maths']",27,
G5WyrVxE4j4,The Derivatives of Trigonometric Functions | Basic Calculus,Basic Calculus The Derivatives of Trigonometric Functions | How to find the derivatives of trigonometric functions Trigonometric ...,,,0,"['Education', 'maths']",27,
GfMC6JohdjA,FINANCIAL DERIVATIVES | SWAP | LAST MOMENT PREPARATION | BCOM | CALICUT | SIXTH SEMESTER,,,,0,"['Education', 'maths']",27,
LJe2HvfRVZg,Application of Derivatives Class 12 | Monotonicity & Maxima Minima | JEE Main & Advanced,UNSAT (Unacademy National Scholarship & Aptitude Test):- https://unacademy.onelink.me/M2BR/9ikv8hm1 ➡️ Iconic Mega ...,,,0,"['Education', 'maths']",27,
x-qvVKPbOgc,Class 11th Maths Limits and Derivatives Most Important Questions for Final Exam with Ushank Sir,scienceandfun #ashusir #class11 Class 11th Maths Limits and Derivatives Most Important Questions for Final Exam with Ushank ...,,,0,"['Education', 'maths']",27,
pPXIfDB6OPI,Derivatives|Derivatives of Inverse functions|Lecture05|First Year Diploma & Polytechnic,Derivatives|Derivatives of lnverse functions|Lecture05|First Year Diploma & Polytechnic| Pradeep Giri Sir #derivatives ...,,,0,"['Education', 'maths']",27,
YnPIpN91xUE,Applications of Derivatives 01 | MHTCET 2025 | Beta 4.0#mhtcet2025 #applicationofderivativesclass12,Applications of Derivatives 01 CLASS 12th MATHS FOR MHTCET 2025 BY GANITANK BETA 4.0 BATCH BY ANKUSH SIR ...,,,0,"['Education', 'maths']",27,
WF9W1M_GLAM,"Crypto Derivatives Guide | How to Trade Futures, Options & Perpetuals 2025","What are crypto derivatives? The word derivative implies that it is derived from something. Crypto derivatives, therefore, derive ...",,,0,"['Education', 'maths']",27,
7OppoteeE4U,The Derivatives of Inverse Trigonometric Functions | Basic Calculus,Basic Calculus The Derivatives of Inverse Trigonometric Functions | How to find the derivatives of inverse trigonometric functions ...,,,0,"['Education', 'maths']",27,
Mo2IIMN3D_s,Lecture-22 Partial Derivatives and Tangent Planes,"In this video, I have explained how the equation of a tangent plane is derived in the presence of partial derivatives(Section 15.4, ...",,,0,"['Education', 'maths']",27,
fxiVBUKPoHQ,Calculus with Python_1: The Birth of Derivatives _ From Secant to Tangent,Visualizing the Transition from Secant to Tangent Using Python.,,,0,"['Education', 'maths']",27,
mPBMemgN9AI,PLUS ONE MATHS | Limits & Derivatives | EXAM WINNER,"Plus One Agni Reloaded Revision Batch Details ✴ Batch Fees: Rs. 1000/- ✴ Plus One Exam Based Revision Classes, ...",,,0,"['Education', 'maths']",27,
V29xGeci8PE,Plus One Maths 12. Limits and Derivatives One Shot | Eduport,Plusone #revisionclass #studymaterial #eduport കുറഞ്ഞ സമയം കൊണ്ട് മാക്സിമം ...,,,0,"['Education', 'maths']",27,
uKUzvk5_FF8,Grade 12 Calculus Lesson 1 | Finding the Derivative from First Principles | Mlungisi Nkosi,mlungisinkosi #grade12 #matric.,,,0,"['Education', 'maths']",27,
TR6opZTqKGM,Application Of Derivatives One Shot | Maths | Class 12th Boards | Vijeta 2025,Download PYQs - https://physicswallah.onelink.me/ZAZB/xj7si02l PW App/Website: ...,,,0,"['Education', 'maths']",27,
iJUwdR_3-b4,"Arbitrageurs, Speculators, Hedgers, Types of Participants in Financial Derivative Market, mba,bba",#arbiterageur #hedgers #speculator #financial #derivatives #mba #bba #bcom #mcom #aktu #dwivedi #guidance #option #swap ...,,,0,"['Education', 'maths']",27,
WQ6bqFf_jfQ,Financial Derivatives|Important Questions|Calicut University Bcom 6th Semester,"Ph:9288956947(WhatsApp Only). Exam Oriented Online Coaching For Calicut University, Sreenarayanaguru Open University, ...",,,0,"['Education', 'maths']",27,
K2o2Mc2qpjY,Derivative || Concept of Derivative in nepali || Why We Study Derivative? #derivatives #calculus,"derivative, in mathematics,what is derivative,derivatives maths,introduction to differentiation, what is differentiation in maths, the ...",,,0,"['Education', 'maths']",27,
40tOHrGwoB8,What is Derivatives | Characteristics | B Com | Malayalam |,Content : 1. What is Derivatives? 2. Characteristics of Derivatives.,,,0,"['Education', 'maths']",27,
zAo6Sq-uEww,Second Order Derivatives L05 | 5 Marks Fixed questions | 2nd PUC Mathematics Exam 2024,Join Sarathi and Dheera Batch for KCET 2024 Get personalized guidance from RP Sir & Usha Mam !! Call on 7411-008-008 ...,,,0,"['Education', 'maths']",27,
APRGt-zJCck,Integration Class11th | Integration for Physics | How to do Integration Physics Class12th | Calculus,"JEE #NEET To Support me in my work, You can donate using- Account no- 3288241594 Central Bank of India Branch Dabra (MP) ...",,,0,"['Education', 'maths']",27,
6WUjbJEeJwM,Calculus 1 - Integration & Antiderivatives,This calculus 1 video tutorial provides a basic introduction into integration. It explains how to find the antiderivative of many ...,,,0,"['Education', 'maths']",27,
rfG8ce4nNh0,"Integration and the fundamental theorem of calculus | Chapter 8, Essence of calculus",Timestamps: 0:00 - Car example 8:20 - Areas under graphs 11:18 - Fundamental theorem of calculus 16:20 - Recap 17:45 ...,,,0,"['Education', 'maths']",27,
3n-77bRzwdo,INDEFINITE INTEGRATION in 70 Minutes | Full Chapter Revision | Class 12th JEE,JEE mind map 2025 -https://physicswallah.onelink.me/ZAZB/nx8g2840 Fighter Batch Class 11th JEE: ...,,,0,"['Education', 'maths']",27,
#NAME?,Integration Oneshot | 18 Marks Guaranteed | 2nd PUC Mathematics Exam 2025,Join KCET 2025 Crash Course | KCET Crash Course 2025 Get personalized guidance from RP Sir Call on 7411-008-008 ...,,,0,"['Education', 'maths']",27,
aBuT_NpL4kM,JEE MAINS 2025 : INDEFINITE INTEGRATION 3.0 THEORY +Qs + DPP +TEST | MATHEMATICALLY INCLINED #jee,JEE MAINS 2025 : INDEFINITE INTEGRATION 3.0 THEORY +Qs +DPP +TEST | MATHEMATICALLY INCLINED | NEHA ...,,,0,"['Education', 'maths']",27,
dKecT2jZkxI,Integration Class 12 | JEE Main & Advanced,UNSAT:- https://unacademy.onelink.me/M2BR/9ikv8hm1 ➡️ Question solutions of IRODOV ...,,,0,"['Education', 'maths']",27,
rnlBJNdKTGY,Calculus: ∫ (x-√(x^2+1))^2025 dx - Integration by hyperbolic substitution - For special Year 2025,Here is the technique to solve this question and how to find them in step-by-step.,,,0,"['Education', 'maths']",27,
IFlXeFwA_2A,BASIC Math Calculus – Understand Simple Calculus with just Basic Math in 5 minutes!,BASIC Math Calculus – AREA of a Triangle - Understand Simple Calculus with just Basic Math! Calculus | Integration | Derivative ...,,,0,"['Education', 'maths']",27,
Y8YfDPlWFgk,The Coolest Integration Weapon of All Time,"In this video, I am evaluating an interesting integral using king property. #math #maths Subscribe to Dr. PK Math here ...",,,0,"['Education', 'maths']",27,
YGrj3cI1AJw,Basic Integration Formulas Explained in Hindi | Engineering Mathematics Series,Myself Shridhar Mankar an Engineer l YouTuber l Educational Blogger l Educator l Podcaster. My Aim- To Make Engineering ...,,,0,"['Education', 'maths']",27,
zOxaUlRkFG0,Basic Integration Problems,This calculus video tutorial provides an introduction into basic integration rules. It explains how to find the antiderivative of a ...,,,0,"['Education', 'maths']",27,
YWb1PJV7YIw,Easy and Important 2 & 3 Mark Integration Questions with Solutions |2nd PUC Mathematics Exam 2023,For KCET2023 Crash Course: 7411-008-008 You can fallow RP Sir on Insta: https://www.instagram.com/rajendraprasad1618 ...,,,0,"['Education', 'maths']",27,
e1nxhJQyLYI,Basic Integration... How? (NancyPi),"MIT grad shows how to find antiderivatives, or indefinite integrals, using basic integration rules. To skip ahead: 1) For how to ...",,,0,"['Education', 'maths']",27,
925SY-xvuj8,INDEFINITE INTEGRATION in One Shot: All Concepts & PYQs Covered | JEE Main & Advanced,MANZIL COMEBACK: https://physicswallah.onelink.me/ZAZB/2ng2dt9v JEE Ultimate CC 2025: ...,,,0,"['Education', 'maths']",27,
ZtTDs2FZ2Qw,Manzil 2025: MATRICES in One Shot: All Concepts & PYQs Covered | JEE Main & Advanced,00:00 - Introduction 13:19 - Topics to be covered 16:33 - Matrix Definition 26:01 - Order of a matrix 39:13 - Types of matrices ...,,,0,"['Education', 'maths']",27,
o8T4ZG08q8g,Complex Numbers FULL CHAPTER | Class 11th Maths | Arjuna JEE,Playlist ✨ https://www.youtube.com/playlist?list=PL9tzqmHNezzDzB7DiCwyEYpBJYCSUCuzc ...,,,0,"['Education', 'maths']",27,
IQ15BnVUgis,Integration (Calculus),,,,0,"['Education', 'maths']",27,
FsC3do74UIo,What is Integration? Finding the Area Under a Curve,"Ok, we've wrapped up differential calculus, so it's time to tackle integral calculus! It's definitely the trickier of the two, but don't worry ...",,,0,"['Education', 'maths']",27,
mTW9kWhBsmU,Quavo & Takeoff - Integration (Official visualizer),"NowPlaying Quavo & Takeoff ""Integration"" Official Visualizer. Stream & Download ""Integration"" on 'Only Built for Infinity Links' ...",,,0,"['Education', 'maths']",27,
tLcvEmBZEPg,Basics of Integration | Integration | 2nd PUC Mathematics Exam 2024,Join KCET 2024 Crash Course Get personalized guidance from RP Sir & Usha Mam !! Call on 7411-008-008 Download ...,,,0,"['Education', 'maths']",27,
sci1pls4Lc8,Integration Using The Substitution Rule,"With the basics of integration down, it's now time to learn about more complicated integration techniques! We need special ...",,,0,"['Education', 'maths']",27,
o75AqTInKDU,"Indefinite Integral - Basic Integration Rules, Problems, Formulas, Trig Functions, Calculus",This calculus video tutorial explains how to find the indefinite integral of a function. It explains how to apply basic integration rules ...,,,0,"['Education', 'maths']",27,
JfK6bkwnlV4,10x Productivity Hack: Cursor + Dart AI MCP Integration,"Boost Productivity with Dart AI In this video, I demonstrate how to use Cursor alongside Dart AI, a powerful project management ...",,,0,"['Education', 'maths']",27,
wcix-vwYJ-Q,WSO2 Rest API Development | Installation Of WSO2 Integration Studio and Postman,"Hi Everyone , This Video I am creating for you guys which will help everyone to build your own APIS without any facing any ...",,,0,"['Education', 'maths']",27,
6pjDaGQB86E,DDCET - MATHEMATICS || UNIT 7 || INTEGRATION || FULL REVISION || MIMP MCQ FOR DDCET #ddcet,DIPLOMA TO DEGREE COMMON ENTRANCE TEST (DDCET) 2025 WHATSAPP GROUP LINK: ...,,,0,"['Education', 'maths']",27,
4eUJQ69uv9s,Integration of WAZUH with SURICATA,Suricata Installation WAZUH Linux Installation Integration of SURICATA with WAZUH ...,,,0,"['Education', 'maths']",27,
hY8C4lcmJUk,2023 Columbia Integration Bee Qualifying Round Integral 7,Mis-3059 Integrate (sin^3 x + cos^3 x)dx #calculus #indefinite_integrals #trigonometric #identity #2023 #columbia #intergration ...,,,0,"['Education', 'maths']",27,
p5FrJ3upzTo,Future Trends in Power Management Chips High Frequency & Integration,Explore the evolving landscape of power management chips in this informative video. We delve into the current industry trends ...,,,0,"['Education', 'maths']",27,
ZfHU8eeK9k0,Chemical Coordination and Integration Lecture 02,COMPLETE BIOLOGY CRASH COURSE FOR NEET 2025 – REPLAY AVAILABLE NOW ...,,,0,"['Education', 'maths']",27,
qr670UJzrls,2023 Columbia Integration Bee Qualifying Round Integral 14,Mis-3063 Integrate cos x/sqrt(cos 2x)dx #calculus #indefinite_integrals #substitution #2023 #columbia #intergration #bee ...,,,0,"['Education', 'maths']",27,
4gw7Nkr6bsg,Huawei Pura X - New 5.0.1.110SP5 Update improves Camera + Android integration,A new #HuaweiPuraX #HarmonyOS 5.0.1.110 SP5 update arrived which promises camera improvements and has some other ...,,,0,"['Education', 'maths']",27,
hcwgt6ouliU,JEE MAIN PYQ 2025 ( 8 April- shift 2 ) || Integration PYQ 2025 || IIT JEE Class12 MATHS #JEE2025,JEE MAIN PYQ 2025 ( 2nd April- shift 1 ) || Integration PYQ 2025 || IIT JEE Class12 MATHS #JEE2025 #jee2025preparation ...,,,0,"['Education', 'maths']",27,
6KcSrcickYA,2023 Columbia Integration Bee Qualifying Round Integral 8,Mis-3058 Integrate 1/(1 + tan x)dx #calculus #indefinite_integrals #algebraic #manipulation #2023 #columbia #intergration #bee ...,,,0,"['Education', 'maths']",27,
oJxOSkXbmA4,What Are Some Activities To Help With Visual Motor Integration Dysfunction?,"What Are Some Activities To Help With Visual Motor Integration Dysfunction? Visual motor integration is a vital skill for children, ...",,,0,"['Education', 'maths']",27,
NP0KDPdRmpM,"Greatland Gold CEO on strong Q1, 'remarkable' Telfer integration and ASX listing plans","Greatland Gold PLC (AIM:GGP, OTC:GRLGF) CEO Shaun Day talked with Proactive about the company's performance during the ...",,,0,"['Education', 'maths']",27,
svfPBYxhYw0,2023 Columbia Integration Bee Qualifying Round Integral 7 (2nd method),Mis-3059A Integrate (sin^3 x + cos^3 x)dx #calculus #indefinite_integrals #trigonometric #identity #2023 #columbia #intergration ...,,,0,"['Education', 'maths']",27,
oquUbmci6Tg,2023 Columbia Integration Bee Qualifying Round Integral 17,Mis-3062 Integrate 1/(sqrt(x) + x^(1/4))dx #calculus #indefinite_integrals #substitution #2023 #columbia #intergration #bee ...,,,0,"['Education', 'maths']",27,
Hym9NGbDFPc,Sophos Firewall v21.5: Entra ID SSO Integration for Sophos Connect Client,We explore the new Entra ID Single Sign-On integration introduced in SFOS version 21.5. This seamless SSO functionality ...,,,0,"['Education', 'maths']",27,
jJ5gznUvVpU,CMM 2023 Integration Bee Finals Problem 23 (5th method),Mis-2960AAAA Integrate sin(ln x)/x^3 dx #calculus #indefinite_integral #substitution #cmm #2023 #integration #bee #finals ...,,,0,"['Education', 'maths']",27,
VKS3s-iGXyU,Integration By part By Elite@Mat,Detailed explanation on solving integration by Part.,,,0,"['Education', 'maths']",27,
sexYhhBB5ZE,2023 Columbia Integration Bee Qualifying Round Integral 7 (3rd method),Mis-3059AA Integrate (sin^3 x + cos^3 x)dx #calculus #indefinite_integrals #trigonometric #identity #2023 #columbia #intergration ...,,,0,"['Education', 'maths']",27,
mTW9kWhBsmU,Quavo & Takeoff - Integration (Official visualizer),"NowPlaying Quavo & Takeoff ""Integration"" Official Visualizer. Stream & Download ""Integration"" on 'Only Built for Infinity Links' ...",,,0,"['Education', 'maths']",27,
zOxaUlRkFG0,Basic Integration Problems,This calculus video tutorial provides an introduction into basic integration rules. It explains how to find the antiderivative of a ...,,,0,"['Education', 'maths']",27,
tLcvEmBZEPg,Basics of Integration | Integration | 2nd PUC Mathematics Exam 2024,Join KCET 2024 Crash Course Get personalized guidance from RP Sir & Usha Mam !! Call on 7411-008-008 Download ...,,,0,"['Education', 'maths']",27,
FsC3do74UIo,What is Integration? Finding the Area Under a Curve,"Ok, we've wrapped up differential calculus, so it's time to tackle integral calculus! It's definitely the trickier of the two, but don't worry ...",,,0,"['Education', 'maths']",27,
IQ15BnVUgis,Integration (Calculus),,,,0,"['Education', 'maths']",27,
e1nxhJQyLYI,Basic Integration... How? (NancyPi),"MIT grad shows how to find antiderivatives, or indefinite integrals, using basic integration rules. To skip ahead: 1) For how to ...",,,0,"['Education', 'maths']",27,
IFlXeFwA_2A,BASIC Math Calculus – Understand Simple Calculus with just Basic Math in 5 minutes!,BASIC Math Calculus – AREA of a Triangle - Understand Simple Calculus with just Basic Math! Calculus | Integration | Derivative ...,,,0,"['Education', 'maths']",27,
rL0ygMRBLq8,Complete Integration and Derivative Formulae List | Easy Trick to Learn| Engineering Mathematics 2,Engineering Channel Pradeep Giri Academy : https://www.youtube.com/results?search_query=pradeep+giri+academy Pradeep ...,,,0,"['Education', 'maths']",27,
sci1pls4Lc8,Integration Using The Substitution Rule,"With the basics of integration down, it's now time to learn about more complicated integration techniques! We need special ...",,,0,"['Education', 'maths']",27,
MwVBzE7Z5gw,What is Integration? 3 Ways to Interpret Integrals,Integrals Explained! This video explains 3 ways to understand and interpret integrals in calculus. Two of these ways are ...,,,0,"['Education', 'maths']",27,
#NAME?,Integration Oneshot | 18 Marks Guaranteed | 2nd PUC Mathematics Exam 2025,Join KCET 2025 Crash Course | KCET Crash Course 2025 Get personalized guidance from RP Sir Call on 7411-008-008 ...,,,0,"['Education', 'maths']",27,
AWjvnYdGpjo,Integration easy tutorial Malayalam,integration_malayalam #integration_easy_tutorial_Malayalam #integration_class_12_Malayalam This is a mathematics tutorial ...,,,0,"['Education', 'maths']",27,
B0xdoXk5miA,Integration by Substitution (Introduction),This video introduces the concept of Integration by substitution and explains how to evaluate problems on Integration using the ...,,,0,"['Education', 'maths']",27,
g-Aym5nJheM,An Introduction to Integration,A Level Maths revision tutorial video. For the full list of videos and more revision resources visit www.mathsgenie.co.uk.,,,0,"['Education', 'maths']",27,
HHAHiEgtyT8,MIT Integration Bee Final Round,"To everyone pointing out the missing +C, it wasn't necessary according to the rules of the contest.",,,0,"['Education', 'maths']",27,
2N6A4ed8s58,Calculus 2 - Basic Integration,"This calculus 2video tutorial provides an introduction into basic integration techniques such as integration by parts, trigonometric ...",,,0,"['Education', 'maths']",27,
FB68COIOgAo,Introduction to Integration,"Integration is one of the two main operations of calculus; its inverse operation, differentiation, is the other. In this video, I have ...",,,0,"['Education', 'maths']",27,
yY2oUKVAkdY,Integration One Shot Maths 2024-25 Zero to Hero | Class 12th Maths NCERT with Ushank Sir,scienceandfun #scienceandfunashusir #scienceandfun9th10th11th12th Topic wise Time Stamp 3:45 introduction 12:51 Method ...,,,0,"['Education', 'maths']",27,
t_goa94UAsU,COMPLETE STUDY OF ALL INTEGRATION FORMULAS LECTURE 1 @TIKLESACADEMY,Visit My Other Channels : @TIKLESACADEMY @TIKLESACADEMYOFMATHS @TIKLESACADEMYOFEDUCATION TODAY WE ...,,,0,"['Education', 'maths']",27,
hXOrQ0Ao4UE,Integration Class 12 Maths | NCERT Chapter 7 | CBSE JEE | One Shot |हिंदी में,Timestamps: 0:00 Introduction 1:09 Differentiation And Integration 4:06 Integration 6:45 Differentiation And Integration 7:16 ...,,,0,"['Education', 'maths']",27,
1w7-wlDMZrA,INTEGRATION : Introduction FOR BEGINNERS || Lecture #1 (Urdu),"Hi people, I have started an INTEGRATION SERIES. In which I will cover all the integration topics. Just to help the people all ...",,,0,"['Education', 'maths']",27,
M5MaGUO0JDs,"What Integration Technique Should I Use? (trig sub, u sub, DI method, partial fractions) calculus 2",#calculus #blackpenredpen #apcalculusbc.,,,0,"['Education', 'maths']",27,
VJi8tSklSa8,Integration One shot|BBA|BCA|B.COM|B.TECH|Dream Maths,Integration One shot|BBA|BCA|B.COM|B.TECH|Dream Maths Hi Dear In this video you will learn about Integration Fundamental ...,,,0,"['Education', 'maths']",27,
WUvTyaaNkzM,The essence of calculus,"In this first video of the series, we see how unraveling the nuances of a simple geometry question can lead to integrals, derivatives ...",,,0,"['Education', 'maths']",27,
Vj2h31kceuY,Integration by General (Power) Method.,This video introduces the concept of Integration and explains how to evaluate problems on Integration using the general method ...,,,0,"['Education', 'maths']",27,
_dmHLxqbXYU,Class 11 Chap 3: KINEMATICS || INTEGRATION || ||Calculus Part 02 || Mathematical Tools ||,"For PDF Notes and best Assignments visit @ http://physicswallahalakhpandey.com/ Live Classes, Video Lectures, Test Series, ...",,,0,"['Education', 'maths']",27,
odBiKFAdEXc,What is Calculus - Lesson 4 | Integration | Don't Memorise,"In this video, we will understand the idea of integration. The basic idea of integration was known to people since ancient times, ...",,,0,"['Education', 'maths']",27,
MO-AExWdl4Q,Calculus Visualized - by Dennis F Davis,"This 3-hour video covers most concepts in the first two semesters of calculus, primarily Differentiation and Integration. The visual ...",,,0,"['Education', 'maths']",27,
sdYdnpYn-1o,How To Integrate Using U-Substitution,This calculus video tutorial provides a basic introduction into u-substitution. It explains how to integrate using u-substitution.,,,0,"['Education', 'maths']",27,
3pXALn2ovIE,Trigonometric Integrals,This calculus video tutorial provides a basic introduction into trigonometric integrals. It explains what to do in order to integrate trig ...,,,0,"['Education', 'maths']",27,
989TJ-9_ERI,"INTEGRATION SOLVED PROBLEM 1,2,3,4,5 (DEFINITE INTEGRATION AND INDEFINITE INTEGRATION)",Visit My Most Popular Channel : @TIKLESACADEMY TODAY WE WILL STUDY FIRST 5 PROBLEMS ON INTEGRATION.,,,0,"['Education', 'maths']",27,
sWSLLO3DS1I,Integration By Parts,This calculus video tutorial provides a basic introduction into integration by parts. It explains how to use integration by parts to find ...,,,0,"['Education', 'maths']",27,
HFcSGCXmsaw,INTEGRATION in 60 Minutes😱 | Complete Topic One Shot ⚡️| JEE Main & Advanced,✨ Links ✨ Fighter Batch Class 11th JEE: https://physicswallah.onelink.me/ZAZB/d41v9uex Arjuna JEE 3.0 2025 ...,,,0,"['Education', 'maths']",27,
NcoRlvM1dmg,Basic Integration Formulas - Calculus,This calculus video tutorial provides a list of basic integration formulas. Calculus 1 Final Exam Review: ...,,,0,"['Education', 'maths']",27,
NmfRQUZGoHI,Top 10 INTEGRATION Rules and Methods (ultimate study guide),Here is everything you need to know to be an expert at calculating indefinite integrals. 2 years worth of integration rules and ...,,,0,"['Education', 'maths']",27,
VXtV50HrlSU,Basic Integration Formulas Lecture Part 1,Introduction to Basic Integration formulas plus solved problems. Thank you and God bless!,,,0,"['Education', 'maths']",27,
VkVAx09sc1k,Integration | Integration Class 12 |Full Chapter 7/One Shot/Math/Important Questions/Answers/Formula,"Integration | Integration Class 12 | Full Chapter 7 | One Shot | Math | Important Questions, Answers & Formula Welcome to this ...",,,0,"['Education', 'maths']",27,
YiKeYcuyuoM,Basic Integration Using Power Formula,Hi guys! This video discusses about the basic formula used in integral calculus which is the power formula. We solve different ...,,,0,"['Education', 'maths']",27,
uR-4D966gcE,"Integration (Year 2) in 1 hour • A-Level Maths, Pure Year 2, Chapter 11 📚","Use this as quick revision, to summarise a playlist, and/or to check that you are ready to tackle exam questions. (Remember you ...",,,0,"['Education', 'maths']",27,
C3DS0tqK2TY,INTEGRATION BEGINNER'S COURSE JEE 2025 / 2026 FULL PREP FROM BASICS|MATHEMATICALLY INCLINED NEHA MAM,INTEGRATION BEGINNER'S COURSE JEE 2025 / 2026 FULL PREPARATION FROM BASICS|MATHEMATICALLY INCLINED ...,,,0,"['Education', 'maths']",27,
VirYXQN5Lsc,Edexcel A level Maths: 11.5 Integration By Substitution (Part 1),"Pearson A level Maths, Pure year 2 Textbook (11.5) In this video I explain how to select a suitable substitution when integrating ...",,,0,"['Education', 'maths']",27,
kNusX-7Nhm0,Indefinite Integration | One Shot | #BounceBack Series | Unacademy Atoms | JEE Maths | Nishant Vora,"In this JEE 2022 session, Nishant Vora Sir will be discussing Determinants in One Shot for JEE Main & Advanced 2022. Here ...",,,0,"['Education', 'maths']",27,
PbO1S2M7tK4,Introduction to integration | BBA Maths | BCA Maths | B.COM Maths |,Introduction to integration|BBA Maths|BCA Maths|B.COM Maths Instagram:- https://Instagram.com/dreammaths ...,,,0,"['Education', 'maths']",27,
kSMzhhm9TlQ,Introduction of Integration Class12 | Chapter7 Integration | Class 12 Chapter 7 Introduction |,Integration Introduction Class 12 Chapter 7 Introduction of Integration Class12 Chapter7 Integration Class 12 Chapter 7 ...,,,0,"['Education', 'maths']",27,
BhIeE71spKY,Integration - Corbettmaths,"This video explains what integration is and goes through many examples. The video also explains the general rule, the constant ...",,,0,"['Education', 'maths']",27,
Cs3U5ilCu_s,Integration Bengali Class 12|সমাকলন|Calculas|কলনবিদ্যা Class 11-12|Somenath Sir|Mathematics Tool,Integration Bengali Class 12|সমাকলন|Calculas|কলনবিদ্যা Class 11-12|Somenath Sir|Integration in bengali Class ...,,,0,"['Education', 'maths']",27,
WDZMjYJyH6k,"Basic Integration Rules & Problems, Riemann Sum, Area, Sigma Notation, Fundamental Theorem, Calculus",This calculus video tutorial provides examples of basic integration rules with plenty of practice problems. It explains how to find the ...,,,0,"['Education', 'maths']",27,
gvBSBtcHPmA,Introducing Integration (1 of 4: Considering displacement vs. time),More resources available at www.misterwootube.com.,,,0,"['Education', 'maths']",27,
3n-77bRzwdo,INDEFINITE INTEGRATION in 70 Minutes | Full Chapter Revision | Class 12th JEE,JEE mind map 2025 -https://physicswallah.onelink.me/ZAZB/nx8g2840 Fighter Batch Class 11th JEE: ...,,,0,"['Education', 'maths']",27,
4yJmhZBB40w,Integration of Rational Functions into Logarithms By Substitution & Long Division,This calculus video tutorial focuses on the integration of rational functions that yield logarithmic functions such as natural logs.,,,0,"['Education', 'maths']",27,
u-SHPxxLv7w,INTEGRATION BY SUBSTITUTION || BASIC CALCULUS,BASIC CALCULUS‼️ GRADE 11: INTEGRATION BY SUBSTITUTION ‼️SHS MATHEMATICS PLAYLISTS‼️ General ...,,,0,"['Education', 'maths']",27,
XlwnJiwMyZM,INTEGRALS CLASS 12 ||CHAPTER 7 INTEGRATION INTRODUCTION IN KANNADA || BY P.N.BIRADAR,"In this video discuss about the Integrals class 12 chapter 7 introduction,and formulas, examples # integrals class 12, # integrals ...",,,0,"['Education', 'maths']",27,
6rXByMcuAyI,Integration By Partial Fractions,This calculus video tutorial provides a basic introduction into integrating rational functions using the partial fraction decomposition ...,,,0,"['Education', 'maths']",27,
0PWNz0k-_w4,MATHEMATICS N5 FEBRUARY 2022 Q4 INTEGRATION @mathszoneafricanmotives,Join this channel to get access to perks: https://www.youtube.com/channel/UC66ip_wSl8B4iy5LxuZF0pw/join.,,,0,"['Education', 'maths']",27,
gJB2h-PLxYQ,"Integration by Substitution involving Trigonometric ratios (Sine, Cosine and Tangent)",This video further explains the concept of Integration by substitution and shows how to evaluate problems on Integration using the ...,,,0,"['Education', 'maths']",27,
UY_KlP2nkmk,【ENG】 ADD MATHS | Form 5 Chapter 3: Integration (Area & Volume) + KBAT [Seminar],Please comment below to let me know whether my teaching method helped or I'm teaching way too fast or way too slow to help ...,,,0,"['Education', 'maths']",27,
PE7AhkSTkVE,I Discovered the Power of Integration and It Changed Everything 😲,"In this video, I share a groundbreaking discovery that completely transformed the way I approach challenges—both in life and ...",,,0,"['Education', 'maths']",27,
YVmHw72-otA,Basic Integration/Antiderivative Rules - Basic/Integral Calculus,A lecture video about the Basic Rules or Theorems of Integration or Antiderivatives. These are the fundamental formulas and ...,,,0,"['Education', 'maths']",27,
x1vQ7Lt9s_c,12th MATH BOARDS MARATHON | INTEGRATION - Concepts + NCERT + PYQs | NEHA AGRAWAL |#cbse #cbseboard,12th MATH BOARDS MARATHON | INTEGRATION - Concepts + NCERT + PYQs | CBSE BOARDS MATH | NEHA AGRAWAL ...,,,0,"['Education', 'maths']",27,
G8FGTZUPE-Q,All of Integration in 30 minutes!!! | Chapter 13 | A Level Pure Maths,A video revising the techniques and strategies required for all of the AS Level Pure Mathematics chapter on Integration that you ...,,,0,"['Education', 'maths']",27,
BFEoR68momU,INDEFINITE INTEGRATION | APPLIED MATHEMATICS | DIPLOMA/POLYTECHNIC | LECTURE 01 | PRADEEP GIRI SIR,INDEFINITE INTEGRATION | APPLIED MATHEMATICS | DIPLOMA/POLYTECHNIC | LECTURE 01 | PRADEEP GIRI SIR ...,,,0,"['Education', 'maths']",27,
ZphxOqZ-SVk,Integration by substitution,This video covers the awesome powerful tool of integration by substitution - a way of integrating very complex looking expressions ...,,,0,"['Education', 'maths']",27,
EebGVwZvU44,Integration Calculus,,,,0,"['Education', 'maths']",27,
eLPBx8YqliY,Integration | One Shot | Building Concepts,Kota's Best Teachers Now on Apni Kaksha App - https://bit.ly/Apni__Kaksha Click this link to view slides of this chapter: ...,,,0,"['Education', 'maths']",27,
bYvU6Hqyf-4,Pi Network - Pi Chainlink Integration!,"This is big! Chainlink has added Pi Network to its data feeds, opening up a new world of possibilities for Pi Network and the Pi ...",,,0,"['Education', 'maths']",27,
jD2InfX_96I,Ch 3 | Basic Maths ( Part 1 ) | Mathematical Tool | Differentiation & Integration | JEE | NEET | 11,PACE - Class 11th : Scheduled Syllabus released describing :- which topics will be taught for how many days. Available at ...,,,0,"['Education', 'maths']",27,
OFQzJyXX1zQ,Samakalan Class 12 in Math || Integration Class 12th || Bihar Board Class 12th Math Chapter 7 Math |,Samakalan Class 12 in Math || Integration Class 12th || Bihar Board Class 12th Math Chapter 7 Math | कोर्स ज्वाइन ...,,,0,"['Education', 'maths']",27,
FAGRsOJY-mE,Methods of Integration | Substitution method | Integrals | 2ndPUC Mathematics Exam 2024,Join KCET 2024 Crash Course Get personalized guidance from RP Sir & Usha Mam !! Call on 7411-008-008 Download ...,,,0,"['Education', 'maths']",27,
KKg88oSUv0o,Integration by Parts... How? (NancyPi),MIT grad shows how to integrate by parts and the LIATE trick. To skip ahead: 1) For how to use integration by parts and a good ...,,,0,"['Education', 'maths']",27,
pHBKmT6eNGw,Mississippi Burning (1988) - Federal Bureau of Integration Scene (3/10) | Movieclips,"FILM DESCRIPTION: When a group of civil rights workers goes missing in a small Mississippi town, FBI agents Alan Ward (Willem ...",,,0,"['Education', 'maths']",27,
mJNQ7kYCwzs,Integration and Differentiation in Physics One Shot | Class 11th Physics | Ashu sir science and fun,Join Now Maha Pack (Full Course+Fast Track+Crash Course) Online Course ✓ Maha Pack Newton's Batch 2023-24 for Class 9th ...,,,0,"['Education', 'maths']",27,
bEwr0b5xmWY,SHADU - Integration (Official Video),"With Integration, SHADU explores rhythmic complexity, blending tribal beats and uplifting progressions with her own ethereal ...",,,0,"['Education', 'maths']",27,
2I-_SV8cwsw,"integration by parts, DI method, VERY EASY",Integration by parts by using the DI method! This is the easiest set up to do integration by parts for your calculus 2 integrals.,,,0,"['Education', 'maths']",27,
CEbfT68rvUo,Basic Mathematics for Physics | Differentiation Integration | NEET Special,One video of NEET Physics will be uploaded everyday at 3PM. Stay Tuned! #NEETSeries #LearnoHubNEETPhysics ...,,,0,"['Education', 'maths']",27,
7lHHFFIAO7c,Integrations in Telugu || Part 1 || Indefinite integrals in Telugu || Root Maths Academy,How to Learn Mathematics in 30 days this is an Ad for App Course from Root Maths Academy Root Maths Academy App Link ...,,,0,"['Education', 'maths']",27,
lidOfS3jMAQ,12th Class Math Chapter 3 - 12th Maths Ch 3 Introduction to Integration - 2nd Year Math Chapter 3,"12th Class Math Chapter 3 - 12th Maths Ch 3 Introduction to Integration - 2nd Year Math Chapter 3 In this online lecture, ...",,,0,"['Education', 'maths']",27,
hit6V9HDFp4,Indefinite Integration Class 12 | One Shot | JEE Main & Advanced | Arvind Kalia Sir,TIMESTAMPS 0:00 Introduction and nature of chapter 4:01 Index and critical topics 8:50 Introduction & some standard integrals ...,,,0,"['Education', 'maths']",27,
ababz5feAq8,INTEGRATION (AREA UNDER A CURVE),calculus.,,,0,"['Education', 'maths']",27,
aSy8d4Pbhsw,12th BOARDS INTEGRATION ONE SHOT |INTEGRATION by NEHA MAM| CBSE BOARDS MATH |12th MATH| NEHA AGRAWAL,12th BOARDS INTEGRATION ONE SHOT |INTEGRATION by NEHA MAM| CBSE BOARDS MATH |12th MATH| NEHA AGRAWAL ...,,,0,"['Education', 'maths']",27,
xmhDDkp_NW0,What Is Integration | Who Discovered Integration | Introduction of Integration,What Is Integration | Who Discovered Integration | Introduction of Integration Hi Everyone welcome to maths is easy in this video I ...,,,0,"['Education', 'maths']",27,
M5Kvwezs1YU,Definite integrals l Integration with limits #definiteintegral #jonahemmanuel,Video explains the idea of definite integrals Need a tutor? Follow us on Instagram https://www.instagram.com/jonah__emmanuel/ ...,,,0,"['Education', 'maths']",27,
dBglfhVX6kI,INTEGRALS in ONE SHOT || Full Chapter || Class 12 BOARDS || PW,JUGAADU Notes- https://drive.google.com/file/d/1exonGf-LhRdNr2H32O80qCD7YtckI2_I/view?usp=sharing For Notes & DPP's ...,,,0,"['Education', 'maths']",27,
YaZNsijHebM,Class 12 Maths Ch 7 Integration Latest One Shot | All Concepts & Important PYQs | For 95% in Boards,Class 12 Maths Ch 7 Integration Latest One Shot | All Concepts & Important PYQs | For 95% in Boards Master Integration in One ...,,,0,"['Education', 'maths']",27,
925SY-xvuj8,INDEFINITE INTEGRATION in One Shot: All Concepts & PYQs Covered | JEE Main & Advanced,MANZIL COMEBACK: https://physicswallah.onelink.me/ZAZB/2ng2dt9v JEE Ultimate CC 2025: ...,,,0,"['Education', 'maths']",27,
eDh9VuCkMVQ,समाकलन करना सीखें |Samakalan karna sikhen | integration class 12 maths chapter 7 | Integral class 12,"समाकलन करना सीखें, समाकलन करना कैसे सीखे, समाकलन कैसे ज्ञात करें, ...",,,0,"['Education', 'maths']",27,
xec6HTcn2M8,Finding the Area Between Two Curves by Integration,By now we are very familiar with the concept of evaluating definite integrals to find the area under a curve. But this always gives us ...,,,0,"['Education', 'maths']",27,
rkNcpk9zwQA,Integration | Business Math | Part-1,Integration | Business Math | Part -1” is a special token of my channel “⁠@m.p.shuvro”. If you watch this video of the channel ...,,,0,"['Education', 'maths']",27,
Gc3QvUB0PkI,Definite Integral,This calculus video tutorial provides a basic introduction into the definite integral. It explains how to evaluate the definite integral of ...,,,0,"['Education', 'maths']",27,
dcnfnVXHOgw,Differentiation and Integration for class 11th physics | basic mathematics for physics | Munil sir,differentiation and Integration for class 11th physics basics for class 11 science basics before you start class 11th physics ...,,,0,"['Education', 'maths']",27,
7sLnEs8xV_g,Basic Integration Rules in Urdu | Integral calculus for beginners | Anti Derivatives class 12,Calculus - basic integration problems | In this video i will teach you the very first and basic level of Integration | How to integrate ...,,,0,"['Education', 'maths']",27,
CsYL-i4nCqc,Integration Tricks and Revision Class 12 Maths Calculus,"This video is about Class 12 Mathematics revision for integration chapter, where I will show you some important integration tricks ...",,,0,"['Education', 'maths']",27,
n3V5Kjxty0U,Indefinite Integration 01💯 | MHTCET 2025 | Beta 4.0#mhtcet2025 #indefiniteintegrationclass12 #live,Indefinite Integration 01 CLASS 12th MATHS FOR MHTCET 2025 BY GANITANK BETA 4.0 BATCH BY ANKUSH SIR | MHTCET ...,,,0,"['Education', 'maths']",27,
kXfsIzTUa0M,Al-Gear - Integration (HD OFFICIAL VIDEO),besucht uns auf http://www.facebok.com/algear.,,,0,"['Education', 'maths']",27,
ibps6Xfgtso,Integration in Physics Class 11 & 12 | Fast & Easy,"In this power-packed 24-minute session, we'll dive deep into the concept of Integration in Physics – a crucial mathematical tool ...",,,0,"['Education', 'maths']",27,
LzcyXHEX7SA,Integration in 30 mins | JEE Main Quick Revision,Everyone Raid Here https://www.youtube.com/watch?v=69o-YdscBRc ➡️ Integration Detailed One Shot ...,,,0,"['Education', 'maths']",27,
rediPDPbg1E,Integration part- 1 (Mathematical Economics),helloooooo Guys. here we will learn the concept of integration according to mathematical economics point of view. keep learning ...,,,0,"['Education', 'maths']",27,
2BzAGwClydc,Don’t MISS This Integration SHORTCUT ⏰ | Reverse Quotient Rule,What if I told you that the integration problem of finding the integral of (1 - ln(x))/x² can be solved in SECONDS? You don't have to ...,,,0,"['Education', 'maths']",27,
D9dqdbCgJQM,Integrating Exponential Functions By Substitution - Antiderivatives - Calculus,This calculus video focuses on integration exponential functions using u-substitution. It explains how to find antiderivatives of ...,,,0,"['Education', 'maths']",27,
itEVr97CHCU,Dengue Fever - Integration,"really, noone has uploaded this amazing song yet? Itll be my pleasure.",,,0,"['Education', 'maths']",27,
ZwYgDhCB2tk,Lec 1 | Integration | Integration Formula | Irfan Raza,Integration | Integration Formula | Irfan Raza In this video we will discuss the integration formula and basic integration formula for ...,,,0,"['Education', 'maths']",27,
rsC3CNiCjZI,Inter Maths-2B- Integration - Introduction,Inter Maths-2B- Integration - Introduction.,,,0,"['Education', 'maths']",27,
DtlI_DetfOE,A look inside the budget of Irelands Department of Immigration/Integration,"In this video we will review the contents of a document titled ""Ministerial Briefing January 2025"" which was published on 31 March ...",,,0,"['Education', 'maths']",27,
vQerALNpNfo,Integration of Rational Functions By Completing The Square - Calculus,This calculus 2 video tutorial explains how to integrate rational functions by completing the square and using inverse trigonometric ...,,,0,"['Education', 'maths']",27,
DyFML6oz0SU,secondary two | second term | integrations,Facebook group : https://www.facebook.com/groups/2672994876159471/ Facebook Page ...,,,0,"['Education', 'maths']",27,
uknkM-WvsCw,Integration Frequency Music - Integrate new energy - 417 Hz,"Integration Frequency Music - Integrate new energy - 417 Hz We've all just been through a lot, and are still going through a lot.",,,0,"['Education', 'maths']",27,
1GwzjesYik8,Indefinite Integration - 01 | Integration of Standard Functions | MSBTE,Download App - https://bit.ly/3ubdX60 Topic - Integration of Standard Functions Unit - Indefinite Integration Subject - Applied ...,,,0,"['Education', 'maths']",27,
UjTTx2eYrx8,Finding The Area Under The Curve Using Definite Integrals - Calculus,This calculus video tutorial explains how to find the area under the curve using definite integrals in terms of x and y. Calculus 1 ...,,,0,"['Education', 'maths']",27,
QLHJl2_aM5Q,Calculating the Volume of a Solid of Revolution by Integration,"We've learned how to use calculus to find the area under a curve, but areas have only two dimensions. Can we work with three ...",,,0,"['Education', 'maths']",27,
6wgntpgO-Kc,2025 MIT Integration Bee - Finals,0:00 Introduction 2:45 Problem 1 9:00 Problem 2 15:00 Problem 3 20:55 Problem 4 27:00 Problem 5.,,,0,"['Education', 'maths']",27,
vmt5Zb4GSes,"Integration Is Easy, Actually",integration Reflection Trick (f(c-x) is f(x) reflected about x=c/2): https://www.youtube.com/watch?v=DwXogKvJ4KI ...,,,0,"['Education', 'maths']",27,
PPCdmEDq85Y,"DEFINITE INTEGRATION in 1 Shot - All Concepts, Tricks & PYQs Covered | JEE Main & Advanced",PHYSICS WALLAH OTHER CHANNELS : PhysicsWallah -Alakh Pandey: https://youtube.com/@PhysicsWallah ...,,,0,"['Education', 'maths']",27,
vxsDXcElsQ0,Indefinite Integration Part 1 Full Basic Concepts 12th New Syllabus 2020-21 Maharashtra | Dinesh Sir,Free Maths Lectures with best explanation are available based on New Syllabus 2020 Maharashtra Board. Just click on the below ...,,,0,"['Education', 'maths']",27,
2abpG49ekdE,Class 2 - Integration 3 | ANNUAL EXAM: MEGA MARATHON - Sure Questions! | Xylem Class 2,xylemClass2 #Xylemlearning #xylemclass2 #integration #integration3 #live #annualexam #class2exam #megamarathon ...,,,0,"['Education', 'maths']",27,
ocgjfF2AboA,Trigonometric Substitution,"This calculus video tutorial provides a basic introduction into trigonometric substitution. It explains when to substitute x with sin, ...",,,0,"['Education', 'maths']",27,
rCWOdfQ3cwQ,"Definite Integral Calculus Examples, Integration - Basic Introduction, Practice Problems",This calculus video tutorial explains how to calculate the definite integral of function. It provides a basic introduction into the ...,,,0,"['Education', 'maths']",27,
_fRqTwdFJAI,+2 Maths Christmas Exam | Integration | Application of Integrals | Mini Marathon | Exam Winner,plustwomaths #applicationofintegrals #integrals #examwinner #calculus #plustwochristmasexam For Plus Two Free Classes ...,,,0,"['Education', 'maths']",27,
A66Yodj_DUM,Integrals One Shot | Maths | Class 12th Boards | Vijeta 2025,Download PYQs - https://physicswallah.onelink.me/ZAZB/xj7si02l PW App/Website: ...,,,0,"['Education', 'maths']",27,
9tMBIT-O77o,Integrals in 83 Minutes | Class 12th Maths | Mind Map Series,Parishram 2.0 2025: https://physicswallah.onelink.me/ZAZB/kjs5046w Uday 2.0 2025: ...,,,0,"['Education', 'maths']",27,
3_2IQ4N0jZ4,Integration From Zero to Hero I Class 12 Math Integration One Shot I Class 12 I One Shot IAshish Sir,Integration From Zero to Hero I Class 12 Math Integration One Shot I Class 12 I One Shot IAshish Sir Telegram Link ...,,,0,"['Education', 'maths']",27,
x4Q_3_nIYhc,bihar board exam 2025 class12 maths Integration full concept | topper batch class 12 | ashutosh sir,Contact no - 9135852051 #12thmaths #class12mathsncertsolutions #biharboardclass12thmaths #integrationoneshort ...,,,0,"['Education', 'maths']",27,
7oRy0oywNkc,DEFINITE INTEGRATION | APPLIED MATHEMATICS | DIPLOMA/POLYTECHNIC | LECTURE 01 | PRADEEP GIRI SIR,DEFINITE INTEGRATION | APPLIED MATHEMATICS | DIPLOMA/POLYTECHNIC | LECTURE 01 | PRADEEP GIRI SIR #diploma ...,,,0,"['Education', 'maths']",27,
ESHiTnsKLoE,Definite Integration Class 12 | JEE Main & Advanced,You Can't Miss This! - https://youtube.com/live/EW-WmLCutFk ➡️ Practice Problems for Definite Integration:- ...,,,0,"['Education', 'maths']",27,
fz8so9IYjvw,004 – ALEVEL PURE MATHEMATICS| INTEGRATION OF TRIGONOMETRICAL FUNCTIONS | FOR SENIOR 5 & 6,"In this video, I take you through the topic integration of trigonometrical functions. You will be able to learn how to integrate ...",,,0,"['Education', 'maths']",27,
iOdvUZoK_ps,Quick Revision of Integration Class 12🔥 | JEE 2022 [IIT JEE Maths👻] | Arvind Kalia Sir |Vedantu JEE✌,"Quick Revision of Integration Class 12 | JEE 2022 [IIT JEE Maths ] | Arvind Kalia Sir | Vedantu JEE✌. Hello Students, watch ...",,,0,"['Education', 'maths']",27,
Y8YfDPlWFgk,The Coolest Integration Weapon of All Time,"In this video, I am evaluating an interesting integral using king property. #math #maths Subscribe to Dr. PK Math here ...",,,0,"['Education', 'maths']",27,
dFl9ZfQDNRo,"Integration Marble (Ring, Worm) Race in Algodoo",Who will be the winner? Marbles: 1.Red 2.Orange 3.Yellow 4.Lime 5.Cyan 6.Blue 7.Purple 8.Magenta 9.Maroon 10.Brown 11.,,,0,"['Education', 'maths']",27,
4G_OXqc_Z04,Integration all Exercises Solved | Maths 1 Chp 5 | Class 12th HSC Boards 2023 | Akash Agrawal,"Hello everyone, In thi video we will solve all sums of Ex 5.1 to Ex 5.6 of Integration Maths 1 Chp 5 (Commerce). Join the telegram ...",,,0,"['Education', 'maths']",27,
tB3wJ-bwdZc,Basic Integration Formulas,Basic Integration Formulas Example 1 4:23 Example 2 6:48 Example 3 10:54 Example 4 13:50 Example 5 15:46 Example 6 18:40 ...,,,0,"['Education', 'maths']",27,
L8DARvr4ULw,Ch#3 Integration | Concept of Integration | Maths intermediate Part 2(Lec 1),In this Lecture we have discussed the following Important Things 1) What is the meaning of Integration or Anti-Derivative?,,,0,"['Education', 'maths']",27,
dgm4-3-Iv3s,100 integrals (world record?),"We will do 100 integrals in one take! This video covers all integration techniques you need to know for calculus 1 and calculus 2, ...",,,0,"['Education', 'maths']",27,
poZ2Jk8mUuU,"Integral Calculus: Basic Integration Rules, Problems, Formulas | @ProfD","Integral Calculus by @ProfD Indefinite integral - Basic Integration Rules, Problems, Formulas General Mathematics Playlist ...",,,0,"['Education', 'maths']",27,
N81DF_xhQeE,Plus Two Maths | Integrals | Integration by Parts | Eduport Plus Two,plustwo #plutwomaths #integration #eduport #integrals #maths Join us for an in-depth look at integration by parts in our latest ...,,,0,"['Education', 'maths']",27,
n5lp-jGWoz4,Integration in 15 Mins🔥😱| Rapid Revision Class 12 Maths | Board Exams 2025 | Integrals Class 12,#allaboutmathematics #nitingoyal #13days13chapters #class12maths #class12 #cbse #cbselatestnews #cbseboardexam2025 ...,,,0,"['Education', 'maths']",27,
HoIL0u7S1ok,Integrals Class 12 Maths | Basics of Integration | Chapter 7 of NCERT | Lecture 1,Complete Integrals (Ch-7) Playlist : https://www.youtube.com/playlist?list=PLKKfKV1b9e8qZ3Gj9H9kesEhlHUCDRuPC Notes and ...,,,0,"['Education', 'maths']",27,
ISsvTPD6bA4,INTEGRATION PART 1-INDEFINITE: ONE SHOT DAILY LIVE LEC REVISION FOR HSC BOARD EXAM 2025 | DINESH SIR,#hscboard2025 #hscboardexam #indefiniteintegration #oneshotlecture #DineshSirLiveStudy #maharashtra #hsc2025 ...,,,0,"['Education', 'maths']",27,
9CMuAiJbvv4,Class 2 - Integration | ANNUAL EXAM - ഈ ചോദ്യങ്ങൾ ഉറപ്പായും പഠിക്കണം! | Xylem Class 2,xylemClass2 #Xylemlearning #xylemclass2 #integration #integration1 #annualexam CLASS 2 - FOR FREE NOTES ...,,,0,"['Education', 'maths']",27,
87aIgLf2v-g,Class 2 Public exam | Integration 3 | Marathon | Exam Winner Class 2,examwinner #class2english #publicexam #annualexam2025 #agradequestions Exam Winner Class 3 ...,,,0,"['Education', 'maths']",27,
vLbpM_TP5-A,Class 1 Public exam | Integration 3 | Marathon | Exam Winner Class 1,Class 1 Public Exam | Integration 3 | Marathon | Exam Winner Class 1 Get ready for the ultimate Integration 3 marathon ...,,,0,"['Education', 'maths']",27,
vvX13nGB0Pg,Integration | 20SC01T | Diploma Maths | Unit 5,dcte #gptbagepalli #ravirnandi #Integration #AlgebraicIntegration #TrigonometricIntegration #SubstitutionMethod ...,,,0,"['Education', 'maths']",27,
2myol9hI28c,Salesforce Integration Crash Course | The Ultimate Guide to Salesforce Integrations | In 100 Minutes,"In just 100 minutes, master all key Salesforce integration concepts through 2 hands-on projects. You'll dive deep into APIs, Web ...",,,0,"['Education', 'maths']",27,
YJnTsCNkXLw,behind the internet's favorite integration trick,Support the channel Patreon: https://www.patreon.com/michaelpennmath Channel Membership: ...,,,0,"['Education', 'maths']",27,
8zd0z-c11mY,Ivy League Math PhD vs. MIT Integration Bee Final,"In this video, I am evaluating an interesting trig integral from MIT Integration Bee Final Round. #math #maths Subscribe to Dr. PK ...",,,0,"['Education', 'maths']",27,
8HB8GlXTFlc,Integrals One Shot I Chapter 7 Integrals By Ashish Sir I Class 12 Integrals I Class 12 Math,"Topics #cbseboard2025 #session2024-25 #class12maths Matrices in One Shot,Matrices by Ashish Sir.",,,0,"['Education', 'maths']",27,
sA9ByobJuo0,Top PYQs On Definite Integration For NDA | Mathematics For NDA 1 2025 | Learn With Sumit,✦ Welcome to Learn with Sumit's YouTube channel This channel is dedicated to all defence aspirants preparing for different ...,,,0,"['Education', 'maths']",27,
aBuT_NpL4kM,JEE MAINS 2025 : INDEFINITE INTEGRATION 3.0 THEORY +Qs + DPP +TEST | MATHEMATICALLY INCLINED #jee,JEE MAINS 2025 : INDEFINITE INTEGRATION 3.0 THEORY +Qs +DPP +TEST | MATHEMATICALLY INCLINED | NEHA ...,,,0,"['Education', 'maths']",27,
db7d_a0wiUg,Double Integral & Area By Double Integration | Multiple Integral,This video lecture Double Integral & Area By Double Integral will help Engineering and Basic Science students to understand ...,,,0,"['Education', 'maths']",27,
H-Mm6MTC-l4,A-Level Maths: Choosing Integration Methods,Buy your copy of the A-Level Maths textbook here: https://www.tlmaths.com/home/a-level-maths-textbook 00:00 Starter 00:24 Is it ...,,,0,"['Education', 'maths']",27,
HtZyTdOW7Ps,Change the Order of Integration | Numericals | Double Integration | Maths 1,change the order of integration is explained with examples. changing the order of the integration. #Maths1 #all_university ...,,,0,"['Education', 'maths']",27,
I-TxvHTvvcA,Indefinite Integration - One Shot | Concept + PYQs | Class 12th | JEE & EAPCET 2025 |AP&TS|Kiran sir,➡️ Download the Indefinite Integration PDF from here: https://vdnt.in/Gjsfj ➡️⁠ Click here to Join the Infinity Book your ...,,,0,"['Education', 'maths']",27,
y5ymHGDyLhs,Ch 7 Integrals MAHA SHOTS | Class 12th Maths Boards 2025 | By Rohit Solanki Sir,Ch 7 Integrals MAHA SHOTS | Class 12th Maths Boards 2025 | By Rohit Solanki Sir Related Videos: Ch 1 Relation And Function ...,,,0,"['Education', 'maths']",27,
#NAME?,INTEGRATION | INTEGRATION TRICKS & PAST PAPERS | ONE SHOT LECTURE 01 | ECAT - NET - NTS,"In this video, I am discussing the basics of INTEGRATION Topics discussed in detail are: INTEGRATION INTRODUCTION 0:00 ...",,,0,"['Education', 'maths']",27,
t24yRy3gocU,Integrate 1/(1+x^3),This exercise is a highly recommended integral for sharpening or refreshing your integration skills. It covers almost all skills you ...,,,0,"['Education', 'maths']",27,
oBO0Flf3xTY,Integration 2 - Team Elimination Marble Race in Algodoo,Who will win? *The 24th place will not be able to participate in the next race with 24 colors. [Marbles] 1.Red 2.Orange 3.Yellow 4.,,,0,"['Education', 'maths']",27,
wLnzcm4xEzw,Integrals Class 12 | Complete Integration Class 12 Maths | Full Chapter in महा One Shot | 2024-25,Integrals Class 12 | Complete Integration Class 12 Maths | Full Chapter in महा One Shot | 2024-25 Topics Covered In This ...,,,0,"['Education', 'maths']",27,
RxH7-LnhWnU,Inter Maths-2B - Integration - exercise -6(f)- 7 marks important problems- video-1,Inter Maths-2B - Integration - exercise -6(f)- 7 marks important problems- video-1.,,,0,"['Education', 'maths']",27,
AKkCJ75iktQ,Indefinite Integration 01 | Class 12 | RACE SERIES | Aman Sir Maths | Bhannat Maths,Indefinite Integration 01 | Class 12 | RACE SERIES | Aman Sir Maths | Bhannat Maths You can go to playlist and watch all other ...,,,0,"['Education', 'maths']",27,
7pevIr-uoRI,Class 1 Public Exam | Integration 3 | 3 Sure Shot Questions | Exam Winner Class 1,Get ready for your Class 1 Maths exam with this important question revision video! ✓ We have selected the most frequently ...,,,0,"['Education', 'maths']",27,
vetES9oJRIE,The Integration Of India's Princely States | Full Documentary,Explore how Sardar Vallabhbhai Patel and V.P. Menon united over 550 princely states into the Indian Union after British rule.,,,0,"['Education', 'maths']",27,
QCb5WbVAoB4,Indefinite Integration 02💯 | MHTCET 2025 | Beta 4.0#mhtcet2025 #indefiniteintegrationclass12 #live,Indefinite Integration 02 CLASS 12th MATHS FOR MHTCET 2025 BY GANITANK BETA 4.0 BATCH BY ANKUSH SIR | MHTCET ...,,,0,"['Education', 'maths']",27,
B-m_otUiyUY,Samakalan Class 12 Math In Hindi || Integration Class 12 NCERT || Bihar Board 12th Math Chapter 7 ||,Samakalan Class 12 Math In Hindi || Integration Class 12 NCERT || Bihar Board 12th Math Chapter 7 || मैट्रिक और ...,,,0,"['Education', 'maths']",27,
2q0BEYwFCC8,Two Greatest Integration Techniques of All Time,"In this video, I am evaluating a very unique integral using both Feynman's trick and Lobachevsky technique. #math #maths ...",,,0,"['Education', 'maths']",27,
1Far3YInR1c,Integration TOP Questions Rapid Revision 🚀 NDA Maths Masterclass LIVE ⏳ NDA (1) 2025🏆,Integration TOP Questions Rapid Revision | NDA Maths Masterclass LIVE ⏳ NDA (1) 2025 INTEGRATION QUESTION ...,,,0,"['Education', 'maths']",27,
RKvZAozl9Sk,INDEFINITE INTEGRATION IN 1 SHOT | Maths | Class12th | Maharashtra Board,Timestamps: 00:01:35 Basics of Matrices 00:49:10 Elementary transformations 01:19:35 Inverse of Matrix 02:38:30 Application of ...,,,0,"['Education', 'maths']",27,
yl15dDWot5o,MANZIL Comeback: INDEFINITE INTEGRATION in 1 Shot | All Concepts + PYQs | JEE Main,For NOTES & DPP: https://physicswallah.onelink.me/ZAZB/2ng2dt9v JEE Ultimate CC 2025: ...,,,0,"['Education', 'maths']",27,
ZhF468iQJpM,Class 12th Maths Integration Live PYQs Series with Ushank Sir | Previous 10 Years | Boards 2024-25,scienceandfun #ashusir #class12 Class 12th Maths Integration Live PYQs Series with Ushank Sir | Previous 10 Years | Boards ...,,,0,"['Education', 'maths']",27,
0g_4RDAxPis,Chemical Control and Integration ONE SHOT | Night Shot Series | NEET 2025 | Garima Goel,Chemical Control and Integration | One Shot NCERT Based | Night Shot Limitless Series | Garima Goel One Pro Max ...,,,0,"['Education', 'maths']",27,
ISth4dTVbWY,DEFINITE INTEGRATION in One Shot: All Concepts & PYQs Covered | JEE Main & Advanced,00:00 - Introduction 08:36 - Topics to be covered 10:36 - Definite Integration Using Substitution 1:07:34 - Properties of Definite ...,,,0,"['Education', 'maths']",27,
_AB8RNkkZSc,INDEFINITE INTEGRATION LEC 1 - EKLAVYA 5.0 BATCH MHT-CET 2025 DINESH SIR #mhtcet2025 #dineshsir,#mhtcet2025 #mhtcet2025pcm #dineshsir #dineshsirlivestudy #maharashtra #dineshsirlive #DINESHSIRSTRATEGY ...,,,0,"['Education', 'maths']",27,
2_kp6QCevxc,INDEFINITE INTEGRALS in 1 Shot: All Concepts & PYQs Covered | JEE Main & Advanced,"For doubts, Notes and Leaderboard, Register yourself on PW younity website https://bit.ly/Younity_RegistrationLink ...",,,0,"['Education', 'maths']",27,
2BMaVP7X-78,Class 12 Maths Integration Exercise 6.1 KPK New Book | Study With Me In Pakistan,Class 12 Maths Integration Exercise 6.1 KPK New Book|Study With Me In Pakistan This video on Integration is continuation of my ...,,,0,"['Education', 'maths']",27,
zY38SV2BW7k,NEET Physics Crash Course || Basic Mathematics | Trignometry | Differentiation n Integration | Umeed,"UMEED-NEET 2021 To download lecture notes,practice sheet & practice sheet video solution visit Umeed Batch in Batch Section ...",,,0,"['Education', 'maths']",27,
5NKVkybR_U4,Integration | Most Expected Questions | Class 12 Maths | CBSE 2025🔥 Shimon Sir,Integration | Maths Class 12 | CBSE 2025 Shimon Sir Our channel is your ultimate resource to achieve top scores in your ...,,,0,"['Education', 'maths']",27,
ahOp_5VVU9o,chapter 5 integration | exercise 5.1 class 12 commerce part 1 | question no 1 to 5,In this video we are going to solve question no 1 to 5 of ex 5.1 Q no 6 to 8 - https://youtu.be/-L7VGq5XiGg Class 12 Chapter 5 ...,,,0,"['Education', 'maths']",27,
kGZxZhgFYqw,DDCET - 2025 - MATHS - INDEFINITE INTEGRATION - ONE SHOT REVISION,HOW TO JOIN DDCET COURSE : https://www.youtube.com/watch?v=icRRCSYFK28 JOIN OUR WHATSAPP GROUP ...,,,0,"['Education', 'maths']",27,
s-DiqLNP_90,Can you write this Integration Directly ?,"In today's video, we will learn about this super integration trick. Join us on telegram : https://t.me/bhannatmathsofficial ...",,,0,"['Education', 'maths']",27,
PzzzYm2Muk8,Integration : Concepts + Problem Solving | Class 12 Maths | CBSE 2024 |🔥 Shimon Sir,Join the dynamic Shimon Sir as he delves into Integration : Concepts + Problem Solving | Class 12 Maths tailored for CBSE 2024 ...,,,0,"['Education', 'maths']",27,
i5kOLDAnIto,"Part-1, प्रश्नावली-7, समाकलन | Integration | One Shot | अनिश्चित समाकलन Class-12th Maths | कक्षा-12","Learn and Share Calling/WhatsApp Number: 80786-96588, 78528-26325 Learn & Share Application ...",,,0,"['Education', 'maths']",27,
b2SoSGIDCoo,Basic Mathematics for Physics | Integration | Anupam Sir | Vedantu Math JEE Made Ejee,"In this video, we present you with an essential foundation in Basic Mathematics for Physics, focusing specifically on Integration.",,,0,"['Education', 'maths']",27,
hxrL7Ig14OE,Class 2 - Integration 2 | ANNUAL EXAM - MEGA MARATHON - Sure Questions | Xylem Class 2,xylemClass2 #Xylemlearning #xylemclass2 #integration #integration1 #live #annualexam #minimarathon CLASS 2 - FOR FREE ...,,,0,"['Education', 'maths']",27,
Zlp1RsXFU9g,[ADD MATHS] Form 5 Chapter 3 - Integration Part 1 (Integration Basics & Indefinite Integral) | KSSM,This video covers the basics of ADD MATHS Form 5 Chapter 3 - Integration Part 1 (Integration Basics & Indefinite Integral).,,,0,"['Education', 'maths']",27,
dxuct08lLyY,Add Stripe to your bolt.new app,"In this video, learn how to add Stripe to your bolt.new app through our powerful integration. Key Topics Covered: - How to add ...",,,0,"['Education', 'maths']",27,
OPeSWafsROM,NCERT सफाया In 30 Min🔥| Chemical Coordination & Integration | Neet 2025🚀,⚡For Any kind of Query regarding Notes kindly whatsapp @8848936643 DEMO ✓Reproductive health ...,,,0,"['Education', 'maths']",27,
kELU01qDx0c,Abstract Integration Theory 64- L^p Spaces - Convex Functions,"Resource Person: Dr. Vellat Krishna Kumar, Visiting Professor Amria Viswa Vidya Peetham, Amritapuri, Kollam, Kerala, India.",,,0,"['Education', 'maths']",27,
xdDX15wD8Rw,AS Level Math P1 - Integration - (Concepts and Past Papers),alevelmaths #aslevel #alevelmath Support the channel: https://www.buymeacoffee.com/mathletebysaad Link to pdf: ...,,,0,"['Education', 'maths']",27,
#NAME?,"Integration (Year 1) in less than 25 minutes • A-Level Maths, Pure Year 1, Chapter 13 📚","Use this as quick revision, to summarise a playlist, and/or to check that you are ready to tackle exam questions. (Remember you ...",,,0,"['Education', 'maths']",27,
oDC1qahSNIY,Introduction to Integration class 12th in odia || chapter 9 chse odisha math solution ||,Introduction to Integration class 12th in odia || chapter 9 chse odisha || elements of mathematics || chapter 9 chse odisha math ...,,,0,"['Education', 'maths']",27,
f_vzW8A47LQ,IPE Maths 2B | Indefinite Integrations - Reduction Formula | 7 Marks Gunshot SAQs | IPE 2024/25,Dive deep into IPE Maths 2B as we unravel the intricacies of Indefinite Integrations and Reduction Formulas! Prepare for the ...,,,0,"['Education', 'maths']",27,
H0iM9NETK1g,Indefinite Integration Part 2 Ex.3.1 Easy Tricks 12th New Syllabus 2020-21 Maharashtra | Dinesh Sir,Free Maths Lectures with best explanation are available based on New Syllabus 2020 Maharashtra Board. Just click on the below ...,,,0,"['Education', 'maths']",27,
YT4tW-t61Ek,Integration will be what sets you free | WATCH THE FULL VIDEO #identityloss#integration,Join my private community and get the 3-Step Identity Rebuilding Guide — a framework to help you reconnect with who you truly ...,,,0,"['Education', 'maths']",27,
RMV7fzGc98Y,CHEMICAL COORDINATION & INTEGRATION in 1 Shot || All Concepts & PYQs Covered || Prachand NEET,TImestamps - 00:00 - Introduction 02:25 - Topics to be covered 05:36 - Neuro-Endocrine system 18:36 - Endocrine glands and ...,,,0,"['Education', 'maths']",27,
f6zY1dD1Zi0,Integration | YouTube Course for NEET 2025 by Tamanna Chaudhary,"Join NEET Adda247 and Prepare for NEET 2025 with India's best teachers of Botany, Zoology, Physics, and Chemistry and aim ...",,,0,"['Education', 'maths']",27,
oHLmdSlou88,Business Mathematics | Integration Basics | Part-1 |,"Introduction to integration along with its basics. The video is helpful for the students of class 12, ca, cs, cma, bba, bcom and other ...",,,0,"['Education', 'maths']",27,
mTz9wFOez5w,Class 12 Math NCERT | Chapter 7 Integral | Ex 7.1 Introduction | Vidyawise | 2024 -24,Class 12 Math NCERT | Ch - 7 Integral | Ex 7.1 Introduction | Cbseclass videos | Vidyawise | 2024 - 25 Course Link For Session ...,,,0,"['Education', 'maths']",27,
aMuEKHDi-qA,Class 1 - Integration 3 | ANNUAL EXAM: MEGA MARATHON ! | Xylem Class 1,xylem_learning #xylemclass1 #class1 #integration #integration3 #class1annualexam #live #annualexam #megamarathon Click ...,,,0,"['Education', 'maths']",27,
pJppIep8Z5w,#ADFPanel / Sahel: The Future of Regional Integration📌,LIVE #ADFPanel / Sahel: The Future of Regional Integration #ADF2025 #MEET4DIPLOMACY.,,,0,"['Education', 'maths']",27,
8v6WVxiFlaQ,Indefinite Integration | Sampoorn Series by Harsh Priyam Sir | Class 12 Maths | Vedantu Math,"In this video on @VedantuMath , you will get boosted with content that will ease your Maths exam preparation. Learn with Harsh ...",,,0,"['Education', 'maths']",27,
kHjREmsXzzk,JUST IN🚨Pi Network Announces Ethereum Integration🚀Open Doors to Real-World Stable coin Payments,welcome to My YouTube channel PINEWSUPDATES #PInewsupdate #Subscribe for more updates #PiNewsUpdates Don't ...,,,0,"['Education', 'maths']",27,
GJDMT38Gd2I,JEE Brief: Indefinite Integration Class 12 JEE One Shot Maths | JEE Main and Advanced| Nishant Vora,Indefinite Integration Class 12 JEE One Shot Mathematics | JEE Main and Advanced | Nishant Vora Welcome to your ...,,,0,"['Education', 'maths']",27,
Rwhe4BcBUuA,INDEFINITE INTEGRATION AND DEFINITE INTEGRATION in One Shot | Maths | Complete 2025 MHTCET Revision🎯,Tell Us Your Exam Centre Details ...,,,0,"['Education', 'maths']",27,
Wu1AewUDZig,Integration One Shot | JEE Main 2024 | RRR,Call our team on 8585858585 for more information and take your JEE preparations to the next level. --------------------- Join Arvind ...,,,0,"['Education', 'maths']",27,
n2y7n6jw5d0,What does the Laplace Transform really tell us? A visual explanation (plus applications),This video goes through a visual explanation of the Laplace Transform as well as applications and its relationship to the Fourier ...,,,0,"['Education', 'maths']",27,
3gjJDuCAEQQ,The intuition behind Fourier and Laplace transforms I was never taught in school,This video covers a purely geometric way to understand both Fourier and Laplace transforms (without worrying about imaginary ...,,,0,"['Education', 'maths']",27,
KqokoYr_h1A,Intro to the Laplace Transform & Three Examples,Welcome to a new series on the Laplace Transform. This remarkable tool in mathematics will let us convert differential equations ...,,,0,"['Education', 'maths']",27,
65yw9klPklk,How to solve differential equations,... Laplace transform for the first time! Очень плохая музыка! ▭ See also ▭▭▭▭▭▭▭▭▭▭ * https://youtu.be/fmG7U0Pv30Y ...,,,0,"['Education', 'maths']",27,
AAir4vcxRPU,e (Euler's Number) is seriously everywhere | The strange times it shows up and why it's so important,Animations: Brainup Studios (email: mail@brainup.in) Timestamps/Extra Resources 2:42 - Derangements ...,,,0,"['Education', 'maths']",27,
e-42776_1Ns,7. Laplace Transform | Complete Concept and Problem#1 | Most Important Problem,"Get complete concept after watching this video Topics covered under playlist of Laplace Transform: Definition, Transform of ...",,,0,"['Education', 'maths']",27,
6MXMDrs6ZmA,Laplace Transform Explained and Visualized Intuitively,"Laplace Transform explained and visualized with 3D animations, giving an intuitive understanding of the equations. My Patreon ...",,,0,"['Education', 'maths']",27,
OiNh2DswFt4,Laplace transform 1 | Laplace transform | Differential Equations | Khan Academy,Introduction to the Laplace Transform Watch the next lesson: ...,,,0,"['Education', 'maths']",27,
TPewsaLASR4,"Mathematics for class 6, 7, 8, 9, 10 TGT PGT Maths",Playlist of Differential equations and Laplace Transform Differential equations and Laplace Transform: ...,,,0,"['Education', 'maths']",27,
9RJml41PFnc,Laplace Transform: First Order Equation,Transform each term in the linear differential equation to create an algebra problem. You can transform the algebra solution back ...,,,0,"['Education', 'maths']",27,
WbebNTFCsCc,Laplace Transform & Fourier Transform: Comparison and Relationship,Laplace Transform & Fourier Transform are covered by the following Timestamps: 0:00 - Laplace Transform & Fourier Transform ...,,,0,"['Education', 'maths']",27,
ZGPtPkTft8g,The Laplace Transform - A Graphical Approach,A lot of books cover how to perform a Laplace Transform to solve differential equations. This video tries to show graphically what ...,,,0,"['Education', 'maths']",27,
7UvtU75NXTg,The Laplace Transform: A Generalized Fourier Transform,"This video is about the Laplace Transform, a powerful generalization of the Fourier transform. It is one of the most important ...",,,0,"['Education', 'maths']",27,
ZtTDs2FZ2Qw,Manzil 2025: MATRICES in One Shot: All Concepts & PYQs Covered | JEE Main & Advanced,00:00 - Introduction 13:19 - Topics to be covered 16:33 - Matrix Definition 26:01 - Order of a matrix 39:13 - Types of matrices ...,,,0,"['Education', 'maths']",27,
spUNpyF58BY,But what is the Fourier Transform? A visual introduction.,Thanks to these viewers for their contributions to translations Hebrew: Omer Tuchfeld Russian: xX-Masik-Xx Vietnamese: ...,,,0,"['Education', 'maths']",27,
fNk_zzaMoSs,"Vectors | Chapter 1, Essence of linear algebra",Thanks to Elo Marie Viennot and Ambros Gleixner from HTW Berlin (www.htw-berlin.de) for contributing German translations and ...,,,0,"['Education', 'maths']",27,
1wWiA0l2GQk,Introduction to Laplace Transform,Signal & System: Introduction to Laplace Transform Topics discussed: 1. Laplace transform. 2. Laplace transform as the general ...,,,0,"['Education', 'maths']",27,
O87pL_uS4B0,Review of Laplace Transform (Part 1),Control Systems: The review of Laplace Transform Topics Discussed: 1. The use of Laplace transform. 2. Integral transforms. 3.,,,0,"['Education', 'maths']",27,
ftnpM_RO0Jc,Laplace Transform Ultimate Study Guide,"This tutorial includes the Laplace transform of derivatives, Laplace transform of e^(at), Laplace transform of t^n, Laplace transform ...",,,0,"['Education', 'maths']",27,
OA1OJrfpP20,Laplace Transform | Overview & Laplace Transform of Elementary Function by GP Sir,This video lecture on Laplace Transform | Overview & Laplace Transform of Elementary Function by GP Sir will help Engineering ...,,,0,"['Education', 'maths']",27,
g4FY_eVtEhI,The Laplace Transform: The First Shifting Theorem (Proof),This video shows that the Laplace transform of a function multiplied by e^at equals the Laplace transform of that function ...,,,0,"['Education', 'maths']",27,
zvbdoSeGAgI,"(1:2) Where the Laplace Transform comes from (Arthur Mattuck, MIT)","Next Part: http://www.youtube.com/watch?v=hqOboV2jgVo Prof. Arthur Mattuck, of the Department of Mathematics at MIT, explains ...",,,0,"['Education', 'maths']",27,
o4JYO_K9G-s,Laplace Transforms of ERROR FUNCTION|Engineering Mathematics|M3|👩‍🎓|B.Sc| All UNIVERSITIES,Laplace Transforms of ERROR FUNCTION|Engineering Mathematics|M3| ‍ |B.Sc| All UNIVERSITIES Error Function And Error ...,,,0,"['Education', 'maths']",27,
LF2xETZkZro,0. Laplace Transformations || Comprehensive lecture notes || Methods of Mathematical Physics MMP,In this video I am sharing my complete notes of Laplace Transformations.,,,0,"['Education', 'maths']",27,
65yw9klPklk,How to solve differential equations,... Laplace transform for the first time! Очень плохая музыка! ▭ See also ▭▭▭▭▭▭▭▭▭▭ * https://youtu.be/fmG7U0Pv30Y ...,,,0,"['Education', 'maths']",27,
p_kFNJ5bj5c,What is Laplace Transform? ENGINEERING MATHEMATICS,"https://www.youtube.com/channel/UCfiDcAUI_QxV9Wb-YaCj_Zw/join laplace transform, laplace transforms of elementary ...",,,0,"['Education', 'maths']",27,
NqeUG8FEvCo,LAPLACE TRANSFORM | MATHEMATICS | ONE SHOT | PRADEEP GIRI SIR,LAPLACE TRANSFORM | MATHEMATICS | ONE SHOT | PRADEEP GIRI SIR|ENGINEERING MATHEMATICS 3 ...,,,0,"['Education', 'maths']",27,
vELXJPaddpI,LAPLACE TRANSFORM | S-1 | ENGINEERING MATHS | GATE MATHS |SAURABH DAHIVADKAR|SECOND YEAR ENGINEERING,"n mathematics, the Laplace transform, named after its inventor Pierre-Simon Laplace , is an integral transform that converts a ...",,,0,"['Education', 'maths']",27,
IVJjm5FE4x8,Inverse Laplace Transform Examples || First Shifting Property of Inverse Laplace Transform ||,Here we have find Inverse Laplace Transform of two Laplace functions by using first Shifting Property of Inverse Laplace ...,,,0,"['Education', 'maths']",27,
WtdLamxDGa0,Laplace Transform an intuitive approach,SUBSCRIBE : https://www.youtube.com/c/TheSiGuyEN?sub_confirmation=1. Join this channel to get access to perks: ...,,,0,"['Education', 'maths']",27,
OKkQWki9l_w,Laplace Transforms of Derivatives | Problems | Laplace Transform | Engineering Mathematics,Laplace transform of derivatives is explained with problems. what is Laplace transform of derivatives. #Maths2 ...,,,0,"['Education', 'maths']",27,
8oE1shAX96U,Lesson 1 - Laplace Transform Definition (Engineering Math),In this lesson we will discuss the definition of the Laplace transform. This lesson aims to further your understanding of the Laplace ...,,,0,"['Education', 'maths']",27,
CbCUXWjhtHs,Laplace Transform | Laplace Transform Engineering Mathematics | Laplace Transform Formulas Proof,ENGINEERING MATHEMATICS-2 (BAS203) UNIT-2 LAPLACE TRANSFORM LECTURE CONTENT: CONCEPT OF LAPLACE ...,,,0,"['Education', 'maths']",27,
EDVJotmT584,Formula of Laplace Transform and Inverse Laplace Transform | By Gp Sir,Topic -Formula of Laplace Transform and Inverse Laplace Transform This Video Lecture Contains Important formulas for Laplace ...,,,0,"['Education', 'maths']",27,
lNlFmnGGH60,Laplace Transform | Derivation of Essential Equations,"The #Laplace #transform of a function f(t), defined for all real numbers t ≥ 0, is the function F(s), which is defined by F(s) ...",,,0,"['Education', 'maths']",27,
lqqKJA_TbRk,Laplace Transform of Elementary Function Problem 1,laplace_transformations.,,,0,"['Education', 'maths']",27,
MppvruSD868,🔵26 - Definition of Laplace Transform: Solving Basic Laplace Transforms,In this lesson we are going to discuss the integral operator; Laplace Transform. Laplace Transform is a very important tool in ...,,,0,"['Education', 'maths']",27,
RDtITuZDZi4,Laplace Transform Practice,"Get the full course at: http://www.MathTutorDVD.com In this lesson, you will learn how to apply the definition of the Laplace ...",,,0,"['Education', 'maths']",27,
QZsX6R_amBk,R22 JNTUH Laplace Transforms B.tech Mathematics || Laplace Transforms introduction in telugu ||,"Welcome to our comprehensive introduction to Laplace Transforms, a crucial topic in B.Tech Mathematics under the R22 ...",,,0,"['Education', 'maths']",27,
icGvJO3Zmfg,Laplace Transform of Integrals & Examples,This lecture explain how to find the laplace transform of integrals.,,,0,"['Education', 'maths']",27,
N35Utz4xLo4,Laplace Transform II Definition & LT of Elementary functions II Lecture-1 II Improved Series,"Namaste to all Friends, This Video Lecture Series presented By VEDAM Institute of Mathematics. It is Useful to all students of ...",,,0,"['Education', 'maths']",27,
MgcpPTtyGiw,Laplace Transform | Shifting theorem,First #shifting #theorem of Laplace transforms The first shifting theorem provides a convenient way of calculating the Laplace ...,,,0,"['Education', 'maths']",27,
HC03r21qFHc,What are Laplace Transforms?,"Welcome back MechanicalEI, did you know that Laplace Transformations were bought into popularity after its use during world ...",,,0,"['Education', 'maths']",27,
CWQSCPi8Jq8,laplace transform (hindi),laplace transform laplace transform in hindi laplace transform physical significance fourier series full chapter Fourier Series: ...,,,0,"['Education', 'maths']",27,
XPMQ3pM-qI4,1. Laplace Transform | Definition and Formulae | Must Watch,"Get complete concept after watching this video Topics covered under playlist of Laplace Transform: Definition, Transform of ...",,,0,"['Education', 'maths']",27,
fuxFrpaMLtw,Using Laplace Transforms to solve Differential Equations ***full example***,How can we use the Laplace Transform to solve an Initial Value Problem (IVP) consisting of an ODE together with initial ...,,,0,"['Education', 'maths']",27,
cK4p6nQz5DY,Laplace Transforms in Telugu,Introduction.,,,0,"['Education', 'maths']",27,
hqOboV2jgVo,"(2:2) Where the Laplace Transform comes from (Arthur Mattuck, MIT)","Previous Part: http://www.youtube.com/watch?v=zvbdoSeGAgI Prof. Arthur Mattuck, of the Department of Mathematics at MIT, ...",,,0,"['Education', 'maths']",27,
qDvRK4s7yKI,Laplace transform - basics # Transform technique# Engineering Maths # In Tamil,,,,0,"['Education', 'maths']",27,
ceM6fo5GKtQ,Laplace Transform of the product of 't' and some Function(s) | ζ{tⁿf(t)},Laplace #Transform of the #product of 't' and some Functions which is in the form ζ{tⁿf(t)} A unique formula will guide us on how ...,,,0,"['Education', 'maths']",27,
x-O7ck9QqTw,Differential Equations: Lecture 7.1 Definition of the Laplace Transform,This is a real classroom lecture on Differential Equations. I covered section 7.1 which is on the Definition of the Laplace Transform.,,,0,"['Education', 'maths']",27,
8ve6BtQ5QDI,LAPLACE transformation,DOWNLOAD Shrenik Jain - Study Simplified (App) : Android app: ...,,,0,"['Education', 'maths']",27,
W0Qb6PMAOX8,Laplace Transform - Definition & Laplace transform of Elementary Functions in Hindi (Lecture 1),"Namaste to all Friends, This Video Lecture Series presented By VEDAM Institute of Mathematics. It is Useful to all students of ...",,,0,"['Education', 'maths']",27,
xuEcNIdq8IQ,Laplace Transforms in Telugu || Root Maths Academy,#LaplaceTransformsinTelugu More videos :- Integration of U/V :- https://youtu.be/w91eK8NnF5g Minima and Maxima of ...,,,0,"['Education', 'maths']",27,
CERKluu27uI,"02 - Deriving the Essential Laplace Transforms, Part 1",In this video I provide and explain step by step instructions on how to derive the essential Laplace Transforms.,,,0,"['Education', 'maths']",27,
gS0hSbGI9Dg,🔵33 - Solving Initial Value Problems using Laplace Transforms method,In this lesson we are going to learn how to solve initial value problems using laplace transforms. Given a differential equation and ...,,,0,"['Education', 'maths']",27,
xzEPZEmUnFg,Laplace Transform Introduction - Advanced Engineering Mathematics,Introductory lecture video about Laplace Transform plus some solved examples such as Laplace transform of a constant and a ...,,,0,"['Education', 'maths']",27,
ofvkZXgbIxE,6: Laplace Transforms - Dissecting Differential Equations,"Explanation of the Laplace transform method for solving differential equations. In this video, we go through a complete derivation ...",,,0,"['Education', 'maths']",27,
tv4v1eaVQMg,Finding Laplace Transform Using Derived Table of Formula Part 1,"Hi guys! In this video, we will discuss how to find Laplace Transform of functions using its derived table of formula. We will solve ...",,,0,"['Education', 'maths']",27,
NYpTjg1FwVs,Laplace Transform Initial Value Problem (Example),"#math #brithemathguy This video was partially created using Manim. To learn more about animating with Manim, check ...",,,0,"['Education', 'maths']",27,
PG_-ax_HmS0,LAPLACE TRANSFORM | MATHEMATICS | LECTURE 01 | Important Formulae | All University,LAPLACE TRANSFORM | MATHEMATICS | LECTURE 01 | Important Formulae | All University #laplacetransform ...,,,0,"['Education', 'maths']",27,
KKAIzbK2zT4,4. Laplace Transforms | Problem#1 | Complete Concept,"Get complete concept after watching this video Topics covered under playlist of Laplace Transform: Definition, Transform of ...",,,0,"['Education', 'maths']",27,
rgAH5NhsSlE,"inverse laplace transform, example#5, with completing the square","inverse laplace transform, inverse laplace transform example, Shop Math: https://teespring.com/stores/blackpenredpen Wear ...",,,0,"['Education', 'maths']",27,
bMQ8DRTmdkM,"07 - Practice Calculating Inverse Laplace Transforms, Part 1",Learn how to calculate the inverse Laplace transform with step by step solved example problems.,,,0,"['Education', 'maths']",27,
p2LwHUJ9dHY,Laplace Transformations || Chapter-1 || Degree Mathematics Elective,it use full for degree and btech students #degreemaths #btechmaths #laplacetransformations.,,,0,"['Education', 'maths']",27,
dm1AySNBQM0,Practice Problems on Laplace Transform,For educational purposes only.,,,0,"['Education', 'maths']",27,
yHzXAoFjU3k,Laplace Transform of a Piecewise Function (Unit Step Function),In this video we will take the Laplace Transform of a Piecewise Function - and we will use unit step functions! Support me by ...,,,0,"['Education', 'maths']",27,
pSN7t79RxC4,"Lecture 20, The Laplace Transform | MIT RES.6.007 Signals and Systems, Spring 2011","Lecture 20, The Laplace Transform Instructor: Alan V. Oppenheim View the complete course: http://ocw.mit.edu/RES-6.007S11 ...",,,0,"['Education', 'maths']",27,
11jLUuP1_uY,"09 - Solve Differential Equations with Laplace Transforms, Part 1",Here we learn how to solve differential equations using the laplace transform. We learn how to use the properties of the laplace ...,,,0,"['Education', 'maths']",27,
AtuYU5VZAl4,"Solve differential equation with laplace transform, example 2","inverse laplace transform, inverse laplace transform example, blakcpenredpen.",,,0,"['Education', 'maths']",27,
FBl6XSTaS7k,Using Laplace Transforms to Solve Differential Equations,Examples of solving differential equations using the Laplace transform.,,,0,"['Education', 'maths']",27,
nzPHWjEc4kg,Signals and Systems | Module 3 | Laplace Transform | Part 1 (Lecture 29),"Consider the term ""Bilateral Laplace Transform"" at the place of ""Bilinear Laplace Transform"". Subject - Signals and Systems Topic ...",,,0,"['Education', 'maths']",27,
mA9oLEqm30s,Laplace Transformation and its Existence,This lecture explains the Laplace transformation. #laplace #mathematics Other videos @DrHarishGarg Laplace Transform: ...,,,0,"['Education', 'maths']",27,
33TYoybjqPg,Laplace transform 2 | Laplace transform | Differential Equations | Khan Academy,Laplace transform of e^at Watch the next lesson: ...,,,0,"['Education', 'maths']",27,
3uYb-RhM7lU,Laplace transform to solve an equation | Laplace transform | Differential Equations | Khan Academy,Using the Laplace Transform to solve an equation we already knew how to solve. Watch the next lesson: ...,,,0,"['Education', 'maths']",27,
3dA9Npkbzrc,Inverse Laplace Transform (Tagalog/Filipino Math),Hi guys! This video discusses how to find the inverse Laplace transform of a given function F(s). Inverse Laplace transform used to ...,,,0,"['Education', 'maths']",27,
6jW7FCyapXE,"solve differential with laplace transform, sect 7.5#3","solve differential with laplace transform, sect 7.5#3, laplace transform examples, blackpenredpen.",,,0,"['Education', 'maths']",27,
EfzPazBiyOQ,LAPLACE TRANSFORM | MATHEMATICS | LECTURE 06 | Laplace Transform of Derivative and Integrals,LAPLACE TRANSFORM | MATHEMATICS | LECTURE 06 | Laplace Transform of Derivative and Integrals | PRADEEP GIRI SIR ...,,,0,"['Education', 'maths']",27,
Vw_zXDW6hcw,Laplace Transform of Derivatives (Applications to Solving Differential Equations) (Tagalog Math),Hi guys! This videos discusses the formula in finding the Laplace transform of derivatives as well as its applications in solving ...,,,0,"['Education', 'maths']",27,
LV_sfMBp6gM,"Laplace Transform Explained: Basics, Definition, Importance, and Formula",Laplace Transform is covered by the following Outlines: 0. Laplace transform 1. Basics of Laplace transform 2. Importance of ...,,,0,"['Education', 'maths']",27,
f2F4pDW6Z8c,ONE SHOT REVISION | ENGINEERING MATHEMATICS-II | UNIT-2 | LAPLACE TRANSFORM | WITH APPLICATIONS,ENGINEERING MATHEMATICS-2 (UNIT-2) | LAPLACE TRANSFROM ONE SHOT REVISION B.TECH ONE SHOT ORDINARY ...,,,0,"['Education', 'maths']",27,
c4IpXAY7Q4s,Laplace Transforms( Part 1) | KTU S4 Mathematics| Module 4,"Laplace Transforms (Part 1) Basic formula MA 202 Probability Distribution, Transforms and Numerical Methods Module 4 KTU ...",,,0,"['Education', 'maths']",27,
EIsL1JEDmDc,Finding Laplace Transform Using Derived Table of Formula Part 2,"Hi guys! In this video, we will discuss how to find Laplace Transform of functions using its derived table of formula. We will solve ...",,,0,"['Education', 'maths']",27,
zo4Stc-raQE,Laplace Transform and Piecewise or Discontinuous Functions,"This video deals particularly with how the Laplace Transform works with piecewise functions, a type of discontinuous functions.",,,0,"['Education', 'maths']",27,
WAkLg2b5dGM,🔵28 - Laplace Transforms Practice Problems (1),"After studying the definition and elementary properties of the laplace transform, lets try to solve some laplace transform problems.",,,0,"['Education', 'maths']",27,
hRcH-DK9vL0,Laplace Transform Formulas | Best Tricks to Remember 🔥 | Engineering Mathematics,laplacetransform #engineeringmathematics #solveit The video demonstrates methods to solve problems based upon Laplace ...,,,0,"['Education', 'maths']",27,
c6YnYr8KsSo,Inverse Laplace Transform Example using Partial Fractions,"In this video in my series on Laplace Transforms, we practice compute Inverse Laplace Transforms. In this specific example, the ...",,,0,"['Education', 'maths']",27,
CxOJ1vgvcOc,Laplace Transform of Exponential Function - Advanced Engineering Mathematics,"Derivation of the Laplace transform of exponential function. If you find this video helpful, please don't forget to subscribe to my ...",,,0,"['Education', 'maths']",27,
l7kzsQwLv-0,Laplace Transform of a Periodic Function In Tamil-Laplace Transform,Laplace Transform of a Periodic Function In Tamil-Laplace Transform Engineering Mathematics 2 Regulation 2017 Find Laplace ...,,,0,"['Education', 'maths']",27,
OC7Y6hzCOVM,"Transform of Derivatives, Solving first order DE using Laplace Transform - Advanced Math","This video lecture is about solving differential equation using transform of derivatives. If you find this video helpful, please don't ...",,,0,"['Education', 'maths']",27,
F_XmgIryugU,Laplace Transform Equation Explained,Explains the Laplace Transform and discusses the relationship to the Fourier Transform. Related videos: (see: ...,,,0,"['Education', 'maths']",27,
KWcRYnyWDCo,"Laplace Transform of Basic Functions (Impulse, Unit Step, Ramp, Parabolic, sine and cosine )","In this video, the Laplace Transform of some Basic Functions(like Impulse, Unit Step, Ramp, Parabolic, Exponentials, and ...",,,0,"['Education', 'maths']",27,
Mht9iQns1xo,PART 2 of Evaluating Laplace Transform By Formula Table - Advanced Engineering Mathematics,"Please don't forget to leave a thumbs up, comment to my video. If you also find this video helpful, don't forget to SUBSCRIBE!",,,0,"['Education', 'maths']",27,
Gx6yQcmLuH8,Ultimate Inverse Laplace Transform Study Guide,How to do inverse Laplace transform. We will go over 24 inverse Laplace transform with partial fractions and the inverse Laplace ...,,,0,"['Education', 'maths']",27,
r2dEb74JwxE,Finding Laplace Transform Using Its Definition,"Hi guys! In this video, we will discuss how to find Laplace Transform of functions using its definition. We will solve several ...",,,0,"['Education', 'maths']",27,
Lmj3s4S62fQ,Laplace Transform - Calculating the Laplace Transform,Thanks to all of you who support me on Patreon. You da real mvps! $1 per month helps!! :) https://www.patreon.com/patrickjmt !,,,0,"['Education', 'maths']",27,
BbqbvSig6Mc,Inverse Laplace examples | Laplace transform | Differential Equations | Khan Academy,Using our toolkit to take some inverse Laplace Transforms Watch the next lesson: ...,,,0,"['Education', 'maths']",27,
taTcBFirCo8,Unlock the Secrets of Laplace Transform with Sivakumar in 5 Days!,"Laplace Transform is crucial for BSc Physics Honours, MSc Mathematical Physics, and BTech Engineering Mathematics students.",,,0,"['Education', 'maths']",27,
K7DboOcubmg,Laplace Transform of Unit Step Function | AEM Video 1,A video lecture for LPU engineering students taking Advanced Engineering Mathematics subject. Topic: LAPLACE TRANSFORM ...,,,0,"['Education', 'maths']",27,
JSlVUMUdTdY,Circuit Analysis using Laplace Transform | Network Analysis,"In this video, how to do the circuit analysis of electrical circuits using the Laplace Transform has been explained with few solved ...",,,0,"['Education', 'maths']",27,
1ovNMSQ3PVs,Question#4 - Laplace Transform - Application to Ordinary Differential Equation.,"In this video, you will learn the concept on Application of Laplace Transform to Solve Ordinary Differential Equation (Initial ...",,,0,"['Education', 'maths']",27,
5hPD7CF0_54,Laplace Transform Examples,This video describes important properties of the Laplace transform and gives some examples. @eigensteve on Twitter Brunton ...,,,0,"['Education', 'maths']",27,
uNefokVwX2g,Inverse Laplace Transform|Engineering Mathematics|One Shot |Pradeep Giri Sir,Inverse Laplace Transform|Engineering Mathematics|One Shot |Pradeep Giri Sir #inverselaplaceoneshot #engineering ...,,,0,"['Education', 'maths']",27,
SFBOsOsbGGo,How To Solve Inverse Laplace transform Using Completing the Square,"Solving Inverse Laplace Transform With Completing The Square. In mathematics, the Laplace transform, named after its ...",,,0,"['Education', 'maths']",27,
4Mr7aEHQr8E,Laplace transform of the unit step function | Laplace transform | Khan Academy,Introduction to the unit step function and its Laplace Transform Watch the next lesson: ...,,,0,"['Education', 'maths']",27,
yz-_EKIzz80,Inverse Laplace Transform by Partial Fraction Decomposition,,,,0,"['Education', 'maths']",27,
pXk0PNdTZH8,Signals & Systems - Laplace Transform - Introduction - UNIT V,,,,0,"['Education', 'maths']",27,
QoS_BUOLH70,Laplace Transform of Sine and Cosine Function - Advanced Engineering Mathematics,"A derivation of the laplace of the sine and the cosine function. If you find this video helpful, please don't forget to give a thumbs up ...",,,0,"['Education', 'maths']",27,
nHp5eP0ewqE,Everything you need to know about Laplace transforms,This is the ultimate engineer's introduction to Laplace transforms! 0:00 - Preamble 1:02 - Where does the Laplace transform come ...,,,0,"['Education', 'maths']",27,
mdj26_bUpBY,Differential Equation Using Laplace Transform + Heaviside Functions,Thanks to all of you who support me on Patreon. You da real mvps! $1 per month helps!! :) https://www.patreon.com/patrickjmt !,,,0,"['Education', 'maths']",27,
nQGMPzPtR_Y,Laplace Transforms//For both C16 & C20//Part -1,00:00 Intro 03:35 Examples on Basic Laplace Formulas 20:12 First-Shifting Theorem Into 21:22 Problems on First Shifting ...,,,0,"['Education', 'maths']",27,
qCLyiuhqatg,LAPLACE TRANSFORM IN HINDI IN ENGINEERING MATHS LECTURE 1 @TIKLESACADEMY,Visit My Other Channels : @TIKLESACADEMY @TIKLESACADEMYOFMATHS @TIKLESACADEMYOFEDUCATION THIS IS THE ...,,,0,"['Education', 'maths']",27,
BTS56I3dqEc,Laplace Transform Table of Formula (Tagalog/Filipino Math),Hi guys! This video discusses the Laplace Transform Formula which are all derived from the integral definition of Laplace ...,,,0,"['Education', 'maths']",27,
uPsrGMfNOME,Inverse Laplace transformation problems in Telugu,"Hai friends In this video, I have explained about different problems based on inverse Laplace transformation. Like, comment ...",,,0,"['Education', 'maths']",27,
xk7pYXMwUFI,🔵27 - Elementary Properties of the Laplace Transform with solved examples on each Property,In this lesson we are going to discuss the integral operator; Laplace Transform. Laplace Transform is a very important tool in ...,,,0,"['Education', 'maths']",27,
J36OKtPtTQw,Inverse Laplace Transform | Calculator Technique,"The inverse Laplace transform of F(s) can be determined using a calculator knowing the definition of the Laplace transform, ...",,,0,"['Education', 'maths']",27,
ZL2bQXRDxI4,Properties of Laplace Transform (Tagalog/Filipino Math),Hi guys! This videos discusses some properties of Laplace Transform which are the frequency differentiation and the shifting ...,,,0,"['Education', 'maths']",27,
SlnvOW84fOU,Finding Inverse Laplace Transform Part 1,"Hi guys! In this video, we will discuss how to find Inverse Laplace Transform of functions using its derived table of formula. We will ...",,,0,"['Education', 'maths']",27,
DqIqYXtWi50,"Laplace Transform| Applied Mathematics Three| Chapter 3 |February 10, 2023",,,,0,"['Education', 'maths']",27,
4XouPJVLDRg,Solving a partial differential equation using laplace transforms,Advanced MathWear: https://my-store-ef6c0f.creator-spring.com/ Complex analysis lectures: ...,,,0,"['Education', 'maths']",27,
PbIWuHOM0fU,Determine a Laplace Transform Involving the a Heaviside Function (Ex 1),This video explains how to determine a Laplace transform involving a Heaviside or unit step function. https://mathispower4u.com.,,,0,"['Education', 'maths']",27,
ZU1ku_QrEEA,The Laplace Transform | Definition,"This video gives the definition of the Laplace Transform of a function, and calculates two examples. The video below shows an ...",,,0,"['Education', 'maths']",27,
kKpeV7kirVY,Laplace Transforms in Telugu-4,First Shifting Theorem.,,,0,"['Education', 'maths']",27,
qSZqQRbiiug,Ex: Find the Laplace Transform of a Piecewise Defined Function (Ramp),This video explains how to determine the Laplace transform of a piecewise defined function. http://mathispower4u.com.,,,0,"['Education', 'maths']",27,
73Yf5sMEU2I,Solve by using Laplace transform # Allied Maths 2 # Laplace transform # Engg Maths,Playlist for solve ODE by Laplace transformhttps://youtube.com/playlist?list=PLEdgWiwledYBkGjL08TQyUdrrRUEmi7gh playlist ...,,,0,"['Education', 'maths']",27,
lI7fezJRPUw,Laplace Transform of Delta Function (Using the Definition),"#math #brithemathguy This video was partially created using Manim. To learn more about animating with Manim, check ...",,,0,"['Education', 'maths']",27,
dXIkFEe4faM,Laplace Transforms Basic Concepts With Examples | Chapter-5 B.Sc 4th Semester SF&IT Math || 2nd Year,Laplace Transforms Basic Concepts With Examples | Chapter-5 B.Sc 4th Semester SF&IT Math || 2nd Year.,,,0,"['Education', 'maths']",27,
AlSjhAFlIGA,Laplace transformation video Lecture in Hindi || Basic Concept of Laplace transform -,Laplace transformation video Lecture in Hindi || Basic Concept of Laplace transform -,,,0,"['Education', 'maths']",27,
kzQh4QwQLkc,How to Memorize the Laplace Transform Formulas,"If you enjoyed this video please consider liking, sharing, and subscribing. Udemy Courses Via My Website: ...",,,0,"['Education', 'maths']",27,
lPjrDmgN-aM,SOLVING DIFFERENTIAL EQUATION USING LAPLACE TRANSFORM IN TELUGU,PREVIOUS EXTERNAL PROBLEM SOLVING DIFFERENTIAL EQUATION USING LAPLACE TRANSFORM EXPLAINED IN ...,,,0,"['Education', 'maths']",27,
q58z_xA4FWA,Laplace Transform - Properties of laplace transform in Hindi (Lecture 2),"In this video we covers: Properties of Laplace Transform: multiply by t, divide by t, Laplace transform of derivatives, Laplace ...",,,0,"['Education', 'maths']",27,
cRTOT_DJ2Ms,INVERSE LAPLACE TRANSFORM|MATHEMATICS|LECTURE 01|Formulae|Standard & Shifting Theorem Based Question,INVERSE LAPLACE TRANSFORM | MATHEMATICS | LECTURE 01 | Formulae| Standard & Shifting Theorem Based Questions ...,,,0,"['Education', 'maths']",27,
4Sy3rujH5_E,LAPLACE TRANSFORMS,"Hi guys! In this video, I will explain the fundamental concepts of Laplace Transform, how to derive formulas of Laplace Transforms ...",,,0,"['Education', 'maths']",27,
RB11M7ex2Jw,1.Introduction to Laplace Transforms + Examples solved (Lecture 01) in Hindi,In this video you will learn Introduction to Laplace Transforms and Proofs of some formulas in Urdu/Hindi What are Laplace ...,,,0,"['Education', 'maths']",27,
Kb2sTe7PCC4,Inverse Laplace Transform by Partial Fraction || Partial Fraction Method || Example,Here we have find Inverse Laplace Transform of two functions by using Partial Fraction. We solve examples of non-repeated ...,,,0,"['Education', 'maths']",27,
EXHrpKdUL1k,"LAPLACE TRANSFORMS. PART 1.4th SEMESTER BSc MATHEMATISC, BSc PHYSICS, BSc CHEMISTRY","LAPLACE TRANSFORMS. PART 1.4th SEMESTER BSc MATHEMATISC, BSc PHYSICS, BSc CHEMISTRY.",,,0,"['Education', 'maths']",27,
Uj2HqXYYjyQ,Using Laplace Transform To Solve 2nd Order Linear Differential Equation Question,Using Laplace Transform To Solve 2nd Order Linear Differential Equation Question Engineering Mathematics 2 Regulation 2017 ...,,,0,"['Education', 'maths']",27,
rfuyoKOPJQk,Laplace Transforms | Special Function | B.A./B.Sc 2nd Year Mathematics | New Era Maths Classes,Feel free to call/WhatsApp us 8053633433 Follow us and never miss an update! Facebook ...,,,0,"['Education', 'maths']",27,
OY7GS54wkY4,Mathematics N5 LAPLACE TRANSFORMS - INTEGRATION INTRODUCTION @mathszoneafricanmotives,#mathszoneafricanmotives #light #engineering #southafrica #maths.,,,0,"['Education', 'maths']",27,
y1YDkbC3nVs,INVERSE LAPLACE TRANSFORM IN HINDI LECTURE 11 STUDY OF SOLVED PROBLEM 9,Visit My Most Popular Channel : @TIKLESACADEMY THIS IS THE 11TH VIDEO LECTURE ON INVERSE LAPLACE ...,,,0,"['Education', 'maths']",27,
vof6rlpeqTg,The Laplace Transform - Control Systems Lecture 1,"This is a short lecture, with examples, introducing the Laplace Transform. This video will be one of a larger series on Control ...",,,0,"['Education', 'maths']",27,
zfhyeXbb0d4,The Laplace Transform of Derivatives and Integrals,In this video we take the Laplace Transform of derivatives or integrals. What's amazing is that these result in expressions entirely ...,,,0,"['Education', 'maths']",27,
Qf9J3lC9ERQ,🔵29 - Inverse Laplace Transforms: Solving Basic Inverse Laplace Transforms,"In this lesson we shall do the reverse process of Laplace Transforms, that is, the inverse Laplace Transforms. If F(s) = L(f(t)), then ...",,,0,"['Education', 'maths']",27,
o7FJo83S5xM,Find the Laplace Transform of f(t) = cos^2(3t),"Please Subscribe here, thank you!!! https://goo.gl/JQ8Nys Find the Laplace Transform of f(t) = cos^2(3t)",,,0,"['Education', 'maths']",27,
iyJ53F27soc,Laplace transforms// Integral transforms//upsc maths optional/ MJPRU BSc Third semester maths//L1,Laplace transforms// Integral transforms//upsc maths optional/ MJPRU BSc Third semester maths//L1 Laplace transforms// Integral ...,,,0,"['Education', 'maths']",27,
2Iye2KsUmF0,Laplace Transform of Derivatives,"Hi! I'm Engr. Alex. This humble video shows you how to take the Laplace Transform of derivatives. If you have questions, please ...",,,0,"['Education', 'maths']",27,
S7zGQWX3FZQ,Relation between Laplace Transform & Fourier Transform,Signal & System: Relation between Laplace Transform and Fourier Transform Topics discussed: 1. Conversion of Laplace ...,,,0,"['Education', 'maths']",27,
8JeiMy1I1XY,Laplace Transform #6 (in Hindi) | Trigonometric Functions | Engineering Mathematics,Best & Easiest Videos Lectures covering all Most Important Questions on Engineering Mathematics for 50+ Universities Download ...,,,0,"['Education', 'maths']",27,
LW1VmZsUiLg,"Laplace Transform II Properties-Change of Scale, Multiply & Divide by t (Lecture 3) Improved Series","Namaste to all Friends, This Video Lecture Series presented By VEDAM Institute of Mathematics. It is Useful to all students of ...",,,0,"['Education', 'maths']",27,
LyUDZ-GYa8U,Solve differential equation with Laplace Transform involving unit step function,"Solve differential equation with Laplace Transform involving unit step function, www.blackpenredpen.com.",,,0,"['Education', 'maths']",27,
s2IuoytNhL4,Laplace Transform | First Shifting Theorem | Concept & Example by GP Sir,This video lecture on Laplace Transform | First Shifting Theorem | Concept & Example by GP Sir will help Engineering and Basic ...,,,0,"['Education', 'maths']",27,
xAlWXV0nfvI,Laplace Transform | Second Shifting Theorem | Concept & Example by GP Sir,This video lecture on Laplace Transform | Second Shifting Theorem | Concept & Example by GP Sir will help Engineering and ...,,,0,"['Education', 'maths']",27,
TJgBEI3drUc,The convolution and the laplace transform | Laplace transform | Khan Academy,Understanding how the product of the Transforms of two functions relates to their convolution. Watch the next lesson: ...,,,0,"['Education', 'maths']",27,
Y8GXpS31CGI,❖ The Inverse Laplace Transform - Example and Important Theorem ❖,"The Inverse Laplace Transform. In this video, I give an important theorem related to the inverse Laplace transform, give a ...",,,0,"['Education', 'maths']",27,
6woqcbjLXvA,Inverse Laplace - Advanced Engineering Mathematics,A lecture about evaluating inverse laplace of some basic laplace transforms with numerous examples/problems. If you find this ...,,,0,"['Education', 'maths']",27,
ykfnb5HKnh0,Laplace Transform of te^(-3t),We compute the Laplace Transform of te^(-3t). We use the first translation theorem to do this problem. I hope this helps someone ...,,,0,"['Education', 'maths']",27,
ns2F_WPZxvQ,Laplace Transform: Second Shifting Theorem,"Free ebook http://tinyurl.com/EngMathYT I calculate the Laplace transform of a particular function via the ""second shifting theorem"" ...",,,0,"['Education', 'maths']",27,
hGDzjWpyIrE,Solving Differential Equations Using LaPlace Transforms Ex. 1,This video shows how to solve differential equations using LaPlace Transforms.,,,0,"['Education', 'maths']",27,
06DQVFZtfGw,Condition for Existence of Laplace Transform,Signal & System: Condition for Existence of Laplace Transform Topics discussed: 1. Existence of Laplace transform. 2. Calculation ...,,,0,"['Education', 'maths']",27,
a96c_dIHfMU,Laplace Transformation Lecture 1 in Urdu/Hindi (M.K.F.A),Laplace Transformation Lecture 1 in Urdu/Hindi (M.K.F.A) I hope you like the Video. Do Subscribe the Channel.,,,0,"['Education', 'maths']",27,
e-42776_1Ns,7. Laplace Transform | Complete Concept and Problem#1 | Most Important Problem,"Get complete concept after watching this video Topics covered under playlist of Laplace Transform: Definition, Transform of ...",,,0,"['Education', 'maths']",27,
J-PLbwCYst0,Laplace Transform Calculator Technique,A Special Video Presentation Reverse Engineering Method for Finding the Laplace Transform of a Function Using Calculator!,,,0,"['Education', 'maths']",27,
4Jmh_FmVN6U,Laplace Transforms Of Integrals | Problems | Laplace Transform | Engineering Mathematics,Laplace transform of integral is explained with numericals. what is Laplace transform of Integrals #Maths2 #laplacetransformation ...,,,0,"['Education', 'maths']",27,
tx1DFpSfKmE,"Properties Of Laplace Transform, linear property, change of scale properties, shifting properties","Properties Of Laplace Transform. Properties Of Laplace Transform, linear property, change of scale properties, shifting properties ...",,,0,"['Education', 'maths']",27,
JKteP9AiW38,Laplace transform|| part 01||polytechnic maths m4||imp questions||4thSEM||@naveenreddy MATH,naveenreddymath #polytechnic #mathsm4 donations are accepted through you upi naveenreddymath@ybl ...,,,0,"['Education', 'maths']",27,
YQlcHUDaNS8,Circuit Analysis using Laplace Transform,In this video I have solved a circuit containing capacitor and inductor considering their initial conditions and using Laplace ...,,,0,"['Education', 'maths']",27,
ha4bDEB32TY,Laplace transform of t,Laplace transform of t. We will use integration by parts (DI method) and the definition of Laplace transform to determine the ...,,,0,"['Education', 'maths']",27,
vaNrjR60uv0,Laplace Transforms for Partial Differential Equations (PDEs),"In this video, I introduce the concept of Laplace Transforms to PDEs. A Laplace Transform is a special integral transform, and ...",,,0,"['Education', 'maths']",27,
ptpkDCi3Ux4,Laplace Transform & Region of Convergence Problem Example 1,Laplace Transform & Region of Convergence Problem Example 1 Watch more videos at ...,,,0,"['Education', 'maths']",27,
M9kt5ZSjX_I,Inverse Laplace Transform,Signal & System: Inverse Laplace Transform Topics discussed: 1. The formula of inverse Laplace transform. 2. Calculation of ...,,,0,"['Education', 'maths']",27,
F21roAB7Zy0,Laplace Transform: The Derivative Theorem and One Example,In this video I show the justification for the derivative theorem for the Laplace Transform. This is a useful technique so it is worth ...,,,0,"['Education', 'maths']",27,
RggTx6cuXag,Laplace Transform | Application to Partial Differential Equations | GP,"Here, we see ""Laplace Transform Partial Differential Equations Examples"". If, you have queries about ""How to solve the partial ...",,,0,"['Education', 'maths']",27,
4fBE3niMdho,Laplace transform of unit step function second problem(PART-2) by easy maths easy tricks,in this video explaining second problem of unit step function of Laplace transform. #easymathseasytricks LAPLACE TRANSFORM ...,,,0,"['Education', 'maths']",27,
6Z2r2om2CIM,Laplace Transform of piecewise function,Laplace Transform of piecewise function.,,,0,"['Education', 'maths']",27,
kum70H2NcqU,LAPLACE TRANSFORM | MATHEMATICS | LECTURE 05 | Effect of Division by t | PRADEEP GIRI SIR,LAPLACE TRANSFORM | MATHEMATICS | LECTURE 05 | Effect of Division by t | PRADEEP GIRI SIR #laplacetransform ...,,,0,"['Education', 'maths']",27,
vhfjEpQWWeE,Laplace transform of the dirac delta function | Laplace transform | Khan Academy,Figuring out the Laplace Transform of the Dirac Delta Function Watch the next lesson: ...,,,0,"['Education', 'maths']",27,
BmUNe-nG9Pk,btech maths m2 unit-3|Laplace transform first shifting theorem| prove Laplace transform #laplace,"all chapters unit-1,2, 3,4,5 https://www.youtube.com/playlist?list=PLA1HLruLdexR2-rYd0V2-xzu_AWI6zcJN unit-2 ...",,,0,"['Education', 'maths']",27,
gUxkDjL7Y0o,Laplace Transform,"Laplace transform is named in honor of the great French mathematician, Pierre Simon De Laplace (1749-1827). Like all ...",,,0,"['Education', 'maths']",27,
mS130mV9XeE,Inverse Laplace Transform Using Convolution Theorem-Laplace Transform,Inverse Laplace Transform Using Convolution Theorem in Tamil-Laplace Transform Engineering Mathematics 2 Regulation 2017 ...,,,0,"['Education', 'maths']",27,
Ks9PPZx4BdY,Evaluating Laplace Transform By Table Part 1 - Advanced Engineering Mathematics,This video is a lecture about the basic Laplace transform for some basic functions. Ten examples are solved in this video.,,,0,"['Education', 'maths']",27,
nlUG4OKN1IY,Using the Laplace transform to solve a nonhomogeneous eq | Laplace transform | Khan Academy,Solving a non-homogeneous differential equation using the Laplace Transform Watch the next lesson: ...,,,0,"['Education', 'maths']",27,
DQFaiC1x7a8,Laplace Transform Solution to a Feedback System,. Gives an example with an integrator in the forward path. Related videos: (see http://iaincollings.com) • Laplace Transform ...,,,0,"['Education', 'maths']",27,
clBDc8lXnhE,INVERSE LAPLACE TRANSFORM,This video provides solved problems of inverse Laplace transform. @profbarapatestutorials.,,,0,"['Education', 'maths']",27,
kbp9qWS-Bsk,❖ Laplace Transform to Solve a Differential Equation Part 1 of 2 ❖,"Solving a Differential Equation Using the Laplace Transform In this video, I demonstrate how to use the Laplace transform to solve ...",,,0,"['Education', 'maths']",27,
_Ovz4u8FL9k,"Laplace transform of f(t-a)u(t-a), the shifted unit step function","laplace transform of unit step function, Laplace transform of f(t-a)u(t-a), Laplace transform of the shifted unit step function, Laplace ...",,,0,"['Education', 'maths']",27,
o_j0aOOO_dM,Lec 1 | Formula | Laplace Transform | Mathematics 3 (M-3) RGPV B.Tech 2nd Year 3rd Sem for ME/EC/CE,Lec 1 | Formula | Laplace Transform | Mathematics 3 (M-3) RGPV B.Tech 2nd Year 3rd Sem for all ME/EC/CE In This video we will ...,,,0,"['Education', 'maths']",27,
9HSrMDocc0c,Inverse Laplace Transform Explained (Part-1),"In this video, how to find the Inverse Laplace Transform of the function using the Laplace Transform Conversion Table is ...",,,0,"['Education', 'maths']",27,
gMcs6RF_LrQ,L{sin(at)}) - transform of sin(at) | Laplace transform | Differential Equations | Khan Academy,Laplace Transform of sin(at) (part 1) Watch the next lesson: ...,,,0,"['Education', 'maths']",27,
n7wi-cWxTRo,Laplace Transform of the Periodic Waveform | Quiz # 471,"In this video, the Laplace Transform has been evaluated for the given periodic square wave. Here is the detail of the Quiz. Subject: ...",,,0,"['Education', 'maths']",27,
rD0s3H1vUT4,Inverse Laplace Transform | Problems | Meaning | Engineering Mathematics | in हिन्दी,meaning of inverse Laplace transform if explained with examples. inverse Laplace transformation problems #Maths2 ...,,,0,"['Education', 'maths']",27,
0BAU2VZwzr4,Diff Eqn: Solving nonhomogeneous IVP using Laplace transforms,,,,0,"['Education', 'maths']",27,
CoYNcY0Tp_4,Laplace Transform to Solve Differential Equations,Signal & System: Laplace Transform to Solve Differential Equations Topics discussed: Use of Laplace Transform in solving ...,,,0,"['Education', 'maths']",27,
P7rQBnCeXtI,LAPLACE TRANSFORM | ONE SHOT REVISION | ENGINEERING MATHS | GATE MATHS | SECOND YEAR ENGINEERING,"n mathematics, the Laplace transform, named after its inventor Pierre-Simon Laplace , is an integral transform that converts a ...",,,0,"['Education', 'maths']",27,
X5ZhbRjS0yE,Laplace & Inverse Laplace Transform - Second Shifting Theorem | GP Sir,Inverse Laplace Transform For Second Shifting Property in Hindi language. Online Mathematics Solutions For Laplace Transform ...,,,0,"['Education', 'maths']",27,
8ofZ6z4CMZI,Unit Step Function | Heaviside Function | Problems | Laplace Transform | Maths,Conver Piecewise Function to unit Step Function unit Step Function is explained with numericals. what is heaviside Function ...,,,0,"['Education', 'maths']",27,
SxEZBhTzYRE,Laplace Transform : Division by t property,Laplace Transform : Division by t based examples.,,,0,"['Education', 'maths']",27,
QyphvqsW5hE,RC Transient Response using Laplace Transform,RC Transient Response using Laplace Transform is explained with the following Timestamps: 0:00 - RC Transient Response ...,,,0,"['Education', 'maths']",27,
aaurfdKG-oE,Prerequisites for LTI Systems (Laplace Transform),Signal and System: Prerequisites for LTI Systems (Laplace Transform) Topics Discussed: 1. Use of Laplace Transform in LTI ...,,,0,"['Education', 'maths']",27,
eKKhDTc2qSc,Convolution Theorem | Problem 1 | Laplace Transform | Engineering Mathematics,convolution Theorem problem is calculated in simple way. #Maths2 #laplacetransformation @gautamvarde.,,,0,"['Education', 'maths']",27,
sbsXN7UAyiE,Laplace Transforms,Class - 1.,,,0,"['Education', 'maths']",27,
9ZVo781IhRc,Laplace Transform. Second Translation Theorem.,Learn about the second translation theorem and the inverse form of the second translation theorem. Video includes five examples.,,,0,"['Education', 'maths']",27,
_iOoaHlRFsw,Applied Mathematics-3 | Laplace Transformation and Inverse Laplace Transformation | polytechnic,laplace_transformations #polytechnic #bteup #LastMomentBatch #gtechpoly jis tarah se ap sabhi ne ab tak purane sabhi lectures ...,,,0,"['Education', 'maths']",27,
twNfbAPfWhQ,First Shifting Theorem of Laplace Transform & Examples,This lecture explains First Shifting Theorem of Laplace Transform. #laplace #mathematics Other videos @DrHarishGarg Laplace ...,,,0,"['Education', 'maths']",27,
h7fPKoGcUZE,Laplace Transform of a Piecewise Function,An example using the unit step function to find the Laplace transform of a piecewise-defined funciton.,,,0,"['Education', 'maths']",27,
RTaJeD3Auus,Unilateral Laplace Transform,Unilateral Laplace Transform Watch more videos at https://www.tutorialspoint.com/videotutorials/index.htm Lecture By: Ms.,,,0,"['Education', 'maths']",27,
RYEmqV5Nwlw,Laplace Transforms - Solving a Non-homogeneous DE (2),"Compare to Undetermined Coefficients which may have been more complicated due to guessing, then substituting the guess into ...",,,0,"['Education', 'maths']",27,
sdUoIa46WF0,Laplace transform: cos^2(at) and sin^2(at),Let us do some basics again :) We are going to need this great tool later :) Twitter: https://twitter.com/FlammableMaths Visit my ...,,,0,"['Education', 'maths']",27,
OSQpFTEt8Iw,Review of Laplace Transform (Part 4),Control Systems: The Time Differentiation Property of Laplace Transform Topics Discussed: 1. Time Differentiation property of ...,,,0,"['Education', 'maths']",27,
qEbrbm02S68,Properties of Laplace Transform (Part 1),Signal & System: Properties of Laplace Transform (Part 1) Topics discussed: 1. Linearity property of Laplace transform. 2. Proof of ...,,,0,"['Education', 'maths']",27,
sbHrlppxkSM,Inverse Laplace Transform,,,,0,"['Education', 'maths']",27,
VqHQjtTDXiQ,LAPLACE TRANSFORM OF RLC CIRCUIT | transient analysis using laplace transform,This video covers how to do transient analysis using laplace transform of RLC circuit. I have explained basics of laplace transfrom ...,,,0,"['Education', 'maths']",27,
XXHOUjG4k6E,LAPLACE TRANSFORM | MATHEMATICS | LECTURE 02 | Laplace transforms of standard functions,LAPLACE TRANSFORM | MATHEMATICS | LECTURE 02 | Laplace transforms of standard functions | Change of Seule Property ...,,,0,"['Education', 'maths']",27,
kd2GolaOvXc,Laplace Transform|One Shot|PYQ|DBATU Engineering Mathematics 3|Pradeep Giri Sir,Laplace Transform|One Shot|PYQ|DBATU Engineering Mathematics 3|Pradeep Giri Sir #engineeringmathematics #mathematics3 ...,,,0,"['Education', 'maths']",27,
4snzBywrY4E,Laplace transform: cosh(at) and sinh(at),Let us calculate the transformation of the hyperbolic sine and cosine! We are going to use a special trick to find the condition for it ...,,,0,"['Education', 'maths']",27,
THqzPHS8cDE,Application of Laplace Transformation in Differential equations,www.instagram.com/prof.anshuman Laplace Transformation Solution of differential equations Engineering Mathematics II ...,,,0,"['Education', 'maths']",27,
PBuY2ervj8Y,Laplace Transform of (e ^at - cosbt ) / t || Effect of division by t of Laplace Transform ||,Here we solved one example on effect of division by of t on Laplace Transform. #LaplaceTransform#Divisionbyt#Example ...,,,0,"['Education', 'maths']",27,
jfKTnTyd4ec,"Laplace Transform II Properties - Linearity, First & Second Shifting II Lecture 2 II Improved Series","Namaste to all Friends, This Video Lecture Series presented By VEDAM Institute of Mathematics. It is Useful to all students of ...",,,0,"['Education', 'maths']",27,
1j2jQ2PGc_s,LAPLACE TRANSFORM (SOLVED PROBLEMS),The numerical problems of the Laplace transform can be easily solved using properties and standard formulae. To learn the ...,,,0,"['Education', 'maths']",27,
8Lf8bXmJP0E,Find the Laplace Transform of cos(kt) using the Definition,In this video we compute the Laplace Transform of the function f(t) = cos(kt) Using the definition of the Laplace Transform.,,,0,"['Education', 'maths']",27,
YZ3WgPkfkiI,Laplace Transform of sin(at),Here we have find the Laplace Transform of sin(at) by using the definition of Laplace Transform.,,,0,"['Education', 'maths']",27,
9swlkM5oWy4,Laplace Transform of (1 - cos 2t ) / t || Example on effect of division by t || Laplace Transform,Here we solved one example on effect of division by of t on Laplace Transform. #LaplaceTransform#Divisionbyt#Example ...,,,0,"['Education', 'maths']",27,
urr12jID2mI,"Laplace Transform , Laplace Transform of the function: f(t)=1 , f(t)=t , f(t)=t^n , f(t)=e^(at)","Laplace_Transform #Laplace_Transform_of_f(t)=1 , #Laplace_Transform_of_f(t)=t , #Laplace_Transform_of_f(t)=t^n ...",,,0,"['Education', 'maths']",27,
kjKgY0DI2fE,Convolution of Functions and Laplace Transforms Examples,,,,0,"['Education', 'maths']",27,
iWvu4-OoqoY,Inverse Laplace Transform 05 – Partial Fraction Method with Examples,"Inverse Laplace Transform 05 – Partial Fraction Method with Examples In this Lecture, we with solve Inverse Laplace ...",,,0,"['Education', 'maths']",27,
Wa_ZQyX2uh8,Inverse Laplace Transform 04 – First Shifting Theorem with Examples | Completing the Square Method,"Inverse Laplace Transform 04 – First Shifting Theorem with Examples | Completing the Square Method In this Lecture, we with ...",,,0,"['Education', 'maths']",27,
KK-dGfgJYA4,Laplace & Inverse Laplace Transform - Division Property | By Gp Sir,"Division Property for Laplace & Inverse Laplace Transform in Hindi language. How to Find Laplace Transform of sint/t, f(t)/t.",,,0,"['Education', 'maths']",27,
qBEOyNx1GiM,Inverse Laplace Transform by Convolution Theorem for for finding (s+3)^2/(s^2+6s+5)^2,Here we have discussed Convolution Theorem for Inverse Laplace Transform for finding (s+3)^2/(s^2+6s+5)^2 Please Watch out ...,,,0,"['Education', 'maths']",27,
svtUa8-C8pM,Unit Step Function Laplace Transform - Part 1 | Engineering Mathematics,"In engineering mathematics, solving differential equations using Laplace transform can be challenging. However, the unit step ...",,,0,"['Education', 'maths']",27,
cL0VOrcse2E,Laplace Transform | Partial Differential Equation | Concept & Example by GP Sir,This video lecture on Laplace Transform | Partial Differential Equation | Concept & Example by GP Sir will help Engineering and ...,,,0,"['Education', 'maths']",27,
qmMPKu9dsYU,Laplace Transform of sin(2t),"Hey this is Snayga... I have explained how to find the Laplace transform of sin(2t). At 6:32, it would be putting t as infinity.",,,0,"['Education', 'maths']",27,
_o_jxgqu28c,LAPLACE TRANSFORM | MATHEMATICS | LECTURE 03 | First Shifting Theorem | PRADEEP GIRI SIR,LAPLACE TRANSFORM | MATHEMATICS | LECTURE 03 | First Shifting Theorem | All University | PRADEEP GIRI SIR ...,,,0,"['Education', 'maths']",27,
zAlfSE0Kvg4,PROPERTIES OF LAPLACE TRANSFORM,This video provides proof of Laplace transform properties. BASICS OF LAPLACE TRANSFORM https://youtu.be/gRQogrmvN60 ...,,,0,"['Education', 'maths']",27,
YtCiEEywalQ,How to solve system of Differential Equation using Laplace Transform,,,,0,"['Education', 'maths']",27,
s5KOAk_iCyA,Laplace Transform of cosh at sinat,Thanks. Happy Learning!,,,0,"['Education', 'maths']",27,
SCsFcaCUZjA,Laplace Transform of Basic Signals (Exponential Signals),Signal & System: Laplace Transform of Exponential Signals Topics discussed: 1. Laplace transform and ROC of e^-at[u(t)]. 2.,,,0,"['Education', 'maths']",27,
3oTsZwaLjE8,"Laplace Transform Properties (Part - 1) | Scaling, Time Shifting, Frequency Shifting Properties","In this video, some useful properties of the Lapalce transform such as Scaling, Time shifting, Frequency Shifting, Linearity, and the ...",,,0,"['Education', 'maths']",27,
zIzufk0s_Ec,Laplace Transforms |GYMAT101 Group B&C|KTU S1 module3 2024 scheme maths|MAT102 S2 Module 4| Part 1,KTU 2024 Scheme Semester 1 Module 2 GYMAT101 (Group B &C) Mathematics for Electrical Science & Physical Science -1 ...,,,0,"['Education', 'maths']",27,
s5ZQWciJbCk,INVERSE LAPLACE TRANSFORM IN HINDI LECTURE 24 STUDY OF SOLVED PROBLEM 22,INVERSE LAPLACE TRANSFORM IN HINDI LECTURE 24 STUDY OF SOLVED PROBLEM 22. INVERSE LAPLACE ...,,,0,"['Education', 'maths']",27,
eBvZ5Hm7cIU,Examples of inverse laplace transform by partial fraction method bsc maths / be maths,SwatiThengMathematics subscribe channel https://www.youtube.com/c/SwatiThengMathematics Laplace Transforms ...,,,0,"['Education', 'maths']",27,
6X_bh-hRgpw,Laplace Transform of Periodic Function Explained (with Examples),"In this video, how to find the Laplace Transform of the Periodic function is explained with three examples (Half wave and Full wave ...",,,0,"['Education', 'maths']",27,
1AhdTdNTkLA,Laplace & Inverse Laplace Transform - Multiplication Property | Gp Sir,Multiplication Property for Laplace & Inverse Laplace Transform in Hindi language. #LaplaceTransformation ...,,,0,"['Education', 'maths']",27,
aeS3X_EsL4c,First Shifting Theorem | S-shifting | Problems | Laplace Transform | Engineering Mathematics,first shifting theorem is explained with numericals. what is S sifting theorem. Laplace transformation by first shifting theorem.,,,0,"['Education', 'maths']",27,
omrlKYCM0Xs,Laplace Transform #11 (V.Imp.) | Proof of First Shifting Property | Multiply with e^at,Best & Easiest Videos Lectures covering all Most Important Questions on Engineering Mathematics for 50+ Universities Download ...,,,0,"['Education', 'maths']",27,
f7IQqZ9zBiY,Laplace Transform - First Shifting Theorem with Example | By GP Sir,First Shifting Theorem of Inverse Laplace Transform in hindi with example #LaplaceTransform #FirstShifting #Mathematics #GATE ...,,,0,"['Education', 'maths']",27,
Mt0efPzp2f0,Laplace transform in sinhala - Lesson 1 #1,Laplace Transform සිංහලෙන් පාඩම් මාලාවේ පළමුවැනි වීඩියෝව. එම පාඩම් සඳහා link ...,,,0,"['Education', 'maths']",27,
rUYU1hSAFDA,Definition and Formulae of Inverse Laplace Transform - Engineering Mathematics 3,Subject - Engineering Mathematics 3 Video Name - Definition and Formulae of Inverse Laplace Transform Chapter - Inverse ...,,,0,"['Education', 'maths']",27,
bW-Z-iLHz4w,LAPLACE TRANSFORM IN HINDI IN ENGINEERING MATHS LECTURE 2 @TIKLESACADEMY,Visit My Other Channels : @TIKLESACADEMY @TIKLESACADEMYOFMATHS @TIKLESACADEMYOFEDUCATION THIS IS THE ...,,,0,"['Education', 'maths']",27,
I1svK4H6vrk,Laplace Transform | Convolution Theorem | Concept & Example by GP Sir,This video lecture on Laplace Transform | Convolution Theorem | Concept & Example by GP Sir will help Engineering and Basic ...,,,0,"['Education', 'maths']",27,
2JPT6W0vVxU,Question#3 - Laplace Transform - Application to Ordinary Differential Equation.,"In this video, you will learn the concept on Application of Laplace Transform to Solve Ordinary Differential Equation (Initial ...",,,0,"['Education', 'maths']",27,
0md8u6zXn8A,LAPLACE TRANSFORM OF PERIODIC FUNCTION,PeriodicFunction #LaplaceTransform #1stYearEngineeringMaths #ThinkMastermind LAPLACE TRANSFORM OF PERIODIC ...,,,0,"['Education', 'maths']",27,
lA4eGxRcHng,Laplace Transform | Remedial Mathematics | Part 1| #barunmaths #pharmd,LaplaceTransform #basicconcept #formula #importantproblems #RemedialMathematics #barunmaths #bpharmacy #pharmd ...,,,0,"['Education', 'maths']",27,
rlesPBN6Whw,How to find Laplace Transform using MATLAB,A tutorial on how to find Laplace transform using MATLAB. In this video I have shown how to find Laplace transform in MATLAB by ...,,,0,"['Education', 'maths']",27,
nra1yvVlZwA,"Laplace Transformation, Differentialgleichung lösen, Beispiel, Unimathematik, Mathe by Daniel Jung","Laplace Transformation, Differentialgleichung lösen, Beispiel, Unimathematik online. Exklusive Nachhilfe Angebote: Jetzt das ...",,,0,"['Education', 'maths']",27,
zcKCoglz9ls,Inverse Laplace Transform using Partial Fraction Expansion (Part-2),"In this video, how to find the Inverse Laplace Transform using the Partial Fraction Expansion method is explained through various ...",,,0,"['Education', 'maths']",27,
CkUECzVOxZI,Laplace Transform - Application in Solution of ordinary Differential equation in Hindi,"This video lecture "" Application of Laplace Transform-Solution of Differential equation in Hindi "" will help Engineering and Basic ...",,,0,"['Education', 'maths']",27,
5IXi3xMkhwU,"Laplace Transform - Definition, Existence Condition and LT of basic functions","[Maths - 2 , First yr Playlist] https://www.youtube.com/playlist?list=PL5fCG6TOVhr4k0BJjVZLjHn2fxLd6f19j Unit 1 – Partial ...",,,0,"['Education', 'maths']",27,
DW1vHMaVl7E,Introduction to Laplace Transform (Tagalog/Filipino Math),Hi guys! This videos discusses the introduction to Laplace Transform. Laplace Transform is used to transform a time domain ...,,,0,"['Education', 'maths']",27,
KaRx67h5xzk,Laplace Transform | Solution of Ordinary Differential Equation | Concept & Example by GP Sir,This video lecture on Laplace Transform | Ordinary Differential Equation | Concept & Example by GP Sir will help Engineering and ...,,,0,"['Education', 'maths']",27,
pJYoGL9hMlM,Region of Convergence in Laplace Transform & It's Properties,Region of Convergence in Laplace Transform & It's Properties Watch more videos at ...,,,0,"['Education', 'maths']",27,
tKIToK444R0,Spiraling into the Laplace Transform,Discord: https://discord.gg/thedream.,,,0,"['Education', 'maths']",27,
ISh_F_mhvoQ,#MA3452- Nov_Dec 23 - Laplace Transform of Periodic function - Problem 2,"MA3151, Matrices and Calculus - QP Code - 41520 Anna University Question Paper JAN 22. https://youtu.be/RDyLrYo8U-Q ...",,,0,"['Education', 'maths']",27,
Pp6IMbFxpC0,31. Convolution Theorem | Complete Concept and Problem#1 | Inverse Laplace Transform,"Get complete concept after watching this video Topics covered under playlist of Laplace Transform: Definition, Transform of ...",,,0,"['Education', 'maths']",27,
xqLoDNS2gxc,38. Laplace Transform of Periodic Functions | Complete Concept and Problem#2 | Most Important,"Get complete concept after watching this video Topics covered under playlist of Laplace Transform: Definition, Transform of ...",,,0,"['Education', 'maths']",27,
a6DU7XQ69YM,Lakshya Batch 2.0 - Control Systems | Basics of Laplace Transform | Part-01 | Ankit Goyal | GATE,1000 Top Rankers Will Have Their GATE 2024 Exam Registration Fees Refunded by Unacademy and a chance to win exciting ...,,,0,"['Education', 'maths']",27,
u0yvNmYuHzY,Basics of Laplace Transform and Use in Control systems (Hindi),"Laplace Transform and Inverse Laplace Transform in Hindi, Uses of Laplace Transform in Control system. Join our Telegram ...",,,0,"['Education', 'maths']",27,
5GmqZJrbkXU,Problem Based on ROC of Laplace Transform | Laplace Transform in Signals and Systems | Problem 1,Discover the essence of Laplace Transform in Signals and Systems with this illustrative problem-solving video! Dive into Problem ...,,,0,"['Education', 'maths']",27,
lP02osStvWU,Btech Laplace transforms|btech m2 unit-3 basic formulas and tricks,https://youtube.com/playlist?list=PLA1HLruLdexTlW6G2flgSbZldjZnM0qab&si=MK2W5jiPuva53WNz ...,,,0,"['Education', 'maths']",27,
KM1KcKKnbKk,Part 1 - Inverse Laplace Transform | Based on Shifting 1st Theorem,This lecture explains the inverse Laplace transform.#laplacetransform #shiftingtheorem #laplace Other videos @DrHarishGarg ...,,,0,"['Education', 'maths']",27,
4qfdCwys2ew,Dirac delta function | Laplace transform | Differential Equations | Khan Academy,Introduction to the Dirac Delta Function Watch the next lesson: ...,,,0,"['Education', 'maths']",27,
yLmveB0zRPs,Laplace transform of given waveform,Waveform synthesis.,,,0,"['Education', 'maths']",27,
tSz6O931Sj4,Inverse Laplace Transform Using The Residue Theorem,"Today, we show that the inverse Laplace transform can be calculated by finding the residues of a function. Proof of integral over ...",,,0,"['Education', 'maths']",27,
kk9uN4Sfyqw,"laplace transform of t.cosat, laplace of t.cosat, laplace transform",laplaceotcosat #laplacetransformation. #laplacetransformofsintcost. #laplacetransformofe^-at. #laplacetransformationsint.,,,0,"['Education', 'maths']",27,
zV03wkG2niU,Laplace Transforms Division by t in Telugu-9,Division by t Rule.,,,0,"['Education', 'maths']",27,
bGDUQHUIGCI,Laplace Transform. First Translation Theorem.,Learn about the first translation theorem and inverse form of the first translation theorem. Video includes examples.,,,0,"['Education', 'maths']",27,
6D3l1_psi_8,Laplace Transform of Periodic Function In Hindi,"This video lecture "" Laplace Transform of Periodic Function in Hindi "" will help Engineering and Basic Science students to ...",,,0,"['Education', 'maths']",27,
aS5DTRuwg78,Ordinary Differential Equations with Constant Coefficients By Laplace Transform | Linear ODEs |Maths,problem on ordinary differential equations with constant coefficient is calculated by using Laplace transform. linear odes with ...,,,0,"['Education', 'maths']",27,
R1vg48m1gBg,INVERSE LAPLACE TRANSFORM|MATHEMATICS|LECTURE 03| Convolution Theorem | PRADEEP GIRI SIR,INVERSE LAPLACE TRANSFORM|MATHEMATICS|LECTURE 03| Convolution Theorem | PRADEEP GIRI SIR #engineering ...,,,0,"['Education', 'maths']",27,
HJtuLoD6XCU,The First Translation Theorem for Laplace Transforms,"Please Subscribe here, thank you!!! https://goo.gl/JQ8Nys The First Translation Theorem for Laplace Transforms.",,,0,"['Education', 'maths']",27,
NCYj1lnst5M,Laplace transform In Hindi | Inverse Laplace transform | BSc | IIT jam | gate | NET |,Laplace transform In Hindi | Inverse Laplace transform | | BSc | IIT jam | gate | NET | Time Stamps: 0:00 Introduction 2:20 ...,,,0,"['Education', 'maths']",27,
WDZVUtbax2E,How to find solution of PDEs using Laplace Transform,Lec-9 @UniversityMathematics.,,,0,"['Education', 'maths']",27,
28cPmo8Mggo,Laplace Transform of Integrals|GYMAT101 Group B&C|S1 module3 2024 scheme |MAT102 S2 Module 4| Part6,KTU 2024 Scheme Semester 1 Module 2 GYMAT101 (Group B &C) Mathematics for Electrical Science & Physical Science -1 ...,,,0,"['Education', 'maths']",27,
1hk8LT3U2cU,Part 3 - Inverse Laplace Transform | Based on Division by s Rule,"This lecture explains the inverse Laplace transform based on division by ""s"" rule. #laplacetransform #shiftingtheorem #laplace ...",,,0,"['Education', 'maths']",27,
PEQeMIDr1tM,Laplace Transforms 9: Introduction to the Heaviside (unit step) function,"(Video 9 of several) We continue exploring the Laplace transform by introducing the Heaviside function, also known as the unit ...",,,0,"['Education', 'maths']",27,
JCVTLRvMCPI,Laplace Transform of Unit Step Function in hindi,"This video is useful for students of BTech/BE/Engineering/ BSc/MSc Mathematics students. Also for students preparing IIT-JAM, ...",,,0,"['Education', 'maths']",27,
8v9oxlcOztE,Laplace Transform Electric Circuit Example,Shows an example of using the Laplace Transform to analyse a basic electric circuit. * Note that I made a small typo in the video.,,,0,"['Education', 'maths']",27,
fRJmY8UxOsA,Laplace Transform of given waveform,,,,0,"['Education', 'maths']",27,
punrVYIOzWQ,Integration Of Laplace Transforms | Problem 1 | Laplace Transform | Engineering Mathematics,problem on Integration of Laplace transform is calculated #Maths2 #laplace_transformations @gautamvarde.,,,0,"['Education', 'maths']",27,
97g4uToy1NI,6. Laplace Transforms | Division by 't' | Problem#3 | Complete Concept,"Get complete concept after watching this video Topics covered under playlist of Laplace Transform: Definition, Transform of ...",,,0,"['Education', 'maths']",27,
eAhMXGAR450,Laplace Transform and Block Diagrams: Fundamentals,"Describing the basic elements for a block diagram in frequency using the Laplace transform: adders, scalers (gain), and ...",,,0,"['Education', 'maths']",27,
_KwAE2ODrpU,6. Properties of Laplace Transform | Most Important | Must Watch,"Get complete concept after watching this video Topics covered under playlist of Laplace Transform: Definition, Transform of ...",,,0,"['Education', 'maths']",27,
9mvg2KkK67I,Dirac Delta Laplace Transform,"Dirac Delta Laplace Transform We calculate the Laplace transform of the Dirac Delta functional. The answer is really surprising, ...",,,0,"['Education', 'maths']",27,
x0immuqFTwM,find L(e^2t+4t^3-2sin3t+3cos3t)|laplace transformations,find L(e^2t+4t^3-2sin3t+3cos3t)|laplace transformations Follow me on Instagram •https://www.instagram.com/sk.md021/ Follow ...,,,0,"['Education', 'maths']",27,
kWjUAULUMS4,Laplace Transform - Concept of Inverse Laplace Transform & Basic Formula (Lecture8) Improved Series,"Namaste to all Friends, This Video Lecture Series presented By VEDAM Institute of Mathematics. It is Useful to all students of ...",,,0,"['Education', 'maths']",27,
2b4d-PCGOrM,Laplace Transform//Convolution Theorem,00:00 Intro 00:44 Example1 09:43 Example2 13:09 Example3 16:41 Example4.,,,0,"['Education', 'maths']",27,
cQooL3KMwPI,10_ Laplace Transform of Heaviside Unit Step Function,LaplaceTransform_HeavisideUnitStepFunction #HeavisideUnitStepFunction #LaplaceTransform #EngineeringMathematics ...,,,0,"['Education', 'maths']",27,
lwQk2PVrpW4,Periodic Functions - Part 1 | Laplace Transforms | Engineering Mathematics,"Periodic functions can be challenging to solve using traditional methods, but with Laplace transform, the process can be simplified ...",,,0,"['Education', 'maths']",27,
5AUhz9ZJPIA,LAPLACE TRANSFORM ONE SHOT | ONE SHOT REVISION LAPLACE TRANSFORM | B.SC | M. SC | B.TECH,LAPLACE TRANSFROM ONE SHOT REVISION B.SC | M.SC | B.TECH ENGINEERING MATHEMATICS-2 (UNIT-2) ONE SHOT ...,,,0,"['Education', 'maths']",27,
D7CFBy10Rcg,Laplace Transform of Periodic Function | Problem | Engineering Mathematics,Laplace transform of Periodic Function is explained with numerical. Laplace transform of square periodic Function. Laplace ...,,,0,"['Education', 'maths']",27,
Eed3qlHehs0,LAPLACE TRANSFORM| Part 04 | First Shifting Theorem|Engineering Mathematics |Malayalam | KTU,Laplace Transform Playlist: https://youtube.com/playlist?list=PL_JdmLT0HV-Xaxl_462x7AN7y69XN_hw1.,,,0,"['Education', 'maths']",27,
E7u40_jiTfk,Applications of Laplace Transforms | Differential Equations part-1| Degree Maths | BTech Maths,This video usefull for III year Bsc Mathematics Students and II Year BSc Mathematics students as well as BTech students and PG ...,,,0,"['Education', 'maths']",27,
DQgb2CubH-I,Laplace Transforms | Laplace Transform of Integrals | #11 | In Tamil,In this video I have explained the laplace transform of integrals Laplace Transforms Links: Laplace Transforms | Definition and ...,,,0,"['Education', 'maths']",27,
ABPEpLO_X18,"Laplace Transformations Part I(Introduction,Laplace transform of 1)-සිංහලෙන්",This is a educational video about Laplace transformation.In this video you can get a introduction about Laplace transformation ...,,,0,"['Education', 'maths']",27,
KaaMqag7h_M,12_ Laplace Transform of Dirac Delta Function,This video explains laplace transform of Dirac delta function. #LaplaceTranform_DiracDeltaFunction #LaplaceTransform ...,,,0,"['Education', 'maths']",27,
sBZpffTA9U4,Engineering Mathematics-2 Laplace Transform - First Shifting Theorem with Proof [WELCOME ENGINEERS],"In this video , we are going to solve the laplace transform problem. To see more, Please SUBSCRIBE our channel. Like,Share & ...",,,0,"['Education', 'maths']",27,
MGMNFA6QSn0,"Laplace transform of t^2 cosat, Laplace transform",laplaceot^2cosat #laplacetransformation. #laplacetransformofsintcost. #laplacetransformofe^-at. #laplacetransformationsint.,,,0,"['Education', 'maths']",27,
K4K8KzNIZQ8,Laplace Transform and Fourier Transform: Basics and How They Relate,"Laplace Transform and Fourier Transform is covered by the following Outlines: 0. Laplace transform, Fourier Transform 1. Basics ...",,,0,"['Education', 'maths']",27,
VVSkGZmud1o,Relation Between Laplace Transform and Z-Transform | Z-Transform | Signals and Systems,Unravel the deep connection between Laplace Transform and Z-Transform in the realm of Signals and Systems! Delve into this ...,,,0,"['Education', 'maths']",27,
H-05EYOxL58,Laplace Transform of cos root t by root t//GBK maths//Mathematics//Gate//M1//NET//SET//B.Sc //M2//,"Laplace Transform of cos root t by root t//GBK maths//Mathematics//Gate//M1//NET//SET//B.Sc //M2//Mathematics,Mathematics- ...",,,0,"['Education', 'maths']",27,
6T9P8ghbL3E,Laplace Transform \ Formula and concept \ Laplace transform Bsc 2nd year Maths \ Hindi \ L-1,Laplace Transform \ Formula and concept \ Laplace transform Bsc 2nd year Maths \ Laplace transform bsc second year \ Hindi ...,,,0,"['Education', 'maths']",27,
QRLb7jTFCWk,Laplace transform for differential equation and impulse response,,,,0,"['Education', 'maths']",27,
bTsZO1W-dVE,8. Laplace Transforms | Multiplication by t^n | Problem#5 | Complete Concept,"Get complete concept after watching this video Topics covered under playlist of Laplace Transform: Definition, Transform of ...",,,0,"['Education', 'maths']",27,
3BX-_AK0iSg,"Region of Convergence (ROC) Explained: Basics, Properties and Examples in Laplace Transform",Region of Convergence (ROC) is covered by the following Outlines: 0. Region of convergence ROC 1. Basics of Region of ...,,,0,"['Education', 'maths']",27,
TCJnY71giws,UG Allied mathematics II Solving Differential equations by Laplace transform,This video contains UG Allied mathematics II Solving Differential equations by Laplace transform | Madras University Allied ...,,,0,"['Education', 'maths']",27,
QCOcpvHCwAk,Multiplication by t^n of laplace transform | B.tech | M1 | JNTU | engineering mathematics 1,Engineering mathematics 1 presents problems on Multiplication by t^n of Laplace transforms. In this video we show the ...,,,0,"['Education', 'maths']",27,
dYA0zMiFayc,Laplace transform of sin at and cos at | Examples| Laplace transform of trigonometry functions|Lec-4,mathematics #Laplace transform of sin{at} and cos{at} #Laplace transform of sin at #Laplace transform of cos at #Laplace ...,,,0,"['Education', 'maths']",27,
pcDWQZkUuAQ,Heaviside Function | Laplace | Laplace transform,This video is about Laplace transformation of special type of function known as heaviside Function.,,,0,"['Education', 'maths']",27,
WbebNTFCsCc,Laplace Transform & Fourier Transform: Comparison and Relationship,Laplace Transform & Fourier Transform are covered by the following Timestamps: 0:00 - Laplace Transform & Fourier Transform ...,,,0,"['Education', 'maths']",27,
xH3MFkLJA08,Laplace Transform II Properties - Derivative & Integral Property (Lecture 4) Improved Series,"Namaste to all Friends, This Video Lecture Series presented By VEDAM Institute of Mathematics. It is Useful to all students of ...",,,0,"['Education', 'maths']",27,
WsZr23eZAFc,Laplace Transform Important question solved in 3 minutes 🔥🔥,"Laplace Transform Important question solved in 3 minutes #vtu #engineering #laplace_transformations Your Queries, ...",,,0,"['Education', 'maths']",27,
BTT0DjExBHw,Laplace Transform of Periodic Function | Problem | Periodic Function Laplace Transform | Example,ENGINEERING MATHEMATICS-2 (BAS203) UNIT-2 LAPLACE TRANSFORM LECTURE CONTENT: LAPLACE TRANSFORM ...,,,0,"['Education', 'maths']",27,
_7ICtZQYYFw,Laplace transform of unit step function fourth problem(PART-4) by easy maths easy tricks,In this video explaining fourth problem of Unit step function. This is very simple method. #easymathseasytricks LAPLACE ...,,,0,"['Education', 'maths']",27,
-OAAfaffY-c,สูตรโกงฟิสิกส์ ที่คุณคู่ควร | Laplace Transform explained,#คณิตศาสตร์ #ฟิสิกส์ #laplace #mlhf ตอนที่เรานั่งอยู่บนรถ แล้วรถเราวิ่งผ่านลูกระนาดเนี่ย ตัวรถมันก็จะเด้งขึ้นเด้ง.,,,0,"['Education', 'maths']",27,
ZXU6rKagW1M,33. Application of Laplace Transform | Complete Concept and Problem#1 | Most Important Problem,"Get complete concept after watching this video Topics covered under playlist of Laplace Transform: Definition, Transform of ...",,,0,"['Education', 'maths']",27,
2yegKKVB-hk,Obtain Laplace transform of Triangular waveform,,,,0,"['Education', 'maths']",27,
DpIqEj4OxdQ,Example of Inverse Laplace's Transform for repeated poles using residual method,"In this captivating video, we delve into the fascinating world of repeated poles and their solution using the residual method.",,,0,"['Education', 'maths']",27,
7dkfCGZPRr8,Transformée de Laplace de 1,Vidéo sous licence CC-BY-SA.,,,0,"['Education', 'maths']",27,
GMjnMaA06sU,Integral Equation - Solution Of Volterra Integral Equation by Laplace Transform | by GP Sir,This video lecture on Integral Equation - Solution Of Volterra Integral Equation by Laplace Transform by GP Sir will help ...,,,0,"['Education', 'maths']",27,
j7iGIR79qTM,Find the Laplace Transform of periodic triangular wave shown below.,Network Analysis BEC 304 Jan 2024 VTU QP.,,,0,"['Education', 'maths']",27,
pa-zfFavKnU,"Laplace Transform BSc math, Chapter 11, Mathematical Method by SM Yusuf","LaplaceTransform, #BScMath, #MathematicalMethod, #SMYusuf In this video I explained What is #Laplace #Transform? What is ...",,,0,"['Education', 'maths']",27,
FSfc2DjLpMo,مراجعة Laplace Transformation - Math 3 - كلية الهندسة,مراجعة Laplace Transformation - Math 3 - كلية الهندسة مراجعة قبل الإمتحان لطلبة السنة الأولى بالتخصص فى كليات الهندسة المهندس/أحمد ...,,,0,"['Education', 'maths']",27,
A3mtklyrXrA,"Laplace Transform Exercise 11.1 Q No 1-14 Lec 05 , BSc math, Cha 11, Mathematical Method by SM Yusuf","LaplaceTransform, #BScMath, #MathematicalMethod, #SMYusuf In this video I solved first 14 questions of the Exercise No 11.1.",,,0,"['Education', 'maths']",27,
8okpx23VKX0,Laplace Transform Example: Block Diagram to Differential Equation,"Step by step example on solving for the differential equation implemented by a block diagram, with a detour to find the system ...",,,0,"['Education', 'maths']",27,
RgqZKphyy4k,First and second shifting theorem of laplace transform with proof in hindi,laplace_transform#shiftingtheorem.,,,0,"['Education', 'maths']",27,
gzpJxPhMbQw,Initial Value And Final Value Theorem of Laplace Transform | Signals and Systems Problem 04,Learn the essence of Laplace Transform's Initial Value and Final Value Theorems in this Signals and Systems tutorial. Problem 04 ...,,,0,"['Education', 'maths']",27,
XwQH2xyUO3k,Solution of Ordinary Differential Equation by Laplace Transform | Application of Laplace Transform,ENGINEERING MATHEMATICS-2 (BAS203) UNIT-2 LAPLACE TRANSFORM LECTURE CONTENT: APPLICATIONS OF ...,,,0,"['Education', 'maths']",27,
h5dVk51y0kg,Laplace Transform of 1 | Laplace Transform | Engineering Mathematics | in हिन्दी,property of Laplace transform is explained. what is Laplace transform of 1 LT of 1 #Maths #laplace_transformations ...,,,0,"['Education', 'maths']",27,
mO-gbhKP_5w,Obtain Laplace Transform of the square periodic wave shown below.,Network Analysis BEC 304 Jan 2024 VTU QP.,,,0,"['Education', 'maths']",27,
hnN1XRjtTOU,Laplace transform circuit analysis - RLC circuit with switch,Circuit with switch. Calculate initial condition when t is less than 0.,,,0,"['Education', 'maths']",27,
OC4HKs4QyMY,LAPLACE TRANSFORM IN HINDI IN ENGINEERING MATHS LECTURE 3 @TIKLESACADEMY,Visit My Other Channels : @TIKLESACADEMY @TIKLESACADEMYOFMATHS @TIKLESACADEMYOFEDUCATION THIS IS THE ...,,,0,"['Education', 'maths']",27,
2s15gX4ia7k,Proof of convolution Theorem bsc maths || Inverse Laplace Transform Engineering mathematics,SwatiThengMathematics subscribe channel https://www.youtube.com/c/SwatiThengMathematics Multiple Integral ...,,,0,"['Education', 'maths']",27,
Y5Vx1LtMJqE,Second shifting property of Laplace transform /in Telugu/network analysis/diploma/pls subscribe,Second shifting property of Laplace transform /in Telugu/network analysis/diploma/pls subscribe.,,,0,"['Education', 'maths']",27,
MM3vi7mQ60U,Laplace Transform | Periodic Function | Concept & Example by GP Sir,This video lecture on Laplace Transform | Periodic Function | Concept & Example by GP Sir will help Engineering and Basic ...,,,0,"['Education', 'maths']",27,
QmVj7ILvaZs,Laplace transform: e^at and e^-at,Let's evaluate the laplace transform of a time dependent exponential function! A real constant a is involved :) Help me create more ...,,,0,"['Education', 'maths']",27,
CGQFEUlzy3c,INTRODUCTION TO LAPLACE TRANSFORMS (KENYA NATIONAL EXAMINATION COUNCIL-KNEC),For online career guidance sessions and mathematic tutoring through google meet or zoom via webcam email: ...,,,0,"['Education', 'maths']",27,
XmjSQdak_lY,LAPLACE TRANSFORM LECTURE 11 IN HINDI (PERIODIC FUNCTION PROPERTY OF LAPLACE TRANSFORM),THIS IS THE 11TH LECTURE ON LAPLACE TRANSFORM. TODAY WE WILL STUDY LAPLACE PROPERTY NO.7 (PERIODIC ...,,,0,"['Education', 'maths']",27,
jqHHvS_auH0,Convolution Theorem Laplace Transforms | Convolution Theorem Examples | Inverse Laplace Transform,ENGINEERING MATHEMATICS-2 (BAS203) UNIT-2 LAPLACE TRANSFORM LECTURE CONTENT: INVERSE LAPLACE ...,,,0,"['Education', 'maths']",27,
oxsAoG3CaHU,Madras University Allied Mathematics II Unit 3 Laplace and Inverse Transform Important formulas,This video contains Madras University Allied Mathematics-II SBAMN Unit-3 Laplace and Inverse Transform Important formulas ...,,,0,"['Education', 'maths']",27,
pvLj1s7SOtk,Finding Local Maxima and Minima by Differentiation,"What else is differentiation good for? Well if we are looking at the graph of a function, differentiation makes it super easy to find ...",,,0,"['Education', 'maths']",27,
y9M6kmgSnw8,Differentiation (Maxima and Minima),In this video I explain how to find stationary points and determine their nature. This video is intended for those studying AQA's ...,,,0,"['Education', 'maths']",27,
V239IIoGVT8,"Relative Extrema, Local Maximum and Minimum, First Derivative Test, Critical Points- Calculus",This calculus video tutorial explains how to find the relative extrema of a function such as the local maximum and minimum values ...,,,0,"['Education', 'maths']",27,
WCq3sRzsJfs,Finding Local Maximum and Minimum Values of a Function - Relative Extrema,This calculus video tutorial explains how to find the local maximum and minimum values of a function. In order to determine the ...,,,0,"['Education', 'maths']",27,
UCs-bODZdXo,Easily solve Maximum & Minimum values of the function good example(PART-1),In this video explaining maximum and minimum values of function example. In this example using differentiation and require x and ...,,,0,"['Education', 'maths']",27,
zeqTnCIG5QQ,Application of Derivatives One Shot Maths | Maxima and Minima | Class 12th NCERT with Ushank sir,"Now preparing for exams will become Fun and Easy! This channel is dedicated to students of classes 9th, 10th , 11th & 12th ...",,,0,"['Education', 'maths']",27,
NpR91wexqHA,Maxima And Minima of Two Variables Function | Examples And Solution,This video lecture of Maxima And Minima of Two Variables Function | Examples And Solution by GP Sir will help Engineering and ...,,,0,"['Education', 'maths']",27,
xwOhlrBGYiE,MAXIMA AND MINIMA |ONE SHOT |ALL UNIVERSITY|ENGINEERING MATHEMATICS|PRADEEP GIRI SIR,MAXIMA AND MINIMA |ONE SHOT |ALL UNIVERSITY|ENGINEERING MATHEMATICS|PRADEEP GIRI SIR #maximandminima ...,,,0,"['Education', 'maths']",27,
dM0-056_UmU,القيم العظمى والقيم الصغرى ج1 || الرياضيات || الصف العاشر || أ. رهف البداوي,منصة_دراستك_التعليمية #منصة_دراستك #الأردن #دراستك_علينا #دراستك_أحلى_مع_دراستك #دراستك_قصة_نجاحك #الرياضيات ...,,,0,"['Education', 'maths']",27,
gLIyYFPoXpc,Differential Calculus | Maxima and Minima of Function of Two Variables | By GP Sir,Differential Calculus | Maxima and Minima of Function of Two Variables | By GP Sir will help Engineering and Basic Science ...,,,0,"['Education', 'maths']",27,
AiFXMQBTd4c,Application of Derivatives L-3 | Maxima and Minima | Class 12 | JEE Maths | JEE 2021 | Vedantu,Maxima and Minima Class 12 By Neha Ma'am. Learn Maxima and Minima Class 12 Ncert With Vedantu Math. In Application of ...,,,0,"['Education', 'maths']",27,
x8z8a9ulI4Y,maxima and minima concept || how to find maxima and minima full concept #maxima,Here's a detailed example of a YouTube description for a video explaining how to find maxima and minima. Feel free to adjust it to ...,,,0,"['Education', 'maths']",27,
GaltHJF6WyI,Identifying The Relative Maximum and Minimum Values of a Function,This precalculus video tutorial provides a basic introduction into the relative maximum and minimum values of a function.,,,0,"['Education', 'maths']",27,
ux7EQ3ip2DU,Multivariable maxima and minima,"A description of maxima and minima of multivariable functions, what they look like, and a little bit about how to find them.",,,0,"['Education', 'maths']",27,
tIoBTJJ8S7c,Maxima and Minima Engineering Mathematics in Hindi,This is the best video on Maxima and Minima Engineering Mathematics in Hindi. This video is especially for engineering ...,,,0,"['Education', 'maths']",27,
hIeh8YyqgO0,PARABOLA in One Shot: All Concepts & PYQs Covered | JEE Main & Advanced,Join FREE MANZIL Test Series: https://physicswallah.onelink.me/ZAZB/2ng2dt9v Telegram: https://t.me/pwjeewallah PW ...,,,0,"['Education', 'maths']",27,
ryCKagPlzM8,RANGE OF A FUNCTION CONCEPTS AND QUESTIONS /CBSE/ISC/JEE/NDA/CETs/AP CALCULUS,RANGE OF A FUNCTION CONCEPT AND QUESTIONS FOR CBSE/ISC XI-XII/ NDA/ JEE/ EAMCET/MHCET/CEE/ KCET/GUJCET/ ...,,,0,"['Education', 'maths']",27,
gZ735nqr9FI,STRAIGHT LINES in One Shot: All Concepts & PYQs Covered | JEE Main & Advanced,MANZIL COMEBACK: https://physicswallah.onelink.me/ZAZB/2ng2dt9v JEE Ultimate CC 2025: ...,,,0,"['Education', 'maths']",27,
In3oZPIymm8,Maxima and Minima of a function of two variables|Lecture 01|Application of Partial Differentiation,Application of Partial Differentiation|Maxima & Minima of a function of two independent variables|Lecture 01|ENGINEERING ...,,,0,"['Education', 'maths']",27,
5d75uGMlRSs,Introduction to Maxima Minima|First derivative Test|Local maxima minima|Dream maths,Introduction to Maxima Minima|First derivative Test|Local maxima minima|Dream maths Instagram:- ...,,,0,"['Education', 'maths']",27,
elCuoAH9FJg,Application of Derivatives L05 | Maxima and Minima | 2nd PUC Mathematics Important Questions PYQs,Join SimplifiedMinds for best courses on KCET/PUC. Calls related to Courses and Admission: 7411-008-008 You can fallow RP ...,,,0,"['Education', 'maths']",27,
taT3zNyNvcE,"Application of Derivatives 05 : Maxima & Minima, First Derivative Test | Class 12th/JEE",🔴 Batch Details:- This batch is completely FREE. You just have to click on BUY NOW button for your free subscription to the batch.,,,0,"['Education', 'maths']",27,
WHrfaVu4BMQ,GATE Foundation Batch | How To Find Maxima and Minima | All Branches,"Maxima and Minima are important concepts in engineering mathematics, and in this video, we provide an easy and ...",,,0,"['Education', 'maths']",27,
DgevvaMtQmo,Calculus 1- Module 3| 4.1 | Extrema of Functions | Dr. Zahir Math,Learn how to find the maximum and minimum points of a function easily—whether you're just starting out or need a quick ...,,,0,"['Education', 'maths']",27,
76G-JKFBgzk,How To Use The Minima and Maxima Test of a Function,"In this video I explain how to determine whether a function has a maxima, minima or does not exist within a function Follow me on: ...",,,0,"['Education', 'maths']",27,
4TziNaGCGWk,EAPCET 2025: Mathematics | Maximum & Minimum value of Quadratic Function | Score Booster Series,Boost your EAPCET 2025 Mathematics prep with our Score Booster Series on Maximum and Minimum Value of Quadratic ...,,,0,"['Education', 'maths']",27,
umgtvFTgQQ4,DIFFRENTIATION-11 (MAXIMA & MINIMA),Today we are discussing #MAXIMA_AND_MINIMA #APPLICATION_OF_DERIVATIVES Feel free to any questions related to ...,,,0,"['Education', 'maths']",27,
y5riG-dx9p8,"Final Revision ( Calculus ) Part3, Sec3",Revision on :- ○ Related Time Rates ○ Applications on Maxima & Minima Sec 3 / Clasd 2025.,,,0,"['Education', 'maths']",27,
LJe2HvfRVZg,Application of Derivatives Class 12 | Monotonicity & Maxima Minima | JEE Main & Advanced,UNSAT (Unacademy National Scholarship & Aptitude Test):- https://unacademy.onelink.me/M2BR/9ikv8hm1 ➡️ Iconic Mega ...,,,0,"['Education', 'maths']",27,
mJ1TEaysxKQ,Applications of Derivative 13 | Maxima | Minima | Bhannat Maths | Aman Sir Maths,"Applications of Derivative 13 | Maxima | Minima | Bhannat Maths | Aman Sir Maths Hello everyone, kaise hain aap log. This lecture ...",,,0,"['Education', 'maths']",27,
1c-TGkgVUUM,MAXIMA AND MINIMA WORD PROBLEMS || APPLICATION OF DERIVATIVES CLASS XII 12th,MAXIMA AND MINIMA WORD PROBLEMS (APPLICATION OF DERIVATIVES CLASS XII MATH) NCERT Ex 6.5 Very useful for ...,,,0,"['Education', 'maths']",27,
xmrhZ5ySaD0,How to recognize relative and absolute maxima and minima | Functions | Algebra I | Khan Academy,"Sal gives multiple examples where he identifies relative maximum points, relative minimum points, absolute maximum points, and ...",,,0,"['Education', 'maths']",27,
yppj3TMaXkI,Local extreme Values | Maxima & Minima | Saddle Point | Critical Point | Numericals | Maths 1,Finding Maxima and Minima of function. Local Maxima and Minima. Critical point stationery point saddle point with examples are ...,,,0,"['Education', 'maths']",27,
DUEYIjJn7Ak,plus two maths| applications of derivatives | local maxima & local minima | sure question,plus_two #christmas_question_paper #second term exam @subhashhighschoolmath1331 @subhashsmathsclassroom3647 ...,,,0,"['Education', 'maths']",27,
HZuF1KErPG0,Application of Derivatives: Maxima and Minima (Number Problems),This video will help you enhance your skills in your differential calculus video especially in worded problems with maxima and ...,,,0,"['Education', 'maths']",27,
9Qa6CsZ6UkI,How to Find the Maximum and Minimum Value of Quadratic Functions,This algebra math tutorial explains how to find the minimum value and maximum value of a quadratic function given in standard ...,,,0,"['Education', 'maths']",27,
czuftiEYLYI,Global Maxima & Minima Trick | Maxima Minima Shortcut Engineering Mathematics | BYJU'S GATE,"To Know About our GATE & ESE Courses, 📞Contact: 9241333666 GATE Notification is OUT !! | Are you up for GATE this time?",,,0,"['Education', 'maths']",27,
esF7M2o3duo,7-Dec-24,,,,0,"['Education', 'maths']",27,
1D9UEFxNsPw,APPLICATION OF MAXIMA AND MINIMA || BASIC CALCULUS,#MATHStorya.,,,0,"['Education', 'maths']",27,
qZFEQcE9ToA,"Application of Derivatives | Maxima and Minima | 03-04 Marks | HSC(12th) Science, Commerce & Arts","Heyy Guyzz!!! This is Amol Balekar. Here's the video on New Topic, APPLICATION OF DERIVATIVES. In this video, I have covered ...",,,0,"['Education', 'maths']",27,
dksu5SZZ80A,Maxima and Minima for 1 variable functions (class 12),Email-id: nikhil.gupta34@gmail.com WhatsApp number: 63766-37094 In this video we will discuss: 1. What is maxima & minima ...,,,0,"['Education', 'maths']",27,
1c-TGkgVUUM,MAXIMA AND MINIMA WORD PROBLEMS || APPLICATION OF DERIVATIVES CLASS XII 12th,MAXIMA AND MINIMA WORD PROBLEMS (APPLICATION OF DERIVATIVES CLASS XII MATH) NCERT Ex 6.5 Very useful for ...,,,0,"['Education', 'maths']",27,
wxCj2L-KRCs,CLASS - 10 || MAXIMA AND MINIMA IN TRIGONOMETRY || By Aditya Ranjan sir ||,🔴 *Maths Special Batch (PAID)* CHAMPIONS 2.0 LIVE BATCH - @899 only (ZERO TO HERO) (started on 20th DEC.) ...,,,0,"['Education', 'maths']",27,
1t09PEDcUDA,MAXIMA AND MINIMA SHORTCUT//TRICK FOR NDA/JEE/CETs/COMEDK/SOLUTION IN 5 SECONDS,FIND MAXIMUM AND MINIMUM FOR A QUADRATIC FUNCTION/ MAXIMA & MINIMA SHORTCUT FOR NDA/ JEE/ ...,,,0,"['Education', 'maths']",27,
feim8VYb9aQ,Differential Calculus | Applications of Maxima and Minima (Part 1),Learn how to solve optimization problems by applying maxima and minima. This video explains the concept and steps on how to ...,,,0,"['Education', 'maths']",27,
TluIuG2xNqY,Calculator Technique for Maxima and Minima Problem in Calculus,engineering #mathematics #calculus #algebra.,,,0,"['Education', 'maths']",27,
3wrXDw5ETh4,Finding Absolute Maximum and Minimum Values - Absolute Extrema,This calculus video tutorial explains how to find the absolute maximum and minimum values of a function on a closed interval.,,,0,"['Education', 'maths']",27,
4MMq4JbD1SM,Local Maxima & Minima | Maxima Minima Engineering Mathematics | BYJU'S GATE,"Local Maxima & Minima | Maxima Minima Engineering Mathematics | BYJU'S GATE 📌📌 To Get Daily Practice Quizzes, Free ...",,,0,"['Education', 'maths']",27,
CHBTUlfooYo,Application of Derivatives Class 11 | Maxima & Minima Functions | JEE EAMCET 2025/25,"Ready to elevate your calculus game? Join us for an in-depth exploration of the Application of Derivatives, focusing on Maxima ...",,,0,"['Education', 'maths']",27,
fnz6Yo2Svbc,Minima and Maxima in Telugu || Applications of Derivatives,ApplicationsofDerivatives Minima and Maxima of Trigonometric Functions :- https://youtu.be/nXZQ5ICLdKg Limits ...,,,0,"['Education', 'maths']",27,
90NGK3R7UAU,Maxima-Minima Practice Problems | Checking Techniques & Caltech | Key Concepts,This video discusses the key concepts concerning Maxima-Minima problems in Differential Calculus. 0:00-2:04 Simple ...,,,0,"['Education', 'maths']",27,
UID893EosM8,"Local Extrema, Critical Points, & Saddle Points of Multivariable Functions - Calculus 3",This calculus 3 video explains how to find local extreme values such as local maxima and local minima as well as how to identify ...,,,0,"['Education', 'maths']",27,
VaAyydjiIAk,AOD: Maxima Minima Increasing Decreasing Functions |JEE 2025 | All Concepts & Questions |Namrata Mam,➡️ Book a visit to your nearest Vedantu Learning Center: https://vdnt.in/FhuF6. ➡️Fill Out The Form For Admission Enquir.,,,0,"['Education', 'maths']",27,
nhp2UYrCNtM,L-4 MAXIMA AND MINIMA OF FUNCTION OF TWO VARIABLE | MAXIMA AND MINIMA ENGINEERING MATHEMATICS,DIFFERENTIAL CALCULUS-II | B. Sc | M. Sc | B. Tech ENGINEERING MATHEMATICS-1 (UNIT-3) DIFFERENTIAL CALCULUS-II ...,,,0,"['Education', 'maths']",27,
echH7QLAUnE,PYQs on Maxima and Minima | GATE and IIT JAM 2005 to 2023 | Short Cut Tricks,This lecture explains the PYQs on Maxima and Minima GATE and IIT JAM 2005 to 2023 Short Cut Tricks.,,,0,"['Education', 'maths']",27,
lo_V5oS1_rc,Applications of Derivatives in Solving Maxima and Minima Problems,Here's another video on how the derivatives of both algebraic and transcendental functions are used to solve minimization or ...,,,0,"['Education', 'maths']",27,
tyiQLindzCE,MAXIMA AND MINIMA FOR CUBIC-SHORTCUT//TRICK FOR NDA/JEE/CETs/COMEDK/SOLUTION IN 10 SECONDS,MAXIMA AND MINIMA Shortcuts Trick for JEE/NDA/NA/AIRFORCE/RAILWAYS/CETs/AP Calculus. Get your answer in one line ...,,,0,"['Education', 'maths']",27,
dEi0TDwRvkw,Maxima and Minima(bangla tutorial) | Find maxima and minima from a function(with example) | Calculus,"In this video we explained what is maxima and minima, how to find maxima and minima from a function in bangla. From this video ...",,,0,"['Education', 'maths']",27,
ztYVb4sfQrY,"Question on local maxima, minima and saddle point || extreme values | critical points | Amit Mahajan","In this video, the numerical on finding the local maxima, minima and saddle points is solved. The domain is complete xy-plane ...",,,0,"['Education', 'maths']",27,
sOKoU0-mZnM,MAXIMA AND MINIMA Concept By Gagan Pratap Sir | CGL Mains 2023,#LIVE_CLASSES_BY_GAGAN_PRATAP_SIR ZERO TO HERO BATCH PRE + MAINS ARITHMETIC+ ADVANCE MATHS ...,,,0,"['Education', 'maths']",27,
cl8Wgs5iNZM,Maxima-Minima | Application of derivatives| Mathematical Economics,Maxima-Minima | Application of derivatives| Mathematical Economics download our app ...,,,0,"['Education', 'maths']",27,
T5HzdeSnlhM,Maxima and Minima of a function of two variables|Lecture 02|Application of Partial Differentiation,Application of Partial Differentiation|Maxima & Minima of a function of two independent variables|Lecture 02|ENGINEERING ...,,,0,"['Education', 'maths']",27,
gLWUrF_cOwQ,Maxima and Minima of two Variable Function in hindi,"This video lecture ""maxima and minima of two variable function in hindi"" will help students to understand following topic of unit-II of ...",,,0,"['Education', 'maths']",27,
SA9GuY7-qRs,Maths Application of Derivatives part 20 (Local Maxima Minima) CBSE Mathematics XII 12,Maths Application of Derivatives part 20 (Local Maxima Minima) CBSE Mathematics XII 12.,,,0,"['Education', 'maths']",27,
4KCD8joK6iE,"Maxima , minima and point of inflection",,,,0,"['Education', 'maths']",27,
noQGQqZHY6U,ENGINEERING MATHEMATICS: SHORTCUTS IN MAXIMA-MINIMA APPLICATIONS PART 1,Shortcuts in Maxima Minima Applications.,,,0,"['Education', 'maths']",27,
cZY-7T_ZsdA,Very important Question jntuhM1 R22 | Maxima and Minima detailed | Maxima minima intelugujntuk/jntua,M1 R22/R23 Engineering Mathematics Whatsapp Group https://chat.whatsapp.com/ENwy4uZU2Db73ils5a1J8gHow to Pass M1 ...,,,0,"['Education', 'maths']",27,
UaDS1pMgiGU,"Minima, Maxima and Curve Sketching - Application of Differentiation #applicationofdifferentiation","This video explains one of the application of Differentiation to Minima, Maxima and curve sketching. In this video you will learn ...",,,0,"['Education', 'maths']",27,
d-QPq4YxNjE,CLASS - 11 || MAXIMA AND MINIMA IN TRIGONOMETRY (Class 2) || By Aditya Ranjan sir ||,🔴 *Maths Special Batch (PAID)* CHAMPIONS 2.0 LIVE BATCH - @899 only (ZERO TO HERO) (started on 20th DEC.) ...,,,0,"['Education', 'maths']",27,
T88D7Z9zgYU,Differential Calculus - Maxima Minima Applications Part I,Maxima Minima Applications in Differential Calculus.,,,0,"['Education', 'maths']",27,
iQRb8G31MLk,Economic Application of Maxima and Minima || Derivatives Class 12 || Business Math Calculus,"This is the third video from second chapter of Class 12 Business math where we have covered the topic, Economic Application of ...",,,0,"['Education', 'maths']",27,
WX5bRjXVFhU,LRDI Maxima/Minima,CAT | XAT | NMAT | SNAP | GDPI | TISSNET | MICAT | IIM ABC PRACTICE BATCH | GMAT Join India's Largest CAT Community ...,,,0,"['Education', 'maths']",27,
J1e7XduFswk,Ex 6.5 | Maxima and Minima | Application of Derivative | class 12 Applied maths | Gaur Classes,In this video i am telling you about the concept of Application of Derivative class 12 Applied mathematics/applied maths class 12.,,,0,"['Education', 'maths']",27,
x8z8a9ulI4Y,maxima and minima concept || how to find maxima and minima full concept #maxima,Here's a detailed example of a YouTube description for a video explaining how to find maxima and minima. Feel free to adjust it to ...,,,0,"['Education', 'maths']",27,
XehAEkua7K0,Find the maximum and minimum value of 2x^3 - 3x^2 - 36x + 10. MA3151 Matrices and Calculus in Tamil,,,,0,"['Education', 'maths']",27,
1fBVfn49lV0,"Maxima, Minima, and Point of Inflection (With 3 Examples and Solutions) - 005","Let f be a function defined on an interval [a, b] or (a, b), and let p be a point in (a, b), i.e., not an endpoint, if the interval is closed.",,,0,"['Education', 'maths']",27,
MruxPtatto8,MAXIMA AND MINIMA COMPLETE CONCEPT WITH PROBLEMS@VATAMBEDUSRAVANKUMAR,subscribe to my channel@VATAMBEDUSRAVANKUMAR.,,,0,"['Education', 'maths']",27,
uJ2iwbW6qPk,Maxima And Minima - One Variable Case,Social Media Links : Facebook Page : https://www.facebook.com/dryasserkhan Instagram ...,,,0,"['Education', 'maths']",27,
8LRtnCe04CA,"Maxima and Minima class 11 Physics, in hindi,. easiest explanation🙂,. fundamentals of Physics","In this video, I have taught you Maxima and Minima in the best and easiest way from the Mathematical Tools for class 11 Physics.",,,0,"['Education', 'maths']",27,
WJoYV3oDaxg,maximum and minimum|multivariable calculus|basics|introduction|btech #btech #maximum #minimum,BTECH MATHS M1: https://www.youtube.com/playlist?list=PLA1HLruLdexQLUc-fzGH4daJuFlRFpm0Z.,,,0,"['Education', 'maths']",27,
dgcDZZyPCaU,Applications of Maxima and Minima |Differential Calculus|,A step by step guide in solving problems that involves the application of maxima and minima. I will solve past board exam ...,,,0,"['Education', 'maths']",27,
7hk3sQbwa4g,Maxima & Minima Concept in Physics | Basic Math in Physics | 11th Physics #cbse #neet #jee,or Call📞/WhatsApp at - 9785944225 🎯 Learn Physics in Easiest way ✓ Join 12th Physics Online course(Videos + Notes + Mind ...,,,0,"['Education', 'maths']",27,
sxXuaDou83c,Maxima and Minima | GATE Engineering Maths 2023 Exam | Free Online GATE Class - P1 | BYJU'S GATE,This session helps you understand Maxima and Minima with questions for GATE Engineering Maths 2023 exam preparation.,,,0,"['Education', 'maths']",27,
R7PWPriZclk,Maxima and Minima of Function (Part 1) | Class 11/12/IIT-JEE Maths,"✓ In this video, ✔️ Class: 11th/12th/JEE (Mains & Advanced) ✔️ Subject: Maths ✔️ Chapter: Monotonicity and ...",,,0,"['Education', 'maths']",27,
9-X562f2lu0,Word Problems Maxima & Minima Tricks 😱| How to Solve🔥Maxima & Minima Word Problems | Class 12 Maths,13 Days 13 Chapters One Shot Series : https://www.youtube.com/watch?v=8eBQdfTffXc&list=PLhWL6AUdPvhIRMp2HdAbVnD2QeRWMSGu-&pp ...,,,0,"['Education', 'maths']",27,
Gs3wjdPhfgk,Find the local maximum and minimum of y=x⁵-5x+3. MA3151 Matrices and Calculus Tamil Anna University,,,,0,"['Education', 'maths']",27,
p-WcEroMmUA,Application of Derivatives - Part 1 (Maxima and Minima),This video is part 1 of maxima and minima. It discusses maxima and minima of algebraic functions. Very important video for class ...,,,0,"['Education', 'maths']",27,
Efhu8FUMqi0,Applications of Derivatives | Maxima and Minima | Lecture02 | Diploma | Polytechnic,Applications of Derivatives | Maxima and Minima | Lecture02 | Diploma | Polytechnic | PRADEEP GIRI SIR ...,,,0,"['Education', 'maths']",27,
vgEHp8pbVxw,21. How to Find Minimum and Maximum Value | Application Of Differentiation,,,,0,"['Education', 'maths']",27,
dodoqu6zvMw,Maxima and Minima For two variable functions (Extreme Values of a function) - part 1,Email-id: nikhil.gupta34@gmail.com WhatsApp number: 63766-37094 In this video we will discuss 1. working methods (steps) to ...,,,0,"['Education', 'maths']",27,
uvc44NYK2l8,Maxima And Minima Value Of Any Quadratic Equation In 10 Seconds | Short Trick By GP Sir,"📌 #ShortTrick #Quadratic #QuickMaths ------------------------------------------------ Preparation For JEE MAINS, CETs, BITSAT, NDA, ...",,,0,"['Education', 'maths']",27,
f22O5_4qL_o,Introduction to Second derivative Test|Local maxima and local minima|Maxima and minima|Dream Maths,Introduction to Second derivative Test|Local maxima and local minima|Maxima and minima|Dream Maths Instagram:- ...,,,0,"['Education', 'maths']",27,
s0a_WE18N7k,Maxima & Minima in Graphs | Master in 15 Minutes | Monday to Friday 5 PM | Tamanna Chaudhary,Follow me on Unacademy- https://unacademy.com/@tamanna.chaudhary Telegram Channel - https://t.me/physics_tcarmy (PDF of ...,,,0,"['Education', 'maths']",27,
XFzfrWkEkmw,APPLICATION OF DERIVATIVES: MAXIMA/MINIMA - EXAMPLE 3,The third example in the series involves a geometric shape and perimeter.,,,0,"['Education', 'maths']",27,
epf5FrpNEQ4,Maxima & Minima For a Single Variable in Urdu/Hindi (M.K.F.A),"In this lecture, we are going to study about Maxima and Minima for a variable and will go through some of the applications.",,,0,"['Education', 'maths']",27,
Hg38kfK5w4E,Absolute Maximum and Minimum Values of Multivariable Functions - Calculus 3,This Calculus 3 video tutorial explains how to find absolute maximum and minimum values given a multivariable function such as ...,,,0,"['Education', 'maths']",27,
m5MvTnGZcdM,Most Expected🔥Word Problems Maxima Minima Application of Derivatives | Maxima Minima Word Problems,13 Days 13 Chapters One Shot Series : https://www.youtube.com/watch?v=8eBQdfTffXc&list=PLhWL6AUdPvhIRMp2HdAbVnD2QeRWMSGu-&pp ...,,,0,"['Education', 'maths']",27,
uh10apJxrbs,Maxima and Minima for one variable (application of derivative). Learn just 10 minutes,"Hi Friends,Welcome to ""JAI HO"" youtube channel. In this video mein maine application of derivative ke #MAXIMA AND MINIMA ko ...",,,0,"['Education', 'maths']",27,
5qxa3gSv0oA,Maxima Minima (AM and GM) | Algebra | Quantitative Aptitude Series,freecatcourse Master MaximaMinima with this tutorial for the CAT MBA exam. Learn the essential techniques and strategies to ...,,,0,"['Education', 'maths']",27,
MRsl2UeKGS0,First Derivative Test | Relative (Local) Minima & Maxima | || Differential Calculus in Filipino,#MATHuklasanWithSirRam #RelativeMinimaMaxima #DifferentialCalculusinFilipino.,,,0,"['Education', 'maths']",27,
iaQ-Qvk_kbc,MAXIMA & MINIMA | OPTIMISATION | DIFFERENTIATION | BECC 102 | MEC 103 | MATHEMATICAL ECONOMICS |,"MathematicalEconomics #differentiation #calculus Hello everyone , In this video I have explained about maxima & minima and its ...",,,0,"['Education', 'maths']",27,
38IankV9quM,"Complete Maxima Minima For Competitive Exams || ( Algebra, Trigonometry and Mensuration Problems)","VerbalMath #CGL #SSC CALL 7982155093 FOR OFFLINE BATCH ENQUIRY LOCATION: MUKHERJEE NAGAR, DELHI ...",,,0,"['Education', 'maths']",27,
tPvDClyq_1w,optimization in economics . Maxima and minima,,,,0,"['Education', 'maths']",27,
brgONDUbq1Y,Maxima and Minima Problems (More Examples),Maxima and Minima (More Examples),,,0,"['Education', 'maths']",27,
RRwww98FT1Q,"Find the absolute maximum and minimum values of the function f(x)=3x^4 - 4x^3 - 12x^2 + 1 on [-2,3]",,,,0,"['Education', 'maths']",27,
XQlstxL5J_8,Lec 15 | Maxima and Minima of Two Variable | Engineering Mathematics 1 RGPV 1st Year,Contact Number : 8269075512 / 7987835375 Join Whatsapp Group click on the link ...,,,0,"['Education', 'maths']",27,
QoGsfO1Aeyc,Maxima and Minima Class 12 in Tamil / Application of Derivatives / Applied Mathematics / Kalvikan,Maxima and Minima Introduction in Tamil / Kalvikan 👉 Local Maxima and Local Minima 👉 Absolute Maxima and Absolute Minima ...,,,0,"['Education', 'maths']",27,
rFX4TwHqmFg,"Maxima and Minima (Applications, Basic Examples) Tagalog",,,,0,"['Education', 'maths']",27,
TecrMbsYaIs,PLUS TWO MATHS | APPLICATION OF DERIVATIVES | 4 MARKS | MAXIMA & MINIMA | REPEATED QUESTIONS | AEGON,For Admission Feel free to Contact : 9207 100 600 Subscribe plus two Channel for More updates ...,,,0,"['Education', 'maths']",27,
9DYJTTOZaOs,Lec-8 I Maxima and Minima for two variables I Unit-3 I Eng. Mathematics-I I by Gulshan Sir,As per New Syllabus 2022-23 AKTU For (pdf notes+ video lectures+ live classes ) Download Gateway Classes App Now App ...,,,0,"['Education', 'maths']",27,
v3558T23Bt0,Maxima & Minima of Two Variables Functions \ Saddle Points\ Bsc 2nd year maths \ Hindi \ L-1,Maxima & Minima of Two Variables Functions \ Saddle Points\ Bsc 2nd year maths \ Hindi \ L-1 \ VIJAY SIR CLASSES is an ...,,,0,"['Education', 'maths']",27,
a9nLuSQEQDU,Lec 14 | Maxima and Minima of One Variable | Mathematics 1 RGPV 1st Year,Contact Number : 8269075512 / 7987835375 Join Whatsapp Group click on the link ...,,,0,"['Education', 'maths']",27,
tdHXDX_xYaU,Maxima Minima | App. of Derivatives | Trick 2 | 12th MH-CET | Mathematics | Solution in 8 Seconds,Heyy Guyzz!!! This is Amol Balekar. Here's the video on Applications Of Derivatives Part 2 which covers How to solve Numericals ...,,,0,"['Education', 'maths']",27,
mOSnruQF004,First Order Derivative test of Relative Maxima & Minima (Relative Extrema) Maths Fsc Part 2 (Lec 63),In this Lecture we have discussed the following Important Things 1) What is Critical Point? 2) What is Stationary Point? (i) Relative ...,,,0,"['Education', 'maths']",27,
EdVHKdy0_yU,Lecture 26 - Maxima Minima,"Lecture series on Mathematics-1 by Prof S.K.Ray, Department of Mathematics and Statistics IIT Kanpur For more details on ...",,,0,"['Education', 'maths']",27,
zd-FTtZl2kE,12. MAXIMA & MINIMA | PROBLEM #3 | Most Important Problem | Partial Differentiation,"Get complete concept after watching this video Topics covered under playlist of Partial Differentiation: Partial Derivatives, Euler's ...",,,0,"['Education', 'maths']",27,
2xg8HWp9eRE,CALCULUS || MAXIMA AND MINIMA || PREVIOUS YEAR QUESTIONS || BY PAWAN SIR,प्रिय शिक्षक साथियों हमने 2022 session के लिए TGT PGT MATHS की तैयारी एक दम ...,,,0,"['Education', 'maths']",27,
wtVJNNfEiUE,How to find Maxima & Minima of a function | Second derivative test (Bangla),"How to find Maxima & Minima of a function | Second derivative test (Bangla) In this video, I have discussed regarding normal ...",,,0,"['Education', 'maths']",27,
kG0xqzrdFEY,Introduction to absolute maxima and minima|Derivatives|Dream Maths,Introduction to absolute maxima and minima|Derivatives|Dream Maths Instagram:- https://Instagram.com/dreammaths ...,,,0,"['Education', 'maths']",27,
gBQ0yLG2jE0,Maxima and Minima | Application of Derivatives | 2nd PUC Mathematics 2024,Join Sarathi and Dheera Batch for KCET 2024 Get personalized guidance from RP Sir & Usha Mam !! Call on 7411-008-008 ...,,,0,"['Education', 'maths']",27,
p66S7Z96AdI,Differential Calculus | Applications of Maxima and Minima (Part 2),The following problems are solved in the video: 1. A printed page must contain 60 square cm of printed material. There are to be ...,,,0,"['Education', 'maths']",27,
72HjWH_qiYc,Engineering Mathematics 07 | Maxima and Minima | GATE 2025 Series | All Branches,"Unlock the secrets of engineering mathematics with our comprehensive video on Maxima and Minima, tailored for the GATE 2025 ...",,,0,"['Education', 'maths']",27,
37wX8bOhHAU,Maxima - Minima Of Three Sets- Logical Approach To Solve,In this video concept of maximization and minimization in Set theory with the help Of Venn diagram has been discussed.,,,0,"['Education', 'maths']",27,
rwiIJ_ya8VQ,Maxima/Minima Part 3 (Tagalog/Filipino Math),Hi guys! This video discusses anout the applications of differential calculus which is finding maxima or minima Part 3. Happy ...,,,0,"['Education', 'maths']",27,
VTQkuYvfWTw,Absolute Maxima Minima - | Linear algebra and Calculus| Module 2| MAT101| S1| KTU Part 13,Absolute Maxima Minima - | Linear algebra and Calculus| Module 2| MAT101| S1| KTU Part 13 Multivariable ...,,,0,"['Education', 'maths']",27,
ohtBe93vogY,Maxima Minima || Differentiation || Mathematical Economics || Microeconomics,"In this video on one of the fundamental concepts in economics: Maxima and Minima, I have explained how to calculate these two?",,,0,"['Education', 'maths']",27,
cMhHB9uycj0,Application of Maxima & Minima: Calculus Tutorial,"Today, we will be teaching you on how to maximize the volume of a box by cutting equal squares out of the corners. Hope you ...",,,0,"['Education', 'maths']",27,
Gb86aqeYrOA,To find Maximum and Minimum of a functions || Applications of derivatives,"This lecture,You have to find Maximum and Minimum values of a functions and also know how to find max min values by ...",,,0,"['Education', 'maths']",27,
IRlqG2bhtU0,IPE Maths 1B | Application of Derivatives | Maxima Minima LAQs | IPE Maths | Varadhi IPE 2024,"Dive deep into IPE Maths 1B with Varadhi IPE 2024 as we tackle real-world applications of derivatives, focusing on maxima and ...",,,0,"['Education', 'maths']",27,
Wnn11tHjRhk,CMA Final SCM: Business Application of Maxima & Minima,cmafinal #maximaminima.,,,0,"['Education', 'maths']",27,
VZuJ4bGj2D0,"Absolute & Local Minimum and Maximum Values - Relative Extrema, Critical Numbers / Points Calculus",This calculus video tutorial explains how to find the absolute minimum and maximum values as well as the local max and local ...,,,0,"['Education', 'maths']",27,
QCi6y0stVOE,Solving Maxima Minima - Part 1| Algebra | Quantitative Aptitude Series,freecatcourse Master solving maxima minima with this tutorial for the CAT MBA exam. Learn the essential techniques and ...,,,0,"['Education', 'maths']",27,
bnPrg9Jhuu0,Applications of Derivatives 05 | Maxima and Minima -1 | Class 12th/CUET,"📝 For complete notes of Lectures, visit SANKALP 2023 Batch in the Batch Section of PhysicsWallah App/Website. 📲PW App Link ...",,,0,"['Education', 'maths']",27,
G8GAsYkZlpE,Second Derivative Test,This calculus video tutorial provides a basic introduction into the second derivative test. It explains how to use the second ...,,,0,"['Education', 'maths']",27,
HieWAlAlgr8,Maxima and Minima First Derivative Test |Differential Calculus|,"In this video, I will introduce a step by step procedure in determining the relative maximum and minimum points of a curve using a ...",,,0,"['Education', 'maths']",27,
D6dWK6sT-GM,Maxima/Minima Part 1 (Tagalog/Filipino Math),Hi guys! This video discusses anout the applications of differential calculus which is finding maxima or minima. Happy learning ...,,,0,"['Education', 'maths']",27,
vln2gsz_jf4,POLYNOMIAL CURVES: CRITICAL POINTS AND MAXIMA/MINIMA: SHORT EXAMPLE 1,This is the first video for the series of looking for critical points and identifying maxima or minima.,,,0,"['Education', 'maths']",27,
KOm78ahHPSM,5 Simple Steps to Solve Maxima & Minima Word Problems | Application of Derivatives L-4 | Vedantu,Maxima and Minima Word Problems By Neha Ma'am. Learn Maxima and Minima Class 12 Word Problems With Vedantu Math.,,,0,"['Education', 'maths']",27,
MLkS_mj5zH8,CTEVT Diploma Maxima Minima and point of inflection 2078 question paper solution | 2nd Semester math,CTEVT Diploma Maxima Minima and point of inflection 2078 question paper solution | 2nd Semester math #ctevt ...,,,0,"['Education', 'maths']",27,
W8jl5PsWIp0,Maxima and minima-1,Application of derivatives class 12 Definition of maximum & minimum values on an interval & problems.,,,0,"['Education', 'maths']",27,
kbZQJ1lGt2c,Maxima and Minima one shot video by Kayesh Sir | চরম ও অবম one shot video,Maxima and minima one shot video by kayesh sir চরম ও অবম #hs2022 #importantmath #kayeshsir.,,,0,"['Education', 'maths']",27,
GwjWszxmp68,Maxima and minima of functions two variables | problems #1 |engineering mathematics,Maxima and minima of functions of two variables. Maxima and minima problems. Maxima and minima engineering mathematics.,,,0,"['Education', 'maths']",27,
hyK8It883Hs,Class12 Example 14-16 Maxima Minima Extreme points Application of derivatives #free #cbse #maths,"This video includes FORMULAS, EXAMPLES AND EXERCISES from the chapter DIFFERENTIAL EQUATIONS Class 12 ...",,,0,"['Education', 'maths']",27,
f60cyYudNYo,Inter Maths-1B- maxima and minima- 7 marks Important problems - video-1,Inter Maths-1B- maxima and minima- 7 marks Important problems - video-1.,,,0,"['Education', 'maths']",27,
6I9AAwyPZ2U,Maximum and Minimum Value in Tamil | Matrices and Calculus in Tamil | Unit 3 | MA3151 in Tamil,https://youtu.be/1ijYt3VvXpM?si=BoluEE-EChfrJaQJ.,,,0,"['Education', 'maths']",27,
b1U-VFMlj3Q,MATHS LAB 30//MAXIMA AND MINIMA//2024 HSE QUESTIONS AND ANSWERS//VIVA QUESTIONS,MATHS LAB 30//MAXIMA AND MINIMA//2024 HSE QUESTIONS AND ANSWERS//VIVA QUESTIONS STUDENTS TELEGRAM ...,,,0,"['Education', 'maths']",27,
wk04gIoYYhw,5. Maxima and Minima | Class 12 NCERT | Application of Derivatives,Notes and Important Links of this lecture 👇 Apni Kaksha:https://www.instagram.com/apnikaksha/ Telegram of Apni Kaksha: ...,,,0,"['Education', 'maths']",27,
d1n1NH7XLzw,Maxima and Minima Practice Problem,"Practice Problem: A lot has the form of a right triangle, with perpendicular sides 60 and 80 ft long. Find the length and width of the ...",,,0,"['Education', 'maths']",27,
ziRui_LFo3E,Maxima and Minima of a tabulated Function,Applied Maths - 3 https://www.youtube.com/playlist?list=PL5fCG6TOVhr5Mn5O1kUNWUM-MwbPK1VCc Unit 1 Fourier Series ...,,,0,"['Education', 'maths']",27,
JXG7ZsP60ok,Height & Distance | Maxima & Minima SSC Special Batch | Gagan Pratap Sir SSC CGL / CHSL / CPO / MTS,..................................................... New Batch ZERO TO HERO BATCH PRE + MAINS ARITHMETIC + ADVANCE MATHS ...,,,0,"['Education', 'maths']",27,
yzIB9Ytf_gk,Maxima And Minima | Engineering Maths 1 Lectures In Hindi,Maximaandminima#maths #Engineeringmaths #Lastmomenttuitions #lmt In This Video is we will Study Maclaurin Series in ...,,,0,"['Education', 'maths']",27,
ic9igaHRqlw,Maxima and Minima of functions of several variables/L1//BSc first semester differential calculus,Maxima and Minima of functions of several variables/L1//BSc first semester differential calculus Maxima and Minima of functions of ...,,,0,"['Education', 'maths']",27,
pcppIlSEMXQ,Application of Derivatives 05 : Maxima and Minima (Part 1) | Class 12 NCERT,"NCERT Wallah - SANKALP 2021 📝 For Lecture notes, visit SANKALP Batch in Batch Section of PW App/Website. 📲PW App Link ...",,,0,"['Education', 'maths']",27,
_gu43jXECVE,Maxima and Minima | One shot Video | IIT JEE | JEE Telugu | Kiran Kumar,Maxima and Minima | One shot Video | IIT JEE | JEE Telugu | Kiran Kumar Do you wish to clear IIT JEE?,,,0,"['Education', 'maths']",27,
XaJPRBsHTfc,"Maxima & Minima, First derivative Test Example 29 to 30, Application of derivatives Part 1","Maxima & Minima, Maxima Minima, First derivative Test Example 29 to 30, Application of derivatives Part 1, AOD, How to do ...",,,0,"['Education', 'maths']",27,
OGQmAaGXpiM,Maxima & Minima #3 of Two Variables in Hindi (M.M.imp) | Engineering Mathematics,Best & Easiest Videos Lectures Series covering all Most Important Questions on Engineering Mathematics for 30+ Universities ...,,,0,"['Education', 'maths']",27,
ZqHPcKq6VNI,"12th NCERT Maths, Chapter6, Application of Derivative - Local Maxima & Minima in Hindi","Namaste to all Friends, This Video Lecture Series presented By VEDAM Institute of Mathematics is Useful to all students of Class ...",,,0,"['Education', 'maths']",27,
5ghSP6_AbUM,"Maxima & Minima in Algebra for CAT | Concepts, Shortcuts & Practice Questions | Expert Guidance",Are Maxima and Minima problems in Algebra tripping you up in your CAT preparation? These advanced algebra concepts often ...,,,0,"['Education', 'maths']",27,
CYgllwlzerQ,Maxima and Minima | Strategic Cost Management | CMA Final New 2022 Syllabus | By CA Raj K Agrawal,Topics discussed in this video: 00:00:23 Introduction of Maxima and Minima 00:04:02 Basics of Maxima and minima 00:08:40 ...,,,0,"['Education', 'maths']",27,
KDWQSXCU7Jo,POLYNOMIAL CURVES: MAXIMA MINIMA: SHORT EXAMPLE 6,A saddle in polynomial curves is a critical point which is either a maxima or a minima.,,,0,"['Education', 'maths']",27,
hmgrlA2yhGo,Maxima And Minima - Constrained Maxima And Minima,Social Media Links : Facebook Page : https://www.facebook.com/dryasserkhan Instagram ...,,,0,"['Education', 'maths']",27,
LESPnk6PykA,MAXIMA & MINIMA OF TRIGONOMETRY | EVERYTHING IN 10 MINUTES | SUPER EXPLAINATION BY COACH SIR,"Jai Hind Aspirants! Welcome to The Coach Defence Academy. I Mr. Neeraj Singh Baisla, Founder & Director of The Coach ...",,,0,"['Education', 'maths']",27,
EY5pGCB6YkI,Local Maxima & Minima | Absolute Maxima & Minima | First & Second Derivative Test | A.O.D | IDS Sir,Local Maxima & Minima | Absolute Maxima & Minima | First & Second Derivative Test | A.O.D | IDS Sir Maths #calculus ...,,,0,"['Education', 'maths']",27,
9wAclB37rcU,03. Maxima & Minima Part 01 | গুরুমান লগুমান পর্ব ০১ | OnnoRokom Pathshala,অনলাইনে বিজ্ঞানবাক্স অর্ডার করতে ক্লিক করুন- https://cutt.ly/JOgIpYb অথবা ...,,,0,"['Education', 'maths']",27,
sVZ0ktLD8G4,Engineering Mathematics | Maxima & Minima of Two Variables Function | Calculus by GP Sir,Engineering Mathematics | Maxima & Minima of Two Variables Function | Calculus by GP Sir ...,,,0,"['Education', 'maths']",27,
THG9s-003mk,MAXIMA MINIMA CALCULATOR TECHNIQUE DIFFERENTIAL CALCULUS BOARD EXAM APPROACH /,JOIN this facebook group FREE REE REVIEW 2022. there's a free review every summer or I have facebook page engineers ...,,,0,"['Education', 'maths']",27,
vFAPNkgcl4E,Finding Maxima Minima | Calculus For Machine Learning | Navratri Day-6,"Navratri Day-6 🤩 This lecture is a part of the 9 Days Series in which I will be teaching ""Calculus For Machine Learning"" on this ...",,,0,"['Education', 'maths']",27,
gJHgIcMeS2M,Maxima and Minima of the function,"For the book, you may refer: https://amzn.to/3aT4ino This lecture explains how to find the maxima and minima of the function f(x)=0 ...",,,0,"['Education', 'maths']",27,
rMFm8Q62GXQ,Differential Calculus - Maxima Minima Applications Part II,Maxima Minima Applications in Differential Calculus.,,,0,"['Education', 'maths']",27,
15awMHeP1Yc,"Concavity, Inflection Points, Increasing Decreasing, First & Second Derivative - Calculus","This calculus video tutorial shows you how to find the intervals where the function is increasing and decreasing, the critical points ...",,,0,"['Education', 'maths']",27,
QBDxcRVgZQY,MAXIMA AND MINIMA PROBLEMS IN TELUGU,If you want to support the channel financially please join as a member FOLLOW IN TWITTER: www.twitter.com/vatambeduk Music ...,,,0,"['Education', 'maths']",27,
WbYGaz_NY_w,Lagrange Multipliers | To find Critical points | Values | Maxima & Minima | Numericals | Maths 1,Lagrange Multipliers is explained with examples. how to find critical value with language multipliers. #Maths1 #all_university ...,,,0,"['Education', 'maths']",27,
haxPdmIU09s,maxima minima dppq1 The value of the function (x –1) (x – 2)2 at its maxima is,vinaysirpw #maximaminima maxima minima dpp q1 The value of the function (x –1) (x – 2)2 at its maxima is (1) 1 (2) 2 (3) 0 (4) ...,,,0,"['Education', 'maths']",27,
1ijYt3VvXpM,"Find the maximum and minimum values of the function f(x,y)=x³+y³-3x-12y+20 MA3151 in Tamil 4G Silver",,,,0,"['Education', 'maths']",27,
lx8RcYcYVuU,Optimization Problems - Calculus,"This calculus video explains how to solve optimization problems. It explains how to solve the fence along the river problem, how to ...",,,0,"['Education', 'maths']",27,
LBhPHlAJmAU,Maximum And Minimum Value of Trigonometry || By Abhinay Sharma (Abhinay Maths),1. Live Sessions of All Subjects 2. Recorded Sessions of All Subjects 3. Free annotated and Non annotated PDFs 4. Practice ...,,,0,"['Education', 'maths']",27,
7rmPcWs1euQ,Inter Maths-1B- maxima and minima- 7 marks Important problems - video-2,Inter Maths-1B- maxima and minima- 7 marks Important problems - video-2.,,,0,"['Education', 'maths']",27,
z1vVJpluUt4,Ex 6.6 | Local Maxima and Minima | Application of Derivative | class 12 Applied maths | Gaur Classes,In this video i am telling you about the concept of Application of Derivative class 12 Applied mathematics/applied maths class 12.,,,0,"['Education', 'maths']",27,
GLNsKobBsAw,POLYNOMIAL CURVES: CRITICAL POINTS AND MAXIMA/MINIMA: SHORT EXAMPLE 2,The video shows an example of a function not having any critical point.,,,0,"['Education', 'maths']",27,
jwiDapXEaN8,Daily Quant Dose || Maxima-Minima || 100 Best and Highly Expected Questions for CAT,DailyQuantDose #Maxima Minima 30 hours of Maha Marathon Series for CAT Aspirant. Marathon 1 : 100 Best and Highly ...,,,0,"['Education', 'maths']",27,
kgCR_3uqRv4,Maxima and Minima Class 12 | Maxima Minima Class 12 | Application of Derivatives Class 12th,Maxima and Minima Class 12 | Maxima Minima Class 12 | Application of Derivatives Class 12th | AOD Class 12 (Maxima Minima ...,,,0,"['Education', 'maths']",27,
cBHJy5dH-L0,CAT Algebra Maxima Minima (part 1),In this live session we will discus the core concept of AM-GM inequality and its application to solve wide variety of problems ...,,,0,"['Education', 'maths']",27,
400RWWRgeX4,Maxima Minima Q,Welcome to Maths Buster (Codelites Academy)!!! We will upload solutions of more such typical questions of various mathematics ...,,,0,"['Education', 'maths']",27,
006s_i986js,MAXIMA & MINIMA|problem|differential calculas|chapter 1|4 sem QT|BA ECO Calicut University|,,,,0,"['Education', 'maths']",27,
TX1Jw7Z1mmg,Class 12 Maxima Minima | Application of Derivatives | All Important Questions | Boards 2022-23,Class 12 Maxima Minima | Application of Derivatives | All Important Questions | Boards Follow Tapasya 3.0 Series Class 12 Maths ...,,,0,"['Education', 'maths']",27,
QJ1FN9ft6kk,How to solve Maxima & Minima problems in 2 mins? | IIT JEE Maths | JEE Main April 2020 @JEEVedantu,JEE Mains Maths | How to solve Maxima and Minima problems in 2 mins? | jee main mathematics | maxima and minima iit jee ...,,,0,"['Education', 'maths']",27,
ZCj-VHSvzrU,"A small attachment to the problem no: 2,in Maxima Minima Tough competitive problems Part1 at 8:55:09",This is a small attachment to the 3rd video ( Maxima Minima Tough competitive problems Part 1 for IIT JEE || By VRK Sastry Sir ) .,,,0,"['Education', 'maths']",27,
ben2vJDfQOo,Maxima and minima concept || Class 12 उच्चिष्ठ और निम्निष्ठ व्याख्या || class 12th maxima and minim,"avkalan ke anuprayog 6.3, avkalan ke anuprayog 6.2, avkalan ke anuprayog class 12, avkalan ke anuprayog 6.5, avkalan ke ...",,,0,"['Education', 'maths']",27,
saoXBI6DbJg,Application of Derivatives Applied Maths | Complete Maxima Minima Class 12 Applied Maths | Karan Sir,Applied Mathematics Application of Derivatives || Complete Maxima Minima || Class 12 Applied Maths Maxima Minima || Unit 3 ...,,,0,"['Education', 'maths']",27,
RlWiiQ_MgDE,1B | Maxima Minima | cylinder problem@EAG,1B | Maxima and Minima | cylinder problem@EAG.,,,0,"['Education', 'maths']",27,
FrD7uu6chP0,Maxima and Minima - Langrange's Method of Undetermined Multipliers,This video lecture of Maxima and Minima - Langrange's Method of Undetermined Multipliers| Examples And Solution by GP Sir ...,,,0,"['Education', 'maths']",27,
Zc_OVfeI_aY,PLUS TWO MATHEMATICS//CHAPTER 6// APPLICATION OF DERIVATIVES//EPISODE 10,"maxima and minima- geometrical proof, Second Derivative test and its problems notes👇 ...",,,0,"['Education', 'maths']",27,
9FF6iDWfvPk,APPLICATION OF DERIVATIVES: MAXIMA/MINIMA - EXAMPLE 4,The fourth example looks complicated but differentiation still follows the same pattern.,,,0,"['Education', 'maths']",27,
HDx03hZI19c,Lecture 8 Maxima minima,,,,0,"['Education', 'maths']",27,
AMMWuZE5y9E,Maxima & Minima Class 12 | Full Chapter | Application Of Derivative |Chapter 6 Ex6.5,Class 12 maths Chapter Application of Derivative is one of the most important chapter of class 12 maths .In this video i have ...,,,0,"['Education', 'maths']",27,
MmugjERGg7k,Maxima-Minima WITHOUT Calculus | Padilla Review Center Online TV |,This video will show you how to solve maxima/minima without calculus! ᴄʟɪᴄᴋ ᴛʜɪꜱ ʟɪɴᴋ ᴛᴏ ᴠɪᴇᴡ ᴏᴜʀ ...,,,0,"['Education', 'maths']",27,
YF3UMDIOf4I,MAXIMA MINIMA IN PARAMETRIC EQUATIONS: EXAMPLE 1,This is an example of identifying the critical point in parametric equations.,,,0,"['Education', 'maths']",27,
NLIyfoUkJQc,Maxima Minima Question with tips and tricks for NDA Maths by Salman Ali,"Best classes for NDA Maths, Best class for NDA, All important playlists of NDA Maths, One short videos for NDA Maths, Regular ...",,,0,"['Education', 'maths']",27,
Gpl0SO6Glvc,POLYNOMIAL CURVES MAXIMA MINIMA SHORT EXAMPLE 3,The example in this video required the validation of the first derivative test.,,,0,"['Education', 'maths']",27,
Nu0EzQjkHaU,AMIE In Bangladesh | AMIE Lectures| For IEB Students | Maxima And Minima problems with solutions,"In this video I discussed, explained and solved Maxima And Minima problems-------------------------------- #AMIE #MAxima&Minima ...",,,0,"['Education', 'maths']",27,
vjRMlPN9pPo,Diploma M1||Maxima & Minima,Also share with your friends through your respective what's app groups.Through ur support only we can make more and more ...,,,0,"['Education', 'maths']",27,
Di8QoIbzgh8,"Class 12 maths,maxima minima class 12 maths ncert solutions R B Classes",R B Gautam R B Classes.,,,0,"['Education', 'maths']",27,
ahGISA2mKcE,+2 MATHS | APPLICATION OF DERIVATIVES 🔥 MAXIMA/MINIMA,plustwomaths #applicationofderivatives #maximaminima #quickrevision #examquestion #exam #stateboard #cbseboard ...,,,0,"['Education', 'maths']",27,
6tpQeFXahuY,Venn Diagrams - 9 I Maxima Minima in Venn Diagram I CAT 2024 I Logical Reasoning I LRDI,"Welcome to our dedicated YouTube channel, your go-to destination for a comprehensive CAT course, all available for free!",,,0,"['Education', 'maths']",27,
HcVS3gyJu60,Sahil Express for All Railway Exams 2024-25 | Maxima/Minima Concept |Railway Maths by Sahil sir,Sahil Express for All Railway Exams 2024-25 | Maxima/Minima Concept |Railway Maths by Sahil sir | Quick Tricks by Sahil Sir ...,,,0,"['Education', 'maths']",27,
GW22hJTBIxI,Maxima-Minima and Increasing Decreasing function #calculus #stemvedas,#stemvedas #jee #jeeadvanced #jeemains #calculus #maximaminima.,,,0,"['Education', 'maths']",27,
5sNuPjGpEkQ,Calculus|Maxima and minima class 12|Application of derivatives|Maxima minima by Brijesh Chaudhary,Calculus|Maxima and minima class 12|Application of derivatives|Maxima minima jee mains and advanced Brijesh Chaudhary ...,,,0,"['Education', 'maths']",27,
9VZbWrnKxSc,Maxima and minima short trick | maxima and minima class 12 |maxima and minima iit jee |maxima minima,Maxima and minima short trick | maxima and minima class 12 | maxima and minima iit jee | maxima minima #MaximaMinimatricks ...,,,0,"['Education', 'maths']",27,
Hg4AYsEThBY,Maxima Minima of Calculus By Dr. Mamta Agrawal,1. maxima and minima notes :- https://drive.google.com/file/d/1rZgbF2eWSXkZuXUbxjlt3wt7NUsLbNcc/view?usp=sharing.,,,0,"['Education', 'maths']",27,
etLoYBJMCX8,Maxima and Minima of function of two variables|Lecture3|Lagrange's Method of Undetermined Multiplie,Maxima and Minima of function of two variables|Lecture3|Lagrange's Method of Undetermined Multiples|ENGINEERING ...,,,0,"['Education', 'maths']",27,
TR8afY4a1fQ,Application of Derivatives | Maxima Minima | Class 12 | JEE | IIT | CSIR | UGC | GATE | CAT | SET |,Application of Derivatives | Maxima Minima | Class 12 | JEE | IIT | CSIR | UGC | GATE | CAT | SET |,,,0,"['Education', 'maths']",27,
y8Ak68l0xqI,Application of Derivatives L4 | Maxima Minima | #jee2024 #jee2025 #jeemaths #sameerchincholikar,#applicationofderivatives #unacademyjee #jee2023 #jeemaths.,,,0,"['Education', 'maths']",27,
n306rwjPOlw,Maxima Minima Question how to solve X3+Y3-12X-3Y+20 LNMU Bsc. Part2,Maxima minima question how to solve Mithila University part 2.,,,0,"['Education', 'maths']",27,
Lzo0LmZbSmk,Class 12 Ex 6.5 Q1 Math | Chapter6 Class12 Math | Q1 Ex 6.5 Class 12 Math | Ex 6.5 Q1 Class 12 Math,Class 12 Math Chapter6 Ex6.5 Q1 Chapter6 Class12 Nexa Classes Class 12 Math Application of Derivatives Class - 12 Ex 6.5 Q1 ...,,,0,"['Education', 'maths']",27,
yiGMOdQegWg,MAXIMA MINIMA | WORD PROBLEMS | PART 3| APPLICATIONS OF DIFFERENTIATION |CBSE CLASS 12,Part1. https://youtu.be/yCe63LfNN_Q KINDLY SUBSCRIBE TO MY CHANNEL. THANK YOU FOR WATCHING MY CHANNEL.,,,0,"['Education', 'maths']",27,
4ze16c1o5yE,MAXIMUM AND MINIMUM VALUES OF A FUNCTION || BASIC CALCULUS,BASIC CALCULUS‼️ 🟣 GRADE 11: MAXIMUM AND MINIMUM VALUES OF A FUNCTION ‼️SHS MATHEMATICS PLAYLISTS ...,,,0,"['Education', 'maths']",27,
3H1FF31emR4,Maxima/Minima Part 2 (Tagalog/Filipino Math),Hi guys! This video discusses anout the applications of differential calculus which is finding maxima or minima Part 2. Happy ...,,,0,"['Education', 'maths']",27,
7tsCHfxBvWA,God Level Concept Maxima Minima | Must Before Exam CAT 2021 | CAT 2022 | Algebra Sum Product AM GM,"For positive real numbers a, b, c if a + b + c = 18 Then max of (a-3)(b-2)(c-1) =? Accept 17 days CAT 2021 challenge, you will see ...",,,0,"['Education', 'maths']",27,
TPrRi4Yboe0,7]Maxima & Minima with Examples - Part 1(In Hindi) | Calculus | Engineering Mathematics,"In this video tutorial, “Maxima and Minima” or Maximum and Minimum points will be explained. Maxima and Minima are also ...",,,0,"['Education', 'maths']",27,
PazHHXEIJF0,Random Math Problem: Maxima Minima,Find the maximum area of an isosceles triangle whose perimeter is 18 inches.,,,0,"['Education', 'maths']",27,
EXbfns_WUuA,Maxima Minima Analogy (Application of derivatives),"In this video, I talk about an analogy, an easier way to understand the maxima and minima of a function.",,,0,"['Education', 'maths']",27,
jOX3ReqMKwM,Maxima Minima | PART-1 | in hindi | Engineering Mathematics |,"""Maxima Minima"" ""PART-1"" HERE WE EXPLAINED HOW TO FIND MAXIMA AND MINIMA IN JUST 5MIN WITH EXAMPLE.",,,0,"['Education', 'maths']",27,
IX_3T4-vHYI,MAXIMA MINIMA | WORD PROBLEM | PART 2| APPLICATIONS OF DIFFERENTIATION |CBSE CLASS 12,PART 1 https://youtu.be/yCe63LfNN_Q THANK YOU FOR WATCHING MY CHANNEL. KINDLY SUBSCRIBE TO MY CHANNEL.,,,0,"['Education', 'maths']",27,
tpvuv1TFPoY,Applications of Derivatives Class 12 | Lecture 5 |JEE Main | JEE Advanced |Arvind Kalia Sir| Vedantu,"In this session, Arvind Kalia Sir will be teaching all the details about Maxima and Minima JEE from the chapter of Applications of ...",,,0,"['Education', 'maths']",27,
MqTdTUlBhKg,"BCA Math Semester1 UNIT3 Lesson 20 Part2 SyllabusGGSIPU Problems on Maxima, Minima, Maxi & Min Value",BCA #BCAMATH #Lesson20 #part2 #problemonmaximumandminimumvalueoffunction ...,,,0,"['Education', 'maths']",27,
nIWkRl61s1A,Maxima-Minima Definition | Cengage Exam Crack | G Tewani | JEE 2022 | Mathematics,Maxima-Minima Definition | Cengage Exam Crack | G Tewani | JEE 2022 | Mathematics Are you a JEE aspirant? Preparing to ...,,,0,"['Education', 'maths']",27,
rjcrLQ3qiTs,"Section 1 – Maths: Part 1 – Matrices, Maxima Minima, Number Series","This video series on GATE 2022 is online video lectures conducted for BT students of NMAM Institute of Technology, Nitte.",,,0,"['Education', 'maths']",27,
a8OINCHeCmQ,Application of Derivatives Ex.2.4 Part 12 | Maximum & Minimum value 12th New Syllabus | Dinesh Sir,Free Maths Lectures with best explanation are available based on New Syllabus 2020 Maharashtra Board. Just click on the below ...,,,0,"['Education', 'maths']",27,
ILcAUkowBmo,Find the local maxima minima and saddle points of f(x y)=xy(1-x-y) Partial differentiation,PARTIAL DERIVATIVE LINKS Implicit differentiation - Partial derivative - (i) y cos x = x^2+y^2 (ii) e^z = xyz ...,,,0,"['Education', 'maths']",27,
T1aAOGY6krw,maximum and minimum|multivariable calculus|basics|introduction|btech #btech #maximum #minimum,BTECH MATHS M1: https://www.youtube.com/playlist?list=PLA1HLruLdexQLUc-fzGH4daJuFlRFpm0Z.,,,0,"['Education', 'maths']",27,
PGG99qBsyxc,"Limit, Continuity, Differentiability, Maxima, Minima | L:3 | Mathematics | GATE 2022 | Crash Course",🏆 1000 Top Rankers Will Have Their GATE 2024 Exam Registration Fees Refunded by Unacademy and a chance to win exciting ...,,,0,"['Education', 'maths']",27,
bTJv-quxGRA,Maxima Minima Mcqs 2023 || Class 12 Applied Maths Mcqs 2023 || Class 12 Maxima Minima MCQ 2023,Applied Maths Maxima Minima Mcqs | Class 12 Applied Maths Mcqs | Class 12 Maxima Minima MCQ | Applied Mathematics ...,,,0,"['Education', 'maths']",27,
7mU4P1RLGfE,MAXIMA–MINIMA:super short tricks for NDA/Air force/IIT /JEE/TGT/PGT/CTET/banking/super tet /#shorts,MAXIMA–MINIMA:super short tricks for NDA/Air force/IIT /JEE/TGT/PGT/CTET/banking/super tet /#shorts #MAXIMA AND MINIMA ...,,,0,"['Education', 'maths']",27,
Wlqu73tnKXw,PLUS TWO |MATHS PRACTICAL EXAM| LAB 30- MAXIMA AND MINIMA | Previous year QN 2023 |,plusonemathematics #plustwopractica #lplustwopractical #plustwomathslab #mathslab #plustwoexam #studymotivation ...,,,0,"['Education', 'maths']",27,
absh6Z9Yqr4,CLASS 12 MAXIMA MINIMA IMPORTANT QUESTION🙋,education #math #maths #ncert #please #ncertsolutions #shortedu #trending #viral #shortvideo.,,,0,"['Education', 'maths']",27,
03QDlroi2tY,"12th ISC Mathematics CFPQ - AOD, Maxima Minima Part 3","Revise the basic concepts of AOD, Maxima Minima and then jump into this video to easily understand the CFPQs.. They are not ...",,,0,"['Education', 'maths']",27,
57dsxO_hgiI,Absolute maxima &Absolute minima without derivative #maxima#minima,This video is all about absolute maxima & Absolute minima without derivatives. watch complete video to clear your concepts with ...,,,0,"['Education', 'maths']",27,
iixBzptf75E,Maxima and Minima of a function || Basics Mathematics || NEET/ JEE,"In this video you will be able to learn the concept of Maxima and Minima in simple and easiest way. In mathematical analysis, the ...",,,0,"['Education', 'maths']",27,
dk8dX_yZotI,Maxima Minima ( Wire Sum ),"This Video Demo class is for Inter (SSC/CBSE/ICSE). Maths - Maxima & Minima. Regards, Deepak Kabra, KAMC TUITIONS, ...",,,0,"['Education', 'maths']",27,
pLbXKeTYa98,Second derivative test to find Maxima/Minima and its application (lecture-03) II Calculus,An Assamese lecture series on Maxima/Minima for B.Sc. / H.S. / Engineering Maths.,,,0,"['Education', 'maths']",27,
wkWacuTdNIM,Maxima Minima,Application of Derivative.,,,0,"['Education', 'maths']",27,
N74EyK_4xNI,Solving Maxima Minima - Part 2 | Algebra | Quantitative Aptitude Series,freecatcourse Master solving maxima minima questions with this tutorial for the CAT MBA exam. Learn the essential techniques ...,,,0,"['Education', 'maths']",27,
vxajE3YFoyw,NDA 1 2025 Maths Maxima and Minima -01 | NDA 1 2025 Best Classes Maths for NDA 1 2025 by Mukesh Sir,Welcome to Cadets Defence Academy You Can Call Us Now 📞 75993 67318 Conquer NDA 1 2025 Maths: Mastering Maxima ...,,,0,"['Education', 'maths']",27,
b8U2VB-LGis,Ch-2 Derivatives & Their Applications l Maxima-Minima l FYBCom Maths & Stats Sem-2 l Mukund Sir,"mukundpathakRani I'm Prof. Mukund Pathak I hold B.M.S. , Double M.Com (Accountancy), B.Ed, and 6 years College Experience ...",,,0,"['Education', 'maths']",27,
8spp3ZfyJ-U,Question of the Day | Algebra | Maxima Minima | Bharat Gupta #cat2023,"In this video, educator Bharat will discuss Maxima Minima Concepts from Algebra that will help you ace CAT 2023 exams.",,,0,"['Education', 'maths']",27,
5po-EGr58l4,ISC 2024 Specimen Mathematics Probability Maxima Minima Area under curve,Probability Maxima Minima Area under curve questions solved in detail.,,,0,"['Education', 'maths']",27,
djc12Aw0iuE,maxima minima bca bsc ele sem 1,"maxima minima extrema of functions sem1 maths bca, bsc electronics malayalam explanation bca sem 1 full chapters discussed ...",,,0,"['Education', 'maths']",27,
HmlMxX9Xo9g,চরম ও অবম মান in one shot 📚 Class 12 Math SN Dey Book 💥 Maxima and Minima in Bengali | SOE Bangla,চরম ও অবম মান in one shot 📚 Class 12 Math SN Dey Book 💥 Maxima and Minima in Bengali | SOE Bangla.,,,0,"['Education', 'maths']",27,
VG1dc_7_aAU,"Maxima & Minima | Application of Derivatives | Maths PYQs For NDA-1, 2024","Shaurya Warrior For NDA-1, 2024👉🏻 https://physicswallah.onelink.me/ZAZB/8a3mya0s Shaurya 1.0 For NDA-1, 2024👉🏻 ...",,,0,"['Education', 'maths']",27,
8KniSfz8BmI,Maxima minima,"Like, Share, Subscribe!!! Lecture Playlist:- For Solving Doubts, Assignments, Tests & Session PDF's. Download PD Sharma ...",,,0,"['Education', 'maths']",27,
QIBhsBTYWLU,12 maths maxima minima,,,,0,"['Education', 'maths']",27,
sTDooyt29to,"How to Analyze a Graph | Increasing, Decreasing, Maxima, Minima & Inflection Points","Master Graph Analysis with Step-by-Step Examples! Understanding how to analyze the graph of a function is crucial in algebra, ...",,,0,"['Education', 'maths']",27,
WHysiww6gmY,Maxima & minima | Lecture 7 | Application of Maxima Minima | Problems | Class 12th XII |,#JEEMains #JEEAdvanced #JEE2021 #JEE2022 #JEE2020 #IITJEEMathsLectures #JEE #JEEMainsPreparation #IITJEE ...,,,0,"['Education', 'maths']",27,
OxU6InpWIP0,"Maxima Minima (Local and Absolute)Maxima , Turning point,1st Order derivative test.","Definition of increasing Function, decreasing Function.Local maximum and minimum value . Absolute Maxima.First order ...",,,0,"['Education', 'maths']",27,
pVnubG0hnFs,Set theory or venn diagram based Maxima Minima Concept,Maxima Minima Concept based on Set theory or Venn diagram is very important for CAT exam not only in Quant section but more ...,,,0,"['Education', 'maths']",27,
#NAME?,CLASS 12 MAXIMA MINIMA very important sum on semi vertical angle of a cone | Foundation Mathematics,"This is a very important problem from the maxima minima portion of applications of derivatives part, which is not only important for ...",,,0,"['Education', 'maths']",27,
_deOxvM6Wjo,Maxima Minima Functions of Two Variables| GROUP B&C | GYMAT201| MAT101| S2 Maths 2024 scheme|Part 10,Module 1 Group B & C Partial Differentiation GYMAT 201 Mathematics for Physical Science #ktu #ktubtechmaths #ktutuition ...,,,0,"['Education', 'maths']",27,
6uRqB5lTxto,Application of Derivatives Class 12 | Part 2| One Shot | JEE Main & Advanced | Arvind Kalia Sir,... (definition) 8:52 Interval of Increase and decrease 53:44 Comparison using calculus 1:15:04 Maxima and Minima (Introduction ...,,,0,"['Education', 'maths']",27,
YUDf6Tdm3tE,APPLICATIONS OF DERIVATIVES: MAXIMA/MINIMA - EXAMPLE 5,"Given the area of a print, identify the dimensions of the paper. This is the fifth example in the series of application of derivatives.",,,0,"['Education', 'maths']",27,
8YLpffxZWbg,Maxima and minima 12th maths ncert solution in hindi upboard/12वीं गणित उच्चिष्ठ और निम्निष्ठ ex-6.1,Maxima and minima 12th maths ncert solution in hindi upboard/12वीं गणित उच्चिष्ठ और निम्निष्ठ ...,,,0,"['Education', 'maths']",27,
JZNWz5L0Vlg,Master Cadre Math/Science 2025 | Application of Derivative|Maxima & Minima Chetan Setia Best Lecture,"This is helpful for the students preparing for TGT PGT Math Exams, Master Cadre Math, Lecturer Cadre Math, DSSSB, HTET, ...",,,0,"['Education', 'maths']",27,
bEQuuSQz2LE,APPLICATION OF DERIVATIVE SHORT CUT TRICKS OF MAXIMA MINIMA FOR JEE MAIN/CET/AIRFORCE/NDA,APPLICATION OF DERIVATIVE SHORT CUT TRICKS OF MAXIMA MINIMA FOR JEE MAIN/CET/AIRFORCE/NDA for more videos ...,,,0,"['Education', 'maths']",27,
yL8VpZph0Bw,maxima & minima(उच्चिष्ट और निम्निष्ट) // BSc agriculture maths 1st semester #maths_111 #bscag,maxima & minima(उच्चिष्ट और निम्निष्ट) // BSc agriculture maths 1st semester #maths_111 #bscag ...,,,0,"['Education', 'maths']",27,
tlpLxxl7Yww,"Maxima, Minima, Point of inflection, Cost Minimization and Profit Maximization in Math economics","In this Video we are going to discuss about Maxima, Minima, point of inflection, cost minimization and profit maximization and ...",,,0,"['Education', 'maths']",27,
3yaioIWKleY,Important Question | Maxima & Minima | CBSE Exam 24-25 | Applied Maths Class 12,In this video sesion we will discusss important Questions for CBSE board Exam 2024 -25 for Applied maths class 12 Download ...,,,0,"['Education', 'maths']",27,
oS1r1clTLIg,Trigo Maxima & Minima Concept & Questions | SSC CGL Mains 2024 | By Prashant Sir | Prashant Maths |,Trigo Maxima & Minima Concept & Questions | SSC CGL Mains 2024 | By Prashant Sir | Prashant Maths | This video Prashant sir ...,,,0,"['Education', 'maths']",27,
BELH5Uh0kck,Revision of Maxima Minima || Part 1 || Applied Maths || Revision Series || Class XII || SenergyC3,Revision of Maxima Minima || Part 1 || Applied Maths || Revision Series || Class XII || SenergyC3 Revision of Chapter 1 - Alligation ...,,,0,"['Education', 'maths']",27,
lIaV-x-mK5w,Maxima Minima-03 || Examples based on mensuration || Class-12/IITJEE,For any query students can contact me on my what's app number 9990099484.,,,0,"['Education', 'maths']",27,
5I-4MpHnQWg,Maxima Minima of Quadratic Function | Algebra | Quantitative Aptitude Series,freecatcourse Master Maxima Minima of Quadratic Function with this tutorial for the CAT MBA exam. Learn the essential ...,,,0,"['Education', 'maths']",27,
_ZhiJiyQpSs,JEE: Basic Mathematics L5 | Maxima | Minima | Class 11 | Unacademy JEE | Physics | Namo Kaul,Unacademy JEE | JEE 2021 | JEE 2020 | JEE Mains 2021 | JEE Advanced 2021 | Physics | IIT JEE Physics | JEE Physics | NEET ...,,,0,"['Education', 'maths']",27,
PqVL-TiYV2w,"Maxima, Minima, Point of Inflection, and Critical Points (Hindi) | mswebtutor.com","maths #differentiation #derivatives #maxima #minima #pointofinflection #criticalpoint #mswebtutor Maxima, Minima, Point of ...",,,0,"['Education', 'maths']",27,
2-qWMfcDUj8,Maxima Minima AOD Case Study Question 12th A man has an expensive square shape piece of golden board,,,,0,"['Education', 'maths']",27,
ykDuKC2cHKk,Lecture 16 I Basic Maths | Numerical Application of Maxima Minima theorem,"I have been teaching IIT-JEE /NEET PHYSICS since 2003, I am Post Graduate in Physics. In these Years Of teaching my thousand ...",,,0,"['Education', 'maths']",27,
6Nk8YoHgnss,Application of Derivatives Class 12 Maths | NCERT Chapter 6 | CBSE JEE | One Shot |हिंदी में,... 1:57:21 Maxima and Minima 2:14:26 Local Maxima 2:18:23 Local Minima 2:22:47 Local Maxima and Minima: Theorem 2:27:31 ...,,,0,"['Education', 'maths']",27,
S-JkV0QLzCc,Maxima Minima Word Problems | Score Booster Series | Part 1 | Application Of Derivatives Class 12,Maxima Minima Word Problems | Score Booster Series | Part 1 | Application Of Derivatives Class 12 Your Queries:- maxima and ...,,,0,"['Education', 'maths']",27,
GfFpvwgAYfA,Engg maths- unit-2// Maxima-Minima old qst part-3,tnpsccivilengg. to download Basic formulas ...,,,0,"['Education', 'maths']",27,
CzSJVGGMMGM,Maxima and minima class 11 physics | maxima minima physics | maxima and minima physics class 11,Maxima and minima class 11 physics maxima minima physics maxima and minima physics class 11 maxima and minima physics ...,,,0,"['Education', 'maths']",27,
d36y2rzb6Cg,APPLICATION OF DERIVATIVES | MAXIMA/MINIMA | CLASS 12TH | APPLIED MATHS,FOR MORE INFO : https://appliedmaths.in/class-12-cbse-applied-maths-application-of-derivatives-exercise6.5 @vaibhavsir ...,,,0,"['Education', 'maths']",27,
DHUUANVr5qA,APPLICATIONS OF MAXIMA/MINIMA - EXAMPLE 1,This video is the first example in the series of applications of maxima/minima.,,,0,"['Education', 'maths']",27,
_Wj2v5HXQTA,AOD | MAXIMA MINIMA | WORD PROBLEMS | CLASS 12 MATHS | CBSE BOARD EXAM 2023 | STATE BOARDS,"To ensure complete revision for 2023 Maths board exam and 2023 CUET exam, a video series named SERIES OF 5 has been ...",,,0,"['Education', 'maths']",27,
qb-aTYF3uyw,maxima minima class 12 problems | find maximum value of two numbers multiply | ncert math |,maxima minima class 12 word problems | find maximum value of two numbers multiply | #maximaminima #differential ...,,,0,"['Education', 'maths']",27,
RSXl3zyAa88,Short cut tricks for application of derivatives maxima minima for DSSSB TGT PGT 2024 mathematics.,Hello everyone!!! Today's video consists of the few tricks to solve questions based on maxima and minima- application of ...,,,0,"['Education', 'maths']",27,
qwodwGQhR0k,Application of dy/dx | Maxima-Minima | Calculus for Machine Learning | Navratri Day-5,"Navratri Day-5 🤩 This lecture is a part of the 9 Days Series in which I will be teaching ""Calculus For Machine Learning"" on this ...",,,0,"['Education', 'maths']",27,
#NAME?,Maxima /Minima - Differential calculus,"Maxima /Minima - Differential calculus differential calculus review, differential calculus functions, differential calculus introduction, ...",,,0,"['Education', 'maths']",27,
G-mhjbelBuk,AOD | Maxima Minima-I | L-6 | For JEE,Application of Derivative for JEE Mains & Advance The derivative is defined as something which is based on some other thing.,,,0,"['Education', 'maths']",27,
sKeceYUPbl8,"Applications of Derivatives (Maxima, Minima and Point of Inflection)",Here is a video on the application of the first and second derivatives. Videos on Differential Calculus PARTIAL DIFFERENTIATION ...,,,0,"['Education', 'maths']",27,
7YEP8mx5w2E,Maximum & Minimum Value / Extreme Value l Mathematics l BCA-2nd Sem l CCSU l Easy Tricks Part-2 l,"Maximum & Minimum Value / Extreme Value l Mathematics l BCA-2nd Sem l CCSU l Easy Tricks Part-2 l maximum,liquid maximum ...",,,0,"['Education', 'maths']",27,
_bKYQGCsK6g,2# Maxima-Minima | Problems | First derivative test | IIT JEE | 11th | 12th Maths |,We discuss some interesting problems to find extrema using first derivative test. @anjulika For wavy curve method: ...,,,0,"['Education', 'maths']",27,
cYYN9pbEQ10,PROBLEM 3 | UNIT3 | MAXIMA MINIMA,Anna University solved questions - In unit 3 you can expect one part B question from Maxima and Minima .,,,0,"['Education', 'maths']",27,
mafdFfCg0JM,Lect#03 Maxima - Minima | GATE | Engineering Maths | By Sonal Sir,#gate2024 #gateelectricalengineering #gateelectronicengineering #gateclasses #gatecoaching2024 #gateenglish ...,,,0,"['Education', 'maths']",27,
OqlJ0JECtBA,"Lecture 43 | How to find the Extreme Values | Maxima, Minima, Stationary Points |MME Sem 1 Economics","Hello guys, this is the 43rd lecture in the series of classes for Mathematical Methods for Economics-1, which is part of the first ...",,,0,"['Education', 'maths']",27,
p1k7Cbo6Rk4,Lec 15 | Problem practice | maxima minima | part -1| Differential calculus,This video aims to make basic approach understandings to the problems of maxima and minima of very basic level.,,,0,"['Education', 'maths']",27,
ff0dAO9Qa2E,"1FY2-01, EM-I, Lecture 32- Problems on Maxima, Minima & Lagrange's Method (U4) by Dr. Raish Muhammad","Problems on maxima, minima and Lagrange's method of undetermined multipliers.",,,0,"['Education', 'maths']",27,
O2M9qPRhr0c,"Application of trigonometric,maxima,minima,","trigonometry ,maxima and minima for IIT-JEE very important concept learn with Raj kamal sir.",,,0,"['Education', 'maths']",27,
tycRZo-xNs8,MAXIMA MINIMA// WORD PROBLEM//EXAM SURE SHOT.,"LONG QUESTION MAXIMA MINIMA EXAM SURE SHOT, WORD PROBLEM.",,,0,"['Education', 'maths']",27,
ZiAMZErcolw,"!! Maxima , minima and application of maxima , minima for class 12 th and jee aspirants","This video is divided into two parts ,👉 First half based upon only maxima and Minima and second half based on application of ...",,,0,"['Education', 'maths']",27,
dKJ9GRUkolA,JEE II APPLICATION OF DERIVATIVE L-16 II APPLICATION OF MAXIMA MINIMA PART-02 II RGL SIR II,RGL SIR presents APPLICATION OF MAXIMA MINIMA PART-02 THEORY OF THE CHAPTER APPLICATION OF DERIVATIVE to ...,,,0,"['Education', 'maths']",27,
cnpLGJyDeu8,Calculus Maxima/Minima Problem involving Cylinder,smartalexcoaching #mathematics #tutoring #calculus A typical calculus maxima/minima problem. A closed cylindrical container ...,,,0,"['Education', 'maths']",27,
7cAGYqZalNc,Class 12 Maths Maxima And Minima | Board Exam 2025 | Maths Imp Topic Series By RWA,Class 12 Maths Maxima And Minima | Board Exam 2025 | Maths Imp Topic Series By Amit Sir Join us for a comprehensive live ...,,,0,"['Education', 'maths']",27,
LXiRwCDEbVM,Maxima minima - second derivative test,Application of derivative.,,,0,"['Education', 'maths']",27,
kBTC_giSf_4,Numerical differentiation part-IV (Maxima/minima of a tabulated function and differentiation,Numerical differentiation part-IV (Maxima and minima of a tabulated function and differentiation errors),,,0,"['Education', 'maths']",27,
HJJ1dFptHH4,"Maxima, minima and saddle points","Worked example for critical points. You also should find the z function values at the end!! - so need to sub in f(0,0), f(0,2), f(-1,1), f(1 ...",,,0,"['Education', 'maths']",27,
l3PccIsg-uE,Calculus | Maxima Minima | GATE Mathematics | Mechanical Engineering,Calculus | Maxima Minima | GATE Mathematics | Mechanical Engineering #gate #mathematics.,,,0,"['Education', 'maths']",27,
kl3SN3xndI8,Lecture 10 - Maxima - Minima,"Lecture series on Mathematics-1 by Prof S.K.Ray, Department of Mathematics and Statistics IIT Kanpur For more details on NPTEl, ...",,,0,"['Education', 'maths']",27,
wTb_pXx7F8w,Lec 16 | Problem Practice | Maxima Minima | part -2| differential calculus,This video aims to make basic approach understandings to the problems of maxima and minima of very basic level.,,,0,"['Education', 'maths']",27,
ubxffNXmD3A,"Maxima, Minima and Saddle Points (Part 1) | Engineering Mathematics | S Chand Academy",This video is about finding Maxima and Minima situations in real life problems. The two major real life problems how to maximize ...,,,0,"['Education', 'maths']",27,
8KpztFwAZIU,Maxima minima case study problem,Maxima minima case study problem.,,,0,"['Education', 'maths']",27,
6oycNrCennE,"Wave Optics | L4 | Linear and Angular Positions of Maxima, Minima | Fringe Width | Conditions","In this detailed lecture, we discuss the angular and linear positions of maxima and minima expected to form when wave from two ...",,,0,"['Education', 'maths']",27,
OdUNS1WVQPY,Optimization Problems | Problems Involving Minima & Maxima || Differential Calculus in Filipino,#MATHuklasanWithSirRam #OptimizationProblems #DifferentialCalculusinFilipino.,,,0,"['Education', 'maths']",27,
9rx5O6KIB50,How to find maxima and minima in hindi। trick। maxima minima। trigonometry ratio। msgm department,vashishthyadav #maximaminimatrick #msgmdepartment.,,,0,"['Education', 'maths']",27,
AYmDbsZGLQw,AOD 13 ( App Maxima-Minima 06 ) || Mehta Classes || LIVE CLASSES ( Monday - Friday ),"Learn 9th, 10th, 11th & 12th All Subjects To Download the Application Go to the play store and search MEHTA CLASSES Android ...",,,0,"['Education', 'maths']",27,
_PHNtpApqBc,Complete Maxima & Minima in One Video | One Shot Revision for CAT 2024 | CAT 2024 DILR Preparation,"In this session, we'll cover: 🔹 Key concepts and theories of Maxima & Minima 🔹 Problem-solving strategies for quick and efficient ...",,,0,"['Education', 'maths']",27,
hncJjaoM13g,Practice questions on Maxima Minima of two variables part 2,Important questions on Maxima Minima of function of two variables.,,,0,"['Education', 'maths']",27,
tURV8IAGOG0,"Increasing - Decreasing , Maxima- Minima // 10 objective// 7 minutes.",Objective questions of Increasing Decreasing Maxima Minima.,,,0,"['Education', 'maths']",27,
#NAME?,"Maxima Minima F(x,y) Multivariable function",Maxima minima of the function of two variables.,,,0,"['Education', 'maths']",27,
S1wv0itxy8c,Happy New Year🥳|2023|Ncert Maths|Application of derivatives|Maxima/Minima Que 23|Important,Happy New Year🥳|2023|#Ncert Maths|#Application of derivatives|#Maxima/Minima #Que 23|Important @v-onemaths #kvs #pgt ...,,,0,"['Education', 'maths']",27,
_KjuA-95D-I,JEE II APPLICATION OF DERIVATIVE L-15 II APPLICATION OF MAXIMA MINIMA PART-01 II,RGL SIR presents APPLICATION OF MAXIMA MINIMA PART-01 THEORY OF THE CHAPTER APPLICATION OF DERIVATIVE to ...,,,0,"['Education', 'maths']",27,
3BCezcWR9w4,Maxima & Minima | By Mahesh Sir,It is sub topic under application of derivatives which use to find out maximum and minimum value of any functions.,,,0,"['Education', 'maths']",27,
pl8I83asOTs,DIFFERENTIATION & MAXIMA-MINIMA,Class-11th Unit-0( Mathematical Tools) Topics:- - Differentiation - Maxima & Minima.,,,0,"['Education', 'maths']",27,
kiikAkWBX6Q,Second Derivative Test | Relative (Local) Minima & Maxima || Differential Calculus in Filipino,#MATHuklasanWithSirRam #RelativeMinimaMaxima #DifferentialCalculusinFilipino.,,,0,"['Education', 'maths']",27,
UKneq9ZJ5u8,How to find Maxima and Minima? | Quick Solutions by GP Sir,"How to find Maxima and Minima? | Quick Solutions by GP Sir ------------------------ Get CSIR NET, IIT JAM, GATE, RPSC Courses, ...",,,0,"['Education', 'maths']",27,
2ualHlmzvaQ,PROBLEM 2 | UNIT3 | MAXIMA MINIMA,Anna University solved questions - In unit 3 you can expect one part B question from Maxima and Minima .,,,0,"['Education', 'maths']",27,
b1mi7A5GNm8,Maxima & minima | word problems | application of derivatives | Class 12 | #education #cbse,"Hey Science Fans! Welcome to Rankplus – the go-to place for classes 9-12 CBSE Board exams and all things Physics, Chemistry, ...",,,0,"['Education', 'maths']",27,
p_6edfPlt8U,CYLINDER INSCRIBED IN SHPERE HEIGHT EQUAL TO ROOT 2 R PROOF Maxima and minima applications of deriv,INTER MATH APPLICATIONS OF DERIVATIVES MAXIMUM SURFACE AREA OF CYLINDER INTER FIRST YEAR MATHS ...,,,0,"['Education', 'maths']",27,
JAf_aSIJryg,Partial Derivatives - Multivariable Calculus,This calculus 3 video tutorial explains how to find first order partial derivatives of functions with two and three variables. It provides ...,,,0,"['Education', 'maths']",27,
Kp7sSp5Kn7o,Difference Between Partial and Total Derivative,https://www.youtube.com/playlist?list=PLTjLwQcqQzNKzSAxJxKpmOtAriFS5wWy4 Books by Alexander Fufaev: ...,,,0,"['Education', 'maths']",27,
AXqhWeUEtQU,"Partial derivatives, introduction",Partial derivatives tell you how a multivariable function changes as you tweak just one of the variables in its input. About Khan ...,,,0,"['Education', 'maths']",27,
ly4S0oi3Yz8,But what is a partial differential equation? | DE2,Timestamps: 0:00 - Introduction 3:29 - Partial derivatives 6:52 - Building the heat equation 13:18 - ODEs vs PDEs 14:29 - The ...,,,0,"['Education', 'maths']",27,
AXH9Xm6Rbfc,Partial Derivatives and the Gradient of a Function,"We've introduced the differential operator before, during a few of our calculus lessons. But now we will be using this operator ...",,,0,"['Education', 'maths']",27,
1zNekpe04gY,Ordinary Differential Equation Engineering Mathematics | Partial Differential Equations,Ordinary Differential Equation engineering Mathematics Ordinary Differential equation of first order Ordinary Differential Equations ...,,,0,"['Education', 'maths']",27,
VIMZq5x4Wqk,PARTIAL DIFFERENTIATION|ONE SHOT |ALL UNIVERSITY|ENGINEERING MATHEMATICS|PRADEEP GIRI SIR,PARTIAL DIFFERENTIATION|ONE SHOT |ALL UNIVERSITY|ENGINEERING MATHEMATICS|PRADEEP GIRI SIR ...,,,0,"['Education', 'maths']",27,
sMFLOxBm4jg,Differential Calculus | Partial Differentiation Example & Solution By GP Sir,Differential Calculus | Partial Differentiation Example & Solution By GP Sir will help Engineering and Basic Science students to ...,,,0,"['Education', 'maths']",27,
xnhz1Ngr4w8,Partial Derivatives (Quick Example),Disclaimer: This video is for entertainment purposes only and should not be considered academic. Though all information is ...,,,0,"['Education', 'maths']",27,
le_jBekWj6I,What is a partial derivative?,What is a partial derivative? Welcome to one of the most important concepts of multivariable calculus: partial derivatives.,,,0,"['Education', 'maths']",27,
RVwcBGzQcT8,Oxford Calculus: Partial Differentiation Explained with Examples,University of Oxford Mathematician Dr Tom Crawford explains how partial differentiation works and applies it to several examples.,,,0,"['Education', 'maths']",27,
pHVTZHOqyss,Partial Derivatives - Engineering Mathematics (Semester -I) Part-1,Introduction to Partial Derivatives - Engineering Mathematics (Semester -I) This video is just an introduction of partial derivatives.,,,0,"['Education', 'maths']",27,
EkZGBdY0vlg,Calculus 3 Lecture 13.3: Partial Derivatives (Derivatives of Multivariable Functions),Calculus 3 Lecture 13.3: Partial Derivatives (Derivatives of Multivariable Functions): How to find the slope of a tangent line to a ...,,,0,"['Education', 'maths']",27,
LCxXPS81cJ4,Complete video on Partial Differentiation Engineering Mathematics in Hindi,This is a complete video on Partial Differentiation Engineering Mathematics 1 in Hindi. 0:00 Normal vs Partial Differentiation 3:15 ...,,,0,"['Education', 'maths']",27,
ZtTDs2FZ2Qw,Manzil 2025: MATRICES in One Shot: All Concepts & PYQs Covered | JEE Main & Advanced,00:00 - Introduction 13:19 - Topics to be covered 16:33 - Matrix Definition 26:01 - Order of a matrix 39:13 - Types of matrices ...,,,0,"['Education', 'maths']",27,
o8T4ZG08q8g,Complex Numbers FULL CHAPTER | Class 11th Maths | Arjuna JEE,Playlist ✨ https://www.youtube.com/playlist?list=PL9tzqmHNezzDzB7DiCwyEYpBJYCSUCuzc ...,,,0,"['Education', 'maths']",27,
db7d_a0wiUg,Double Integral & Area By Double Integration | Multiple Integral,... Analysis: https://bit.ly/3vnBk8D ▶️Differential Equation: https://bit.ly/38FnAMH ▶️Partial Differentiation: https://bit.ly/3tkNaOV ...,,,0,"['Education', 'maths']",27,
XipB_uEexF0,Chain Rule With Partial Derivatives - Multivariable Calculus,This multivariable calculus video explains how to evaluate partial derivatives using the chain rule and the help of a tree diagram.,,,0,"['Education', 'maths']",27,
sz23zE9wWJw,VITEEE 2025 | Differentiation and Application | Maths Day 14 | Janasruthi Ma'am,Download Differentiation and Application Practice Questions Pdf https://vdnt.in/short?q=GRXSe ✓Fill the Form ...,,,0,"['Education', 'maths']",27,
o1mOK22wyu0,Lec 6.1 Partial Differentiation Intro,"In this lecture video, we discuss about partial differentiation. -- Thumbnail from Canva.",,,0,"['Education', 'maths']",27,
tGjEwHee__s,"If α,β are the roots of the equation x2-2x+4=0: Prove that α^n+β^n=2^n+1Cosnπ/3 |De Moivre's Theorem","If α,β are the roots of the equation x²-2x+4=0: Prove that α^n+β^n=2^n+1Cosnπ/3 |De Moivre's Theorem TRIGONOMETRY  | Degree ...",,,0,"['Education', 'maths']",27,
eTp5wq-cSXY,Partial Differentiation Example And Solution | Multivariable Calculus,This video lecture of Partial Differentiation Example and Solution | Multivariable Calculus by GP Sir will help Engineering and ...,,,0,"['Education', 'maths']",27,
ID1FUnp_b6k,Concept of Partial Differentiation II Differential calculus II Lecture--7 II #differentialcalculus,"Namaste to all Friends, This Video Lecture Series presented By VEDAM Institute of Mathematics. It is Useful to all students of ...",,,0,"['Education', 'maths']",27,
3el8XsxI6C8,How to find Partial Derivative of a function,"In mathematics, a partial derivative of a function of several variables is its derivative with respect to one of those variables, with the ...",,,0,"['Education', 'maths']",27,
pAb1autRHGA,Partial Differentiation in Hindi,"This video lecture""Partial Differentiation in Hindi"" of unit-2 of Mathematics-I helps students to understand: 1. What is partial ...",,,0,"['Education', 'maths']",27,
5jbVdXutZME,Partial Derivative | 1st Order | Function of 2 Variable | Numericals | Maths,partial derivatives of 1st order with examples are explained. #Maths1 #all_university @gautamvarde.,,,0,"['Education', 'maths']",27,
g-7VjUQiFwc,L-9 PARTIAL DIFFERENTIATION | ENGINEERING MATHEMATICS | PARTIAL DERIVATIVE EXAMPLES |1ST & 2ND ORDER,DIFFERENTIAL CALCULUS-I B. Sc | M. Sc | B. Tech ENGINEERING MATHEMATICS-1 (UNIT-2) DIFFERENTIAL CALCULUS-I ...,,,0,"['Education', 'maths']",27,
m1nL-ns2dMk,multivariable calculus|partial derivatives|basics|introduction|1st order 2nd order#btechmaths #btech,,,,0,"['Education', 'maths']",27,
SbfRDBmyAMI,❖ Finding Partial Derviatives ❖,In this video we look at finding partial derivatives in calculus. I show three examples of finding all the partial derivatives for a given ...,,,0,"['Education', 'maths']",27,
m2SogX3AtjI,How to do PARTIAL DIFFERENTIATION (Hindi),I Help students for Online Exams/assignment/tuition • Engg Maths • Mechanical (All Subjects) • other subjects ab se SEMESTER ...,,,0,"['Education', 'maths']",27,
le_jBekWj6I,What is a partial derivative?,What is a partial derivative? Welcome to one of the most important concepts of multivariable calculus: partial derivatives.,,,0,"['Education', 'maths']",27,
#NAME?,PARTIAL DIFFERENTIATION MULTIVARIABLE CALCULUS LECTURE 1 IN HINDI @TIKLESACADEMY,Visit My Other Channels : @TIKLESACADEMY @TIKLESACADEMYOFMATHS @TIKLESACADEMYOFEDUCATION TODAY WE ...,,,0,"['Education', 'maths']",27,
XipB_uEexF0,Chain Rule With Partial Derivatives - Multivariable Calculus,This multivariable calculus video explains how to evaluate partial derivatives using the chain rule and the help of a tree diagram.,,,0,"['Education', 'maths']",27,
6Wi1kT9kR1M,Continuity vs Partial Derivatives vs Differentiability | My Favorite Multivariable Function,"In single variable calculus, a differentiable function is necessarily continuous (and thus conversely a discontinuous function is not ...",,,0,"['Education', 'maths']",27,
dfvnCHqzK54,Partial derivatives and graphs,One of the best ways to think about partial derivatives is by slicing the graph of a multivariable function. About Khan Academy: ...,,,0,"['Education', 'maths']",27,
_T7rcF1mrIw,PARTIAL DIFFERENTIATION|ALL BASIC CONCEPTS|Lecture1|ENGINEERING Mathematics|B.sc,PARTIAL DIFFERENTIATION|ALL BASIC CONCEPTS|Lecture 01 |ENGINEERING Mathematics|B.sc|Pradeep Giri Academy ...,,,0,"['Education', 'maths']",27,
f1RU9AzTWyg,Perform Implicit Differentiation Using Partial Derivatives,This video explains how to find dy/dx of an implicit equation of two variables using partial derivatives.,,,0,"['Education', 'maths']",27,
VjYtfVhkg7Y,Partial Derivatives - Introduction,Social Media Links : Facebook Page : https://www.facebook.com/dryasserkhan Instagram ...,,,0,"['Education', 'maths']",27,
fo7FdA5Bmzk,Partial Differentiation | Partial Differentiation Engineering Mathematics | Partial Derivatives Gate,DIFFERENTIAL CALCULUS-II ENGINEERING MATHEMATICS-1 (MODULE-3) LECTURE CONTENT: u=e^xyz partial ...,,,0,"['Education', 'maths']",27,
tt9iq5uUqf8,Partial derivatives Part 1 (Mathematical Economics),"Partial derivatives Part 1 (Mathematical Economics) for more videos related to this topic, contact at 7979978389 Centre for offline ...",,,0,"['Education', 'maths']",27,
HdhduLBu5Jc,Partial Derivatives (Tagalog/Filipino Math),Hi guys! This video discusses about partial derivatives. When we take partial derivatives of more than one variable with respect to ...,,,0,"['Education', 'maths']",27,
GkB4vW16QHI,Gradients and Partial Derivatives,3D visualization of partial derivatives and gradient vectors. My Patreon account is at https://www.patreon.com/EugeneK.,,,0,"['Education', 'maths']",27,
67gkzfLkYm0,Partial derivatives in Telugu || Root Maths Academy,PartialDifferentiationinTelugu How to Learn Mathematics in 30 days this is an Ad for App Course from Root Maths Academy Root ...,,,0,"['Education', 'maths']",27,
_f_Mp8mOpe4,Calculus 3: Partial Derivatives (Video #13) | Math with Professor V,Definition and introduction to partial derivatives. Various options for notation and examples finding partial derivatives for functions ...,,,0,"['Education', 'maths']",27,
84LKhVP6J9c,Partial Differentiation: Distinguishing Stationary Points,This video is about criteria for distinguishing the different types of stationary points for a function of more that one independent ...,,,0,"['Education', 'maths']",27,
J08-L2buigM,Symmetry of second partial derivatives,"There are many ways to take a ""second partial derivative"", but some of them secretly turn out to be the same thing. About Khan ...",,,0,"['Education', 'maths']",27,
16kPoFMaUZo,Higher Order Partial Derivatives,We discuss higher order partial derivatives and establish the equality of mixed partial derivatives. We also give several examples ...,,,0,"['Education', 'maths']",27,
ar9SeJpbPI8,Partial derivatives of vector fields,How do you intepret the partial derivatives of the function which defines a vector field?,,,0,"['Education', 'maths']",27,
A5GtMC2fXIY,🟡06 - First Order Partial Derivatives of functions of Several Variables,In this lesson we shall look learn how to find the first order partial derivatives of functions of several variables. We shall look at how ...,,,0,"['Education', 'maths']",27,
hI4r5DEm1Og,First Order Partial Derivatives,http://mathispower4u.wordpress.com/,,,0,"['Education', 'maths']",27,
HmGta1QMyzg,Partial Derivatives 2 Marks MA3151 Matrices and Calculus Unit 3 Functions of Several variables,,,,0,"['Education', 'maths']",27,
AWrXr9ozeOU,Calculus: Higher Order Partial Derivatives,Thanks to all of you who support me on Patreon. You da real mvps! $1 per month helps!! :) https://www.patreon.com/patrickjmt !,,,0,"['Education', 'maths']",27,
M3InYKR7MGs,Higher Order Partial Derivatives (Tagalog/Filipino Math),Hi guys! This video discusses about the higher order partial derivatives. We will solve several examples on how to find higher ...,,,0,"['Education', 'maths']",27,
glwDpYFg1YQ,Total vs partial derivatives,Partial derivatives involve only individual components. Total derivatives are the derivatives of an objective or constraint with ...,,,0,"['Education', 'maths']",27,
bZeBcf95-XM,"Partial derivatives for B.Tech, Engg., B. Sc, B.C.A, B. B. A...",,,,0,"['Education', 'maths']",27,
1CMDS4-PKKQ,Partial derivatives | Multivariable Calculus | Khan Academy,Introduction to partial derivatives. Watch the next lesson: ...,,,0,"['Education', 'maths']",27,
D-Glbr4f0Z0,Partial differentiation: higher derivatives,This video introduces higher and mixed partial derivatives. Various examples are worked through in detail.,,,0,"['Education', 'maths']",27,
WOW8DAlJJWc,Partial Derivatives | Product Rule,"In this example problem, we take the partial derivatives of a function that is a product by using the product rule and finding the ...",,,0,"['Education', 'maths']",27,
rPepjYszuO0,Partial Differentiation of Vectors Examples,,,,0,"['Education', 'maths']",27,
EIfKPsgFw7A,2. Second Order Partial differentiation,Here we introduce second order partial drivatives.,,,0,"['Education', 'maths']",27,
P-14WEZ72gQ,Partial Derivatives in urdu -Calculus 3 -Maths zahra lectures,Partial Derivatives in urdu -Calculus 3 -Maths zahra lectures #calculus #vectorfunction #partial_differentiation #derivatives Limits ...,,,0,"['Education', 'maths']",27,
xK04qQt2bpE,PARTIAL DERIVATIVE | BECC 102 | MEC 103 | MATHEMATICAL ECONOMICS | UGC NET |,"Hello everyone , In this video I have explained about the partial derivative. LINK TO DOWNLOAD THE APP ...",,,0,"['Education', 'maths']",27,
2Mf_8H9u3nw,PARTIAL DIFFERENTIATION|PARTIAL DERIVATIVE OF HIGHER(Second)ORDER|Lecture 06|MATHEMATICS,PARTIAL DIFFERENTIATION|PARTIAL DERIVATIVE OF HIGHER ORDER|Lecture 06|MATHEMATICS |b.sc|engineering|Pradeep ...,,,0,"['Education', 'maths']",27,
7LkrZS7dg0s,What Is Partial Differentiation || Difference between Partial & Normal Differentiation || Engg Maths,What Is Partial Differentiation || Difference between Partial & Normal Differentiation || Engg Maths The process of finding the partial ...,,,0,"['Education', 'maths']",27,
6tQTRlbkbc8,Lecture 05: Partial Derivatives-I,"partial derivatives, continuity and differentiability of two variable functions.",,,0,"['Education', 'maths']",27,
znX1uwJ1Iso,What is Partial Derivative | Geometrical interpretation | partial derivative vs derivative,"hello friends , in this video we will learn following concepts 1. what is partial derivative. 2. geometrical interpretation of partial ...",,,0,"['Education', 'maths']",27,
GzhCatOzCj0,Higher Order Partial Derivative | Higher Order Partial Differentiation #excellenceacademy #jonah,"This video explains the concept of higher order partial derivative and higher order partial differentiation. In this video, you will ...",,,0,"['Education', 'maths']",27,
OBELQIPH5xY,Implicit Differentiation With Partial Derivatives Using The Implicit Function Theorem | Calculus 3,This Calculus 3 video tutorial explains how to perform implicit differentiation with partial derivatives using the implicit function ...,,,0,"['Education', 'maths']",27,
oTFILKGKorA,Partial Differentiation: Partial Derivatives of a function of more than one variable,"We take a look at objective two: Partial derivative of a function of more than one variable. Our example pegs on a function Z, ...",,,0,"['Education', 'maths']",27,
RLDxIOq_6FM,Partial differentiation : IITJEE/NEET,Useful for IITJEE/NEET physics.,,,0,"['Education', 'maths']",27,
#NAME?,Partial Differentiation in Bangla | First & Second order Partial derivatives,"Partial Differentiation in Bangla | First & Second order Partial derivatives If you watch full video, you learn how to find out partial ...",,,0,"['Education', 'maths']",27,
KdVBfxGxUhU,Higher Order Partial Derivatives,Second and higher order partial derivatives are defined analogously to the higher order derivatives of univariate functions.,,,0,"['Education', 'maths']",27,
jHMmzVUe6sw,Partial Differentiation (Basics) | Economics Live,Partial Differentiation (Basics) Website : https://www.economicslive.com Support us : Facebook ...,,,0,"['Education', 'maths']",27,
gxVRCEwibRM,Economic Applications of Partial Differentiation,"This video goes through the economic applications of partial differentiation. In particular, we explain the concept of marginal utility, ...",,,0,"['Education', 'maths']",27,
ZRUWGpZHHUs,Implicit Partial Differentiation for Multi - valued Functions,Here's a video on how to solve implicit partial differentiation for multi - valued functions Videos on Differential Calculus PARTIAL ...,,,0,"['Education', 'maths']",27,
rv4v4N3j5pM,Implicit Differentiation with Partial Derivatives | Multi-Variable Calculus,"Using chain rule to provide a more complete description of implicit differentiation learned previously. Noteably, the use of the ...",,,0,"['Education', 'maths']",27,
0jEE3XrNp5g,Calculus 3: how to find all second partial derivatives,Calculus 3 tutorial covering how to find all the second partial derivative of a multivariable function. Subscribe to ...,,,0,"['Education', 'maths']",27,
GJH9x3csMdI,Difference between partial and total derivative | Partial derivative equations | Total derivative,differencebetweenpartialandtotalderivative #partialderivativeequations #totalderivative What is the difference between partial ...,,,0,"['Education', 'maths']",27,
eOcyeDm3TP8,🟡08 - Implicit Differentiation for Partial Derivatives of (Multivariable Functions),"08 - Implicit Differentiation for Partial Derivatives of (Multivariable Functions) In this lesson, we shall learn how to use implicit ...",,,0,"['Education', 'maths']",27,
8ifdasKD83g,Partial Derivatives | Simple Example | in 3 minutes | Tamil - தமிழில்,"Hello Everyone! In this video, I'll be going to explain Partial Derivatives in 3 minutes with a simple example in Tamil ...",,,0,"['Education', 'maths']",27,
v289o8x0abM,Partial Derivatives | Concepts and Examples,"This lecture explains the Partial Derivatives, Concepts and Examples.",,,0,"['Education', 'maths']",27,
2iC47fxnSUs,PARTIAL DERIVATIVES | Engineering Mathematics ONESHOT | M1 Complete Revision | Ganitank 2025,This course provides a comprehensive introduction to engineering mathematics for first-year students at Pune & Mumbai ...,,,0,"['Education', 'maths']",27,
2Mf_8H9u3nw,PARTIAL DIFFERENTIATION|PARTIAL DERIVATIVE OF HIGHER(Second)ORDER|Lecture 06|MATHEMATICS,PARTIAL DIFFERENTIATION|PARTIAL DERIVATIVE OF HIGHER ORDER|Lecture 06|MATHEMATICS |b.sc|engineering|Pradeep ...,,,0,"['Education', 'maths']",27,
J3MagZ26YQA,Partial differentiation (MATHEMATICS N6),This video focuses on first part of the two parts on differentiation in maths n6. first part is partial differentiation. The second part is ...,,,0,"['Education', 'maths']",27,
OK88BFOKqQA,Partial derivatives//Introduction to Partial differentiation | M1 | B.TECH | JNTU,"engineering mathematics 1, presents Partial Differentiation . In this video we explain about Partial Differentiation.This video is ...",,,0,"['Education', 'maths']",27,
P-14WEZ72gQ,Partial Derivatives in urdu -Calculus 3 -Maths zahra lectures,Partial Derivatives in urdu -Calculus 3 -Maths zahra lectures #calculus #vectorfunction #partial_differentiation #derivatives Limits ...,,,0,"['Education', 'maths']",27,
Vzx9rnoIo6g,What is Difference Between Normal and Partial differentiation||what is partial differentiation?,What is Difference Between Normal and Partial differentiation||what is partial differentiation? My instagram- ...,,,0,"['Education', 'maths']",27,
N75l6erKB7Q,Simple example to find Partial Derivatives 𝑺𝒊𝒏(𝟐𝒙+𝟑𝒚^𝟐) | Partial Differentiation| Dr Prashant Patil,"In this video, partial derivatives of 𝑺𝒊𝒏(𝟐𝒙+𝟑𝒚^𝟐) are discussed up to the second order in simple and detailed steps.",,,0,"['Education', 'maths']",27,
PDvPytQc7h0,Partial Differentiation of Vector | Vector Calculus | Example,"In mathematics, a partial derivative of a function of several variables is its derivative with respect to one of those variables, with the ...",,,0,"['Education', 'maths']",27,
w4zHG9g3Bwc,1. Partial Differentiation - Small changes 1,Here we look at the change in some quantity when there are small changes in all variables associated with this quantity.,,,0,"['Education', 'maths']",27,
Iay_RkRPMHY,Calculus 3: Partial Derivative (9 of 30) Find the Partial Derivative: Example 5,"In this video I will find the partial derivative with-respect-to x, y, and z of f(x,y,z)=[x(y^2)]/[(x^2)+2(z^3)]. Next video in the series can ...",,,0,"['Education', 'maths']",27,
NW4xqfzO5hM,N6 Partial Differentiation,,,,0,"['Education', 'maths']",27,
rgp6x8NFGxQ,Partial Derivative of z = cos(xy),"Partial Derivative of z = cos(xy) If you enjoyed this video please consider liking, sharing, and subscribing. You can also help ...",,,0,"['Education', 'maths']",27,
TZwI4D_87ng,Partial Differentiation |Group B&C| Maths for Electrical &Physical Science 2|GYMAT201| MAT101|Part 1,Partial Differentiation | Linear algebra and Calculus | Module 2| MAT101 | S1| KTU Maths Part 1 Multivariable ...,,,0,"['Education', 'maths']",27,
U7HQ_G_N6vo,"Gradient 1 | Partial derivatives, gradient, divergence, curl | Multivariable Calculus | Khan Academy",Introduction to the gradient Watch the next lesson: ...,,,0,"['Education', 'maths']",27,
wmV4CMDfcAY,Application of Partial Differentiation in Small Changes,"In this video, we apply partial derivatives to develop a general formular for small changes in functions of more than one variable.",,,0,"['Education', 'maths']",27,
EwvzSFSBqQ0,What is Partial Differentiation? | Mathematical Economics | Ecoholics,Get a better understanding of partial differentiation with Ecoholics. Here partial difference is explained in a way which is easy to ...,,,0,"['Education', 'maths']",27,
I2758fT1cYU,Partial Derivatives | 2nd Order | Function of 2 Variable | Numericals | Maths 1,Partial derivatives of 2nd order is explained with examples. #Maths1 #all_university @gautamvarde.,,,0,"['Education', 'maths']",27,
-r-soRuqGuE,Thermodynamics & Partial Derivatives,"This video, prepared on the iPad through Doceri, introduces the representation of partial derivatives in thermodynamic systems.",,,0,"['Education', 'maths']",27,
iNZo_yD5PQQ,MCQ's On Partial Differentiation with solution and pdf By #PhysicsPassion,"Don't forget to LIKE,SHARE & SUBSCRIBE. THANKS FOR WATCHING.....#Physicspassion.",,,0,"['Education', 'maths']",27,
Dfrh0OoZ86o,Partial Derivatives Tagalog,PartialDerivatives#DifferentialCalculus.,,,0,"['Education', 'maths']",27,
ocaRNMBzcQc,Calculus 1 - Partial Derivatives (Differential Calculus),A video discussing Partial Derivaitves in Tagalog. Designed for Flipped Classroom. All the glory belongs to God alone!,,,0,"['Education', 'maths']",27,
q27Ri-j5XNM,Partial Derivatives - Total Derivatives,Social Media Links : Facebook Page : https://www.facebook.com/dryasserkhan Instagram ...,,,0,"['Education', 'maths']",27,
bVoPB7fSl54,Partial Differentiation with Composite Function Problem #1 - Engineering Mathematics,Watch More 👇 📁 Downloadable Resources: 📝 Partial Differentiation with Composite Function - [ Pdf] 📌Playlist 21MAT41: ...,,,0,"['Education', 'maths']",27,
a-a7FaA7voQ,14.3: Partial Derivatives,"Objectives: 5. Define the partial derivatives, fx(x,y) and fy(x,y). 6. Compute higher-order partial derivatives.",,,0,"['Education', 'maths']",27,
naHdegK57dg,Partial Derivatives of z =e^(xy),"Partial Derivatives of z =e^(xy) If you enjoyed this video please consider liking, sharing, and subscribing. You can also help ...",,,0,"['Education', 'maths']",27,
erQaVXFiLC4,Chain Rule | Partial Derivative | Implict Functions | Examples,This lecture explains How to calculate the volume of a solid region by #doubleintegrals. Other videos @DrHarishGarg Limits of ...,,,0,"['Education', 'maths']",27,
HUtkhjeO67k,Partial Derivative | Chain Rule #jonahemmanuel #excellenceacademy,"This video explains the concept of partial derivative using chain rule. In this video, you will learn the step by step process on how ...",,,0,"['Education', 'maths']",27,
Y0Zdw4NI8EE,PDE Part-4 Partial differentiation,This video is about Gradient and the definition of partial differentiation.,,,0,"['Education', 'maths']",27,
ZTlLwuq3xJU,18. Partial Derivatives | Problem#1 | Most Important Problem | Partial Differentiation,"Get complete concept after watching this video Topics covered under playlist of Partial Differentiation: Partial Derivatives, Euler's ...",,,0,"['Education', 'maths']",27,
XUjRHJkZing,Mathematics N6 Differentiation November 2023 Question 1 Partial Differentiation @mathszonetv,Mathematics N6. Mathematics N6 Differentiation . Mathematics N6 Differentiation November 2023 . #maths #engineering #maths ...,,,0,"['Education', 'maths']",27,
3HMczdA7w9M,Estimating partial derivatives using level curves,How to determine the sign of second-order partial derivatives given the graph of level curves or contours.,,,0,"['Education', 'maths']",27,
Rms-kNWpaHE,Partial Derivative | Function Of Two Variable | Examples By Limit Definition,This video lecture of Partial Derivative | Two Variable Function | Multivariable Calculus | Examples & Solution By Definition ...,,,0,"['Education', 'maths']",27,
5fCux99LImY,Second Order and Partial Differentiation || Mathematical Economics || Dr. Atman Shah,This video explains the process of computing the second order and partial differentiation with numerical examples. Telegram ...,,,0,"['Education', 'maths']",27,
OOU23usdmfk,Partial Differential Equations Introduction || Order of PDE || PDE Introduction in Telugu || Partial,PartialdifferentialEquations #LinearPartialdifferentialequations #EngineeringMathematicsRamareddymathsacademy ...,,,0,"['Education', 'maths']",27,
VwnHs24RZEQ,Partial Differentiation!Day-1!#bedkdian Bsc1stsemester,Partial Differentiation!Day-1!#bedkdian Bsc1stsemester.,,,0,"['Education', 'maths']",27,
HiOFurV3h94,PARTIAL DIFFERENTIATION | S-1 | PARTIAL DERIVATIVES |ENGINEERING FIRST YEAR|SEM-1|SAURABH DAHIVADKAR,"In mathematics, a partial derivative of a function of several variables is its derivative with respect to one of those variables, with the ...",,,0,"['Education', 'maths']",27,
Omuzq2P5rKc,MML 14 . Differentiation of Univariate Functions - Partial Differentiation - Gradients,"Class on Differentiation of Univariate Functions, Partial Differentiation and Gradients Reference : Mathematics for Machine ...",,,0,"['Education', 'maths']",27,
2i2Stfd2MpM,Mathematics N6 Partial Derivatives Introduction - Differentiation @mathszoneafricanmotives,Mathematics N6. Mathematics N6 Differentiation. Mathematics N6 Partial Differentiation. Mathematics N6 Partial Differentiation ...,,,0,"['Education', 'maths']",27,
5MLRsqpDFWw,Partial Differentiation | Euler’s theorem on Homogeneous function,HAPPY LEARNING!!!,,,0,"['Education', 'maths']",27,
mMCsFbAtDjk,Partial Differentiation 2: Stationary Points,"For functions of one variable it's easy to find the stationary points, however, functions of two?????? Well this video shows you how ...",,,0,"['Education', 'maths']",27,
zbpVKbZA9is,Partial Differentiation of Vector - B.Sc. First Year - Vector Calculus - Engineering Mathematics,LEARN EFFICIENTLY WITH US #vectorcalculus #gatemathematics #gatemaths #bscfirstyearmaths #bsc2ndsemester ...,,,0,"['Education', 'maths']",27,
oNSqhQ1hCrE,Mixed or Cross Partial Derivative | Partial Derivative of Mixed Variables #excellenceacademy,"This video explains the concept of mixed or cross partial derivative and mixed or cross partial differentiation. In this video, you will ...",,,0,"['Education', 'maths']",27,
pU3n_FNib2w,Partial Differentiation & It's Application | Lagrange Multiplier,"The Lagrange multiplier technique lets you find the maximum or minimum of a multivariable function f{(x, y)} with some constraints.",,,0,"['Education', 'maths']",27,
y6LlvUfINvo,Introduction to Partial Differentiation Engineering Mathematics in Hindi,This is an Introductory video to Partial Differentiation Engineering Mathematics in Hindi. 0:00 Normal vs Partial Differentiation 3:20 ...,,,0,"['Education', 'maths']",27,
z0i-q8ARv_M,Partial Differentiation |One Shot|PYQ|Dbatu|Engineering Mathematics 1|Pradeep Giri Sir,Partial Differentiation |One Shot|PYQ|Dbatu|Engineering Mathematics 1|Pradeep Giri Sir #partialdifferentiation #dbatu ...,,,0,"['Education', 'maths']",27,
Xn6LjHKMrqA,Second Order Partial Derivatives,http://mathispower4u.wordpress.com/,,,0,"['Education', 'maths']",27,
XdPv_fTWd_w,#2 Partial Differentiation in Hindi | Functions of several variables | engineering mathematics,Partial Differentiation in Hindi. Functions of several variables. Partial Differentiation engineering mathematics. Differential ...,,,0,"['Education', 'maths']",27,
l1MTsGEY5xA,Partial Differentiation and Experimental Uncertainties,A look at how small changes/uncertainties are viewed through the lens of an A-Level physicist and an A-Level mathematician.,,,0,"['Education', 'maths']",27,
FtKWs--F1pc,PARTIAL DIFFERENTIATION|PARTIAL DERIVATIVE OF FIRST ORDER|Lecture 3|MATHEMATICS|B.Sc,PARTIAL DIFFERENTIATION|PARTIAL DERIVATIVE OF FIRST ORDER|Lecture 3|MATHEMATICS|Diploma|B.Sc|Pradeep Giri ...,,,0,"['Education', 'maths']",27,
0R4hMmM2Whs,[BMATS101] Model Q.P. 1 (Q.3b) | Module 2 | Partial Differentiation Composite Functions,Note 22MATS11 have changed to BMATS101 for Computer Science Students Welcome to this engineering mathematics 1 video ...,,,0,"['Education', 'maths']",27,
HSuaXFiQ9jQ,partial differentiation,How to do partial differentiation.,,,0,"['Education', 'maths']",27,
4HVQghLXx48,Partial Differentiation (Tamil)-maths board-,In this video you can Learn about the Introduction to Partial Differential Equation in Tamiil ...,,,0,"['Education', 'maths']",27,
c7ByaI3T7Dc,Partial derivatives of vector-valued functions | Multivariable Calculus | Khan Academy,Partial Derivatives of Vector-Valued Functions Watch the next lesson: ...,,,0,"['Education', 'maths']",27,
cQBoIHYIB4Y,Kerala B.Sc Degree mathematics class | partial derivatives | M. G| calicut | Kerala all university,B.ScDegree #KeralaDegreeMathematics #M.G.UniversityDegreeMathematics #degreelevelmathproblem ...,,,0,"['Education', 'maths']",27,
Yo5fcRvcbj0,Mathematics N6 Applications of Partial Derivatives Introduction,Join this channel to get access to perks: https://www.youtube.com/channel/UC66ip_wSl8B4iy5LxuZF0pw/join.,,,0,"['Education', 'maths']",27,
qYq2ocE32uA,Partial Differentiation (Lec-01),Questions based on partial differentiation. #partial_differentiation.,,,0,"['Education', 'maths']",27,
MyGEzZvg8XU,Partial Derivatives Part 2 (Implicit Differentiation),,,,0,"['Education', 'maths']",27,
0hPdVih6YLg,Quick Revision: Partial Differentiation and Operators,"Quick revision of partial differentiation and operators within the context of potential flow theory (i.e. velocity potential, stream ...",,,0,"['Education', 'maths']",27,
K16LXg5whVU,Partial Differentiation @VATAMBEDUSRAVANKUMAR,for engineering maths related materials and notes ...,,,0,"['Education', 'maths']",27,
e7BwTicZrnI,Partial differentiation and its Economic Applications,economicsaroundusdavinderk5375 Partial differentiation of first order and second order Conditions and their Economic ...,,,0,"['Education', 'maths']",27,
mQ1ogvARSiw,total differential coefficient|| partial differentiation|| differential calculus,bscmaths #engineeringmathematics #totaldifferentialequation #alliedmaths.,,,0,"['Education', 'maths']",27,
3itjTS2Y9oE,Second Order Partial Derivatives (KristaKingMath),Second Order Partial Derivatives calculus problem example. ○ ○ ○ GET EXTRA HELP ○ ○ ○ If you could use some extra help ...,,,0,"['Education', 'maths']",27,
Rq10aMcToHc,Partial Differentiation: Euler's Theorem on Homogeneous Function,"In this video Lecture, we will discuss Euler's Theorem on Homogeneous Function of two variables.",,,0,"['Education', 'maths']",27,
B9u2q4zUy_E,Partial Differentiation || 𝒛=𝒕𝒂𝒏^(−𝟏) (𝒚⁄𝒙) || VTU maths || Dr Prashant Patil,"In this video, we have varified (𝝏^𝟐 𝒛)/𝝏𝒙𝝏𝒚=(𝝏^𝟐 𝒛)/𝝏𝒚𝝏𝒙 for the example𝒛=𝒕𝒂𝒏^(−𝟏) (𝒚⁄𝒙) ...",,,0,"['Education', 'maths']",27,
NDCg2EkhP_4,Applied Mathematics-3 | Lecture-14 | Chapter-5 Partial Differentiation (part-1) | Polytechnic,partialdifferentiation #3rdsemester #Polytechnic #Gtechpoly #bteup #polytechnicmathematics Chapter-5 Partial Differentiation ...,,,0,"['Education', 'maths']",27,
Eum8_hxI4Pw,Examples of Partial Derivatives in urdu - Maths zahra lectures Calculus 3,Examples of Partial Derivatives in urdu - Maths zahra lectures Calculus 3 #calculus #vectorfunction #partial_differentiation ...,,,0,"['Education', 'maths']",27,
YtWqxK-3TQk,PARTIAL DIFFERENTIATION|Lecture2|ENGINEERING|B.sc| Mathematics,PARTIAL DIFFERENTIATION|Lecture2|ENGINEERING|B.sc|Mathematics|Pradeep Giri Academy #engineeringmathematics ...,,,0,"['Education', 'maths']",27,
z_yD-tc4sQg,"Partial Differentiation , Introduction and examples...",Engineering Mathematics Partial Differentiation Introduction and examples...,,,0,"['Education', 'maths']",27,
f20N5rPyei4,Partial Differentiation|आंशिक अवकलन|Partial Differentiation Applied Maths 3|Applied Maths 3,Partial Differentiation|आंशिक अवकलन|Partial Differentiation Applied Maths 3|Applied M Best Lectures Differentiation ...,,,0,"['Education', 'maths']",27,
79Z1SQXfE-k,EULER'S THEOREM IN PARTIAL DIFFERENTIATION SOLVED PROBLEM 1 @TIKLESACADEMY,Visit My Other Channels : @TIKLESACADEMY @TIKLESACADEMYOFMATHS @TIKLESACADEMYOFEDUCATION TODAY WE ...,,,0,"['Education', 'maths']",27,
AVUNRctKHDM,University Questions - Partial Differentiation|GroupB&C GYMAT201 S2 Maths 2024 scheme|MAT101|Part 4,Module 1 Group B & C Partial Differentiation GYMAT 201 Mathematics for Physical Science #ktu #ktubtechmaths #ktutuition ...,,,0,"['Education', 'maths']",27,
vZEN4NXhmag,First Order Partial Differential Equation -Solution of Lagrange Form,... Analysis: https://bit.ly/3vnBk8D ▶️Differential Equation: https://bit.ly/38FnAMH ▶️Partial Differentiation: https://bit.ly/3tkNaOV ...,,,0,"['Education', 'maths']",27,
e_Rs_V1mV6g,Implicit Function Definition and Example - Partial Differentiation - Engineering Mathematics 1,Subject - Engineering Mathematics 1 Video Name - Implicit Function Definition and Example Chapter - Partial Differentiation ...,,,0,"['Education', 'maths']",27,
EBUNoeQqRKM,multivariable calculus|partial derivatives|basics|introduction|1st order 2nd order#btechmaths #btech,BTECH MATHS M1: https://www.youtube.com/playlist?list=PLA1HLruLdexQLUc-fzGH4daJuFlRFpm0Z.,,,0,"['Education', 'maths']",27,
E4DAqYHHUG8,Partial Derivatives and Total Differentials,Check out my engineering math and other subjects playlists. Feel free to subscribe to get updated with the new lessons/videos.,,,0,"['Education', 'maths']",27,
JmcOJkt-xyo,PARTIAL DIFFERENTIATION,"⏩Tags:- ---------------------------------------------------------------- partial differentiation,partial derivatives,differentiation,partial ...",,,0,"['Education', 'maths']",27,
imrfuxQTPiI,Partial Differentiation(Applications of Euler's Theorem) @Khillar'sAdvancedClasses. For B.Sc student,partialDifferentiation #Euler'sTheorem.,,,0,"['Education', 'maths']",27,
SQAZAThSats,#7 Partial Differentiation in Hindi | Functions of several variables,Partial Differentiation in Hindi. Functions of several variables. Partial Differentiation engineering mathematics. Differential ...,,,0,"['Education', 'maths']",27,
Lh4q9UkjOYs,Partial differentiation in Kannada || Engineering maths in Kannada || Akshay ES sir,DivineAcademyKannada #partial_differentiation #partial_differentiation_in_kannada #engineering ...,,,0,"['Education', 'maths']",27,
CwKGO2GvDxQ,Partial derivatives w.r.t. each independent variable | Partial Differentiation | Part-4,"In this video, you will learn about the definition of partial derivatives of f w.r.t. each independent variable. For function of more than ...",,,0,"['Education', 'maths']",27,
1esRpUFYsX8,Lec 13 | Partial Differentiation Introduction | Mathematics 1 |RGPV B.Tech 1st Year,Contact Number : 8269075512 / 7987835375 Join Whatsapp Group click on the link ...,,,0,"['Education', 'maths']",27,
35jAcH4FLoQ,"2.6 electrostatics, calculation of electric field from potential and partial differentiation",calculation of electric field from potential and partial differentiation.,,,0,"['Education', 'maths']",27,
yi2bzjw4-mA,Functions of several variables | Partial derivatives Problem 1 | Engineering Mathematics M1,MA8151#engineeringmathematics MA8151 ENGINEERING MATHEMATICS – I ...,,,0,"['Education', 'maths']",27,
S1L1OYB9xWo,"Partial Derivatives, Jacobian | Mathematical Physics 07 | Physics | IIT JAM 2023","Hello Bacchon!! Welcome to another contribution for your journey of competition, IIT JAM & CSIR NET. This Channel PW IIT JAM ...",,,0,"['Education', 'maths']",27,
ONmu5QumDME,Partial Differentiation - Differential Calculus | Differential Calculus Bsc Maths | Bsc Math Hons,Partial Differentiation - Differential Calculus | Differential Calculus Bsc Maths | Bsc Math Hons Partial differentiation from ...,,,0,"['Education', 'maths']",27,
fswkQ1uFQa4,Lec-6 | Unit-2 I Differential Calculus-1I Engg.Maths-1 I AKTU B.Tech First Year I by Gulshan Sir,"... Differential Calculus- I Successive Differentiation (nth order derivatives), Leibnitz theorem, Curve tracing, Partial derivatives, ...",,,0,"['Education', 'maths']",27,
VU2AXud1uYU,19. Partial Derivatives | Problem#2 | Most Important Problem | Partial Differentiation,"Get complete concept after watching this video Topics covered under playlist of Partial Differentiation: Partial Derivatives, Euler's ...",,,0,"['Education', 'maths']",27,
trG8lBwWz24,PARTIAL DIFFERENTIATION MULTIVARIABLE CALCULUS LECTURE 15 IN HINDI @TIKLESACADEMY,Visit My Other Channels : @TIKLESACADEMY @TIKLESACADEMYOFMATHS @TIKLESACADEMYOFEDUCATION ...,,,0,"['Education', 'maths']",27,
sKFJyqn3kaU,Partial Fractions In 30 Seconds | Shortcut Method - Best Short Trick By @gajendrapurohit,"📌 #ShortTrick #PartialFraction #QuickMaths ------------------------------------------------ Preparation For JEE MAINS, CETs, BITSAT, ...",,,0,"['Education', 'maths']",27,
DgJThzPg7zg,PARTIAL DIFFERENTIATION | Part 3 | Engineering Maths | Semester 1 | Brijesh Mishra,Partial derivarive Implicit function.,,,0,"['Education', 'maths']",27,
7HIpBOLeedw,PARTIAL DIFFERENTIATION | S-1 | ENGINEERING MATHS 1 | FIRST YEAR ENGINEERING | SAURABH DAHIVADKAR,MATHS 1 LECTURES SCHEDULE | ALL ABOUT INTERNSHIPS...... ----------------------------------------------------------------------- 🔥FIRST ...,,,0,"['Education', 'maths']",27,
KhyvM-cl1x4,Business Mathematics | Partial Derivative | Part-1 | Price & Cross Elasticity |,"Partial derivative price and cross elasticity business maths are discussed in this video. The video is for ca, cs, cma, bba, bcom and ...",,,0,"['Education', 'maths']",27,
xNte3COgKIs,Partial Differentiation & Application | Demand Analysis,"The symbol ∂ called as ""del"", is used to denote partial derivatives. Consider an function f(x,y)=x{power2}y then : Its Partial ...",,,0,"['Education', 'maths']",27,
uJ0kfYNv9aU,Partial Differentiation | Euler's Theorem | Engineering Maths @BrijeshMishra_,"Partial Derivative partial derivative engineering mathematics Eulers theorem , Euler's Theorem Euler's theorem explained Euler's ...",,,0,"['Education', 'maths']",27,
eto6xUOnNTw,Partial Differentiation,Introduction to partial differentiation.,,,0,"['Education', 'maths']",27,
vSNiky9ehKo,Partial differentiation in Bangla | Partial derivatives solved problems,Partial differentiation in Bangla | Partial derivatives solved problems Partial Differentiation in Bangla | First & Second order Partial ...,,,0,"['Education', 'maths']",27,
c05PD85j-2U,PARTIAL DIFFERENTIATION Bsc1st Differential Calculus,Partial differentiation Bsc1st Year differential calculus ...,,,0,"['Education', 'maths']",27,
hkVRxrNdfN8,Partial Differentiation | Mathematics | S Chand Academy,"Partial Differentiation, It is a derivative where we hold some independent variable as constant and find derivative with respect to ...",,,0,"['Education', 'maths']",27,
H2C_kP-r11g,Partial Differentiation Engineering Mathematics,Watch Next ] Show that the curves cuts each other orthogonally - https://youtu.be/OChojbkKRdo?si=95HlCGkqDaTXPkMD Angle ...,,,0,"['Education', 'maths']",27,
NhRjf3V-mMc,Functions of several variables | Partial derivatives | Euler's Theorem 1 Engineering Mathematics M1,MA8151#engineeringmathematics MA8151 ENGINEERING MATHEMATICS – I ...,,,0,"['Education', 'maths']",27,
_HjgOx0VS6o,Partial derivatives of higher order | Partial derivatives of higher order examples,higher order partial derivatives of a function. application of higher order partial derivatives solution of higher order partial ...,,,0,"['Education', 'maths']",27,
Pf6GqS5dCYQ,Partial derivatives - Laplace equation,,,,0,"['Education', 'maths']",27,
hudWdUwOOq4,Partial Derivatives || Differential Calculus in Filipino,#MATHuklasanWithSirRam #PartialDerivative #DifferentialCalculusinFilipino.,,,0,"['Education', 'maths']",27,
Tehcvz3i38A,PARTIAL DIFFERENTIATION MULTIVARIABLE CALCULUS LECTURE 6 IN HINDI @TIKLESACADEMY,Visit My Other Channels : @TIKLESACADEMY @TIKLESACADEMYOFMATHS @TIKLESACADEMYOFEDUCATION TODAY WE ...,,,0,"['Education', 'maths']",27,
GFvQfPtlVXw,M1 R22 JNTUH | Partial Differentiation | Euler's Theorem concept in easy way | JNTUK R23 M1 UNIT-4,M1 R22/R23 Engineering Mathematics Whatsapp Group https://chat.whatsapp.com/ENwy4uZU2Db73ils5a1J8gHow to Pass M1 ...,,,0,"['Education', 'maths']",27,
S_KfvASlR80,Partial Differentiation (Lecture 1),,,,0,"['Education', 'maths']",27,
atpU-flgQcw,21. Partial Derivatives | Problem#4 | Most Important Problem | Partial Differentiation,"Get complete concept after watching this video Topics covered under playlist of Partial Differentiation: Partial Derivatives, Euler's ...",,,0,"['Education', 'maths']",27,
Ra6TiiBjulI,Total Derivative || 𝒖=𝒙^𝟐+𝒚^𝟐+𝒛^𝟐 || Partial Differentiation || 18mat21 || Dr Prashant Patil,"In this video, if 𝒖=𝒙^𝟐+𝒚^𝟐+𝒛^𝟐 & 𝒙=𝒆^𝒕; 𝒚=𝒆^𝒕 𝑺𝒊𝒏𝒕;𝒛=𝒆^𝒕 𝑪𝒐𝒔𝒕 then the total derivative is obtained in ...",,,0,"['Education', 'maths']",27,
4bJmKj2yxqw,Differential Calculus | Partial Differentiation of Homogeneous Function By GP Sir,Differential Calculus | Partial Differentiation of Homogeneous Function By GP Sir will help Engineering and Basic Science ...,,,0,"['Education', 'maths']",27,
VPXracCJflU,"Problems on Partial Differentiation- U=log(x^2+y^2+z^2) , U=tan^-1(2xy/x^2-y^2), Z=f(x+ay) +Q(x-ay).","Problems on Partial Differentiation- U=log(x^2+y^2+z^2) , U=tan^-1(2xy/x^2-y^2), Z=f(x+ay) +Q(x-ay). M1 topic - Linear Differential ...",,,0,"['Education', 'maths']",27,
GE7uWn7iwwQ,Applications of Partial Differentiation | ENGINEERING MATHEMATICS 1 | SPPU | PRADEEP GIRI SIR,Applications of Partial Differentiation | ENGINEERING MATHEMATICS 1 | SPPU | PRADEEP GIRI SIR #engineeringmathematics1 ...,,,0,"['Education', 'maths']",27,
lUG7tmhxVz4,Partial Differentiation || 𝒆^𝒙 (𝒙 𝑪𝒐𝒔 𝒚−𝒚 𝑺𝒊𝒏 𝒚) || VTU Maths || 22mat11 || Dr Prashant Patil,"In this video, 𝒆^𝒙 (𝒙 𝑪𝒐𝒔 𝒚−𝒚 𝑺𝒊𝒏 𝒚) is differentiated partially up to second order and it is shown that (𝝏^𝟐 ...",,,0,"['Education', 'maths']",27,
V8Mz4wnTAkc,Partial Differentiation | Total Derivative | MME,Hello Students!! This video will help you understand the basic definition of partial differentiation in an easy way. Who is it helpful ...,,,0,"['Education', 'maths']",27,
qWR_QeZiAsk,Euler's Theorem - Partial Differentiation for Lt grade exam/ GIC/PGT/BSc/Engineering Mathematics,Partial Differentiation | Euler's Theorem for Homogeneous Function | GIC Maths| Partial Differentiation Engineering Mathematics ...,,,0,"['Education', 'maths']",27,
QGT409P7L98,Partial Differentiation - 03 | Direct Differentiation | Engineering Mathematics - 1 | SPPU,Topic - Direct Differentiation Unit 3 - Partial Differentiation Subject - Engineering Mathematics - 1 Year - First Year Engineering ...,,,0,"['Education', 'maths']",27,
YtmUf4mAnZU,PARTIAL DIFFERENTIATION LEC-04||differential calculus || B.Sc. 1st Year|| AJ SIR || aj academics,"नमस्कार दोस्तों , Thanks for your love and support, Like and Share the video Also Don't forget to subscribe our ...",,,0,"['Education', 'maths']",27,
EjUTynzKOUs,Partial Differentiation video 3 / Vijaya Vittala Institute of Technology / VVIT / Bangalore - 77,Dr. Syed Asifulla S. / Associate Professor and Head / Dept. of Mathematics / Vijaya Vittala Institute of Technology / Hennur ...,,,0,"['Education', 'maths']",27,
ze9b0oubKm4,[BMATS101] Model Q.P. 1 (Q.4b) | Module 2 | Partial Differentiation Composite Functions,"Note 22MATS11 have changed to BMATS101 for Computer Science Students In this video, we will be discussing the 22MATS11 ...",,,0,"['Education', 'maths']",27,
1SUp1XxU-Nk,Partial Differentiation (Part-1) | Mathematics-II Suggestion | 2nd Semester Polytechnic | NatiTute,To purchase PDF please pay required amount and send screen shot to No given below. (pdf নেওয়ার জন্য নীচের ...,,,0,"['Education', 'maths']",27,
JAp5A8EMlH4,PARTIAL DIFFERENTIATION MULTIVARIABLE CALCULUS LECTURE 3 IN HINDI @TIKLESACADEMY,Visit My Other Channels : @TIKLESACADEMY @TIKLESACADEMYOFMATHS @TIKLESACADEMYOFEDUCATION TODAY WE ...,,,0,"['Education', 'maths']",27,
sVDDXQPdORA,[BMATS101 Module 2] Question Paper June/July 2024(Q.3b) | Partial Differentiation,#vtu #partialdifferentiation #partialderivative #engineeringmathematics #engineeringmathematics1.,,,0,"['Education', 'maths']",27,
UDImqDwyDI8,1.10 || Partial Differentiation | Composite Functions | Partial Derivative Engineering Math | Hindi,Partial Differentiation Engineering Maths Engineering mathematics 1 full playlist link below ...,,,0,"['Education', 'maths']",27,
bTs7ncA_AtY,Partial Differentiation - Euler's Theorem for Homogeneous Function,This video lecture of Partial Differentiation - Euler's Theorem for Homogeneous Function by GP Sir will help Engineering and ...,,,0,"['Education', 'maths']",27,
RLf4C6WJejc,JACOBIAN IN PARTIAL DIFFERENTIATION MULTIVARIABLE CALCULUS SOLVED PROBLEM 1,Visit My Other Channels : @TIKLESACADEMY @TIKLESACADEMYOFMATHS @TIKLESACADEMYOFEDUCATION ...,,,0,"['Education', 'maths']",27,
aH97p1R5AHE,PARTIAL DIFFERENTIATION || COMPOSITE FUNCTIONS || L-1,"In this video, Partial Derivatives of multivariate functions is studied here. Composite function and its derivatives are discussed in ...",,,0,"['Education', 'maths']",27,
fhRV4ArYw4I,Partial Derivative in Urdu - calculus || partial differentiation solution by Csa mathematics,"function of several variables, calculus and analytic geometry, questions with solution, Partial Derivative in Urdu - calculus || partial ...",,,0,"['Education', 'maths']",27,
n2wyqq-K7_A,CHAIN RULE OF PARTIAL DIFFERENTIATION SOLVED PROBLEM 1,Visit My Most Popular Channel : @TIKLESACADEMY TODAY WE WILL STUDY 1ST PROBLEM OF CHAIN RULE IN PARTIAL ...,,,0,"['Education', 'maths']",27,
C3eKwL80oZI,Rajasthan University M.Sc. Entrance | Differential Calculus | Partial Differentiation | Class-1,Rajasthan University M.Sc. Entrance | Differential Calculus | Partial Differentiation (आंशिक अवकलन) | Class-1 ...,,,0,"['Education', 'maths']",27,
m61xV0whyiI,Partial Differentiation - 12 | Variables treated as constants | Engineering Mathematics - 1 | SPPU,Topic - Examples on Variables to be treated as constants Unit 3 - Partial Differentiation Subject - Engineering Mathematics - 1 ...,,,0,"['Education', 'maths']",27,
KK6SSYPmKEY,"PARTIAL DIFFERENTIATION; EULER'S THEOREM FOR HOMOGENEOUS FUNCTION ,LECTURE 13","PARTIAL DIFFERENTIATION; EULER'S THEOREM FOR HOMOGENEOUS FUNCTION ,LECTURE 13 ROLLE'S THEOREM ...",,,0,"['Education', 'maths']",27,
IYmJ5fsFvBY,PARTIAL DIFFERENTIATION LEC-03||differential calculus || B.Sc. 1st Year|| AJ SIR || aj academics,"नमस्कार दोस्तों , Thanks for your love and support, Like and Share the video Also Don't forget to subscribe our ...",,,0,"['Education', 'maths']",27,
SfRvBs_fQjM,Partial Differentiation | Function of Two Variable in One Shot for CSIR NET & IIT JAM | by GP Sir,"Partial Differentiation | Function of Two Variable in One Shot for CSIR NET & IIT JAM | by GP Sir ------------------------ Get CSIR NET, ...",,,0,"['Education', 'maths']",27,
0Ja9oal7Zgs,Partial Derivative with Important Examples #majhibira CALCULUS-2 1st Year in Odia Majhi Tutorial,"Please don't forget to LIKE, COMMENT, SHARE and SUBSCRIBE. Odia inspiration (New Channel):- ...",,,0,"['Education', 'maths']",27,
a8mq4Gza2pQ,degree first year sem -1 maths imp questions|| all universities||partial differentiation...,degree sem -1 maths imp questions|| all universities||partial differentiation KU degree first sem Maths important questions.,,,0,"['Education', 'maths']",27,
4pHV7k4nj_4,Applied Mathematics-III | Lecture-33 | Partial Differentiation | Polytechnic.,New Course Launch | Civil Engineering | Polytechnic by Gaurav Sir.,,,0,"['Education', 'maths']",27,
KQOqfMEvWac,partial differentiation bsc 1st year || partial derivative problems || partial differentiation,partial differentiation bsc 1st year || partial derivative problems || partial differentiation #partialdifferentiation ...,,,0,"['Education', 'maths']",27,
kmsmhnlJ5UI,Partial Differentiation - Total Differential Coefficient Problem & Solution,This video lecture of Partial Differentiation - Total Differential Coefficient Problem & Solution by GP Sir will help Engineering and ...,,,0,"['Education', 'maths']",27,
rExVWct5f_M,Introduction About Partial Differentiation and it's Applications//B.Sc//SEM-1//Unit-2,Introduction About Partial Differentiation and it's Applications//B.Sc//SEM-1//Unit-2.,,,0,"['Education', 'maths']",27,
4tupW4aPVxc,Partial differentiation (Multivariate Calculus)|B SC 4th Sem|Maths (Hons) Lecture 3 by Ramen Ch Deka,Partial differentiation (Multivariate Calculus) B SC 4th Semester Mathematics (Honours) MAT-HC-4016 Lecture 3 by Ramen ...,,,0,"['Education', 'maths']",27,
mN1XUa6wq_s,Second Order Partial Derivatives Example And Solution | Partial Differentiation | Engineering Maths,Second Order Partial Derivatives Example And Solution | Partial Differentiation | Engineering Maths Hello Welcome to Rajendra ...,,,0,"['Education', 'maths']",27,
aqA99JcE1kE,"Partial Differentiation (B.Sc. 1st year) Physical chemistry , Unit-1.",Discussed the partial Differentiation of functions of physical chemistry unit number 1 of B.Sc. 1st year #chemistry_in_easy_way ...,,,0,"['Education', 'maths']",27,
ORNI3ptnyHc,Partial Differentiation| Partial Derivatives | Bsc first year | calculus,In this video I have started concept of partial Differentiation and also solved question related to definition of partial differentiation ...,,,0,"['Education', 'maths']",27,
vc44r6Oy-Ns,Partial Differentiation || 𝑺𝒊𝒏^(−𝟏) [(𝒙^𝟐+𝒚^𝟐)/(𝒙+𝒚)] || vtu maths || Dr Prashant Patil,"In this video, for 𝒖=𝑺𝒊𝒏^(−𝟏) [(𝒙^𝟐+𝒚^𝟐)/(𝒙+𝒚)] is proved that 𝒙 𝝏𝒖/𝝏𝒙+𝒚 𝝏𝒖/𝝏𝒚=𝑻𝒂𝒏 𝒖 without using Euler's ...",,,0,"['Education', 'maths']",27,
nf3txdhPITM,Implicit Function | Partial Derivative | Chain Rule,This lecture explains the Implicit Function Partial Derivative Chain Rule.,,,0,"['Education', 'maths']",27,
ueeYYDhuiyc,APPLICATIONS OF PARTIAL DIFFERENTIATION / PART 1/ partial derivative concept with question/ SEM 3,WHATS APP https://wa.me/919873580469/?text=I_NEED_COURSE_YT 😇WHATS APP ...,,,0,"['Education', 'maths']",27,
uvIdzKfx1ak,Partial Derivatives | Calculus | BA/B.Sc.Maths,"realinstituteofmaths #calculus #bscmaths In this video you will learn about partial differentiation, partial derivatives, partial ...",,,0,"['Education', 'maths']",27,
tW1qtDsfCYs,Euler's Theorem | Partial Differentiation | Problem 1 | Engineering Math 1,"Hey friends I'm Ishwar sir welcome to our channel""aryabhat institute"", this channel is all about Education like Engineering Sub ...",,,0,"['Education', 'maths']",27,
IqkbpUtGhao,"Differentiation, Integration, Partial Differentiation","For undergraduate, postgraduate courses, IIT-JAM, various entrance examination, TGT and PGT, etc visit your Please browse the ...",,,0,"['Education', 'maths']",27,
LPYo_p013vI,[BMATS101] Model Q.P. 2 (Q.3b) | Module 2 | Partial Differentiation Composite Functions,Note 22MATS11 have changed to BMATS101 for Computer Science Students Welcome to this engineering mathematics 1 video ...,,,0,"['Education', 'maths']",27,
_iZAhNZTPww,PARTIAL DIFFERENTIATION|PARTIAL DERIVATIVE OF FIRST ORDER|Mathematics|Lecture 05| Pradeep Giri Sir,PARTIAL DIFFERENTIATION|Lecture 05| Mathematics|Pradeep Giri Academy #firstyearengineering #giritutorials ...,,,0,"['Education', 'maths']",27,
A0PwUkUR3fk,Partial Differentiation - 01 | Basic Formulae | Engineering Mathematics - 1 | SPPU | Pune University,Download App - https://bit.ly/3ubdX60 Topic - Basic Formulae Unit 3 - Partial Differentiation Subject - Engineering Mathematics - 1 ...,,,0,"['Education', 'maths']",27,
s_TWPSvqds0,3.2 Euler's Theorem ( Corollary 1) For Homogeneous Function Partial Differentiation M1 By Vivek Lodh,Eulerstheorem #homogeneousfunction #partialdifferentiation #jacobians #jacobian #partialderivative #derivative ...,,,0,"['Education', 'maths']",27,
_2qBZPG1hEo,EULER'S THEOREM | HOMOGENEOUS FUNCTION | PARTIAL DIFFERENTIATION,EULER'S THEOREM ON HOMOGENEOUS FUNCTION PARTIAL DIFFERENTIATION. EULER'S THEOREM PROOF. EULER'S ...,,,0,"['Education', 'maths']",27,
UIQEtY-FRho,PARTIAL DIFFERENTIATION|PARTIALDIFFERENTIATION Composite function|Lecture 09|MATHEMATICS 1,PARTIAL DIFFERENTIATION|PARTIALDIFFERENTIATION Composite( Chain) function|Lecture 04| Mathematics1|Pradeep Giri ...,,,0,"['Education', 'maths']",27,
A3rnij1ep2I,Introduction Of Partial Differentiation | Engineering Math's 1 Lectures In Hindi,PartialDiffrentiation #maths #Lastmomenttuitions #lmt In This Video is we will Study all about Partial Differentiation in Engineering ...,,,0,"['Education', 'maths']",27,
Q0tjy86lPPU,Partial differential equation||how to solve partial differentiation || partial differentiation kaise,Partial differential equation||how to solve partial differentiation || partial differentiation kaise#bscmaths #engineeringsubjects.,,,0,"['Education', 'maths']",27,
51oDtyBLaig,PARTIAL DIFFERENTIATION | S-3 | ENGINEERING MATHS 1 | FIRST YEAR ENGINEERING | SAURABH DAHIVADKAR,"The partial derivative is used in vector calculus and differential geometry. 👉In Mathematics, sometimes the function depends on ...",,,0,"['Education', 'maths']",27,
YS3kt_eqOPY,Jacobian Matrix - Partial Differentiation Method | Robotics | Part 2,Jacobian Matrix - Partial Differentiation Method | Robotics | Part 2 In this video we will run through one method that can be used to ...,,,0,"['Education', 'maths']",27,
AJ0f5rsbock,PARTIAL DIFFERENTIATION | S-9 | ENGINEERING MATHS 1 | FIRST YEAR ENGINEERING | SAURABH DAHIVADKAR,"The partial derivative is used in vector calculus and differential geometry. 👉In Mathematics, sometimes the function depends on ...",,,0,"['Education', 'maths']",27,
q0V22xTD6Po,Partial Differentiation | Most Most Important Problem# 6 | Multivariable Calculus | Lecture - 23,"Dear Students In this Video Lecture Today, We will Solve the Most Most Important Problems/ Questions from the Chapter Partial ...",,,0,"['Education', 'maths']",27,
PsZBAcd_FmI,EULER'S THEOREM SOLVED PROBLEM 1 IN PARTIAL DIFFERENTIATION @TIKLESACADEMY,Visit My Other Channels : @TIKLESACADEMY @TIKLESACADEMYOFMATHS @TIKLESACADEMYOFEDUCATION ...,,,0,"['Education', 'maths']",27,
hz2-35YR30o,Partial Differentiation,Short discussion with an example problem of partial differentiation taken from the book of John Bird (2014) titled Higher ...,,,0,"['Education', 'maths']",27,
nb0iq-zJmHA,PARTIAL DERIVATIVE LEC 1 | FUNDAMENTALS OF ENGINEERING MATHS | ALL BRANCHES | DINESH SIR,FOR MHT-CET 2024 ATTENDED STUDENTS: LAUNCHING FREE ENGINEERING LECTURES SERIES | FUNDAMENTALS OF ...,,,0,"['Education', 'maths']",27,
qm4l9Zl0tNg,Applied Mathematics-III | Lecture-34 | Partial Differentiation | Polytechnic.,New Course Launch | Civil Engineering | Polytechnic by Gaurav Sir.,,,0,"['Education', 'maths']",27,
j9lFc-YAztE,chapter 10 Partial differentiation |State and Prove Euler's theorem | Exercise 10.1 Question Solve,BSc 1st year math Semester-1 differential calculus | Semester 1st BSc 1st year math differential calculus | differential calculus ...,,,0,"['Education', 'maths']",27,
uuixPaGfNz8,Partial Differentiation| Solved examples,partial_differentiation #mathematics #engineeringmathematics.,,,0,"['Education', 'maths']",27,
khXdiuRXo54,"Partial Differentiation Lecture-24 By G.SRINIVASA RAO,Asst.Professor in Mathematics LENDI(LIET)VZM",For B.Tech and B.Sc Students.,,,0,"['Education', 'maths']",27,
3hyciaX4cSQ,Partial Derivative - Change of Independent Variables II Applied Maths,Unit 1 GGSIPU New Syllabus II Maths 1 II Unit 1 - Topics Review https://youtu.be/W9ir4m2QJ08 Partial Derivative of 1st and 2nd ...,,,0,"['Education', 'maths']",27,
fgSVwaLCdQY,PARTIAL DIFFERENTIATION TYPE 1 || BEST BSC VIDEO || SHEFALI MAM,BSC_ 2ND_ YEAR_ MATHS || PARTIAL_ DIFFERENTIATION_ TYPE 1 || BEST BSC VIDEO || SHEFALI JAIN MAM BSC_2ND_ ...,,,0,"['Education', 'maths']",27,
abTbTbapWpk,Implicit Differentiation Using Partial Derivatives (Implicit Function Theorem Formula),Guess what! Implicit differentiation to find dy/dx along an implicit curve can be done using partial derivatives and the Chain Rule ...,,,0,"['Education', 'maths']",27,
jxdu9CyfMKk,Thomas calculus exercise 14.3 Q63 to Q66 | Partial Derivative by Definition || Lec 23,"In this lecture, we will solve Question 63, Question 64, Question 65, and Question 66 of chapter 14 exercise 14.3 thomas calculus ...",,,0,"['Education', 'maths']",27,
Tkr-3s1CeUg,Partial differentiation - Euler's theorem of homogeneous function Part - 3 | Engineering mathematics,Partial differentiation - Euler's theorem of homogeneous function part -3 | Engineering mathematics | Rattu Tota 👉Prepare ...,,,0,"['Education', 'maths']",27,
MO0lgxem870,Partial Differentiation of Composite Functions,Watch Next ] Show that the curves cuts each other orthogonally - https://youtu.be/OChojbkKRdo?si=95HlCGkqDaTXPkMD Angle ...,,,0,"['Education', 'maths']",27,
YZXI_iBV4v4,PARTIAL DIFFERENTIATION|PARTIAL DERIVATIVE OF FIRST ORDER|Lecture 04|MATHEMATICS|PRADEEP GIRI SIR,PARTIAL DIFFERENTIATION|Lecture 04| Mathematics1|Pradeep Giri Academy|B.Sc|Engineering #firstyearengineering ...,,,0,"['Education', 'maths']",27,
y4asAhMkyJE,Partial differentiation - Problem 5,"In the following google drive link, you can down load MA3151- JAN22 question paper fully solved ...",,,0,"['Education', 'maths']",27,
7XVrrWKZRos,PARTIAL DIFFERENTIATION MULTIVARIABLE CALCULUS LECTURE 17 IN HINDI @TIKLESACADEMY,Visit My Other Channels : @TIKLESACADEMY @TIKLESACADEMYOFMATHS @TIKLESACADEMYOFEDUCATION ...,,,0,"['Education', 'maths']",27,
#NAME?,Partial differentiation bsc 1st year | if u = log(x²+y²).Prove that δ²u /δx²+δ²u/δy²=0| Bsc 1st year,PartialDifferentiation #studywithsubhro Hello everyone myself Subhrojyoti. Welcome to my channel and today we will solve ...,,,0,"['Education', 'maths']",27,
EKGkl7q9X9g,Homogeneous Function And Euler's Theorem|Partial Differentiation Applied Maths 3,Homogeneous Function And Euler's Theorem|Partial Differentiation Applied Maths 3 PLAYLIST LINK.,,,0,"['Education', 'maths']",27,
60Z1Shb72qA,PARTIAL DIFFERENTIATION | S-2 | PARTIAL DERIVATIVES |ENGINEERING FIRST YEAR|SEM-1|SAURABH DAHIVADKAR,"In mathematics, a partial derivative of a function of several variables is its derivative with respect to one of those variables, with the ...",,,0,"['Education', 'maths']",27,
o0xApdj2X2A,Lec 33: Partial Differentiation| Calculus | UPSC Maths Optional By Sujit Shukla,upsc #upscmathsoptional #spsc #mathsoptional #mathsoptionallectures Lec 33: Partial Differentiation| Calculus | UPSC Maths ...,,,0,"['Education', 'maths']",27,
uOUqZBDeYnE,Partial Differentiation | Unit - 01 | Lecture no. 10 | RGPV UNIVERSITY BHOPAL |,MDV vikas maths developed.,,,0,"['Education', 'maths']",27,
pTkjWJVDk9M,Partial Differentiation (First & Second order partial derivative) Young theorem - DU Professor,Partial Derivative|Easy steps|Example with solution|B.COM(Hons)|Young Theorem| First& Second order Derivative||Math in ...,,,0,"['Education', 'maths']",27,
5ThqugOd7Ps,Partial Differentiation | Solving Imp sin⁻¹(x/y) + tan⁻¹(y/x) & z(x + y) = x² + y² | BSc Maths,"""In this video, we tackle two important questions in 'Partial Differentiation' for BSc Semester 2: 1. Given , we will find the necessary ...",,,0,"['Education', 'maths']",27,
nkWgBBEjtHA,PARTIAL DIFFERENTIATION | S-8 | ENGINEERING FIRST YEAR | ENGINEERING MATHS | SAURABH DAHIVADKAR,"In mathematics, a partial derivative of a function of several variables is its derivative with respect to one of those variables, with the ...",,,0,"['Education', 'maths']",27,
3U5n0UNXn0k,EULER'S THEOREM IN PARTIAL DIFFERENTIATION SOLVED PROBLEM 2 | MULTIVARIABLE CALCULUS,Visit My Other Channels : @TIKLESACADEMY @TIKLESACADEMYOFMATHS @TIKLESACADEMYOFEDUCATION TODAY WE ...,,,0,"['Education', 'maths']",27,
APaSNj2mmw4,PARTIAL DIFFERENTIATION MULTIVARIABLE CALCULUS LECTURE 2 IN HINDI @TIKLESACADEMY,Visit My Other Channels : @TIKLESACADEMY @TIKLESACADEMYOFMATHS @TIKLESACADEMYOFEDUCATION TODAY WE ...,,,0,"['Education', 'maths']",27,
5uApjEBWeNE,Chain Rule of Partial Differentiation,Here's a video on how to execute the chain rule of partial differentiation for multi - valued functions Videos on Differential Calculus ...,,,0,"['Education', 'maths']",27,
mZXdG5DHBYo,Partial Differentiation of Higher Order/Examples and solutions,BCA #bscmaths #bsc1styearmaths #garimamathsclasses #bsc #bca #bca1stsem #bsc(maths) #btech #bts ...,,,0,"['Education', 'maths']",27,
NmuUgtxfYcI,1. EULER'S THEOREM | PROBLEM #1 | Most Important Problem | Partial Differentiation,"Get complete concept after watching this video Topics covered under playlist of Partial Differentiation: Partial Derivatives, Euler's ...",,,0,"['Education', 'maths']",27,
mHJOkHYmzhE,JACOBIAN IN PARTIAL DIFFERENTIATION IN HINDI,"Visit My Most Popular Channel : @TIKLESACADEMY UNIT ""PARTIAL DIFFERENTIATION"" CONTINUES AND TODAY WE WILL ...",,,0,"['Education', 'maths']",27,
jUSdqsy74oM,How to find Jacobians of 3 variables | Partial Differentiation || 18mat21 || Dr Prashant Patil,"In this video, Jacobian of 3 variables is evaluated for the example 𝒖=𝒙^𝟐+𝒚^𝟐 +𝒛^𝟐;𝒗=𝒙𝒚+𝒚𝒛+𝒛𝒙;𝒛=𝒙+𝒚+𝒛 and is ...",,,0,"['Education', 'maths']",27,
tFpnjDidcmU,"Change of Variables #1 in Hindi (M.imp) Partial Differentiation, Engineering Mathematics",Engineering Mathematics (B.Tech Semester -1) Download Important Questions PDF File on this Topic (Password ...,,,0,"['Education', 'maths']",27,
Non5z9cR_Mw,eulers theorem|multivariable calculus|partial derivatives|btech #eulertheorem #btechmaths #partial,BTECH MATHS M1: https://www.youtube.com/playlist?list=PLA1HLruLdexQLUc-fzGH4daJuFlRFpm0Z.,,,0,"['Education', 'maths']",27,
NyI-Z3Twu4k,Partial Differentiation -Revision ( Part 2) I Engineering Mathematics-I,"partial_differentiation #engineeringmathematics #rdmahajan In this video ,I have discussed 3 simple examples of Partial ...",,,0,"['Education', 'maths']",27,
W-EVAuGHZoE,Important example || Partial Differentiation || composite functions || 18mat21 || Dr Prashant Patil,"In this video, 𝒖=𝒇(𝟐𝒙−𝟑𝒚 , 𝟑𝒚−𝟒𝒛,𝟒𝒛−𝟐𝒙) is composite functions and its partial derivatives are evaluated using ...",,,0,"['Education', 'maths']",27,
Jh33O3LWnsc,Partial Differentiation- Part I (Introduction and Examples),"Partial differentiation, introduction and examples, solved examples, unsolved practice questions, meaning and applications of ...",,,0,"['Education', 'maths']",27,
64HQu8woTwg,Partial Differentiation || Applied Mathematics Third Chapter-5 For Polytechnic 3rd semester,𝙥𝙤𝙡𝙮𝙩𝙚𝙘𝙝𝙣𝙞𝙘 𝙁𝙞𝙧𝙨𝙩 𝙎𝙚𝙢𝙚𝙨𝙩𝙚𝙧 𝙫𝙞𝙙𝙚𝙤𝙨 👇👇👇👇👇👇👇👇👇👇👇👇 Applied Mathematics 1st के ...,,,0,"['Education', 'maths']",27,
hbyQeAJ34h8,Partial Differentiation: Introduction,"Hey there, In this learning video, you will learn 1. dependent & independent variables 2. ordinary differentiation 3. Partial ...",,,0,"['Education', 'maths']",27,
CJaHqQDMxjY,Partial Differentiation | Introduction | Geometrical Interpretation | Chain rule,HAPPY LEARNING!!!,,,0,"['Education', 'maths']",27,
TCpqVuXOgzA,#Partial Differentiation | आंशिक अवकलन | Partial Differentiation Applied Maths 31 Applied Maths 3,3rdsemetermsth Partial Differentiation | आंशिक अवकलन | Partial Differentiation Applied Maths 3 Applied M Best Lectures.,,,0,"['Education', 'maths']",27,
jYwucvXBvu4,EULER'S THEOREM || PARTIAL DIFFERENTIATION || HOMOGENEOUS FUNCTION,"In this video, Partial Derivatives of multivariate functions is studied here. Euler's Theorem is discussed in this video. This video will ...",,,0,"['Education', 'maths']",27,
1iHUAEsLk2Q,Partial Differentiation | lecture-1 | Differential Calculus | Semester | iSTUDY Online,Partial Differentiation | lecture-1 | Differential Calculus | Semester | iSTUDY Online #anilsir #istudyonline #bsc_1st_year English ...,,,0,"['Education', 'maths']",27,
mAZi7DJ3kl4,PARTIAL DIFFERENTIATION MULTIVARIABLE CALCULUS LECTURE 16 IN HINDI @TIKLESACADEMY,Visit My Other Channels : @TIKLESACADEMY @TIKLESACADEMYOFMATHS @TIKLESACADEMYOFEDUCATION ...,,,0,"['Education', 'maths']",27,
BzzthALIrCA,Partial Differentiation | Part-2 | Bsc First Year | Multivariable Calculus,maths #calculus #partialdifferentiation In this video Three(3) important questions of Partial Differentiation of Bsc First Year For any ...,,,0,"['Education', 'maths']",27,
JkXKrwaPfW0,NEW Math 12th EXERCISE 11 | PARTIAL DIFFERENTIATION | Intro & Examples #partial_differentiation,Mathematics 12th | EXERCISE 11 | DIFFERENTIAL EQUATION | Intro & Examples | New Math 12th book MathemMathematics 12th ...,,,0,"['Education', 'maths']",27,
vrY8rH4bqw4,B.SC 1st Sem Maths/Partial Differentiation Important questions/By Vishal Saini,B.SC 1st Sem Maths/Partial Differentiation Important questions/By Vishal Saini #vishalsainimaths.,,,0,"['Education', 'maths']",27,
In3oZPIymm8,Maxima and Minima of a function of two variables|Lecture 01|Application of Partial Differentiation,Application of Partial Differentiation|Maxima & Minima of a function of two independent variables|Lecture 01|ENGINEERING ...,,,0,"['Education', 'maths']",27,
f20N5rPyei4,Partial Differentiation|आंशिक अवकलन|Partial Differentiation Applied Maths 3|Applied Maths 3,Partial Differentiation|आंशिक अवकलन|Partial Differentiation Applied Maths 3|Applied M Best Lectures Differentiation ...,,,0,"['Education', 'maths']",27,
mjoWwyPmypQ,Differentiation of Implicit Function I Partial Derivatives I Engineering Maths,Unit 1 GGSIPU New Syllabus II Maths 1 II Unit 1 - Topics Review https://youtu.be/W9ir4m2QJ08 Partial Derivative of 1st and 2nd ...,,,0,"['Education', 'maths']",27,
ULYkMrFWenA,APPLICATION OF PARTIAL DIFFERENTIATION | ONE SHOT| JACOBIANS | MAXIMA MINIMA | ERROR & APPROXIMATION,APPLICATION OF PARTIAL DIFFERENTIATION | ONE SHOT| JACOBIANS | MAXIMA MINIMA | ERROR & APPROXIMATION ...,,,0,"['Education', 'maths']",27,
a5Obu-2r5-8,ECET-2024 || Math అభ్యాసం Daily Dose ||PARTIAL DIFFERENTIATION (01) SAIMEDHA KOTI - HYD,Download the APP SAIMEDHA.IN Link: https://bit.ly/3euSvyc instagram:- https:https://www.instagram.com/saimedhaecet_koti/ ...,,,0,"['Education', 'maths']",27,
6aleOSiqT-w,Ex - 5.1 Advanced Calculus | Partial Differentiation |Advanced Calculus BA/BSC 2nd Year Ch 5 Ex 5.1|,Ex - 5.1 Advanced Calculus | Partial Differentiation |Advanced Calculus BA/BSC 2nd Year Ch 5 Ex 5.1| ...,,,0,"['Education', 'maths']",27,
lHuRn6ACR5w,B-TECH|M1|MULTIVARIABLE CALCULUS|PARTIAL DIFFERENTIATION|JACOBIAN|B-TECH EXAM IMPORTANT QUESTIONS,https://youtu.be/92AKfCOr9tM B-TECH M1 EXAM IMP QUESTION: ...,,,0,"['Education', 'maths']",27,
zxrZ8EnzEPg,1.4 || Partial Differentiation | Partial Derivative Engineering Math | By Vivek Lodh [ M1 ][ HINDI ],Partial Differentiation Engineering Maths Engineering mathematics 1 full playlist link below ...,,,0,"['Education', 'maths']",27,
Yt33zPTQ76w,SECOND ORDER PARTIAL DERIVATIVES |KTU BTECH MATHS FOR INFORMATION SCIENCE -I |MODULE 2 |2024 SCHEME,"ktutuition ,#ktubtechtuition #ktubtech,#ktubtechmathsclasses,#ktusemester1mathsmodule1,#csktumaths,#itktumaths ...",,,0,"['Education', 'maths']",27,
SWT4knGaDiU,Jacobian | Application of Partial Differentiation | Problem 1 | Engineering math 1,"Hey friends I'm Ishwar sir welcome to our channel""aryabhat institute"", this channel is all about Education like Engineering Subject ...",,,0,"['Education', 'maths']",27,
Tdg6ALREOgI,Partial Derivatives - Total Differential,Social Media Links : Facebook Page : https://www.facebook.com/dryasserkhan Instagram ...,,,0,"['Education', 'maths']",27,
xqvIb2rORms,"Show that partial derivative exit at (0,0)but the function is not continuous @onlinestudybhaskar",bscmathsclass #multivariablecalculus #functionoftwovariable #bscclassfor5thsem #mathsbygpsir #drgajendrapurohit.,,,0,"['Education', 'maths']",27,
soy_jK6Dw80,Partial Derivatives ; Lec | 57 ; Ex: 14.3 | Thomas Calculus,This lecture cover following topics First Order Partial Derivatives Second Order Partial Derivatives Mixed Partial Derivatives with ...,,,0,"['Education', 'maths']",27,
DheOD8lVHT4,Partial Differentiation | All TGT/PGT Exam,#rpsc_maths_online #rpsc_second_grade_maths_online #rpsc_maths_second_grade_preparation ...,,,0,"['Education', 'maths']",27,
K_CWcmfVmjc,Partial derivatives of function of two variable functions | Real analysis,#calculus #partial_derivatives #mathsshtam.,,,0,"['Education', 'maths']",27,
SEnDU5B42VM,differentiation of two variable function|Partial Differentiation|chapter 1|4 sem QT|Calicut universi,,,,0,"['Education', 'maths']",27,
hX2DLFGAj9w,Partial Differentiation | EULER'S THEOREM IN PARTIAL DIFFERENTIATION SOLVED PROBLEM 1,This video lecture of Partial Differentiation - Euler's Theorem for Homogeneous Function by Samir Dey Sir will help Engineering ...,,,0,"['Education', 'maths']",27,
oIM3HAxBTmk,Maxima and Minima of Functions of Two Variables || #1 |Problem| Partial Differentiation | In Tamil,Differential Calculus Links: Differential Calculus Introduction Part 1: https://youtu.be/Q7iMt62oatg Differential Calculus Intro 2| ...,,,0,"['Education', 'maths']",27,
K6MbaJ31zi8,Partial Differentiation || 𝒍𝒐𝒈(𝒙^𝟑+𝒚^𝟑+𝒛^𝟑−𝟑𝒙𝒚𝒛) || VTU maths || Dr Prashant Patil,"In this video, 𝑰𝒇 𝒖=𝒍𝒐𝒈(𝒙^𝟑+𝒚^𝟑+𝒛^𝟑−𝟑𝒙𝒚𝒛) then 𝝏𝒖/𝝏𝒙+𝝏𝒖/𝝏𝒚+𝝏𝒖/𝝏𝒛=𝟑/(𝒙+𝒚+𝒛) and ...",,,0,"['Education', 'maths']",27,
apdL-waUrQM,Partial Differentiation| Eulers theorem & its Proof |homogeneous function | Lecture 12 |pradeep giri,Partial Differentiation| Eulers theorem & its Proof |Lecture 12| Mathematics1|Pradeep Giri Academy|B.Sc|Engineering ...,,,0,"['Education', 'maths']",27,
fty7RCmD-2s,B.Sc 1 year Maths || Ch- Partial Differentiation || 1-sem(1st book)✍️,"About this video Dear students, is video m hm b.sc 1 year Maths ki 1st book k Ch- Partial Differentiation ko pdhenge...I hope apko ...",,,0,"['Education', 'maths']",27,
dsZ4moCvCjw,JACOBIAN IN PARTIAL DIFFERENTIATION SOLVED PROBLEM 2 IN HINDI,"Visit My Most Popular Channel : @TIKLESACADEMY UNIT ""PARTIAL DIFFERENTIATION"" CONTINUES AND TODAY WE WILL ...",,,0,"['Education', 'maths']",27,
8YpGRALRxpw,DifferentialCalculus2 | Partial Differentiation | ComparisonBetween Ordinary And Partial Derivatives,"DifferentialCalculus2 | Partial Differentiation | ComparisonBetween Ordinary And Partial Derivatives #engineering_mathematics, ...",,,0,"['Education', 'maths']",27,
9gwGbNGfdgI,APPLICATIONS OF PARTIAL DIFFERENTIATION |JEE & NEET | PHYSICS PAATHSHALA INDORE | ANIT SIR,"This video discusses when, how and where to use partial differentiation through suitable examples. Language - Hinglish ...",,,0,"['Education', 'maths']",27,
RL8_1sOSlq4,Partial Differentaition 01 - Basics of Engg Mathematics : All Universities & Autonomous Colleges,💬About Ankush Sir 13+ Years of Experience Produced 10000+ ranks at JEE and MHTCET. Helped 150000+ students to ...,,,0,"['Education', 'maths']",27,
RskDcEDKlcs,Partial Differentiation | If u = x³ - 3xy² + x + (e^x) cos y + 1 Show That (∂²u/∂x²) + (∂²u/∂y²) = 0,"Partial Differentiation | If u = x³ - 3xy² + x + (e^x) cos y + 1 Show That (∂²u/∂x²) + (∂²u/∂y²) = 0 #engineering_mathematics, ...",,,0,"['Education', 'maths']",27,
J7gGctOubks,Differentiability of function | Partial differentiation | Partial derivatives | Calculus,Differentiability of two variable function | Partial differentiation | Partial derivatives | Calculus In this video I Have solved Ex.2(e) ...,,,0,"['Education', 'maths']",27,
pQ3-YasxMfo,Euler's theorem on partial differentiation| Chapter-4 | JNTUK regulation | KiET college | CAI-H,B.Yuvaraj.,,,0,"['Education', 'maths']",27,
ZaPSh8FREdQ,Partial Derivatives - Elasticity of Demand,Social Media Links : Facebook Page : https://www.facebook.com/dryasserkhan Instagram ...,,,0,"['Education', 'maths']",27,
vyii08BWROM,partial differentiation | most important questions with solution | bsc 1st semester math | bsc math,manojsir #gurumantrainstitute #manojsirkhurja Please Subscribe Our Second Channel Manoj Sir (Link ...,,,0,"['Education', 'maths']",27,
VKtzY6QxVnM,Partial Differentiation(Euler's Theorem)!Day-4!#bsc1stsemester,Partial Differentiation(Euler's Theorem)!Day-4!Bsc1stsemester.,,,0,"['Education', 'maths']",27,
eD8XzmCSJjU,partial derivative | partial differentiation | Mathematical Economics | definition of partial deriva,partial derivative | partial differentiation | Mathematical Economics | definition of partial derivative partial derivative | partial ...,,,0,"['Education', 'maths']",27,
qiDTJ6j3zuY,Partial Differentiation | Part -2 | UNIT-1 | Differential Calculus | B.Sc 1st Year | iSTUDY Online,#anilsir #istudyonline #bsc_1st_year English Book PDF:- https://imojo.in/general_english_iStudy Links first year chemistry notes ...,,,0,"['Education', 'maths']",27,
H37sEMSw8Hc,CHAIN RULE OF PARTIAL DIFFERENTIATION SOLVED PROBLEM 3 | MULTIVARIABLE CALCULUS @TIKLESACADEMY,Visit My Other Channels : @TIKLESACADEMY @TIKLESACADEMYOFMATHS @TIKLESACADEMYOFEDUCATION ...,,,0,"['Education', 'maths']",27,
YSXRvyhodGI,lecture 12 - (partial differentiation) - التفاضل الجزئي,المذكرات وباقي الفيديوهات هنا: https://kimcamacademy.com/index.php/diffrentation ...,,,0,"['Education', 'maths']",27,
2ss9v_bo-Qw,Composite Function | Partial Differentiation | Problem 1 | Engineering Mathematics 1,"Hey friends I'm Ishwar sir welcome to our channel""aryabhat institute"", this channel is all about Education like Engineering Sub ...",,,0,"['Education', 'maths']",27,
ZZE9UNJslcQ,JNTU Partial Differentiation Formation of PDE by Elimination of Arbitrary Constants | PDE in Telugu,PartialdifferentialEquations #LinearPartialdifferentialequations #EngineeringMathematics #JNTUMaths #PDEintelugu.,,,0,"['Education', 'maths']",27,
I0MGscgQxec,Partial Derivatives || Calculus and Linear Algebra || Sadika Binti Noor,"In this lecture, we're learning how to differentiate functions with two or more variables. We'll first break down the first, second, and ...",,,0,"['Education', 'maths']",27,
70HmKGRoxYw,Partial Differentiation | Lecture 13 | Concept and Numericals | Aalsi Engineer | Rounak Sir,Welcome to the second lecture of our series- 'India's Biggest Engineering Mathematics Series' In this lecture we will be learning: ...,,,0,"['Education', 'maths']",27,
x6AfqIW2rUM,#1 Differential Calculus Introduction(With Notes) || partial differentiation engineering mathematics,"Here, I have discussed All Basics Concepts of Differential Calculus what is differential calculus, what is differentiation real-world ...",,,0,"['Education', 'maths']",27,
jU2KYuEkwnA,Partial differentiation in Bangla | Partial derivatives solved problems,Partial differentiation in Bangla | Partial derivatives solved problems Partial Differentiation in Bangla | First & Second order Partial ...,,,0,"['Education', 'maths']",27,
ADbtdKpZm7A,264/1000 | First Order Partial Differentiation of log(x^2 + y^2) | Partial Derivatives Explained,"264/1000 | First Order Partial Differentiation of log(x^2 + y^2) | Partial Derivatives Explained In this Video, we will learn: 00:00 ...",,,0,"['Education', 'maths']",27,
CaNvWQzfE0A,EULER'S THEOREM IN PARTIAL DIFFERENTIATION SOLVED PROBLEM 3 | MULTIVARIABLE CALCULUS,Visit My Other Channels : @TIKLESACADEMY @TIKLESACADEMYOFMATHS @TIKLESACADEMYOFEDUCATION ...,,,0,"['Education', 'maths']",27,
Ad6S9WtVSuk,APPLICATIONS OF PARTIAL DERIVATIVES | Engineering Mathematics ONESHOT | M1 Revision | Ganitank,This course provides a comprehensive introduction to engineering mathematics for first-year students at Pune & Mumbai ...,,,0,"['Education', 'maths']",27,
UukVP7Mg3TU,Calculus - Introduction to Calculus,This video will give you a brief introduction to calculus. It does this by explaining that calculus is the mathematics of change.,,,0,"['Education', 'maths']",27,
Kss13U-hvPk,Calculus in a nutshell,"What is calculus? A concoction of graphs, slopes, areas, weird symbols, and incomprehensible formulas? This 3-minute video, ...",,,0,"['Education', 'maths']",27,
fBPxOE_PmP0,Calculus is Beautiful If The Teacher Is Good!,"Your support makes all the difference! By joining my Patreon, you'll help sustain and grow the content you love ...",,,0,"['Education', 'maths']",27,
L4d-bUcIAe4,Gravityക്ക് വേണ്ടിയുള്ള Newtonൻ്റെ കണക്കിലെ സൂത്രം. എന്താണ് Calculus? Simple Explanation.,Newton's Secret Weapon: How He Calculated Gravity! Did you know that Newton needed a whole new branch of mathematics ...,,,0,"['Education', 'maths']",27,
MO-AExWdl4Q,Calculus Visualized - by Dennis F Davis,"This 3-hour video covers most concepts in the first two semesters of calculus, primarily Differentiation and Integration. The visual ...",,,0,"['Education', 'maths']",27,
WUvTyaaNkzM,The essence of calculus,"In this first video of the series, we see how unraveling the nuances of a simple geometry question can lead to integrals, derivatives ...",,,0,"['Education', 'maths']",27,
rnlBJNdKTGY,Calculus: ∫ (x-√(x^2+1))^2025 dx - Integration by hyperbolic substitution - For special Year 2025,Here is the technique to solve this question and how to find them in step-by-step.,,,0,"['Education', 'maths']",27,
WsQQvHm4lSw,Understand Calculus in 35 Minutes,"This video makes an attempt to teach the fundamentals of calculus 1 such as limits, derivatives, and integration. It explains how to ...",,,0,"['Education', 'maths']",27,
0KWYXvaMpuI,"Area between two curves – Calculus, Integrals",In this math video I (Susanne) explain how to find the area between two curves in calculus. We calculate the intersection points ...,,,0,"['Education', 'maths']",27,
1bH_ukYn81c,Calculus Is Overrated – It is Just Basic Math,BASIC Math Calculus – AREA of a Triangle - Understand Simple Calculus with just Basic Math! Calculus | Integration | Derivative ...,,,0,"['Education', 'maths']",27,
1kRxn2k2pOo,"Believe in calculus, NOT calculators!",Let's see how to use calculus to approximate the square root of a non-perfect square number! We will approximate sqrt(10) and ...,,,0,"['Education', 'maths']",27,
kuOxDh3egN0,Why is calculus so ... EASY ?,"Calculus made easy, the Mathologer way :) 00:00 Intro 00:49 Calculus made easy. Silvanus P. Thompson comes alive 03:12 Part ...",,,0,"['Education', 'maths']",27,
YFwDVViULiA,dy/dx னா இவ்வளவு தானா? | Basics of Calculus | LMES,E-mail:- lmesacademy@gmail.com Contact :- 9884222601 ----------------------------------------------------------------------,,,0,"['Education', 'maths']",27,
5iTOphGnCtg,GENERAL CHEMISTRY explained in 19 Minutes,"Everything is made of atoms. Chemistry is the study of how they interact, and is known to be confusing, difficult, complicated...let's ...",,,0,"['Education', 'maths']",27,
eI4an8aSsgw,Precalculus Course,Learn Precalculus in this full college course. These concepts are often used in programming. This course was created by Dr.,,,0,"['Education', 'maths']",27,
u4XYcPdpYb8,Vector Calculus Complete Animated Course for DUMMIES,Table of Content:- 0:00 Scalar vs Vector Field 3:02 Understanding Gradient 5:13 Vector Line Integrals (Force Vectors) 9:53 Scalar ...,,,0,"['Education', 'maths']",27,
IFlXeFwA_2A,BASIC Math Calculus – Understand Simple Calculus with just Basic Math in 5 minutes!,BASIC Math Calculus – AREA of a Triangle - Understand Simple Calculus with just Basic Math! Calculus | Integration | Derivative ...,,,0,"['Education', 'maths']",27,
NjvwWiCYLl4,How to Make it Through Calculus (Neil deGrasse Tyson),Neil deGrasse Tyson talks about his personal struggles taking calculus and what it took for him to ultimately become successful at ...,,,0,"['Education', 'maths']",27,
fiAfH47bHkc,Ganamanya 🤪| Official song | yash shithole @swataajya | prod by : mc sandy | #ganmanya,YASH SHITOLE PRESENT- गणमन्या | MARATHI RAP Channel Subscribe करायला विसरू नका…,,,0,"['Education', 'maths']",27,
DZsaeDDcag0,Calculus is as Easy as Adding Numbers,"Your support makes all the difference! By joining my Patreon, you'll help sustain and grow the content you love ...",,,0,"['Education', 'maths']",27,
7Du3Sf4ciHQ,Calculus Quotient Rule Example with a Rational Function,"Calculus Quotient Rule Example with a Rational Function If you have questions, you can always reach me here: ...",,,0,"['Education', 'maths']",27,
2Sz7uwjsWL0,UP TGT | PGT 2025 Maths एक क्लास मे संपूर्ण Calculus ! 250 + Questions #1 By pawan sir,Welcome to TGT PGT Adda247 – Your Ultimate Destination for Teaching Exam Preparation! Are you aspiring to become a teacher ...,,,0,"['Education', 'maths']",27,
P00OQmNxqr4,"What Is a Logarithm, Really?","At its core, a logarithm is just another way of asking a familiar question—a question that feels a little like division, but runs deeper.",,,0,"['Education', 'maths']",27,
0uLnleSqLnU,Lec 82 pythagoras theorem | AISSEE 6th Complete Free Math Course,💯Complete AISSEE Math Playlist: https://youtube.com/playlist?list=PLj_rRSWhu59dVWgRXByhj7hqUrg14V8FW&si=Gv84cVhkHVVuWEFM ...,,,0,"['Education', 'maths']",27,
TnXSGdY6oaA,Definition of the Derivative | A Spark of Calculus,maths #mathematics #calculus #apcalculusab #apcalculusbc #derivatives #differentialcalculas #learning #education #qvark ...,,,0,"['Education', 'maths']",27,
z_F8a2oQtOc,Integral of the Day 4.14.25 | Calculus 2 Integration Techniques & Tips | Math with Professor V,"Here is your latest ""Integral of the Day""! It's a pretty classic problem, but I'd love to hear if you solved it differently than the way I ...",,,0,"['Education', 'maths']",27,
zbH5Hb9kGYk,NCEA Level 2 Calculus 2024 NZQA Exam - Worked Answers,91262 2.7 Calculus 2024 NZQA Exam - Worked Answers Level 2 Apply calculus methods in solving problems Website ...,,,0,"['Education', 'maths']",27,
2lbdQ6o8of0,"Class 7: Important Questions 📃 Pre-Calculus 🧮 4431/8416|AIOU| Bba,bs,A&f |Study with Hammad Abbasi","Class 7: Important Questions Per-Calculus 4431|AIOU| Bba,bs,A&f |Study with Hammad Abbasi | Per-Calculus Playlist ...",,,0,"['Education', 'maths']",27,
DgevvaMtQmo,Calculus 1- Module 3| 4.1 | Extrema of Functions | Dr. Zahir Math,"Welcome to Dr. Zahir's Math Channel! In today's video, we're tackling Exercise 4.1: Extrema of Functions. Learn how to find the ...",,,0,"['Education', 'maths']",27,
h8azDbzaABM,"Class -11 , #Physics, 1-D motion using Calculus.",Kinematic equations using Calculus. #physics.,,,0,"['Education', 'maths']",27,
CROo2ebrByM,Definite Integral IIT JAM & CUET PG 2026 Mathematics | Integral Calculus | Lec-1 | IFAS,"his talk is suitable for students preparing for specific integral IIT JAM, integral CUET, and all those who want to excel in integral ...",,,0,"['Education', 'maths']",27,
DIfKtQMBlCg,AI Math Clubs - GDG Ahlen | Calculus with Python - Week 8: Functions and Limits,"This video marks the beginning of our exciting 5-week journey into Calculus with Python, covering Weeks 8 through 12. Our goal ...",,,0,"['Education', 'maths']",27,
kuOxDh3egN0,Why is calculus so ... EASY ?,"Calculus made easy, the Mathologer way :) 00:00 Intro 00:49 Calculus made easy. Silvanus P. Thompson comes alive 03:12 Part ...",,,0,"['Education', 'maths']",27,
L4d-bUcIAe4,Gravityക്ക് വേണ്ടിയുള്ള Newtonൻ്റെ കണക്കിലെ സൂത്രം. എന്താണ് Calculus? Simple Explanation.,Newton's Secret Weapon: How He Calculated Gravity! 🔥 Did you know that Newton needed a whole new branch of mathematics ...,,,0,"['Education', 'maths']",27,
NjvwWiCYLl4,How to Make it Through Calculus (Neil deGrasse Tyson),Neil deGrasse Tyson talks about his personal struggles taking calculus and what it took for him to ultimately become successful at ...,,,0,"['Education', 'maths']",27,
1bH_ukYn81c,Calculus Is Overrated – It is Just Basic Math,BASIC Math Calculus – AREA of a Triangle - Understand Simple Calculus with just Basic Math! Calculus | Integration | Derivative ...,,,0,"['Education', 'maths']",27,
HfACrKJ_Y2w,Calculus 1 - Full College Course,"Learn Calculus 1 in this full college course. This course was created by Dr. Linda Green, a lecturer at the University of North ...",,,0,"['Education', 'maths']",27,
YNstP0ESndU,Calculus 1 - Introduction to Limits,"This calculus 1 video tutorial provides an introduction to limits. It explains how to evaluate limits by direct substitution, by factoring, ...",,,0,"['Education', 'maths']",27,
0Be_6Qaq1es,"Calculus, what is it good for?","Here is a brief description of calculus, integration and differentiation and one example of where it is useful: deriving new physics.",,,0,"['Education', 'maths']",27,
2n41IqOMbdc,1. What is Calculus | (Hindi),why study differentiation and integration instagram : @kapoorashiesh.,,,0,"['Education', 'maths']",27,
tt2DGYOi3hc,Introduction to Calculus (1 of 2: Seeing the big picture),Main site: http://www.misterwootube.com Second channel (for teachers): http://www.youtube.com/misterwootube2 Connect with ...,,,0,"['Education', 'maths']",27,
q1iSmAh3n-c,BASIC Calculus – Understand Why Calculus is so POWERFUL!,Popular Math Courses: Math Foundations https://tabletclass-academy.teachable.com/p/foundations-math-course Math Skills ...,,,0,"['Education', 'maths']",27,
EzePYR390dw,Introduction to Calculus (Derivatives),"I made this 3 years ago for Tiktok. Calc students are learning this now, so I reformatted it for Youtube. I hope you love it!",,,0,"['Education', 'maths']",27,
TzDhdvVg9_c,Calculus at a Fifth Grade Level,The foreign concepts of calculus often make it hard to jump right into learning it. If you ever wanted to dive into the world of ...,,,0,"['Education', 'maths']",27,
pMWxnjgvUQM,2Gether: U + Me = Us (Calculus),"The original music video for 2Gether's ""U + Me = Us (Calculus)"" taken directly from the now out-of-print 2001 Sony DVD.",,,0,"['Education', 'maths']",27,
NfTO8CToMkc,What is Calculus in Math? Simple Explanation with Examples,Calculus is a branch of mathematics that deals with very small changes. Calculus consists of two main segments—differential ...,,,0,"['Education', 'maths']",27,
S0_qX4VJhMQ,"Derivative formulas through geometry | Chapter 3, Essence of calculus","Time stamps: 0:00 Intro 1:38 f(x) = x^2 4:41 f(x) = x^3 6:54 f(x) = x^n ""Power Rule"" 10:07 f(x) = 1/x 12:36 Sine 16:56 Outro Great ...",,,0,"['Education', 'maths']",27,
rfG8ce4nNh0,"Integration and the fundamental theorem of calculus | Chapter 8, Essence of calculus",Timestamps: 0:00 - Car example 8:20 - Areas under graphs 11:18 - Fundamental theorem of calculus 16:20 - Recap 17:45 ...,,,0,"['Education', 'maths']",27,
tIeHLnjs5U8,Backpropagation calculus | DL4,"This one is a bit more symbol-heavy, and that's actually the point. The goal here is to represent in somewhat more formal terms the ...",,,0,"['Education', 'maths']",27,
alUkVWVEP10,First Principles Calculus Grade 12,First Principles Calculus Grade 12 Do you need more videos? I have a complete online course with way more content.Click here: ...,,,0,"['Education', 'maths']",27,
z6PXviT86tI,Smells Like Calculus - (Nirvana Calculus Parody),"A calculus parody of ""Smells Like Teen Spirit"" Valley View High School - 2022 Final Project for Mrs.Drabenstott's AP Calculus AB ...",,,0,"['Education', 'maths']",27,
2kyQ1YuzOBM,“Derivating” (Levitating Calculus Parody),"This is an AP Calculus project, please don't judge :) Original Song: Levitating - Dua Lipa ft. Dababy My Take: Derivating - Me ft.",,,0,"['Education', 'maths']",27,
e7QjCL7lQM4,All the TRIG you need for calculus actually explained,"This video is all about trigonometry, focusing on reviewing everything you are likely to actually use regularly in calculus. Instead of ...",,,0,"['Education', 'maths']",27,
lAlFSHSJN0s,The 7 Levels of Calculus,This video was sponsored by Brilliant. Join the free discord to chat: discord.gg/TFHqFbuYNq Join this channel to get access to ...,,,0,"['Education', 'maths']",27,
7K1sB05pE0A,"Lec 1 | MIT 18.01 Single Variable Calculus, Fall 2007","Lecture 01: Derivatives, slope, velocity, rate of change *Note: this video was revised, raising the audio levels. View the complete ...",,,0,"['Education', 'maths']",27,
__Uw1SXPW7s,Introduction to integral calculus | Accumulation and Riemann sums | AP Calculus AB | Khan Academy,"The basic idea of Integral calculus is finding the area under a curve. To find it exactly, we can divide the area into infinite ...",,,0,"['Education', 'maths']",27,
9_3mbfchlQE,Fundamental Theorem of Calculus Explained | Outlier.org,The Fundamental Theorem of Calculus is at the heart of Calculus: it links differentiation and integration with two simple equations.,,,0,"['Education', 'maths']",27,
UcWsDwg1XwM,Big Picture of Calculus,Big Picture of Calculus Instructor: Gilbert Strang http://ocw.mit.edu/highlights-of-calculus License: Creative Commons BY-NC-SA ...,,,0,"['Education', 'maths']",27,
yfajBIaDf1Q,ALL OF Calculus 1 in a nutshell.,"In this math video, I give an overview of all the topics in Calculus 1. It's certainly not meant to be learned in a 5 minute video, but ...",,,0,"['Education', 'maths']",27,
alUkVWVEP10,First Principles Calculus Grade 12,First Principles Calculus Grade 12 Do you need more videos? I have a complete online course with way more content.Click here: ...,,,0,"['Education', 'maths']",27,
EXG2Z1RpVwU,EASY CALCULUS Introduction – Anyone with BASIC Math skills can understand….,Math Notes: Pre-Algebra Notes: https://tabletclass-math.creator-spring.com/listing/pre-algebra-power-notes Algebra Notes: ...,,,0,"['Education', 'maths']",27,
kfF40MiS7zA,"Limits, L'Hôpital's rule, and epsilon delta definitions | Chapter 7, Essence of calculus",Timestamps 0:00 - Intro 1:17 - Formal definition of derivatives 4:52 - Epsilon delta definition 9:53 - L'Hôpital's rule 17:17 - Outro ...,,,0,"['Education', 'maths']",27,
#NAME?,आखिर क्यों जरूरी था Calculus को बनाना | Calculus the invention which changed the mathematics,"""The main duty of the historian of mathematics, as well as his fondest privilege, is to explain the humanity of mathematics, ...",,,0,"['Education', 'maths']",27,
PWTdiAYQ2Cs,Calculus explained through a story,Here is a look at the essence of calculus through the story of Bob. We use differentiation to find the slope of a curved line and then ...,,,0,"['Education', 'maths']",27,
YG15m2VwSjA,"Visualizing the chain rule and product rule | Chapter 4, Essence of calculus",Timestamps: 0:00 - Intro 1:48 - Sum rule 4:13 - Product rule 8:41 - Chain rule 14:36 - Outro Thanks to these viewers for their ...,,,0,"['Education', 'maths']",27,
AVWrB1vt5nM,Calculus Made EASY! Finally Understand It in Minutes!,"Think calculus is only for geniuses? 💥 Think again! In this video, I'll break down calculus at a basic level so anyone can ...",,,0,"['Education', 'maths']",27,
Ow6Y-g4nRls,Lobotomy Kaisen: Calculus,ive got way too much free time song: Flawless - Yeat x Lil Uzi x Unharmed https://youtu.be/U-NyDt0okb0?si=yso8AWdJDG1bk4eQ ...,,,0,"['Education', 'maths']",27,
AKmuk0OM-DM,Calculus made EASY! 5 Concepts you MUST KNOW before taking calculus!,CORRECTION - At 22:35 of the video the exponent of 1/2 should be negative once we moved it up! Be sure to check out this video ...,,,0,"['Education', 'maths']",27,
rBVi_9qAKTU,"Introduction to Calculus: The Greeks, Newton, and Leibniz","You've been dreading this for a long time, but there's no getting around it! Once we wrap up algebra and trigonometry, it's time to ...",,,0,"['Education', 'maths']",27,
_Idra8rVS1I,What is Calculus Used For? | Jeff Heys | TEDxBozeman,"This talk describes the motivation for developing mathematical models, including models that are developed to avoid ethically ...",,,0,"['Education', 'maths']",27,
uqwC41RDPyg,Calculus Rhapsody,Calculus Rhapsody By Phil Kirk & Mike Gospel (Lyrics below) We've had this little school project of ours here on YouTube for over ...,,,0,"['Education', 'maths']",27,
5kwz7ajxfyA,ALL of calculus 3 in 8 minutes.,"0:00 Introduction 0:17 3D Space, Vectors, and Surfaces 0:44 Vector Multiplication 2:13 Limits and Derivatives of multivariable ...",,,0,"['Education', 'maths']",27,
N2PpRnFqnqY,Derivative as a concept | Derivatives introduction | AP Calculus AB | Khan Academy,Why we study differential calculus. Created by Sal Khan. Watch the next lesson: ...,,,0,"['Education', 'maths']",27,
A6Ad7VnSlZE,DIFFERENTIAL CALCULUS LECTURE 1 STUDY OF ALL THE BASIC FORMULAS OF DIFFERENTIATION,THIS IS THE 1ST VIDEO LECTURE ON DIFFERENTIAL CALCULUS AND TODAY WE WILL STUDY ALL THE BASIC FORMULAS ...,,,0,"['Education', 'maths']",27,
GiCojsAWRj0,Calculus 1 Review - Basic Introduction,This back-to-school calculus 1 review video tutorial provides a basic introduction into a few core concepts taught in a typical AP ...,,,0,"['Education', 'maths']",27,
9vKqVkMQHKk,"The paradox of the derivative | Chapter 2, Essence of calculus","Note, to illustrate my point for the target audience of a new calculus student, I discussed a hypothetical speedometer that makes ...",,,0,"['Education', 'maths']",27,
lx8RcYcYVuU,Optimization Problems - Calculus,"This calculus video explains how to solve optimization problems. It explains how to solve the fence along the river problem, how to ...",,,0,"['Education', 'maths']",27,
RcVA8Nj6HEo,What is PLUS times PLUS?,"ERRATA: • The ""Church-Turing Thesis"" is different from the ""Church-Turing Theorem"". The ""theorem"" is the claim which I ...",,,0,"['Education', 'maths']",27,
54_XRjHhZzI,Calculus 1 Lecture 1.1: An Introduction to Limits,Calculus 1 Lecture 1.1: An Introduction to Limits.,,,0,"['Education', 'maths']",27,
I3GWzXRectE,Introductory Calculus: Oxford Mathematics 1st Year Student Lecture,In our latest student lecture we would like to give you a taste of the Oxford Mathematics Student experience as it begins in its very ...,,,0,"['Education', 'maths']",27,
hN0yBctuMqU,I Broke My Computer Over Calculus,"EDIT: Idk why I have to say this every time I have something that even remotely resembles an opinion, but yes I know this isn't the ...",,,0,"['Education', 'maths']",27,
WjJ-kpgps1c,Understand Calculus in 10 Minutes,TabletClass Math http://www.tabletclass.com learn the basics of calculus quickly. This video is designed to introduce calculus ...,,,0,"['Education', 'maths']",27,
5yfh5cf4-0w,Calculus 1 - Derivatives,This calculus 1 video tutorial provides a basic introduction into derivatives. Direct Link to Full Video: https://bit.ly/3TQg9Xz Full 1 ...,,,0,"['Education', 'maths']",27,
3d6DsjIBzJ4,"Taylor series | Chapter 11, Essence of calculus",Timestamps 0:00 - Approximating cos(x) 8:24 - Generalizing 13:34 - e^x 14:25 - Geometric meaning of the second term 17:13 ...,,,0,"['Education', 'maths']",27,
U5TKKtfBEAE,"‘I INTEGRATE’ M/V [Calculus Village People ""YMCA"" Parody]","Missing this now that I'm in linear algebra :"") Recorded under a duvet on my bed during spring break MATH 11B: Calculus with ...",,,0,"['Education', 'maths']",27,
lbVfbMJOGGY,How to Explain Calculus to a 6th Grader?,Here is the Challenge: Can you explain calculus to a 6th grader? That is the challenge we tried to answer in this video... Table of ...,,,0,"['Education', 'maths']",27,
PxiRRXvifxM,Official Trailer | Gifts of India | Calculus | Mathematics | Short Documentary |,"In this captivating short documentary, we explore the rich and often overlooked history of mathematics, challenging conventional ...",,,0,"['Education', 'maths']",27,
7ADkMuxeENc,Differential Calculus full Topic,In this video we will talk about about differential calculus.,,,0,"['Education', 'maths']",27,
uKUzvk5_FF8,Grade 12 Calculus Lesson 1 | Finding the Derivative from First Principles | Mlungisi Nkosi,mlungisinkosi #grade12 #matric.,,,0,"['Education', 'maths']",27,
CvOQLWebWQI,Your First Basic CALCULUS Problem Let’s Do It Together….,Math Notes: Pre-Algebra Notes: https://tabletclass-math.creator-spring.com/listing/pre-algebra-power-notes Algebra Notes: ...,,,0,"['Education', 'maths']",27,
6WUjbJEeJwM,Calculus 1 - Integration & Antiderivatives,This calculus 1 video tutorial provides a basic introduction into integration. It explains how to find the antiderivative of many ...,,,0,"['Education', 'maths']",27,
qBQt4wjwPdM,What is the meaning Calculus in ultrasound in Hindi | Calculus ka matlab kya hota hai,What is in Hindi me aapka swagat hai | Calculus in ultrasound का मतलब क्या होता है | What is the meaning of ...,,,0,"['Education', 'maths']",27,
2N6A4ed8s58,Calculus 2 - Basic Integration,"This calculus 2video tutorial provides an introduction into basic integration techniques such as integration by parts, trigonometric ...",,,0,"['Education', 'maths']",27,
b4wRMQMvRy8,CALCULUS paper 2 | 2023 | Equation of the curve problem.,,,,0,"['Education', 'maths']",27,
0YeON4p0ogw,"Calculus 2 - Geometric Series, P-Series, Ratio Test, Root Test, Alternating Series, Integral Test",This calculus 2 video provides a basic review into the convergence and divergence of a series. It contains plenty of examples and ...,,,0,"['Education', 'maths']",27,
_D82_Wni7w4,Calculus (Basic) WORD PROBLEM Why Calculus is so POWERFUL!,Popular Math Courses: Math Foundations https://tabletclass-academy.teachable.com/p/foundations-math-course Math Skills ...,,,0,"['Education', 'maths']",27,
HGwLmX41cn4,CALCULUS Top 10 Must Knows (ultimate study guide),Here are the top 10 most important things to know about Calculus. This video covers topics ranging from calculating a derivative ...,,,0,"['Education', 'maths']",27,
UVmxva3DAhc,"Intro to Derivatives, Limits & Tangent Lines in Calculus | Step-by-Step","In this video, we'll be introducing you to some of the key concepts in calculus, specifically derivatives, limits, and tangent lines.",,,0,"['Education', 'maths']",27,
xt6KgxxUvFg,Calculus Class 12 Maths || 12th Math Chapter 5 Continuity and Differentiability Class 12 ||,Calculus Class 12 Maths || 12th Math Chapter 5 Continuity and Differentiability Class 12 || मैट्रिक और इंटर के ...,,,0,"['Education', 'maths']",27,
WmBzmHru78w,Calculus 1 Final Exam Review,"This calculus 1 final exam review contains many multiple choice and free response problems with topics like limits, continuity, ...",,,0,"['Education', 'maths']",27,
LkcbabVODx4,Differentiation | Derivatives (General Method),Learn how to get the derivative of a function using the General method of Differentiation Join our WhatsApp channel for more ...,,,0,"['Education', 'maths']",27,
FJwz-axH7Gk,Grade 12 Calculus Lesson 2 | Laws of Differentiation | Mlungisi Nkosi,mlungisinkosi #grade12 #matric.,,,0,"['Education', 'maths']",27,
wPSnOqOJYM4,Explaining Gojo's Infinity with Calculus,"CHECK THE PINNED COMMENT. I made a pretty serious mistake in this video, but then I also think Gege made this mistake.",,,0,"['Education', 'maths']",27,
5aikdnpx-Lg,"One Equation - ""What Makes You Differentiable"" (One Direction AP Calculus Parody)",This is the greatest AP Calculus final project. #calculus #onedirection #parody #apcalc #math #oneequation.,,,0,"['Education', 'maths']",27,
8stueNPVl-I,Calculus for Beginners full course | Calculus for Machine learning,"Calculus, originally called infinitesimal calculus or ""the calculus of infinitesimals"", is the mathematical study of continuous change, ...",,,0,"['Education', 'maths']",27,
eI4an8aSsgw,Precalculus Course,Learn Precalculus in this full college course. These concepts are often used in programming. This course was created by Dr.,,,0,"['Education', 'maths']",27,
APRGt-zJCck,Integration Class11th | Integration for Physics | How to do Integration Physics Class12th | Calculus,"JEE #NEET To Support me in my work, You can donate using- Account no- 3288241594 Central Bank of India Branch Dabra (MP) ...",,,0,"['Education', 'maths']",27,
AxHvKoBj62Y,"One stream You Need, to revise Integral Calculus | JEE Main 2025",PDF Of the session:- https://drive.google.com/file/d/1xrzAAfZ84IbLR0af6VsLT-FUZ7eH6AWs/view 📖 Practice Problems for ...,,,0,"['Education', 'maths']",27,
8uNod-pxvXg,ALL OF Calculus 2 in a nutshell.,"In this math video, I give an overview of all the topics in Calculus 2. It's certainly not meant to be learned in a 6 minute video, but ...",,,0,"['Education', 'maths']",27,
m2MIpDrF7Es,"What's so special about Euler's number e? | Chapter 5, Essence of calculus",Timestamps 0:00 - Motivating example 3:57 - Deriving the key proportionality property 7:36 - What is e? 8:48 - Natural logs 11:23 ...,,,0,"['Education', 'maths']",27,
NY3yWXWjYjA,“You know something has gone wrong when he switches to Chinese”,"This still happens, haha! Correct version: https://youtu.be/qGuKWjdAazI Proof of the curvature formula ...",,,0,"['Education', 'maths']",27,
1kRxn2k2pOo,"Believe in calculus, NOT calculators!",Let's see how to use calculus to approximate the square root of a non-perfect square number! We will approximate sqrt(10) and ...,,,0,"['Education', 'maths']",27,
LGY-DjFsALc,"Implicit Differentiation Explained - Product Rule, Quotient & Chain Rule - Calculus",This calculus video tutorial explains the concept of implicit differentiation and how to use it to differentiate trig functions using the ...,,,0,"['Education', 'maths']",27,
RE1qFUEq3hg,Complete Calculus One Shot Marathon by Nishant Vora 🚀 | JEE Main & Advanced,Welcome to Buland: Complete Calculus One Shot Marathon with Nishant Vora! 🌟 Master Calculus for JEE Main and JEE ...,,,0,"['Education', 'maths']",27,
4VUWIiudCk0,Limits Calculus Grade 12,Limits Calculus Grade 12 Do you need more videos? I have a complete online course with way more content.Click here: ...,,,0,"['Education', 'maths']",27,
0KWYXvaMpuI,"Area between two curves – Calculus, Integrals",In this math video I (Susanne) explain how to find the area between two curves in calculus. We calculate the intersection points ...,,,0,"['Education', 'maths']",27,
p_di4Zn4wz4,"Differential equations, a tourist's guide | DE1","Error correction: At 6:27, the upper equation should have g/L instead of L/g. Steven Strogatz's NYT article on the math of love: ...",,,0,"['Education', 'maths']",27,
hflkgUjtchg,Teacher Told Janitor to Solve Calculus as a Joke—What Happened Next Shocked the Whole School!,Teacher Told Janitor to Solve Calculus as a Joke—What Happened Next Shocked the Whole School! DISCLAIMER: This video is ...,,,0,"['Education', 'maths']",27,
infTvQRD494,Basic Rules Differentiation - BASIC CALCULUS/ DIFFERENTIAL CALCULUS - Power Rule Derivative Constant,Basic Rules Differentiation - BASIC CALCULUS - DIFFERENTIAL CALCULUS #differentiation #derivatives #basiccalculus ...,,,0,"['Education', 'maths']",27,
aeB5BWY0RlE,Fundamental Theorem of Calculus Part 1,This math video tutorial provides a basic introduction into the fundamental theorem of calculus part 1. It explains how to evaluate ...,,,0,"['Education', 'maths']",27,
8Qa4roJFmKM,Plus Two Maths Complete Calculus | Part 1 | Eduport Plus Two,plustwo #revisionclass #studymaterial #eduport 📚കുറഞ്ഞ സമയം കൊണ്ട് മാക്സിമം ...,,,0,"['Education', 'maths']",27,
rjLJIVoQxz4,Calculus -- The foundation of modern science,Easy to understand explanation of integrals and derivatives using 3D animations.,,,0,"['Education', 'maths']",27,
aM2KyP-b4LM,"Calculus Paper 1, 2017gce and Internal",,,,0,"['Education', 'maths']",27,
aFczzFYjUec,How to do Calculus in Under 10 Minutes,How do you do calculus on under 10 minutes? In this math lesson we will look at the two things that calculus is used for: 1.,,,0,"['Education', 'maths']",27,
NOglHJpFpbw,Master Calculus in 30 Days: A Proven Step-by-Step Plan,"In this video I will give a 30 day plan for mastering Calculus. After 30 days you should be able to compute limits, find derivatives, ...",,,0,"['Education', 'maths']",27,
38nDV679Hao,MATHS-FORM 4. TOPIC : CALCULUS - DIFFERENTIATION . TR. GEOFFREY ATIKA,"Watch, Elimu Live lessons, Monday-Friday 8:15am-10-15am by tuning to KUTV station (Gotv -Signet(channel 806), Bamba Tv, ...",,,0,"['Education', 'maths']",27,
fYyARMqiaag,"Calculus 1 Lecture 0.1: Lines, Angle of Inclination, and the Distance Formula","Calculus 1 Lecture 0.1: Lines, Angle of Inclination, and the Distance Formula.",,,0,"['Education', 'maths']",27,
DrDXMs-p5ik,STUDENT QUESTION Grade 12 Calculus Graph Interpretation | NTE,Grade 12 Cubic Graphs Student Question Thank you for supporting the channel. Question submitted by : Nompendulo Grade 12 ...,,,0,"['Education', 'maths']",27,
UiVYFFRs_BE,Class 11 Chapter 3 Kinematics: Differentiation || Calculus part 01 || Mathematical Tool,"Live Classes, Video Lectures, Test Series, Lecturewise notes, topicwise DPP, dynamic Exercise and much more on Physicswallah ...",,,0,"['Education', 'maths']",27,
dkl30KIN2Sk,Calculus | Integration | Equation of the normal to the curve,Struggling with Calculus and Integration? Look no further! Dive into the world of Mathematics with our comprehensive video ...,,,0,"['Education', 'maths']",27,
jD2InfX_96I,Ch 3 | Basic Maths ( Part 1 ) | Mathematical Tool | Differentiation & Integration | JEE | NEET | 11,PACE - Class 11th : Scheduled Syllabus released describing :- which topics will be taught for how many days. Available at ...,,,0,"['Education', 'maths']",27,
o75AqTInKDU,"Indefinite Integral - Basic Integration Rules, Problems, Formulas, Trig Functions, Calculus",This calculus video tutorial explains how to find the indefinite integral of a function. It explains how to apply basic integration rules ...,,,0,"['Education', 'maths']",27,
dNKdnDZmh4I,Limits Class 11 | One Shot | JEE Main & Advanced | Arvind Kalia Sir,Best Limits One shot session for JEE by Arvind Kalia Sir ----------------- ➡️ PDF of the ...,,,0,"['Education', 'maths']",27,
rj_h8mo06Os,Calculus Explained For Gen-Z (Part 2),THIS VIDEO IS SPONSORED BY BRILLIANT.ORG NOTE: The limit I describe for 1/x is not actually true as it evalues to different ...,,,0,"['Education', 'maths']",27,
6yYiPkwUjpo,SHS 1 - Elective maths - Calculus PT 1(Fundamental Principles A),joylearningtv6928.,,,0,"['Education', 'maths']",27,
UYiw2YdAuiI,Why is Calculus so important | Why Calculus appears everywhere | mystery of calculus,"Calculus is the study of how things change. It provides a framework for modeling systems in which there is change, and a way ...",,,0,"['Education', 'maths']",27,
QVdQBMDWprg,Calculus At University Be Like...,Discord: https://discord.gg/Ap2sf3sKqg Instagram: https://www.instagram.com/mrpsolver/,,,0,"['Education', 'maths']",27,
tsHRBcP9x6Y,Product Rule | Differencial Calculus,The product rule is used in calculus when you are asked to take the derivative of a function that is the multiplication of a couple or ...,,,0,"['Education', 'maths']",27,
u1eaHUblFOg,Your Calculus Professor LIED to YOU! 😱,"An important statement in calculus is that the indefinite integral of 1/x dx is ln|x| + C. However, although this is used and stated ...",,,0,"['Education', 'maths']",27,
OsRodWubZY8,Is the Calculus Stolen from India ? - Dr. C K Raju - #IndicClips,"For related Indic Talks and Indic Courses, see Website - https://www.cisindus.org/ Facebook ...",,,0,"['Education', 'maths']",27,
Scxja4LMAtk,"01 - Basic Derivatives in Calculus, Part 1 - Learn what a Derivative is and how to Solve Them.",In this lesson the student will get practice taking basic derivatives in calculus 1.,,,0,"['Education', 'maths']",27,
bQ_B9cHBYfQ,SINGLE VARIABLE CALCULUS |Differential Calculus|Rolle's Theorem|Lecture 01|All University,SINGLE VARIABLE CALCULUS |Differential Calculus|Rolle's Theorem|Lecture 01|All University #engineeringmathematics ...,,,0,"['Education', 'maths']",27,
oixVk-jA3vM,Calculus - Indefinite Integration | Definite Integration | Areas | Differential Equations | JEE 2025,➡️ Download the Calculus PDF Notes from here: https://vdnt.in/GvD1j ➡️⁠ Click here to Join the WAR Book your All-in-One ...,,,0,"['Education', 'maths']",27,
zEqcW4l9XEI,JEE 2024: Differential Calculus - P1 : The Main Picture | JEE Adv & Mains | JEE 2024 Course | Ep-12,JEE 2024: Differential Calculus - P1 : The Main Picture | JEE Adv & Mains | JEE 2024 Course | Ep-12 JEE 2024 Unbeatable ...,,,0,"['Education', 'maths']",27,
2bZ8XIkuitA,Teacher Told Black Janitor to Solve Calculus as a Joke—What Happened Next Shocked the Whole School!,Teacher Told Black Janitor to Solve Calculus as a Joke—What Happened Next Shocked the Whole School! When a sarcastic ...,,,0,"['Education', 'maths']",27,
0WX62F7mUUI,CALCULUS PART 1 GRADE 12 [ ISIZULU ],,,,0,"['Education', 'maths']",27,
WqRPFvZWF0k,Curve Sketching - First & Second Derivatives - Graphing Rational Functions & Asymptotes - Calculus,"This calculus video tutorial provides a summary of the techniques of curve sketching. It shows you how to graph polynomials, ...",,,0,"['Education', 'maths']",27,
8ExJV7eVev0,CALCULUS 01 | কলনবিদ্যা-01 | Maths | Class 11/WBJEE/WBCHSE,To Enroll in Abhiyaan Batch for FREE & Get Access to Class Notes & Other things: ...,,,0,"['Education', 'maths']",27,
HaHsqDjWMLU,Chain Rule For Finding Derivatives,This calculus video tutorial explains how to find derivatives using the chain rule. This lesson contains plenty of practice problems ...,,,0,"['Education', 'maths']",27,
gh8EVe2QJDU,JEE 2023 | Complete Maths Calculus Maha Revision | Arvind Kalia Sir | Vedantu,This video contains ✓ Every Most Important concept for JEE mains 2023 ✓ Well-curated questions that will revise Every Maths ...,,,0,"['Education', 'maths']",27,
xlD3E635IPU,Evaluating Limits - Basic Calculus,This video will demonstrate how to evaluate limits. This topic is under basic calculus wherein you need to understand the concept ...,,,0,"['Education', 'maths']",27,
NM0qPrIV6bw,Basic Maths & Calculus FULL CHAPTER | Class 11th Physics | Arjuna NEET,Are you a NEET aspirant looking to strengthen your physics skills for the upcoming exams? Look no further! In this comprehensive ...,,,0,"['Education', 'maths']",27,
qMVrLhk1M28,Calculus | Course Introduction | Engineering Mathematics | Saad Latif,Calculus | Course Introduction | Engineering Mathematics | Saad Latif Whatsapp: 0312-2247549 #calculus ...,,,0,"['Education', 'maths']",27,
WT7oxiiFYt8,"3 Step Continuity Test, Discontinuity, Piecewise Functions & Limits | Calculus",This calculus video tutorial explains how to identify points of discontinuity or to prove a function is continuous / discontinuous at a ...,,,0,"['Education', 'maths']",27,
r1p8pUd7AWs,Engineering Mathematics 14 | Calculus -Let's play with LIMITS | GATE All Branches,📕 𝐁𝐚𝐭𝐜𝐡/𝐂𝐨𝐮𝐫𝐬𝐞 𝐋𝐢𝐧𝐤𝐬: 📮 Parakram GATE 2026 Batch B - (Hinglish) ▷ Chemical ...,,,0,"['Education', 'maths']",27,
xnwoYidr40o,How Calculus Explains the World Around You,How Calculus Explains the World Around You Calculus isn't just for math class—it's everywhere around you. From pouring coffee ...,,,0,"['Education', 'maths']",27,
_lh5DpKq3Ts,81 Math Symbols Explained,The language of math.,,,0,"['Education', 'maths']",27,
1EGFSefe5II,Calculus 1 Lecture 0.2: Introduction to Functions.,Calculus 1 Lecture 0.2: Introduction to Functions.,,,0,"['Education', 'maths']",27,
_WFx3JDTuQg,Grade 12 Calculus Lesson 4 | Plotting and Interpretation of Cubic Functions | Mlungisi Nkosi,mlungisinkosi #grade12 #matric.,,,0,"['Education', 'maths']",27,
iNBSu_iHnn0,Calculus Class 12 Maths || 12th Math Chapter 5 Continuity and Differentiability Class 12 || Part-2,Calculus Class 12 Maths || 12th Math Chapter 5 Continuity and Differentiability Class 12 || Part-2 मैट्रिक और इंटर ...,,,0,"['Education', 'maths']",27,
ZpUrDJiJWss,Calculus | Differentiation | Basic of Limit | অন্তরীকরণ এর বেসিক|(Barun Kanti Ghosh | Athena | HSC ),আমাদের কোর্সের প্রতিটি ক্লাস এমনভাবে ডিজাইন করা হয়েছে যাতে ...,,,0,"['Education', 'maths']",27,
grpnc9ME4fU,How to Find the Domain of a Function,"This algebra math tutorial explains how to find the domain of polynomial functions, rational functions, radical functions, square root ...",,,0,"['Education', 'maths']",27,
UPmW94LvVwY,"Technical Maths For Airforce, Navy, ICG | Top 150 Questions | Complete Calculus By Vishal Sir","Technical Maths For Airforce, Navy, ICG | Top 150 Questions | Airforce Maths X Group One Shot | Navy Maths Classes | ICG Maths ...",,,0,"['Education', 'maths']",27,
oEfZNBenV14,Complete Calculus🔥😨| Akhiri Vaar 95 Paar 🔥| Class 12 Maths | Vishal Mahajan,"In this session, Your Maths Educator Vishal Mahajan will take you through the Complete Calculus for Class 12 Mathematics Board ...",,,0,"['Education', 'maths']",27,
DZQy2RDaSW4,Calculus is Easier than Multiplying 2 Numbers,BASIC Math Calculus – AREA of a Triangle - Understand Simple Calculus with just Basic Math! Calculus | Integration | Double ...,,,0,"['Education', 'maths']",27,
rLM4soIQwSE,SAFINA HIGH SCHOOL Live Stream CALCULUS,Test lessons. Join us on WhatsApp to stay updated.,,,0,"['Education', 'maths']",27,
xUvm13oGqgg,L56 Vector Calculus Part-01 | Engg. Mathematics (From Zero to Hero) #enggmaths,L56 Vector Calculus Part-01 | Engg. Mathematics (From Zero to Hero) by Dhande Sir! Master the basics of Vector Calculus for ...,,,0,"['Education', 'maths']",27,
V239IIoGVT8,"Relative Extrema, Local Maximum and Minimum, First Derivative Test, Critical Points- Calculus",This calculus video tutorial explains how to find the relative extrema of a function such as the local maximum and minimum values ...,,,0,"['Education', 'maths']",27,
